{"type": "FeatureCollection", "features": [{"type": "Feature", "properties": {"id": 32151992, "name": "Tuckurimba Road", "class": "tertiary", "len_m": 7435}, "geometry": {"type": "LineString", "coordinates": [[153.31668, -28.94704], [153.31657, -28.94717], [153.31643, -28.94731], [153.31632, -28.94746], [153.31621, -28.94765], [153.31609, -28.94792], [153.31568, -28.9495], [153.31553, -28.95008], [153.31429, -28.95223], [153.31411, -28.9525], [153.31396, -28.95282], [153.31392, -28.95293], [153.31388, -28.95308], [153.31385, -28.95321], [153.31382, -28.95337], [153.3138, -28.95363], [153.31379, -28.95393], [153.31375, -28.95545], [153.31375, -28.95569], [153.31377, -28.95594], [153.31382, -28.95617], [153.3139, -28.95639], [153.31405, -28.95678], [153.31498, -28.95896], [153.31531, -28.95966], [153.31567, -28.96036], [153.31614, -28.96115], [153.31668, -28.96199], [153.31711, -28.9625], [153.31754, -28.96287], [153.31807, -28.96327], [153.31838, -28.96374], [153.31867, -28.96422], [153.31936, -28.96553], [153.31947, -28.96575], [153.31954, -28.966], [153.31956, -28.96619], [153.31953, -28.96644], [153.31947, -28.96689], [153.31902, -28.96927], [153.31815, -28.97369], [153.31805, -28.97423], [153.31792, -28.97485], [153.3177, -28.97567], [153.31742, -28.97657], [153.31607, -28.9811], [153.3156, -28.98276], [153.31534, -28.98351], [153.31324, -28.99108], [153.31183, -28.99606], [153.31175, -28.99631], [153.31157, -28.99693], [153.31144, -28.99734], [153.31136, -28.99754], [153.31123, -28.99777], [153.31112, -28.99793], [153.31106, -28.99803], [153.31077, -28.99833], [153.31048, -28.99858], [153.31013, -28.99881], [153.30976, -28.99898], [153.30892, -28.99929], [153.30593, -29.00048], [153.29764, -29.0037]]}}, {"type": "Feature", "properties": {"id": 32220036, "name": "Baxter Lane", "class": "unclassified", "len_m": 1121}, "geometry": {"type": "LineString", "coordinates": [[153.31754, -28.96287], [153.31752, -28.96311], [153.31742, -28.96327], [153.31722, -28.96345], [153.31698, -28.96354], [153.31454, -28.9632], [153.31348, -28.96304], [153.31142, -28.96267], [153.30907, -28.96234], [153.30692, -28.96209], [153.30663, -28.96206]]}}, {"type": "Feature", "properties": {"id": 32225434, "name": "Dawson Street", "class": "secondary", "len_m": 589}, "geometry": {"type": "LineString", "coordinates": [[153.2826, -28.9791], [153.28308, -28.97902], [153.28411, -28.97885], [153.28514, -28.97869], [153.28652, -28.97848], [153.28682, -28.97843], [153.28694, -28.9784], [153.28709, -28.97836], [153.28727, -28.97828], [153.28766, -28.97808], [153.28789, -28.97796], [153.28808, -28.97788], [153.28816, -28.97787], [153.28821, -28.97788], [153.28829, -28.97791], [153.28837, -28.978]]}}, {"type": "Feature", "properties": {"id": 37554529, "name": "Coraki Road", "class": "secondary", "len_m": 4121}, "geometry": {"type": "LineString", "coordinates": [[153.28564, -28.89058], [153.28548, -28.8904], [153.28539, -28.89032], [153.28516, -28.89013], [153.28486, -28.88993], [153.28465, -28.88982], [153.28446, -28.88973], [153.28414, -28.88961], [153.28375, -28.88952], [153.28277, -28.88938], [153.27843, -28.88875], [153.27714, -28.88857], [153.2768, -28.88853], [153.27648, -28.88851], [153.2762, -28.8885], [153.27543, -28.88854], [153.27447, -28.88859], [153.27315, -28.88865], [153.27209, -28.88868], [153.27032, -28.88876], [153.26809, -28.88886], [153.26644, -28.88889], [153.26516, -28.88891], [153.26217, -28.88897], [153.26173, -28.88896], [153.26133, -28.88893], [153.26098, -28.88888], [153.26067, -28.88879], [153.26037, -28.88869], [153.25995, -28.8885], [153.25972, -28.88837], [153.25952, -28.88822], [153.25908, -28.88786], [153.25879, -28.88752], [153.25871, -28.88741], [153.25865, -28.88733], [153.25851, -28.88708], [153.25818, -28.88644], [153.25753, -28.8851], [153.25656, -28.88323], [153.25573, -28.8817], [153.25545, -28.88111], [153.25523, -28.88048], [153.255, -28.87971], [153.25495, -28.87939], [153.25494, -28.87891], [153.25494, -28.87802], [153.2549, -28.87769], [153.25478, -28.87737], [153.25462, -28.87708], [153.25381, -28.87595], [153.25375, -28.87587]]}}, {"type": "Feature", "properties": {"id": 37554531, "name": "Glebe Bridge", "class": "secondary", "len_m": 107}, "geometry": {"type": "LineString", "coordinates": [[153.28837, -28.978], [153.28882, -28.97888]]}}, {"type": "Feature", "properties": {"id": 37554542, "name": "Adams Street", "class": "tertiary", "len_m": 824}, "geometry": {"type": "LineString", "coordinates": [[153.28172, -28.99339], [153.28197, -28.9933], [153.28458, -28.99214], [153.2867, -28.99118], [153.2874, -28.99086], [153.28809, -28.99056], [153.28871, -28.99028], [153.28929, -28.99006]]}}, {"type": "Feature", "properties": {"id": 46978500, "name": "Woodburn-Coraki Road", "class": "secondary", "len_m": 2005}, "geometry": {"type": "LineString", "coordinates": [[153.28032, -28.99988], [153.28016, -29.0001], [153.28003, -29.00024], [153.27977, -29.00048], [153.27939, -29.00076], [153.27905, -29.001], [153.27841, -29.00148], [153.27705, -29.00248], [153.27626, -29.00306], [153.27486, -29.00408], [153.27261, -29.00574], [153.27225, -29.00601], [153.2718, -29.00633], [153.27149, -29.00658], [153.27129, -29.00677], [153.271, -29.00711], [153.2703, -29.00806], [153.26991, -29.00857], [153.2689, -29.00995], [153.26868, -29.01025], [153.26846, -29.01055], [153.26832, -29.01079], [153.26823, -29.01096], [153.26815, -29.01113], [153.2681, -29.01129], [153.26806, -29.01147], [153.26802, -29.01168], [153.268, -29.0119], [153.26799, -29.01207], [153.268, -29.01225], [153.26802, -29.01242], [153.26807, -29.01276], [153.2681, -29.01295], [153.26818, -29.01348]]}}, {"type": "Feature", "properties": {"id": 59674559, "name": "Tregeagle Road", "class": "secondary", "len_m": 2754}, "geometry": {"type": "LineString", "coordinates": [[153.30991, -28.89154], [153.31077, -28.89114], [153.31102, -28.89106], [153.31334, -28.89027], [153.31379, -28.89017], [153.31425, -28.8901], [153.31505, -28.89003], [153.31556, -28.89002], [153.31732, -28.89011], [153.31777, -28.89018], [153.31828, -28.89029], [153.31906, -28.89052], [153.32038, -28.89095], [153.32051, -28.89101], [153.32061, -28.89106], [153.32143, -28.89152], [153.32231, -28.8921], [153.32252, -28.89225], [153.32272, -28.89244], [153.32452, -28.8943], [153.32468, -28.89442], [153.3248, -28.8945], [153.32492, -28.89455], [153.32503, -28.89458], [153.32707, -28.89486], [153.32742, -28.89489], [153.32782, -28.89488], [153.32845, -28.89478], [153.33138, -28.89415], [153.33305, -28.89391], [153.33512, -28.89387], [153.33591, -28.89376]]}}, {"type": "Feature", "properties": {"id": 62004763, "name": "Bruxner Highway", "class": "primary", "len_m": 5003}, "geometry": {"type": "LineString", "coordinates": [[153.22886, -28.88886], [153.22875, -28.88881], [153.22852, -28.88872], [153.22828, -28.88861], [153.22729, -28.88809], [153.22714, -28.88801], [153.22694, -28.88792], [153.2264, -28.88764], [153.22567, -28.88727], [153.22528, -28.88707], [153.2249, -28.88688], [153.22443, -28.88662], [153.22393, -28.8864], [153.22353, -28.88624], [153.22326, -28.88613], [153.22262, -28.88593], [153.22253, -28.88591], [153.2222, -28.88583], [153.22193, -28.88576], [153.22152, -28.8857], [153.22123, -28.88565], [153.22097, -28.88562], [153.22061, -28.88559], [153.22038, -28.88557], [153.22015, -28.88556], [153.21992, -28.88556], [153.21917, -28.88555], [153.21865, -28.88556], [153.21828, -28.88557], [153.21776, -28.88557], [153.21722, -28.88558], [153.2166, -28.88555], [153.2162, -28.88549], [153.21586, -28.8854], [153.21545, -28.88526], [153.21526, -28.88517], [153.21509, -28.88509], [153.21495, -28.885], [153.21479, -28.8849], [153.21458, -28.88476], [153.21441, -28.88463], [153.21424, -28.8845], [153.21402, -28.88431], [153.2138, -28.88413], [153.2135, -28.88389], [153.21334, -28.88377], [153.21317, -28.88364], [153.21291, -28.88348], [153.21242, -28.88327], [153.21208, -28.88318], [153.21171, -28.8831], [153.21133, -28.88307], [153.21112, -28.88307], [153.21071, -28.88312], [153.20961, -28.88337], [153.20952, -28.88339], [153.20917, -28.88348], [153.20882, -28.88356], [153.20848, -28.88363], [153.20813, -28.88368], [153.20776, -28.88369], [153.20739, -28.88367], [153.20713, -28.88365], [153.20684, -28.88358], [153.20656, -28.88351], [153.20627, -28.88342], [153.20564, -28.88324], [153.20452, -28.88291], [153.20376, -28.88268], [153.2034, -28.88257], [153.20305, -28.88248], [153.20218, -28.88222], [153.20169, -28.8821], [153.20121, -28.88199], [153.20037, -28.88185], [153.19968, -28.88174], [153.19929, -28.88169], [153.19894, -28.88164], [153.19851, -28.88157], [153.19807, -28.8815], [153.19779, -28.88145], [153.19748, -28.88137], [153.1972, -28.88128], [153.19694, -28.88117], [153.1967, -28.88106], [153.19648, -28.88093], [153.19626, -28.88078], [153.19605, -28.88063], [153.19586, -28.88047], [153.1957, -28.8803], [153.19543, -28.88001], [153.19517, -28.87971], [153.19472, -28.87921], [153.19447, -28.87897], [153.1942, -28.87876], [153.19392, -28.87855], [153.19358, -28.87835], [153.19334, -28.87824], [153.19307, -28.87812], [153.19251, -28.87794], [153.19219, -28.87786], [153.1917, -28.87777], [153.19115, -28.8777], [153.19063, -28.87763], [153.18977, -28.8775], [153.18937, -28.87744], [153.18897, -28.87738], [153.18499, -28.87678], [153.18134, -28.87624]]}}, {"type": "Feature", "properties": {"id": 99176961, "name": "Casino Coraki Road", "class": "secondary", "len_m": 14579}, "geometry": {"type": "LineString", "coordinates": [[153.2826, -28.9791], [153.28146, -28.97658], [153.28127, -28.97615], [153.28113, -28.97584], [153.28105, -28.97571], [153.28097, -28.97555], [153.28087, -28.97537], [153.28074, -28.97517], [153.28047, -28.97473], [153.27993, -28.97387], [153.27956, -28.97329], [153.27918, -28.97269], [153.2788, -28.9721], [153.2782, -28.97116], [153.27758, -28.9702], [153.2775, -28.97006], [153.27657, -28.96851], [153.27561, -28.96694], [153.27516, -28.96635], [153.27433, -28.96512], [153.27251, -28.96198], [153.27217, -28.96141], [153.272, -28.96113], [153.27177, -28.96078], [153.2713, -28.96007], [153.27021, -28.95841], [153.26984, -28.95804], [153.2691, -28.95757], [153.26459, -28.9549], [153.26412, -28.95453], [153.26291, -28.95321], [153.26261, -28.95293], [153.26191, -28.95254], [153.26125, -28.95236], [153.25961, -28.9522], [153.25516, -28.95179], [153.25485, -28.95179], [153.2546, -28.95179], [153.25439, -28.95182], [153.25419, -28.95185], [153.24851, -28.95315], [153.24736, -28.9533], [153.24669, -28.95323], [153.2461, -28.95305], [153.24535, -28.95264], [153.2433, -28.95141], [153.23929, -28.949], [153.23394, -28.94582], [153.23329, -28.9455], [153.2292, -28.94356], [153.22498, -28.9419], [153.2244, -28.94161], [153.22058, -28.93963], [153.21999, -28.9394], [153.21627, -28.93873], [153.216, -28.93861], [153.21537, -28.93809], [153.21402, -28.93686], [153.21366, -28.93662], [153.21104, -28.93543], [153.2083, -28.93426], [153.20715, -28.93396], [153.20675, -28.93385], [153.20465, -28.93332], [153.20319, -28.93304], [153.19684, -28.93196], [153.19006, -28.93079], [153.18891, -28.9306], [153.18825, -28.9306], [153.18721, -28.93074], [153.18586, -28.9311], [153.18488, -28.93134], [153.18405, -28.93144], [153.18008, -28.93182], [153.17747, -28.93214], [153.1746, -28.93249], [153.17378, -28.9326], [153.17322, -28.93261], [153.17244, -28.93252], [153.16792, -28.93209], [153.16323, -28.93166], [153.16196, -28.93154], [153.16094, -28.9312], [153.16033, -28.93078], [153.15959, -28.92994], [153.15881, -28.92901], [153.15845, -28.92829]]}}, {"type": "Feature", "properties": {"id": 99418825, "name": "Schneiders Lane", "class": "unclassified", "len_m": 1297}, "geometry": {"type": "LineString", "coordinates": [[153.19517, -28.87971], [153.19514, -28.8799], [153.19425, -28.88463], [153.19426, -28.88477], [153.19431, -28.88493], [153.19438, -28.88502], [153.19445, -28.88512], [153.19456, -28.88519], [153.19468, -28.88526], [153.19501, -28.88539], [153.19516, -28.88548], [153.19531, -28.88561], [153.19538, -28.88574], [153.19544, -28.88592], [153.19544, -28.88611], [153.19526, -28.88726], [153.19525, -28.88746], [153.19535, -28.88938], [153.19533, -28.88962], [153.19512, -28.89028], [153.19501, -28.89044], [153.19475, -28.89067]]}}, {"type": "Feature", "properties": {"id": 99418826, "name": "Auckram Road", "class": "unclassified", "len_m": 2562}, "geometry": {"type": "LineString", "coordinates": [[153.1811, -28.90582], [153.18408, -28.90624], [153.18422, -28.90623], [153.18647, -28.90521], [153.1872, -28.90489], [153.18729, -28.90482], [153.18774, -28.90444], [153.1881, -28.90413], [153.18847, -28.90396], [153.18874, -28.90382], [153.18894, -28.90368], [153.18898, -28.90358], [153.18896, -28.90343], [153.18898, -28.90307], [153.18935, -28.90152], [153.18938, -28.90141], [153.18949, -28.90131], [153.18991, -28.9011], [153.19109, -28.90052], [153.19192, -28.90015], [153.19262, -28.89988], [153.19318, -28.89949], [153.19359, -28.89902], [153.19386, -28.89857], [153.19395, -28.89831], [153.19412, -28.89743], [153.19442, -28.896], [153.19468, -28.89455], [153.19465, -28.89439], [153.19454, -28.89407], [153.19428, -28.89336], [153.19421, -28.89296], [153.19423, -28.89264], [153.19457, -28.89084], [153.19464, -28.89074], [153.19471, -28.89069], [153.19475, -28.89067]]}}, {"type": "Feature", "properties": {"id": 99418833, "name": "Rogerson Road", "class": "unclassified", "len_m": 11933}, "geometry": {"type": "LineString", "coordinates": [[153.27649, -28.94478], [153.2762, -28.94467], [153.27542, -28.94426], [153.27488, -28.94383], [153.27262, -28.94199], [153.26975, -28.93977], [153.265, -28.93891], [153.25764, -28.93767], [153.25728, -28.93744], [153.25605, -28.93611], [153.25499, -28.93492], [153.2536, -28.93388], [153.2519, -28.93274], [153.24925, -28.93058], [153.2484, -28.92979], [153.24693, -28.92841], [153.24636, -28.92771], [153.24605, -28.9266], [153.24598, -28.92636], [153.24482, -28.9225], [153.24435, -28.92204], [153.24262, -28.92065], [153.24208, -28.92015], [153.24148, -28.91942], [153.24094, -28.91878], [153.24024, -28.91828], [153.23556, -28.91536], [153.23308, -28.91365], [153.23106, -28.91231], [153.22948, -28.91138], [153.22491, -28.90894], [153.21381, -28.90361], [153.20913, -28.90088], [153.20897, -28.90074], [153.20366, -28.89409], [153.20352, -28.894], [153.20338, -28.89394], [153.20127, -28.89329], [153.20015, -28.89289], [153.1984, -28.89218], [153.19587, -28.89113], [153.19471, -28.89069], [153.19186, -28.88994], [153.19065, -28.88963], [153.18933, -28.88927], [153.188, -28.8889], [153.18739, -28.88867], [153.18147, -28.88567], [153.17998, -28.88497]]}}, {"type": "Feature", "properties": {"id": 99418847, "name": "Tatham Road", "class": "tertiary", "len_m": 3966}, "geometry": {"type": "LineString", "coordinates": [[153.17984, -28.91438], [153.19443, -28.91635], [153.22011, -28.91981]]}}, {"type": "Feature", "properties": {"id": 133592854, "name": "Belmore Street", "class": "residential", "len_m": 354}, "geometry": {"type": "LineString", "coordinates": [[153.28117, -28.99611], [153.28124, -28.99613], [153.28134, -28.99614], [153.28186, -28.99623], [153.28251, -28.99633], [153.2832, -28.99645], [153.28364, -28.99652], [153.28384, -28.99657], [153.28398, -28.99657], [153.28424, -28.9966], [153.28454, -28.99662], [153.28462, -28.99665], [153.28468, -28.99668], [153.28471, -28.99672]]}}, {"type": "Feature", "properties": {"id": 133592855, "name": "Bridge Street", "class": "residential", "len_m": 1187}, "geometry": {"type": "LineString", "coordinates": [[153.28479, -28.98272], [153.28546, -28.98456], [153.28548, -28.98463], [153.28579, -28.98551], [153.28597, -28.98601], [153.28605, -28.98622], [153.28612, -28.98643], [153.28615, -28.98649], [153.28617, -28.98655], [153.28619, -28.9866], [153.28645, -28.98735], [153.28666, -28.98793], [153.28677, -28.98822], [153.28688, -28.98849], [153.28692, -28.98858], [153.28699, -28.98869], [153.28769, -28.98988], [153.2878, -28.99005], [153.2879, -28.99022], [153.28809, -28.99056], [153.28851, -28.9913], [153.28929, -28.9926]]}}, {"type": "Feature", "properties": {"id": 133592857, "name": "Woodburn-Coraki Road", "class": "secondary", "len_m": 31}, "geometry": {"type": "LineString", "coordinates": [[153.26818, -29.01348], [153.2682, -29.01376]]}}, {"type": "Feature", "properties": {"id": 133592858, "name": "Reedy Street", "class": "residential", "len_m": 20}, "geometry": {"type": "LineString", "coordinates": [[153.28505, -28.97813], [153.28507, -28.97831]]}}, {"type": "Feature", "properties": {"id": 133600982, "name": "Munro Wharf Road", "class": "unclassified", "len_m": 2394}, "geometry": {"type": "LineString", "coordinates": [[153.31896, -28.92758], [153.31865, -28.92754], [153.31833, -28.92755], [153.31789, -28.92766], [153.31703, -28.92783], [153.31654, -28.92789], [153.31642, -28.92794], [153.31629, -28.92802], [153.3155, -28.92886], [153.31492, -28.9294], [153.31473, -28.92952], [153.31454, -28.92959], [153.31431, -28.92961], [153.31407, -28.92957], [153.31377, -28.92945], [153.30907, -28.92705], [153.29619, -28.92517]]}}, {"type": "Feature", "properties": {"id": 133600984, "name": "Robson Road", "class": "unclassified", "len_m": 1909}, "geometry": {"type": "LineString", "coordinates": [[153.32323, -28.91051], [153.32379, -28.90729], [153.32387, -28.90699], [153.32397, -28.90673], [153.3241, -28.9065], [153.32425, -28.90631], [153.32445, -28.90611], [153.32469, -28.90595], [153.32489, -28.90584], [153.32516, -28.90572], [153.32573, -28.90552], [153.32598, -28.9054], [153.32621, -28.90524], [153.3264, -28.9051], [153.32661, -28.9049], [153.32678, -28.90464], [153.32689, -28.90437], [153.32697, -28.90408], [153.32739, -28.902], [153.32781, -28.89992], [153.32817, -28.89785], [153.32853, -28.89576], [153.32856, -28.89546], [153.32854, -28.89518], [153.32845, -28.89478]]}}, {"type": "Feature", "properties": {"id": 133600989, "name": "Tucki Road", "class": "unclassified", "len_m": 2444}, "geometry": {"type": "LineString", "coordinates": [[153.31824, -28.91306], [153.31842, -28.9129], [153.31863, -28.91276], [153.31897, -28.91259], [153.31927, -28.91248], [153.31998, -28.91224], [153.32035, -28.91212], [153.32061, -28.91198], [153.32079, -28.91185], [153.32172, -28.9111], [153.32198, -28.9109], [153.32212, -28.91081], [153.32227, -28.91074], [153.32244, -28.91068], [153.32262, -28.91063], [153.32323, -28.91051], [153.32481, -28.91018], [153.32497, -28.91016], [153.32512, -28.91019], [153.32605, -28.91058], [153.32623, -28.9106], [153.32641, -28.9106], [153.32659, -28.91054], [153.32674, -28.91045], [153.32692, -28.91031], [153.32704, -28.91019], [153.32713, -28.91002], [153.32731, -28.90963], [153.32742, -28.90945], [153.3276, -28.90925], [153.32801, -28.90897], [153.32818, -28.90881], [153.3284, -28.90845], [153.32854, -28.90835], [153.32872, -28.90828], [153.33076, -28.90797], [153.33171, -28.90783], [153.33268, -28.90769], [153.33325, -28.90768], [153.33367, -28.90771], [153.33383, -28.90774], [153.33558, -28.90812], [153.33839, -28.90867], [153.34074, -28.90912]]}}, {"type": "Feature", "properties": {"id": 133600991, "name": "Wyrallah Ferry Road", "class": "secondary", "len_m": 956}, "geometry": {"type": "LineString", "coordinates": [[153.28564, -28.89058], [153.28575, -28.89052], [153.28604, -28.89037], [153.28633, -28.89023], [153.28659, -28.89014], [153.28672, -28.89012], [153.28692, -28.89008], [153.28709, -28.89006], [153.28723, -28.89006], [153.28744, -28.89006], [153.28765, -28.89008], [153.28995, -28.89042], [153.29522, -28.8912]]}}, {"type": "Feature", "properties": {"id": 179122761, "name": "Queen Elizabeth Drive", "class": "secondary", "len_m": 940}, "geometry": {"type": "LineString", "coordinates": [[153.28356, -28.98289], [153.28354, -28.98318], [153.28349, -28.98416], [153.28341, -28.985], [153.28293, -28.98742], [153.28225, -28.99081], [153.28224, -28.99086], [153.28216, -28.99124]]}}, {"type": "Feature", "properties": {"id": 183842455, "name": "Wyrallah Road", "class": "secondary", "len_m": 11926}, "geometry": {"type": "LineString", "coordinates": [[153.33622, -29.04493], [153.33616, -29.04489], [153.33611, -29.04485], [153.33606, -29.04478], [153.33595, -29.04457], [153.33573, -29.04417], [153.33548, -29.0438], [153.33469, -29.04271], [153.3345, -29.04244], [153.33437, -29.04215], [153.33431, -29.04189], [153.33429, -29.04165], [153.33432, -29.04135], [153.33437, -29.04103], [153.33508, -29.03742], [153.33542, -29.03559], [153.33602, -29.03256], [153.33641, -29.03049], [153.33667, -29.02896], [153.33679, -29.02817], [153.3371, -29.0262], [153.33716, -29.02587], [153.33723, -29.02553], [153.33733, -29.02522], [153.33744, -29.02493], [153.33758, -29.02464], [153.33773, -29.02439], [153.33792, -29.02413], [153.33811, -29.0239], [153.33836, -29.02365], [153.33857, -29.02343], [153.33875, -29.02323], [153.33893, -29.023], [153.33911, -29.02272], [153.33925, -29.02245], [153.33938, -29.02217], [153.33948, -29.02188], [153.33956, -29.02159], [153.33963, -29.02127], [153.33967, -29.021], [153.3402, -29.01802], [153.34025, -29.0177], [153.34027, -29.01741], [153.34027, -29.01718], [153.34026, -29.01685], [153.34022, -29.01654], [153.34015, -29.01625], [153.34006, -29.01592], [153.34, -29.01564], [153.33996, -29.01533], [153.33995, -29.01504], [153.33996, -29.01476], [153.34, -29.01446], [153.34005, -29.01412], [153.3401, -29.01378], [153.34029, -29.0127], [153.34033, -29.01238], [153.34034, -29.01204], [153.34032, -29.0117], [153.34027, -29.01134], [153.3402, -29.01102], [153.34017, -29.01068], [153.34018, -29.01038], [153.34021, -29.01008], [153.34027, -29.00973], [153.34035, -29.00942], [153.34046, -29.00914], [153.34058, -29.00887], [153.34139, -29.00708], [153.34245, -29.0049], [153.34297, -29.00378], [153.34309, -29.00347], [153.34318, -29.00316], [153.34325, -29.00283], [153.34328, -29.00249], [153.34329, -29.00217], [153.34327, -29.00184], [153.34323, -29.00152], [153.34316, -29.00097], [153.34299, -28.99964], [153.34294, -28.99932], [153.34286, -28.99902], [153.34276, -28.99873], [153.34263, -28.99846], [153.34249, -28.99818], [153.3423, -28.99789], [153.3421, -28.99762], [153.34188, -28.99739], [153.34166, -28.99717], [153.34143, -28.99695], [153.34121, -28.9967], [153.34104, -28.99649], [153.34088, -28.99625], [153.34073, -28.99601], [153.34065, -28.99586], [153.34053, -28.99557], [153.34042, -28.99523], [153.34034, -28.99491], [153.34028, -28.99458], [153.34023, -28.99425], [153.34015, -28.99391], [153.34004, -28.99358], [153.33964, -28.99244], [153.3393, -28.99149], [153.33921, -28.99118], [153.33915, -28.99085], [153.33918, -28.9905], [153.33999, -28.98429], [153.3402, -28.98219], [153.34069, -28.97705], [153.3408, -28.97591], [153.341, -28.97356], [153.34102, -28.97308], [153.34103, -28.97252], [153.34088, -28.97153], [153.34078, -28.97118], [153.34062, -28.9708], [153.3405, -28.97049], [153.34028, -28.97], [153.34015, -28.96977], [153.33976, -28.96919], [153.33608, -28.96472], [153.33545, -28.96399], [153.33522, -28.96374], [153.335, -28.96352], [153.33474, -28.9633], [153.33465, -28.96322], [153.33446, -28.96306], [153.33415, -28.96283], [153.33277, -28.96187], [153.3325, -28.96168], [153.33223, -28.96148], [153.33195, -28.96127], [153.3317, -28.96107], [153.33145, -28.96086], [153.3312, -28.96064], [153.32947, -28.95911], [153.32924, -28.9589], [153.32897, -28.95868], [153.32872, -28.95847], [153.32845, -28.95827], [153.32821, -28.95809], [153.32791, -28.9579], [153.32672, -28.95717], [153.32592, -28.95668], [153.32493, -28.95608], [153.3246, -28.95586], [153.32432, -28.95562], [153.32327, -28.95471], [153.32291, -28.95438], [153.32253, -28.95403], [153.32229, -28.9538], [153.32205, -28.95357], [153.32181, -28.95332], [153.32158, -28.95309], [153.32138, -28.95285], [153.32129, -28.95275], [153.32113, -28.95257], [153.32093, -28.95233], [153.32071, -28.95208], [153.32048, -28.95183], [153.31908, -28.95023], [153.31877, -28.94988], [153.31854, -28.94962], [153.31778, -28.94876], [153.31752, -28.94847]]}}, {"type": "Feature", "properties": {"id": 187897791, "name": "Wyrallah Ferry Road", "class": "secondary", "len_m": 62}, "geometry": {"type": "LineString", "coordinates": [[153.29733, -28.8915], [153.29786, -28.89159], [153.29795, -28.89161]]}}, {"type": "Feature", "properties": {"id": 187897792, "name": "Wyrallah Ferry Road", "class": "secondary", "len_m": 114}, "geometry": {"type": "LineString", "coordinates": [[153.29617, -28.89134], [153.29733, -28.8915]]}}, {"type": "Feature", "properties": {"id": 188010642, "name": "Allwood Street", "class": "residential", "len_m": 133}, "geometry": {"type": "LineString", "coordinates": [[153.28749, -28.98624], [153.28695, -28.98639], [153.28685, -28.98642], [153.28619, -28.9866]]}}, {"type": "Feature", "properties": {"id": 188010643, "name": "Rayner Street", "class": "residential", "len_m": 151}, "geometry": {"type": "LineString", "coordinates": [[153.28769, -28.98988], [153.287, -28.99018], [153.28643, -28.99045], [153.28631, -28.9905]]}}, {"type": "Feature", "properties": {"id": 188010646, "name": "East Coraki Road", "class": "tertiary", "len_m": 1292}, "geometry": {"type": "LineString", "coordinates": [[153.29185, -28.98956], [153.29228, -28.99001], [153.29249, -28.99024], [153.2927, -28.99048], [153.29412, -28.99311], [153.29416, -28.99318], [153.29419, -28.99325], [153.29433, -28.99379], [153.29448, -28.99437], [153.2946, -28.99494], [153.29459, -28.99509], [153.29456, -28.99523], [153.2942, -28.9962], [153.29415, -28.99641], [153.29416, -28.99657], [153.29418, -28.9967], [153.29426, -28.99694], [153.2959, -29.00022]]}}, {"type": "Feature", "properties": {"id": 188010647, "name": "Spring Street", "class": "residential", "len_m": 134}, "geometry": {"type": "LineString", "coordinates": [[153.27706, -28.99266], [153.277, -28.99271], [153.27697, -28.99278], [153.27695, -28.99283], [153.27686, -28.99325], [153.27679, -28.99362], [153.27678, -28.99371], [153.27678, -28.99382]]}}, {"type": "Feature", "properties": {"id": 188010648, "name": "Belmore Street", "class": "residential", "len_m": 273}, "geometry": {"type": "LineString", "coordinates": [[153.28186, -28.99623], [153.28217, -28.99472], [153.28235, -28.99381]]}}, {"type": "Feature", "properties": {"id": 188010649, "name": "Parkes Street", "class": "residential", "len_m": 42}, "geometry": {"type": "LineString", "coordinates": [[153.28458, -28.99214], [153.2848, -28.99246]]}}, {"type": "Feature", "properties": {"id": 188010651, "name": "East Coraki Bridge", "class": "tertiary", "len_m": 188}, "geometry": {"type": "LineString", "coordinates": [[153.28961, -28.99], [153.29144, -28.98946]]}}, {"type": "Feature", "properties": {"id": 188010653, "name": "Union Street", "class": "residential", "len_m": 460}, "geometry": {"type": "LineString", "coordinates": [[153.28172, -28.99339], [153.27938, -28.99303], [153.27706, -28.99266]]}}, {"type": "Feature", "properties": {"id": 188010654, "name": "Surry Street", "class": "residential", "len_m": 936}, "geometry": {"type": "LineString", "coordinates": [[153.27383, -28.99326], [153.27448, -28.99358], [153.27455, -28.99359], [153.27462, -28.99355], [153.2749, -28.99323], [153.27498, -28.99318], [153.27505, -28.99319], [153.27536, -28.9934], [153.2758, -28.99366], [153.27601, -28.99378], [153.27628, -28.99385], [153.27649, -28.99385], [153.27664, -28.99385], [153.27678, -28.99382], [153.27708, -28.99388], [153.27876, -28.99417], [153.27913, -28.99424], [153.28147, -28.99461], [153.28217, -28.99472], [153.28281, -28.99481]]}}, {"type": "Feature", "properties": {"id": 188010655, "name": "Donaldson Street", "class": "residential", "len_m": 356}, "geometry": {"type": "LineString", "coordinates": [[153.28118, -28.99607], [153.28016, -28.99593], [153.27995, -28.99587], [153.2795, -28.9956], [153.27893, -28.99525], [153.27842, -28.99494], [153.27815, -28.99477], [153.27795, -28.99471]]}}, {"type": "Feature", "properties": {"id": 188010657, "name": "Allwood Street", "class": "residential", "len_m": 330}, "geometry": {"type": "LineString", "coordinates": [[153.28617, -28.98655], [153.28432, -28.98706], [153.28363, -28.98725], [153.28328, -28.98735], [153.28309, -28.9874], [153.28301, -28.98741], [153.28293, -28.98742]]}}, {"type": "Feature", "properties": {"id": 188010658, "name": "Autumn Street", "class": "residential", "len_m": 251}, "geometry": {"type": "LineString", "coordinates": [[153.27938, -28.99303], [153.27932, -28.99334], [153.27926, -28.99363], [153.2792, -28.99389], [153.27913, -28.99424], [153.2791, -28.99438], [153.27907, -28.99452], [153.279, -28.99483], [153.27893, -28.99525]]}}, {"type": "Feature", "properties": {"id": 188010659, "name": "Thomas Crescent", "class": "residential", "len_m": 393}, "geometry": {"type": "LineString", "coordinates": [[153.27842, -28.99494], [153.27797, -28.99552], [153.27793, -28.9956], [153.27798, -28.99571], [153.27864, -28.99612], [153.27894, -28.99631], [153.27913, -28.99642], [153.2793, -28.99648], [153.27953, -28.99653], [153.27979, -28.99656], [153.27987, -28.99656], [153.27996, -28.99654], [153.28002, -28.9965], [153.28005, -28.99645], [153.28016, -28.99593]]}}, {"type": "Feature", "properties": {"id": 188010660, "name": "Allwood Street", "class": "residential", "len_m": 132}, "geometry": {"type": "LineString", "coordinates": [[153.28615, -28.98649], [153.28682, -28.98632], [153.28745, -28.98614]]}}, {"type": "Feature", "properties": {"id": 188010661, "name": "Grenfell Street", "class": "residential", "len_m": 653}, "geometry": {"type": "LineString", "coordinates": [[153.28224, -28.99086], [153.28236, -28.99079], [153.28339, -28.99033], [153.28361, -28.99023], [153.28396, -28.99006], [153.28497, -28.98961], [153.28562, -28.98932], [153.28621, -28.98905], [153.28667, -28.98884], [153.28699, -28.98869], [153.2876, -28.98844], [153.28762, -28.98843], [153.28821, -28.98817]]}}, {"type": "Feature", "properties": {"id": 188010663, "name": "Martin Street", "class": "residential", "len_m": 747}, "geometry": {"type": "LineString", "coordinates": [[153.2867, -28.99118], [153.2866, -28.99102], [153.28655, -28.99094], [153.2865, -28.99084], [153.2864, -28.99067], [153.28631, -28.9905], [153.28627, -28.99043], [153.28623, -28.99037], [153.28613, -28.99021], [153.28596, -28.98991], [153.28562, -28.98932], [153.28517, -28.98855], [153.28432, -28.98706], [153.28426, -28.98697], [153.28424, -28.98691], [153.28421, -28.98683], [153.28412, -28.98657], [153.28394, -28.98606], [153.28386, -28.98585], [153.28361, -28.98514], [153.28358, -28.98506]]}}, {"type": "Feature", "properties": {"id": 188010664, "name": "Richmond Terrace", "class": "residential", "len_m": 894}, "geometry": {"type": "LineString", "coordinates": [[153.28577, -28.98269], [153.28601, -28.98295], [153.28604, -28.98298], [153.28626, -28.98328], [153.28647, -28.98357], [153.28658, -28.98375], [153.28671, -28.98409], [153.28675, -28.98422], [153.28677, -28.98428], [153.28681, -28.98441], [153.28743, -28.98607], [153.28745, -28.98614], [153.28749, -28.98624], [153.2878, -28.98713], [153.28813, -28.98802], [153.28817, -28.98808], [153.28819, -28.98813], [153.28821, -28.98817], [153.28848, -28.98864], [153.28914, -28.98979], [153.28925, -28.98999], [153.28929, -28.99006]]}}, {"type": "Feature", "properties": {"id": 188010665, "name": "Oakland Road", "class": "unclassified", "len_m": 11851}, "geometry": {"type": "LineString", "coordinates": [[153.28086, -29.00268], [153.27909, -29.00405], [153.27496, -29.00726], [153.27462, -29.00752], [153.27441, -29.00769], [153.27422, -29.00785], [153.27415, -29.0079], [153.27406, -29.00799], [153.27384, -29.00826], [153.27371, -29.00842], [153.27263, -29.00979], [153.27254, -29.00992], [153.27246, -29.01006], [153.27242, -29.01017], [153.2724, -29.0103], [153.27239, -29.01058], [153.27239, -29.01075], [153.2724, -29.01092], [153.27241, -29.011], [153.2725, -29.01127], [153.27272, -29.01185], [153.27291, -29.01237], [153.27302, -29.01272], [153.2731, -29.01293], [153.27319, -29.01313], [153.27324, -29.01322], [153.27333, -29.01331], [153.27345, -29.01344], [153.27399, -29.01394], [153.27437, -29.01431], [153.27471, -29.01462], [153.27689, -29.01649], [153.27755, -29.01712], [153.27815, -29.01778], [153.27873, -29.01837], [153.27906, -29.01861], [153.28064, -29.01959], [153.28243, -29.0206], [153.28341, -29.02109], [153.28472, -29.02193], [153.28597, -29.02274], [153.28707, -29.02348], [153.28725, -29.02367], [153.28731, -29.02397], [153.28724, -29.02425], [153.28692, -29.02542], [153.28675, -29.02589], [153.28608, -29.02708], [153.28593, -29.02726], [153.28379, -29.029], [153.28284, -29.02979], [153.2823, -29.0304], [153.2818, -29.03116], [153.28091, -29.0325], [153.28054, -29.03315], [153.27999, -29.03431], [153.27987, -29.03462], [153.27988, -29.03499], [153.27989, -29.03552], [153.27995, -29.03576], [153.2801, -29.03598], [153.28036, -29.0362], [153.28126, -29.03694], [153.28295, -29.03805], [153.28367, -29.03844], [153.28439, -29.03893], [153.28542, -29.03952], [153.28666, -29.04027], [153.28727, -29.0408], [153.28897, -29.0422], [153.29206, -29.04466], [153.29502, -29.04686], [153.29528, -29.04703], [153.29556, -29.04716], [153.29583, -29.04727], [153.29611, -29.04734], [153.29647, -29.0474], [153.29874, -29.04774], [153.29902, -29.0478], [153.29919, -29.04784], [153.29938, -29.04792], [153.29962, -29.04803], [153.29993, -29.04821], [153.30398, -29.05057], [153.30715, -29.05241], [153.30774, -29.05272], [153.30994, -29.05357], [153.31044, -29.05366], [153.31091, -29.05361], [153.31097, -29.05358], [153.31132, -29.05344], [153.31166, -29.05318], [153.31192, -29.05278], [153.31526, -29.04721], [153.31536, -29.04701], [153.31543, -29.04681], [153.3156, -29.04646], [153.31726, -29.04378], [153.31794, -29.04298], [153.3191, -29.04176], [153.31993, -29.04105], [153.32093, -29.04035], [153.32192, -29.03978], [153.32286, -29.0393], [153.32381, -29.03896], [153.32466, -29.03882], [153.32524, -29.03876], [153.32583, -29.03858], [153.32649, -29.03828], [153.32695, -29.0381], [153.32722, -29.03806], [153.32758, -29.03807], [153.32846, -29.03834], [153.33034, -29.03896], [153.33139, -29.03942], [153.33242, -29.0401], [153.33335, -29.04086], [153.33429, -29.04165]]}}, {"type": "Feature", "properties": {"id": 189616222, "name": "Donaldson Street", "class": "residential", "len_m": 288}, "geometry": {"type": "LineString", "coordinates": [[153.28353, -28.99801], [153.28348, -28.99802], [153.28344, -28.99803], [153.2834, -28.99802], [153.28337, -28.99801], [153.28332, -28.99799], [153.28318, -28.99792], [153.28276, -28.99767], [153.28256, -28.99754], [153.28236, -28.99741], [153.28217, -28.99728], [153.28201, -28.99719], [153.28185, -28.99709], [153.28177, -28.99704], [153.2817, -28.997], [153.28107, -28.99662]]}}, {"type": "Feature", "properties": {"id": 189616369, "name": "Progress Street", "class": "residential", "len_m": 311}, "geometry": {"type": "LineString", "coordinates": [[153.27365, -29.00177], [153.27371, -29.00176], [153.27378, -29.00176], [153.27463, -29.00187], [153.27485, -29.00191], [153.27493, -29.00193], [153.27499, -29.00194], [153.27505, -29.00196], [153.27513, -29.00198], [153.2752, -29.00202], [153.27528, -29.00206], [153.27536, -29.00211], [153.27545, -29.00218], [153.27563, -29.00237], [153.27626, -29.00306]]}}, {"type": "Feature", "properties": {"id": 189616370, "name": "Minto Street", "class": "residential", "len_m": 340}, "geometry": {"type": "LineString", "coordinates": [[153.28341, -28.985], [153.28352, -28.98504], [153.28358, -28.98506], [153.28539, -28.98458], [153.28546, -28.98456], [153.28554, -28.98454], [153.28613, -28.98438], [153.28675, -28.98422]]}}, {"type": "Feature", "properties": {"id": 189616518, "name": "Coraki Road", "class": "secondary", "len_m": 5308}, "geometry": {"type": "LineString", "coordinates": [[153.28882, -28.97888], [153.28898, -28.97921], [153.28914, -28.97942], [153.28932, -28.97958], [153.28955, -28.9797], [153.28977, -28.97976], [153.28992, -28.97977], [153.29006, -28.97978], [153.29016, -28.97977], [153.29029, -28.97975], [153.29042, -28.97971], [153.29055, -28.97965], [153.29066, -28.97959], [153.29076, -28.97952], [153.29084, -28.97944], [153.29091, -28.97937], [153.29096, -28.9793], [153.29101, -28.97922], [153.29106, -28.97912], [153.29109, -28.97903], [153.29134, -28.97804], [153.29143, -28.97778], [153.29165, -28.97724], [153.29178, -28.97696], [153.29188, -28.97668], [153.29193, -28.97647], [153.29195, -28.97631], [153.29196, -28.97617], [153.29194, -28.97595], [153.2919, -28.97573], [153.29176, -28.97506], [153.29162, -28.97451], [153.29151, -28.97412], [153.29113, -28.97303], [153.29094, -28.97269], [153.29081, -28.97249], [153.29023, -28.97179], [153.29005, -28.97151], [153.2899, -28.97125], [153.2898, -28.971], [153.28972, -28.97067], [153.28942, -28.96909], [153.28922, -28.96805], [153.28888, -28.96677], [153.28849, -28.96534], [153.28836, -28.96499], [153.28827, -28.9648], [153.28811, -28.96456], [153.28794, -28.96435], [153.2875, -28.96392], [153.28557, -28.96218], [153.28495, -28.96161], [153.28477, -28.96141], [153.28467, -28.96127], [153.28456, -28.96108], [153.28356, -28.95918], [153.28257, -28.95728], [153.28156, -28.95536], [153.28126, -28.9548], [153.28056, -28.95346], [153.27858, -28.94965], [153.27816, -28.94885], [153.27774, -28.94804], [153.2769, -28.94644], [153.27674, -28.94614], [153.2766, -28.94584], [153.2765, -28.94557], [153.27646, -28.94526], [153.27646, -28.94496], [153.27649, -28.94478], [153.27722, -28.94086], [153.27783, -28.93761]]}}, {"type": "Feature", "properties": {"id": 189654951, "name": "Lagoon Road", "class": "unclassified", "len_m": 5979}, "geometry": {"type": "LineString", "coordinates": [[153.24604, -28.97965], [153.2441, -28.98066], [153.24382, -28.98074], [153.24354, -28.98077], [153.24326, -28.98072], [153.23996, -28.98015], [153.23398, -28.97928], [153.23348, -28.9793], [153.23293, -28.97927], [153.23262, -28.97921], [153.23214, -28.97904], [153.23182, -28.97896], [153.2291, -28.97855], [153.22808, -28.97842], [153.22757, -28.97832], [153.22549, -28.97811], [153.22509, -28.97804], [153.22365, -28.9777], [153.22323, -28.97747], [153.22312, -28.97738], [153.22239, -28.97642], [153.22211, -28.97615], [153.22188, -28.97602], [153.22149, -28.97594], [153.21982, -28.97577], [153.21925, -28.97574], [153.21891, -28.97572], [153.2173, -28.97538], [153.21385, -28.97488], [153.21186, -28.97463], [153.20844, -28.97419], [153.2081, -28.97416], [153.20761, -28.9741], [153.20736, -28.97411], [153.20618, -28.97394], [153.20339, -28.97352], [153.19789, -28.97283], [153.18979, -28.97177], [153.18657, -28.97131]]}}, {"type": "Feature", "properties": {"id": 189654954, "name": "Coraki Road", "class": "secondary", "len_m": 41}, "geometry": {"type": "LineString", "coordinates": [[153.27783, -28.93761], [153.27788, -28.93724]]}}, {"type": "Feature", "properties": {"id": 189654959, "name": "Coraki-Ellangowan Road", "class": "unclassified", "len_m": 15275}, "geometry": {"type": "LineString", "coordinates": [[153.22501, -29.02278], [153.2246, -29.0226], [153.224, -29.02243], [153.22352, -29.02235], [153.22211, -29.02215], [153.22034, -29.02187], [153.21996, -29.02178], [153.21979, -29.02173], [153.21958, -29.02165], [153.21925, -29.02149], [153.21872, -29.02115], [153.21767, -29.0204], [153.21675, -29.01976], [153.21648, -29.01957], [153.21571, -29.01908], [153.21534, -29.01891], [153.21496, -29.01882], [153.2146, -29.01874], [153.21319, -29.01854], [153.21255, -29.01845], [153.21055, -29.01815], [153.20916, -29.01794], [153.20873, -29.01792], [153.20833, -29.01797], [153.20801, -29.01805], [153.20699, -29.01846], [153.20555, -29.01905], [153.20347, -29.01989], [153.20312, -29.02004], [153.20262, -29.02023], [153.20216, -29.02039], [153.20179, -29.02047], [153.20145, -29.0205], [153.20104, -29.02049], [153.20069, -29.02045], [153.1988, -29.02017], [153.19483, -29.01957], [153.19122, -29.01903], [153.18983, -29.01884], [153.18945, -29.01884], [153.18914, -29.01887], [153.18883, -29.01896], [153.18443, -29.02099], [153.18252, -29.02184], [153.1811, -29.02244], [153.1799, -29.02294], [153.17873, -29.0234], [153.17726, -29.02395], [153.17678, -29.02412], [153.17514, -29.02477], [153.17277, -29.02568], [153.1706, -29.02653], [153.16684, -29.02795], [153.16618, -29.02819], [153.16577, -29.02828], [153.16524, -29.02825], [153.16349, -29.02804], [153.16276, -29.02797], [153.16219, -29.02797], [153.16176, -29.02799], [153.1588, -29.0285], [153.15506, -29.02922], [153.15447, -29.02939], [153.15355, -29.02971], [153.15354, -29.02971], [153.15136, -29.03034], [153.15074, -29.03046], [153.14692, -29.03086], [153.14639, -29.03089], [153.14178, -29.0307], [153.13907, -29.03033], [153.13372, -29.02941], [153.13313, -29.02937], [153.13267, -29.02939], [153.13203, -29.02949], [153.12913, -29.03015], [153.12876, -29.03018], [153.12842, -29.03017], [153.12432, -29.02976], [153.12111, -29.02932], [153.12066, -29.0293], [153.11892, -29.02933], [153.11752, -29.02943], [153.11681, -29.02945], [153.11556, -29.02941], [153.11312, -29.0289], [153.1118, -29.0287], [153.11133, -29.02871], [153.10814, -29.0292], [153.10522, -29.02965], [153.10489, -29.02966], [153.1047, -29.02965], [153.10437, -29.02961], [153.10268, -29.02936], [153.10095, -29.02909], [153.10035, -29.029], [153.10009, -29.02901], [153.09962, -29.02902], [153.09911, -29.02902], [153.09677, -29.02906], [153.09615, -29.02907], [153.09398, -29.02909], [153.09013, -29.02914], [153.08905, -29.02914], [153.08824, -29.02918], [153.08792, -29.02923], [153.08762, -29.02934], [153.08726, -29.0295], [153.08703, -29.02963], [153.08684, -29.02982], [153.08672, -29.02995], [153.0866, -29.0301], [153.08651, -29.03025], [153.08644, -29.03041], [153.08601, -29.03224], [153.08594, -29.0327], [153.08571, -29.03384], [153.08563, -29.0342], [153.08557, -29.03439], [153.08549, -29.0346], [153.08545, -29.03467], [153.08539, -29.03477], [153.08533, -29.03487], [153.08525, -29.03498], [153.08517, -29.03507], [153.08506, -29.03518], [153.08495, -29.03527], [153.08471, -29.03544], [153.08448, -29.03556], [153.08424, -29.03567], [153.08373, -29.03582], [153.08227, -29.03624], [153.07898, -29.03717], [153.07877, -29.03725]]}}, {"type": "Feature", "properties": {"id": 189654960, "name": "Lagoon Road", "class": "unclassified", "len_m": 3486}, "geometry": {"type": "LineString", "coordinates": [[153.28112, -28.97934], [153.28091, -28.97938], [153.27444, -28.98042], [153.27121, -28.98095], [153.26958, -28.98121], [153.26844, -28.9814], [153.26798, -28.98149], [153.26784, -28.98154], [153.26773, -28.98159], [153.26719, -28.98193], [153.26684, -28.98208], [153.26642, -28.98217], [153.26584, -28.98227], [153.2655, -28.98225], [153.24663, -28.97948], [153.24645, -28.97948], [153.24629, -28.97952], [153.24604, -28.97965]]}}, {"type": "Feature", "properties": {"id": 189654962, "name": "Campbell Street", "class": "residential", "len_m": 234}, "geometry": {"type": "LineString", "coordinates": [[153.30224, -28.88808], [153.30462, -28.8884]]}}, {"type": "Feature", "properties": {"id": 189654963, "name": "Coraki Road", "class": "secondary", "len_m": 4030}, "geometry": {"type": "LineString", "coordinates": [[153.27788, -28.93724], [153.27803, -28.93646], [153.2783, -28.93499], [153.27851, -28.93385], [153.27855, -28.93363], [153.27858, -28.93345], [153.27876, -28.93246], [153.27908, -28.93076], [153.27922, -28.93003], [153.2799, -28.92648], [153.2801, -28.92539], [153.28052, -28.9232], [153.28058, -28.9229], [153.28126, -28.91934], [153.28164, -28.91732], [153.28188, -28.91604], [153.28194, -28.91577], [153.28238, -28.91344], [153.28261, -28.9122], [153.28284, -28.91101], [153.28306, -28.90977], [153.28328, -28.90863], [153.28394, -28.90505], [153.28422, -28.90352], [153.28453, -28.90182], [153.2846, -28.90148]]}}, {"type": "Feature", "properties": {"id": 189654965, "name": null, "class": "residential", "len_m": 73}, "geometry": {"type": "LineString", "coordinates": [[153.26958, -28.99816], [153.26979, -28.99753]]}}, {"type": "Feature", "properties": {"id": 189654966, "name": "Box Ridge Road", "class": "residential", "len_m": 842}, "geometry": {"type": "LineString", "coordinates": [[153.26554, -28.9942], [153.26558, -28.99441], [153.26564, -28.99451], [153.26573, -28.99463], [153.26604, -28.99497], [153.2665, -28.99547], [153.2667, -28.99565], [153.26691, -28.99581], [153.26718, -28.99594], [153.26865, -28.99655], [153.26891, -28.99666], [153.26909, -28.99678], [153.26949, -28.99708], [153.26953, -28.99714], [153.26954, -28.99723], [153.26946, -28.99745], [153.26926, -28.99802], [153.26928, -28.99807], [153.26933, -28.99811], [153.26958, -28.99816], [153.26985, -28.9982], [153.26992, -28.9982], [153.26999, -28.99817], [153.2702, -28.99776], [153.27021, -28.99771], [153.27019, -28.99766], [153.27014, -28.99762], [153.26979, -28.99753], [153.26946, -28.99745]]}}, {"type": "Feature", "properties": {"id": 190718864, "name": "Bruxner Highway", "class": "primary", "len_m": 776}, "geometry": {"type": "LineString", "coordinates": [[153.23562, -28.88652], [153.23453, -28.88772], [153.2344, -28.88785], [153.23432, -28.88793], [153.23422, -28.88801], [153.23413, -28.88809], [153.23402, -28.88817], [153.23382, -28.88832], [153.23367, -28.88842], [153.23349, -28.88852], [153.23336, -28.88858], [153.23324, -28.88864], [153.23299, -28.88876], [153.23279, -28.88885], [153.23254, -28.88893], [153.23231, -28.88901], [153.23205, -28.88907], [153.23184, -28.88911], [153.2317, -28.88914], [153.23132, -28.88918], [153.23103, -28.8892], [153.23052, -28.8892], [153.23021, -28.88917], [153.22991, -28.88913], [153.22959, -28.88907], [153.22939, -28.88901], [153.22922, -28.88897], [153.22886, -28.88886]]}}, {"type": "Feature", "properties": {"id": 190718865, "name": "Wharf Road", "class": "unclassified", "len_m": 229}, "geometry": {"type": "LineString", "coordinates": [[153.25715, -28.87068], [153.25947, -28.87101]]}}, {"type": "Feature", "properties": {"id": 190718874, "name": "Johnson Road", "class": "unclassified", "len_m": 399}, "geometry": {"type": "LineString", "coordinates": [[153.25715, -28.87068], [153.25575, -28.87048], [153.25469, -28.87032], [153.25386, -28.87019], [153.25311, -28.87008]]}}, {"type": "Feature", "properties": {"id": 190718878, "name": "Pelican Creek Road", "class": "residential", "len_m": 3137}, "geometry": {"type": "LineString", "coordinates": [[153.21894, -28.86405], [153.21591, -28.85869], [153.21579, -28.85839], [153.21572, -28.85799], [153.21568, -28.85762], [153.21562, -28.8557], [153.21557, -28.85377], [153.21549, -28.85351], [153.21537, -28.85328], [153.21393, -28.85137], [153.21239, -28.84964], [153.21198, -28.84929], [153.2093, -28.84734], [153.20917, -28.84732], [153.20905, -28.84735], [153.20882, -28.84756], [153.20868, -28.84763], [153.20852, -28.84769], [153.20836, -28.84769], [153.20792, -28.84761], [153.20766, -28.84755], [153.20746, -28.84758], [153.20731, -28.84764], [153.20715, -28.84771], [153.20683, -28.84776], [153.20659, -28.84778], [153.20646, -28.84775], [153.20638, -28.84767], [153.20631, -28.84758], [153.20582, -28.8459], [153.2058, -28.84585], [153.20568, -28.84572], [153.20506, -28.84544], [153.20493, -28.84532], [153.20486, -28.84514], [153.20481, -28.84493], [153.20479, -28.84311], [153.20467, -28.84234], [153.20462, -28.84224]]}}, {"type": "Feature", "properties": {"id": 190718899, "name": "Pelican Creek Road", "class": "residential", "len_m": 2947}, "geometry": {"type": "LineString", "coordinates": [[153.23917, -28.88269], [153.23904, -28.88262], [153.2384, -28.88214], [153.23467, -28.87929], [153.23408, -28.8789], [153.23126, -28.87713], [153.23085, -28.87694], [153.23046, -28.87684], [153.2289, -28.8766], [153.22857, -28.8765], [153.22821, -28.87635], [153.22783, -28.87614], [153.22747, -28.87586], [153.22714, -28.87552], [153.22208, -28.86882], [153.22096, -28.86738], [153.22056, -28.86676], [153.21894, -28.86405]]}}, {"type": "Feature", "properties": {"id": 190718927, "name": "Bruxner Highway", "class": "primary", "len_m": 62}, "geometry": {"type": "LineString", "coordinates": [[153.23602, -28.88609], [153.23562, -28.88652]]}}, {"type": "Feature", "properties": {"id": 190721032, "name": "Tunstall Street", "class": "unclassified", "len_m": 485}, "geometry": {"type": "LineString", "coordinates": [[153.26127, -28.85894], [153.26139, -28.85896], [153.26158, -28.85906], [153.26523, -28.86119], [153.26534, -28.86125], [153.26546, -28.86127]]}}, {"type": "Feature", "properties": {"id": 190721034, "name": "South Street", "class": "unclassified", "len_m": 611}, "geometry": {"type": "LineString", "coordinates": [[153.26084, -28.86114], [153.26294, -28.86235], [153.26322, -28.86248], [153.26335, -28.86256], [153.2637, -28.8628], [153.26402, -28.86299], [153.26469, -28.86339], [153.26606, -28.86419]]}}, {"type": "Feature", "properties": {"id": 190721037, "name": "Bruxner Highway", "class": "primary", "len_m": 870}, "geometry": {"type": "LineString", "coordinates": [[153.24227, -28.88062], [153.24123, -28.88115], [153.24039, -28.88159], [153.2401, -28.88179], [153.23995, -28.88192], [153.23941, -28.88244], [153.23917, -28.88269], [153.2388, -28.8831], [153.23853, -28.88339], [153.23684, -28.8852], [153.23602, -28.88609]]}}, {"type": "Feature", "properties": {"id": 319214807, "name": "Wyrallah Road", "class": "secondary", "len_m": 5310}, "geometry": {"type": "LineString", "coordinates": [[153.29734, -28.89286], [153.29715, -28.89329], [153.29708, -28.8935], [153.29705, -28.89375], [153.2971, -28.89431], [153.29717, -28.89488], [153.2973, -28.896], [153.29737, -28.89635], [153.29758, -28.89706], [153.29834, -28.89971], [153.29837, -28.8998], [153.29838, -28.89985], [153.29839, -28.8999], [153.29827, -28.90121], [153.2983, -28.9017], [153.29843, -28.90215], [153.30008, -28.90606], [153.30032, -28.90647], [153.30056, -28.90684], [153.30072, -28.90702], [153.3009, -28.90718], [153.30153, -28.90759], [153.30177, -28.90769], [153.30201, -28.90778], [153.30249, -28.90793], [153.3036, -28.9083], [153.30412, -28.90856], [153.30449, -28.90884], [153.30485, -28.90914], [153.30564, -28.90981], [153.3059, -28.91], [153.30618, -28.91017], [153.30675, -28.91043], [153.30751, -28.91062], [153.30927, -28.91102], [153.31184, -28.91154], [153.31745, -28.91274], [153.31795, -28.91292], [153.31824, -28.91306], [153.31882, -28.91352], [153.31935, -28.91402], [153.31988, -28.91456], [153.32012, -28.91482], [153.32025, -28.91501], [153.32047, -28.91535], [153.32064, -28.91569], [153.32076, -28.91606], [153.32092, -28.91725], [153.32099, -28.91784], [153.32106, -28.91846], [153.32166, -28.92403], [153.3216, -28.92466], [153.32145, -28.92514], [153.32122, -28.92555], [153.3209, -28.92594], [153.32063, -28.92619], [153.32056, -28.92625], [153.31896, -28.92758]]}}, {"type": "Feature", "properties": {"id": 334789948, "name": "Mason Road", "class": "residential", "len_m": 2554}, "geometry": {"type": "LineString", "coordinates": [[153.33367, -28.90771], [153.33345, -28.90841], [153.33286, -28.9103], [153.33218, -28.91254], [153.33162, -28.91439], [153.33089, -28.91682], [153.33044, -28.91828], [153.33005, -28.91921], [153.32921, -28.92123], [153.32852, -28.92295], [153.32764, -28.92482], [153.32696, -28.92577], [153.32639, -28.92664], [153.32629, -28.92676], [153.3261, -28.92695], [153.32469, -28.92823], [153.32425, -28.9286], [153.32406, -28.92872]]}}, {"type": "Feature", "properties": {"id": 335513686, "name": "Hazlemount Lane", "class": "residential", "len_m": 473}, "geometry": {"type": "LineString", "coordinates": [[153.32669, -28.94196], [153.32725, -28.94137], [153.32744, -28.941], [153.32773, -28.94039], [153.32793, -28.93992], [153.32802, -28.93942], [153.32823, -28.93802]]}}, {"type": "Feature", "properties": {"id": 335513687, "name": "Mathieson Lane", "class": "residential", "len_m": 1989}, "geometry": {"type": "LineString", "coordinates": [[153.33893, -28.93087], [153.33863, -28.93074], [153.33835, -28.93068], [153.33409, -28.93014], [153.33079, -28.92958], [153.32971, -28.92943], [153.32406, -28.92872], [153.32045, -28.92828], [153.3199, -28.92813], [153.31896, -28.92758]]}}, {"type": "Feature", "properties": {"id": 335515117, "name": "Tickle Lane", "class": "residential", "len_m": 839}, "geometry": {"type": "LineString", "coordinates": [[153.30265, -28.93979], [153.30302, -28.93968], [153.3037, -28.93978], [153.30421, -28.94024], [153.30538, -28.94112], [153.30552, -28.94113], [153.30569, -28.94113], [153.30593, -28.94103], [153.31018, -28.93929]]}}, {"type": "Feature", "properties": {"id": 335515118, "name": "Paff Lane", "class": "unclassified", "len_m": 1317}, "geometry": {"type": "LineString", "coordinates": [[153.3302, -28.9759], [153.32973, -28.97617], [153.32926, -28.97647], [153.329, -28.9766], [153.32878, -28.97667], [153.32857, -28.97669], [153.32836, -28.97669], [153.3273, -28.97665], [153.32693, -28.97661], [153.32651, -28.97653], [153.32626, -28.97648], [153.32612, -28.97643], [153.32604, -28.97638], [153.32597, -28.9763], [153.32495, -28.97478], [153.32488, -28.97472], [153.32479, -28.97466], [153.32467, -28.97463], [153.31815, -28.97369]]}}, {"type": "Feature", "properties": {"id": 335515119, "name": "Mcinnes Lane", "class": "residential", "len_m": 1323}, "geometry": {"type": "LineString", "coordinates": [[153.30273, -28.94888], [153.30515, -28.94987], [153.30768, -28.94989], [153.30995, -28.94991], [153.31193, -28.94982], [153.31527, -28.94983], [153.31545, -28.94977], [153.31549, -28.94962], [153.31548, -28.94943], [153.31568, -28.9495]]}}, {"type": "Feature", "properties": {"id": 335515120, "name": "Riordan Road", "class": "residential", "len_m": 1952}, "geometry": {"type": "LineString", "coordinates": [[153.28898, -28.93617], [153.28917, -28.93609], [153.28931, -28.93602], [153.2894, -28.93597], [153.28949, -28.93592], [153.28953, -28.9359], [153.28957, -28.93589], [153.28961, -28.93589], [153.28966, -28.93589], [153.28973, -28.93592], [153.28988, -28.93599], [153.28999, -28.93602], [153.29014, -28.93604], [153.29216, -28.93629], [153.29322, -28.93643], [153.29417, -28.93657], [153.29587, -28.93681], [153.2976, -28.93711], [153.29777, -28.93714], [153.2979, -28.93714], [153.29799, -28.93714], [153.29808, -28.9371], [153.29821, -28.93701], [153.29951, -28.93592], [153.29957, -28.93587], [153.29967, -28.93581], [153.2998, -28.93577], [153.29996, -28.93573], [153.30012, -28.93571], [153.30309, -28.93526], [153.30322, -28.93523], [153.30328, -28.93521], [153.30335, -28.93518], [153.30469, -28.93427], [153.30481, -28.93417], [153.30493, -28.93412], [153.30505, -28.93408], [153.30514, -28.93406], [153.3053, -28.93405], [153.30547, -28.93405], [153.30566, -28.93408], [153.3077, -28.93435]]}}, {"type": "Feature", "properties": {"id": 335515121, "name": "Sheehan Road", "class": "unclassified", "len_m": 2875}, "geometry": {"type": "LineString", "coordinates": [[153.34065, -28.99586], [153.33645, -28.99537], [153.33625, -28.99542], [153.33097, -28.99696], [153.33065, -28.99704], [153.32553, -28.99775], [153.3231, -28.99809], [153.32209, -28.99819], [153.32176, -28.99818], [153.31207, -28.9961], [153.31183, -28.99606]]}}, {"type": "Feature", "properties": {"id": 335515122, "name": "Delelvin Lane", "class": "residential", "len_m": 1214}, "geometry": {"type": "LineString", "coordinates": [[153.30869, -28.97043], [153.30871, -28.97051], [153.30903, -28.97151], [153.30962, -28.97237], [153.31029, -28.97351], [153.31057, -28.97409], [153.31081, -28.97466], [153.31089, -28.97476], [153.311, -28.97479], [153.3111, -28.9748], [153.31242, -28.97481], [153.31736, -28.97484], [153.31792, -28.97485]]}}, {"type": "Feature", "properties": {"id": 335515124, "name": "Leslie Lane", "class": "residential", "len_m": 4409}, "geometry": {"type": "LineString", "coordinates": [[153.31548, -28.94943], [153.31018, -28.93929], [153.30794, -28.93501], [153.30778, -28.93467], [153.3077, -28.93435], [153.30771, -28.93399], [153.30775, -28.93374], [153.30819, -28.9316], [153.30907, -28.92705], [153.31006, -28.92163], [153.31097, -28.91663], [153.31136, -28.91429], [153.31184, -28.91154]]}}, {"type": "Feature", "properties": {"id": 335515125, "name": "Cannon Point Lane", "class": "residential", "len_m": 2946}, "geometry": {"type": "LineString", "coordinates": [[153.3073, -28.98646], [153.3068, -28.98639], [153.30624, -28.98646], [153.30596, -28.98623], [153.3052, -28.98575], [153.30511, -28.98571], [153.30448, -28.98544], [153.30382, -28.98522], [153.30255, -28.98478], [153.30234, -28.98458], [153.30194, -28.98371], [153.3016, -28.98233], [153.30164, -28.98077], [153.3019, -28.97884], [153.30195, -28.97861], [153.302, -28.97842], [153.30246, -28.9776], [153.30256, -28.97751], [153.30269, -28.97746], [153.30307, -28.9775], [153.30327, -28.9775], [153.30343, -28.97743], [153.3038, -28.97726], [153.30396, -28.97722], [153.30411, -28.97722], [153.30422, -28.97724], [153.30435, -28.97728], [153.30468, -28.97737], [153.30484, -28.97735], [153.30505, -28.97724], [153.3052, -28.97711], [153.30535, -28.977], [153.30567, -28.97697], [153.30631, -28.97698], [153.30696, -28.97708], [153.30725, -28.97712], [153.30754, -28.9772], [153.30815, -28.97753], [153.30841, -28.97755], [153.30892, -28.97765], [153.30919, -28.97775], [153.30954, -28.9778], [153.30972, -28.97778], [153.3099, -28.97777], [153.30997, -28.97778], [153.31003, -28.97779], [153.31005, -28.97781], [153.31012, -28.97785], [153.31513, -28.98335], [153.31534, -28.98351]]}}, {"type": "Feature", "properties": {"id": 335515126, "name": "Cannon Point Lane", "class": "residential", "len_m": 849}, "geometry": {"type": "LineString", "coordinates": [[153.30684, -28.98718], [153.30699, -28.98752], [153.3071, -28.98781], [153.30713, -28.98797], [153.30723, -28.9882], [153.30784, -28.98939], [153.30798, -28.98979], [153.30807, -28.98985], [153.30828, -28.98998], [153.30835, -28.99005], [153.30845, -28.99013], [153.30849, -28.99014], [153.30865, -28.99018], [153.31056, -28.99056], [153.31173, -28.99079], [153.31293, -28.99102], [153.31324, -28.99108]]}}, {"type": "Feature", "properties": {"id": 335515127, "name": "McBrien Road", "class": "residential", "len_m": 1248}, "geometry": {"type": "LineString", "coordinates": [[153.32192, -29.00842], [153.32186, -29.00834], [153.32188, -29.00825], [153.3222, -29.00655], [153.32227, -29.00626], [153.32235, -29.00605], [153.32242, -29.00589], [153.32263, -29.00549], [153.32402, -29.00296], [153.32413, -29.00271], [153.32456, -29.00122], [153.32546, -28.99806], [153.32553, -28.99775]]}}, {"type": "Feature", "properties": {"id": 337483081, "name": "Duke Street", "class": "residential", "len_m": 165}, "geometry": {"type": "LineString", "coordinates": [[153.28353, -28.99801], [153.28356, -28.99799], [153.28359, -28.99796], [153.28361, -28.99792], [153.28362, -28.99788], [153.28377, -28.99713], [153.28383, -28.99685], [153.28385, -28.99673], [153.28384, -28.99657]]}}, {"type": "Feature", "properties": {"id": 337487390, "name": "Oak Street", "class": "residential", "len_m": 309}, "geometry": {"type": "LineString", "coordinates": [[153.28864, -28.97449], [153.28866, -28.97476], [153.28839, -28.97479], [153.28736, -28.97496], [153.28634, -28.97513], [153.28584, -28.97521]]}}, {"type": "Feature", "properties": {"id": 337487391, "name": "Short Street", "class": "residential", "len_m": 100}, "geometry": {"type": "LineString", "coordinates": [[153.28281, -28.99481], [153.28291, -28.99434], [153.28297, -28.99403], [153.28297, -28.994], [153.28297, -28.99397], [153.28296, -28.99395], [153.28295, -28.99393]]}}, {"type": "Feature", "properties": {"id": 337487392, "name": "Wilson Street", "class": "residential", "len_m": 405}, "geometry": {"type": "LineString", "coordinates": [[153.28816, -28.97787], [153.28818, -28.97782], [153.28825, -28.97777], [153.28868, -28.97763], [153.28897, -28.97752], [153.28904, -28.97746], [153.28907, -28.97741], [153.28909, -28.97736], [153.28911, -28.97724], [153.28907, -28.97689], [153.28895, -28.97624], [153.28879, -28.97559], [153.28866, -28.97476]]}}, {"type": "Feature", "properties": {"id": 337487393, "name": "Dibbs Street", "class": "residential", "len_m": 211}, "geometry": {"type": "LineString", "coordinates": [[153.2732, -29.0036], [153.2732, -29.00352], [153.27323, -29.00332], [153.27341, -29.00251], [153.27349, -29.0021], [153.27354, -29.00187], [153.27357, -29.00182], [153.27361, -29.0018], [153.27365, -29.00177]]}}, {"type": "Feature", "properties": {"id": 337487394, "name": "Yabsley Street", "class": "residential", "len_m": 219}, "geometry": {"type": "LineString", "coordinates": [[153.28577, -28.98269], [153.28551, -28.98261], [153.28479, -28.98272], [153.28467, -28.98274], [153.28415, -28.98282], [153.28367, -28.98288], [153.28356, -28.98289]]}}, {"type": "Feature", "properties": {"id": 337487395, "name": "Richmond Terrace", "class": "residential", "len_m": 389}, "geometry": {"type": "LineString", "coordinates": [[153.28496, -28.9717], [153.2849, -28.97168], [153.28483, -28.97165], [153.28476, -28.97164], [153.28467, -28.97163], [153.28423, -28.97159], [153.28322, -28.97153], [153.28208, -28.97146], [153.28161, -28.97143], [153.28136, -28.97142], [153.28127, -28.97143], [153.28118, -28.97145], [153.281, -28.97151]]}}, {"type": "Feature", "properties": {"id": 337487396, "name": "Richmond Terrace", "class": "residential", "len_m": 378}, "geometry": {"type": "LineString", "coordinates": [[153.281, -28.97151], [153.28082, -28.97142], [153.27937, -28.97045], [153.27922, -28.97038], [153.27907, -28.97034], [153.2787, -28.97029], [153.27844, -28.97026], [153.27777, -28.97014], [153.2777, -28.97014], [153.27758, -28.9702]]}}, {"type": "Feature", "properties": {"id": 337487397, "name": "Yeagerton Road", "class": "unclassified", "len_m": 897}, "geometry": {"type": "LineString", "coordinates": [[153.28921, -29.00698], [153.29076, -29.00637], [153.29764, -29.0037]]}}, {"type": "Feature", "properties": {"id": 337487398, "name": "Purves Street", "class": "residential", "len_m": 176}, "geometry": {"type": "LineString", "coordinates": [[153.2732, -29.0036], [153.27323, -29.00366], [153.27328, -29.0037], [153.27335, -29.00373], [153.27347, -29.00375], [153.27426, -29.00386], [153.27454, -29.00391], [153.27465, -29.00394], [153.27472, -29.00397], [153.27478, -29.00401], [153.27486, -29.00408]]}}, {"type": "Feature", "properties": {"id": 337487399, "name": "Spring Hill Road", "class": "residential", "len_m": 942}, "geometry": {"type": "LineString", "coordinates": [[153.27254, -28.97622], [153.27273, -28.97618], [153.27301, -28.97613], [153.27322, -28.9761], [153.27349, -28.97603], [153.27377, -28.97597], [153.27408, -28.9759], [153.27423, -28.97587], [153.27442, -28.97584], [153.27474, -28.97581], [153.2748, -28.97581], [153.27487, -28.97581], [153.27493, -28.97583], [153.275, -28.97585], [153.27524, -28.97601], [153.27583, -28.97636], [153.27657, -28.97678], [153.27712, -28.97708], [153.27719, -28.97712], [153.27758, -28.97735], [153.27876, -28.97805], [153.2799, -28.97873], [153.28079, -28.97927], [153.28083, -28.9793], [153.28088, -28.97934], [153.28091, -28.97938]]}}, {"type": "Feature", "properties": {"id": 337487402, "name": "Kardinia Street", "class": "residential", "len_m": 444}, "geometry": {"type": "LineString", "coordinates": [[153.27357, -28.98882], [153.27371, -28.98884], [153.27383, -28.98888], [153.27398, -28.98897], [153.27606, -28.9913], [153.27651, -28.99181]]}}, {"type": "Feature", "properties": {"id": 337487404, "name": "Coraki-Ellangowan Road", "class": "residential", "len_m": 907}, "geometry": {"type": "LineString", "coordinates": [[153.26456, -28.99537], [153.26447, -28.99582], [153.2642, -28.99724], [153.26413, -28.99741], [153.26405, -28.99752], [153.26397, -28.99759], [153.26389, -28.99766], [153.26379, -28.9977], [153.26367, -28.99775], [153.26352, -28.99778], [153.26334, -28.9978], [153.26313, -28.99777], [153.26253, -28.9977], [153.26004, -28.99735], [153.25862, -28.99713], [153.25741, -28.99703]]}}, {"type": "Feature", "properties": {"id": 337487405, "name": "Forest Street", "class": "residential", "len_m": 773}, "geometry": {"type": "LineString", "coordinates": [[153.28652, -28.97848], [153.28636, -28.97767], [153.28624, -28.97712], [153.2861, -28.97644], [153.28597, -28.97584], [153.28584, -28.97521], [153.28573, -28.97466], [153.28565, -28.97432], [153.28547, -28.97341], [153.28542, -28.97316], [153.28531, -28.97258], [153.28523, -28.97215], [153.2852, -28.97204], [153.28517, -28.97194], [153.28513, -28.97188], [153.28509, -28.97182], [153.28503, -28.97176], [153.28496, -28.9717]]}}, {"type": "Feature", "properties": {"id": 337509230, "name": "Stones Road", "class": "residential", "len_m": 653}, "geometry": {"type": "LineString", "coordinates": [[153.25196, -28.93921], [153.24685, -28.94302]]}}, {"type": "Feature", "properties": {"id": 337509232, "name": "Polsons Lane", "class": "residential", "len_m": 235}, "geometry": {"type": "LineString", "coordinates": [[153.20717, -28.93177], [153.20718, -28.93191], [153.20689, -28.93312], [153.20675, -28.93385]]}}, {"type": "Feature", "properties": {"id": 337509233, "name": "Coopers Lane", "class": "residential", "len_m": 2389}, "geometry": {"type": "LineString", "coordinates": [[153.22584, -28.93415], [153.2244, -28.94161], [153.22359, -28.94591], [153.2234, -28.94627], [153.22328, -28.9465], [153.22321, -28.94671], [153.22254, -28.95043], [153.21752, -28.95266]]}}, {"type": "Feature", "properties": {"id": 337509234, "name": "Baillies Lane", "class": "residential", "len_m": 392}, "geometry": {"type": "LineString", "coordinates": [[153.2431, -28.94789], [153.2433, -28.95141]]}}, {"type": "Feature", "properties": {"id": 337509235, "name": "Codrington Lane", "class": "residential", "len_m": 1252}, "geometry": {"type": "LineString", "coordinates": [[153.24685, -28.94302], [153.24934, -28.94561], [153.25145, -28.94782], [153.25258, -28.94899], [153.2543, -28.9508], [153.25438, -28.95091], [153.25445, -28.95101], [153.25461, -28.95128], [153.2548, -28.95162], [153.25484, -28.9517], [153.25485, -28.95179]]}}, {"type": "Feature", "properties": {"id": 337509236, "name": "Grissels Road", "class": "residential", "len_m": 418}, "geometry": {"type": "LineString", "coordinates": [[153.21903, -28.946], [153.21915, -28.94595], [153.21929, -28.94594], [153.21946, -28.94596], [153.21986, -28.94605], [153.22059, -28.94624], [153.22321, -28.94671]]}}, {"type": "Feature", "properties": {"id": 337514586, "name": "Frame Road", "class": "unclassified", "len_m": 3105}, "geometry": {"type": "LineString", "coordinates": [[153.22283, -28.91977], [153.2235, -28.92081], [153.22366, -28.92099], [153.22445, -28.92142], [153.2253, -28.92161], [153.22657, -28.92179], [153.22686, -28.92186], [153.22703, -28.92194], [153.22725, -28.92211], [153.23054, -28.92542], [153.23249, -28.92729], [153.23484, -28.92958], [153.23648, -28.93065], [153.23721, -28.93109], [153.23757, -28.93118], [153.2382, -28.93121], [153.23872, -28.93124], [153.23965, -28.93132], [153.23983, -28.93134], [153.24168, -28.93174], [153.24275, -28.93205], [153.24308, -28.93204], [153.2433, -28.93195], [153.2443, -28.93139], [153.24571, -28.93069], [153.2464, -28.93047], [153.24658, -28.93043], [153.24698, -28.93041], [153.2474, -28.93042], [153.24759, -28.93038], [153.24768, -28.93033], [153.2484, -28.92979]]}}, {"type": "Feature", "properties": {"id": 337514590, "name": "Cooper Road", "class": "residential", "len_m": 629}, "geometry": {"type": "LineString", "coordinates": [[153.18405, -28.89158], [153.18651, -28.89201], [153.18668, -28.89185], [153.18675, -28.89162], [153.18739, -28.88867]]}}, {"type": "Feature", "properties": {"id": 337514593, "name": "Pinkerton Road", "class": "residential", "len_m": 842}, "geometry": {"type": "LineString", "coordinates": [[153.26858, -28.94777], [153.2688, -28.9479], [153.26901, -28.94795], [153.276, -28.94497], [153.2762, -28.94467]]}}, {"type": "Feature", "properties": {"id": 337515065, "name": "Poole Road", "class": "residential", "len_m": 558}, "geometry": {"type": "LineString", "coordinates": [[153.26629, -28.92394], [153.26622, -28.92429], [153.26593, -28.92584], [153.26565, -28.92722], [153.26554, -28.92793], [153.26545, -28.92832], [153.26542, -28.92851], [153.26541, -28.92869], [153.26542, -28.92882], [153.2654, -28.92889]]}}, {"type": "Feature", "properties": {"id": 337515068, "name": "Flood Reserve Road", "class": "unclassified", "len_m": 2448}, "geometry": {"type": "LineString", "coordinates": [[153.27155, -28.93029], [153.27136, -28.93021], [153.27107, -28.93009], [153.27068, -28.92995], [153.27044, -28.9299], [153.27019, -28.92988], [153.26962, -28.92987], [153.26921, -28.92986], [153.26899, -28.92987], [153.26873, -28.92986], [153.26832, -28.92982], [153.26798, -28.9298], [153.2677, -28.9298], [153.26738, -28.92978], [153.26722, -28.92976], [153.26709, -28.92971], [153.2654, -28.92889], [153.26529, -28.92886], [153.26517, -28.92881], [153.26501, -28.92869], [153.26427, -28.928], [153.26394, -28.92768], [153.26155, -28.92542], [153.26069, -28.92461], [153.26016, -28.92409], [153.25917, -28.92316], [153.25711, -28.9212], [153.25705, -28.92117], [153.25698, -28.92117], [153.25684, -28.92121], [153.25584, -28.92173], [153.25469, -28.9223], [153.25433, -28.92246], [153.25411, -28.92252], [153.25369, -28.92261], [153.25327, -28.92267], [153.25281, -28.92275], [153.25193, -28.92294], [153.25184, -28.92293], [153.25176, -28.9229], [153.25171, -28.92282], [153.25169, -28.92273], [153.25164, -28.92256], [153.2516, -28.92249], [153.25153, -28.92246], [153.25138, -28.92246]]}}, {"type": "Feature", "properties": {"id": 337515070, "name": "Nixon Road", "class": "residential", "len_m": 1197}, "geometry": {"type": "LineString", "coordinates": [[153.25916, -28.91275], [153.26005, -28.90805], [153.25924, -28.90707], [153.25833, -28.9061], [153.2578, -28.90575], [153.25709, -28.9053], [153.25624, -28.90477], [153.25589, -28.90456], [153.2556, -28.90439], [153.255, -28.9041]]}}, {"type": "Feature", "properties": {"id": 340209678, "name": "Goswell Road", "class": "residential", "len_m": 1716}, "geometry": {"type": "LineString", "coordinates": [[153.3054, -28.96674], [153.30539, -28.96706], [153.30528, -28.96709], [153.30513, -28.96714], [153.30429, -28.9672], [153.30337, -28.96706], [153.28872, -28.96492], [153.28836, -28.96499]]}}, {"type": "Feature", "properties": {"id": 340209680, "name": "Ruthven Jetty Road", "class": "residential", "len_m": 894}, "geometry": {"type": "LineString", "coordinates": [[153.28757, -28.93519], [153.28742, -28.93518], [153.2786, -28.93387], [153.27851, -28.93385]]}}, {"type": "Feature", "properties": {"id": 340209683, "name": "Casey Lane", "class": "residential", "len_m": 2018}, "geometry": {"type": "LineString", "coordinates": [[153.30795, -28.97285], [153.30824, -28.97366], [153.30828, -28.97392], [153.30814, -28.97405], [153.30721, -28.97428], [153.30456, -28.97495], [153.30219, -28.97552], [153.301, -28.97608], [153.3, -28.97676], [153.29917, -28.97767], [153.29886, -28.97843], [153.29872, -28.97905], [153.29855, -28.97911], [153.29446, -28.97852], [153.29216, -28.97819], [153.29134, -28.97804]]}}, {"type": "Feature", "properties": {"id": 340209691, "name": "Patterson Lane", "class": "unclassified", "len_m": 528}, "geometry": {"type": "LineString", "coordinates": [[153.3017, -28.94824], [153.30005, -28.948], [153.29636, -28.9474]]}}, {"type": "Feature", "properties": {"id": 340209692, "name": "Smith Lane", "class": "unclassified", "len_m": 2034}, "geometry": {"type": "LineString", "coordinates": [[153.29187, -28.94688], [153.29181, -28.94723], [153.29144, -28.94918], [153.29118, -28.95051], [153.29109, -28.95102], [153.29077, -28.95267], [153.29048, -28.95421], [153.29014, -28.95594], [153.28984, -28.95748], [153.28961, -28.95865], [153.2894, -28.95969], [153.28915, -28.96097], [153.2886, -28.96384], [153.28857, -28.9641], [153.28863, -28.96448], [153.28869, -28.96469], [153.28872, -28.96492]]}}, {"type": "Feature", "properties": {"id": 340560107, "name": "Bruxner Highway", "class": "primary", "len_m": 290}, "geometry": {"type": "LineString", "coordinates": [[153.25281, -28.87638], [153.2503, -28.87779]]}}, {"type": "Feature", "properties": {"id": 340560125, "name": "Bruxner Highway", "class": "primary", "len_m": 37}, "geometry": {"type": "LineString", "coordinates": [[153.25564, -28.87434], [153.2554, -28.8746]]}}, {"type": "Feature", "properties": {"id": 340560182, "name": "Bruxner Highway", "class": "primary", "len_m": 941}, "geometry": {"type": "LineString", "coordinates": [[153.2503, -28.87779], [153.24967, -28.87815], [153.24936, -28.8783], [153.24906, -28.8784], [153.24888, -28.87845], [153.2487, -28.87848], [153.24854, -28.8785], [153.24838, -28.87851], [153.24805, -28.87849], [153.24782, -28.87846], [153.24738, -28.87836], [153.24695, -28.87823], [153.2466, -28.87811], [153.24624, -28.87802], [153.24588, -28.87799], [153.24558, -28.87799], [153.24526, -28.87804], [153.24486, -28.87814], [153.24453, -28.87828], [153.24427, -28.87843], [153.24404, -28.8786], [153.24379, -28.87885], [153.24355, -28.87914], [153.24327, -28.87955], [153.24302, -28.87996], [153.24289, -28.8801], [153.24274, -28.88028], [153.2425, -28.88047], [153.24227, -28.88062]]}}, {"type": "Feature", "properties": {"id": 340560244, "name": "Bruxner Highway", "class": "primary", "len_m": 3036}, "geometry": {"type": "LineString", "coordinates": [[153.26208, -28.84624], [153.26206, -28.84631], [153.26158, -28.84867], [153.2614, -28.84955], [153.2613, -28.85007], [153.26107, -28.85121], [153.26102, -28.85144], [153.26087, -28.85218], [153.26082, -28.85261], [153.26081, -28.85304], [153.26084, -28.85361], [153.261, -28.85451], [153.26112, -28.85504], [153.26141, -28.85635], [153.26147, -28.85674], [153.2615, -28.85721], [153.26146, -28.85773], [153.26138, -28.8583], [153.26127, -28.85894], [153.26084, -28.86114], [153.26066, -28.86208], [153.26048, -28.86301], [153.26035, -28.86367], [153.26028, -28.86395], [153.26018, -28.86422], [153.26007, -28.86445], [153.25996, -28.86463], [153.25983, -28.86482], [153.2592, -28.86569], [153.25868, -28.86639], [153.25812, -28.86715], [153.25802, -28.86729], [153.25793, -28.86743], [153.25781, -28.86765], [153.25772, -28.8679], [153.25763, -28.8682], [153.25727, -28.87005], [153.25715, -28.87068], [153.25696, -28.87166], [153.25686, -28.87207], [153.25669, -28.87261]]}}, {"type": "Feature", "properties": {"id": 340560261, "name": "Bruxner Highway", "class": "primary", "len_m": 215}, "geometry": {"type": "LineString", "coordinates": [[153.2554, -28.8746], [153.25497, -28.87502], [153.25469, -28.87525], [153.25414, -28.87563], [153.25375, -28.87587]]}}, {"type": "Feature", "properties": {"id": 340560291, "name": "Bruxner Highway", "class": "primary", "len_m": 219}, "geometry": {"type": "LineString", "coordinates": [[153.25669, -28.87261], [153.25657, -28.87288], [153.25639, -28.87324], [153.25624, -28.87351], [153.25606, -28.8738], [153.25585, -28.87408], [153.25564, -28.87434]]}}, {"type": "Feature", "properties": {"id": 340560661, "name": "McInnes Road", "class": "unclassified", "len_m": 1663}, "geometry": {"type": "LineString", "coordinates": [[153.19894, -28.88164], [153.1992, -28.88059], [153.19936, -28.8797], [153.19997, -28.87678], [153.20111, -28.8716], [153.20122, -28.8708], [153.20138, -28.87008], [153.20161, -28.86897], [153.202, -28.86823], [153.20209, -28.86807], [153.20213, -28.86788], [153.20209, -28.86772], [153.20193, -28.86743], [153.20192, -28.86717], [153.20183, -28.86706]]}}, {"type": "Feature", "properties": {"id": 340590844, "name": "Woodburn-Coraki Road", "class": "secondary", "len_m": 1882}, "geometry": {"type": "LineString", "coordinates": [[153.2682, -29.01376], [153.2682, -29.014], [153.26819, -29.01414], [153.26818, -29.01427], [153.26815, -29.01446], [153.26765, -29.01694], [153.26761, -29.01716], [153.26725, -29.01888], [153.26673, -29.02138], [153.26668, -29.02166], [153.26595, -29.02518], [153.26586, -29.02558], [153.26577, -29.02589], [153.2657, -29.0261], [153.26557, -29.02639], [153.26538, -29.0268], [153.26515, -29.02724], [153.26493, -29.0277], [153.26475, -29.02808], [153.26472, -29.02826], [153.26468, -29.02854], [153.26466, -29.02872], [153.26466, -29.02886], [153.26468, -29.02902], [153.2647, -29.02922], [153.26474, -29.02939], [153.26477, -29.02952], [153.26482, -29.02969], [153.26494, -29.02998], [153.26507, -29.03026]]}}, {"type": "Feature", "properties": {"id": 344185725, "name": "Tatham Road", "class": "tertiary", "len_m": 23}, "geometry": {"type": "LineString", "coordinates": [[153.22011, -28.91981], [153.22034, -28.91984]]}}, {"type": "Feature", "properties": {"id": 344185726, "name": "Tatham Road", "class": "tertiary", "len_m": 3797}, "geometry": {"type": "LineString", "coordinates": [[153.22034, -28.91984], [153.22157, -28.91999], [153.22177, -28.92], [153.22204, -28.91998], [153.2223, -28.91994], [153.22259, -28.91986], [153.22283, -28.91977], [153.22308, -28.91964], [153.2233, -28.91947], [153.22353, -28.91928], [153.22367, -28.91907], [153.22383, -28.91882], [153.22395, -28.91847], [153.22508, -28.91316], [153.22509, -28.91283], [153.22506, -28.91255], [153.22498, -28.91221], [153.22468, -28.91136], [153.22464, -28.91117], [153.22462, -28.91097], [153.22463, -28.91065], [153.22465, -28.91044], [153.22468, -28.91025], [153.22491, -28.90894], [153.22554, -28.90542], [153.22566, -28.90506], [153.22695, -28.90192], [153.22759, -28.90035], [153.22771, -28.89995], [153.22776, -28.89956], [153.22767, -28.89731], [153.22773, -28.89686], [153.22845, -28.8928], [153.22847, -28.89245], [153.22844, -28.8921], [153.22839, -28.89171], [153.22838, -28.89125], [153.22846, -28.89066], [153.22885, -28.88891], [153.22886, -28.88886]]}}, {"type": "Feature", "properties": {"id": 348245469, "name": "Johnson Road", "class": "unclassified", "len_m": 210}, "geometry": {"type": "LineString", "coordinates": [[153.253, -28.87006], [153.25221, -28.86997], [153.2515, -28.86988], [153.25121, -28.86985], [153.25086, -28.86983]]}}, {"type": "Feature", "properties": {"id": 348245470, "name": "Johnson Road", "class": "unclassified", "len_m": 11}, "geometry": {"type": "LineString", "coordinates": [[153.25311, -28.87008], [153.253, -28.87006]]}}, {"type": "Feature", "properties": {"id": 392882278, "name": "Skyline Road South", "class": "unclassified", "len_m": 3882}, "geometry": {"type": "LineString", "coordinates": [[153.3127, -28.85912], [153.31289, -28.85931], [153.31422, -28.86003], [153.31444, -28.86009], [153.31474, -28.86013], [153.31509, -28.86014], [153.31521, -28.86016], [153.31535, -28.8602], [153.31557, -28.8603], [153.31582, -28.86045], [153.31626, -28.86077], [153.31648, -28.86095], [153.31655, -28.86105], [153.3166, -28.86113], [153.31663, -28.86127], [153.31673, -28.86196], [153.31683, -28.86232], [153.3169, -28.86264], [153.31693, -28.86314], [153.3169, -28.86348], [153.3169, -28.86373], [153.31694, -28.86412], [153.31694, -28.86485], [153.31677, -28.86532], [153.31591, -28.86729], [153.31577, -28.86755], [153.3155, -28.86793], [153.3149, -28.86852], [153.31481, -28.86862], [153.31472, -28.86877], [153.3147, -28.86884], [153.31471, -28.86894], [153.31477, -28.86918], [153.31493, -28.8695], [153.31504, -28.86996], [153.31524, -28.87041], [153.31536, -28.87078], [153.31544, -28.87108], [153.31543, -28.87131], [153.31542, -28.87138], [153.31538, -28.87144], [153.31525, -28.8715], [153.31494, -28.87158], [153.31464, -28.87164], [153.31436, -28.87164], [153.31398, -28.87175], [153.31353, -28.87199], [153.31307, -28.8723], [153.31291, -28.87239], [153.31267, -28.87248], [153.31208, -28.87265], [153.31193, -28.87271], [153.31183, -28.87277], [153.31179, -28.87279], [153.31164, -28.87292], [153.31158, -28.87302], [153.31154, -28.87314], [153.3114, -28.87379], [153.31139, -28.87424], [153.3116, -28.87535], [153.31164, -28.87574], [153.31158, -28.87597], [153.31152, -28.87608], [153.31105, -28.8767], [153.31099, -28.8768], [153.31096, -28.87697], [153.31097, -28.87724], [153.31112, -28.87784], [153.31118, -28.87798], [153.31139, -28.87829], [153.31146, -28.87843], [153.31152, -28.87867], [153.31151, -28.87888], [153.31144, -28.87911], [153.31128, -28.87945], [153.31126, -28.87959], [153.31127, -28.87969], [153.31131, -28.8798], [153.3116, -28.88023], [153.31179, -28.88062], [153.31182, -28.88079], [153.31182, -28.8811], [153.31162, -28.88208], [153.31157, -28.88228], [153.31133, -28.88371], [153.31114, -28.88447], [153.31108, -28.88531], [153.31092, -28.88614], [153.31087, -28.88653], [153.31071, -28.88728], [153.31056, -28.88815], [153.31045, -28.88858]]}}, {"type": "Feature", "properties": {"id": 399416111, "name": "Agnes Street", "class": "secondary", "len_m": 120}, "geometry": {"type": "LineString", "coordinates": [[153.30623, -28.8898], [153.30626, -28.88986], [153.30629, -28.88992], [153.3063, -28.88998], [153.30629, -28.89008], [153.30626, -28.89024], [153.30623, -28.89042], [153.30621, -28.89053], [153.30621, -28.89063], [153.30623, -28.89071], [153.30625, -28.89077], [153.30629, -28.89085]]}}, {"type": "Feature", "properties": {"id": 399416117, "name": "Breckenridge Street", "class": "secondary", "len_m": 367}, "geometry": {"type": "LineString", "coordinates": [[153.30629, -28.89085], [153.30634, -28.89091], [153.3064, -28.89097], [153.30647, -28.89102], [153.30657, -28.89107], [153.30678, -28.89112], [153.30772, -28.89126], [153.30991, -28.89154]]}}, {"type": "Feature", "properties": {"id": 399416166, "name": "Bridge Street", "class": "secondary", "len_m": 718}, "geometry": {"type": "LineString", "coordinates": [[153.29977, -28.88847], [153.29986, -28.8885], [153.30002, -28.88854], [153.30016, -28.88859], [153.30027, -28.88861], [153.30056, -28.88874], [153.30148, -28.88944], [153.30194, -28.88978], [153.30242, -28.89011], [153.30269, -28.89022], [153.30293, -28.89029], [153.30314, -28.89033], [153.30341, -28.89035], [153.30377, -28.89034], [153.30435, -28.89027], [153.30456, -28.89022], [153.30468, -28.89021], [153.30479, -28.89017], [153.30491, -28.89011], [153.30504, -28.89003], [153.30517, -28.88994], [153.30534, -28.88983], [153.30545, -28.88976], [153.30555, -28.88972], [153.30567, -28.88968], [153.30577, -28.88967], [153.30585, -28.88966], [153.30594, -28.88967], [153.30601, -28.88968], [153.30607, -28.8897], [153.30613, -28.88973], [153.30618, -28.88976], [153.30623, -28.8898]]}}, {"type": "Feature", "properties": {"id": 399416185, "name": "Miriam Street", "class": "residential", "len_m": 210}, "geometry": {"type": "LineString", "coordinates": [[153.30462, -28.8884], [153.30435, -28.89027]]}}, {"type": "Feature", "properties": {"id": 413300700, "name": "Fig Tree Lane", "class": "unclassified", "len_m": 1672}, "geometry": {"type": "LineString", "coordinates": [[153.17947, -28.86356], [153.17949, -28.86335], [153.17952, -28.86316], [153.18007, -28.86068], [153.18082, -28.85667], [153.18108, -28.85554], [153.18245, -28.84886], [153.18241, -28.84876]]}}, {"type": "Feature", "properties": {"id": 413300702, "name": "Fig Tree Lane", "class": "unclassified", "len_m": 773}, "geometry": {"type": "LineString", "coordinates": [[153.17978, -28.8845], [153.18044, -28.88097], [153.18107, -28.87764]]}}, {"type": "Feature", "properties": {"id": 413300985, "name": "Fig Tree Lane", "class": "unclassified", "len_m": 951}, "geometry": {"type": "LineString", "coordinates": [[153.18214, -28.8721], [153.18358, -28.86441], [153.18358, -28.86428], [153.18352, -28.86418], [153.18341, -28.86411], [153.18326, -28.86408], [153.18296, -28.86404]]}}, {"type": "Feature", "properties": {"id": 413300987, "name": "Bruxner Highway", "class": "primary", "len_m": 3973}, "geometry": {"type": "LineString", "coordinates": [[153.18134, -28.87624], [153.18083, -28.87615], [153.1804, -28.87608], [153.17991, -28.87599], [153.17898, -28.87581], [153.17816, -28.87565], [153.17757, -28.87552], [153.17645, -28.8753], [153.17478, -28.87497], [153.1731, -28.87463], [153.17096, -28.87421], [153.17045, -28.87411], [153.16866, -28.87377], [153.16768, -28.87359], [153.16677, -28.87349], [153.16571, -28.87341], [153.16285, -28.87333], [153.16257, -28.87333], [153.16219, -28.87332], [153.16175, -28.8733], [153.16123, -28.87327], [153.16077, -28.87324], [153.16022, -28.87319], [153.15981, -28.87315], [153.15945, -28.87311], [153.1591, -28.87306], [153.15874, -28.87302], [153.15839, -28.87297], [153.15775, -28.87288], [153.15718, -28.8728], [153.15666, -28.87273], [153.15628, -28.87268], [153.15554, -28.87258], [153.15498, -28.8725], [153.15441, -28.87242], [153.1533, -28.87227], [153.15235, -28.87213], [153.15192, -28.87208], [153.15151, -28.87203], [153.15083, -28.87192], [153.15054, -28.87188], [153.15042, -28.87187], [153.14949, -28.87174], [153.14883, -28.87166], [153.14841, -28.87163], [153.14803, -28.87162], [153.14753, -28.87165], [153.14686, -28.87173], [153.14627, -28.87187], [153.14575, -28.87203], [153.14515, -28.87229], [153.14169, -28.87404]]}}, {"type": "Feature", "properties": {"id": 413304467, "name": "Tomki Tatham Road", "class": "unclassified", "len_m": 1479}, "geometry": {"type": "LineString", "coordinates": [[153.17984, -28.91438], [153.18121, -28.90617], [153.18121, -28.90594], [153.1811, -28.90582], [153.18108, -28.9058], [153.18087, -28.90578], [153.17629, -28.90514], [153.17609, -28.90508], [153.17596, -28.90496]]}}, {"type": "Feature", "properties": {"id": 413306420, "name": "Swan Bay Road", "class": "tertiary", "len_m": 422}, "geometry": {"type": "LineString", "coordinates": [[153.2959, -29.00022], [153.29685, -29.00211], [153.29724, -29.0029], [153.29764, -29.0037]]}}, {"type": "Feature", "properties": {"id": 413306421, "name": "Swan Bay Road", "class": "tertiary", "len_m": 5546}, "geometry": {"type": "LineString", "coordinates": [[153.29764, -29.0037], [153.30472, -29.01775], [153.30509, -29.01832], [153.30552, -29.01872], [153.30607, -29.01901], [153.30667, -29.01918], [153.30739, -29.01928], [153.30949, -29.0196], [153.30999, -29.01971], [153.31047, -29.02001], [153.31661, -29.02434], [153.31881, -29.02659], [153.31957, -29.02744], [153.31992, -29.02772], [153.32012, -29.02786], [153.32015, -29.02787], [153.32134, -29.02838], [153.3218, -29.02865], [153.32206, -29.02888], [153.3258, -29.03442], [153.32611, -29.03477], [153.32658, -29.03502], [153.32805, -29.03544], [153.33508, -29.03742]]}}, {"type": "Feature", "properties": {"id": 554972327, "name": "Reynolds Road", "class": "unclassified", "len_m": 3998}, "geometry": {"type": "LineString", "coordinates": [[153.23323, -28.97148], [153.23322, -28.97159], [153.23324, -28.97166], [153.23329, -28.97172], [153.23336, -28.97174], [153.23348, -28.97176], [153.23367, -28.9718], [153.23386, -28.97185], [153.23409, -28.97188], [153.23444, -28.972], [153.23464, -28.97206], [153.23479, -28.9721], [153.23537, -28.97214], [153.23557, -28.97214], [153.23569, -28.97212], [153.23583, -28.97209], [153.23595, -28.97209], [153.23607, -28.97211], [153.23618, -28.97213], [153.23627, -28.97213], [153.23638, -28.9721], [153.23649, -28.97205], [153.2366, -28.97197], [153.23678, -28.97183], [153.23702, -28.97167], [153.23732, -28.97146], [153.23759, -28.97129], [153.23788, -28.97109], [153.23806, -28.97098], [153.23826, -28.97088], [153.2385, -28.9708], [153.2387, -28.97075], [153.23901, -28.97069], [153.23924, -28.97062], [153.23941, -28.97054], [153.24003, -28.97022], [153.24083, -28.96982], [153.24188, -28.96926], [153.24359, -28.96834], [153.24477, -28.96773], [153.24621, -28.96696], [153.24749, -28.96628], [153.24872, -28.96563], [153.24992, -28.96499], [153.25055, -28.96468], [153.25088, -28.96448], [153.25124, -28.96432], [153.25218, -28.96406], [153.25314, -28.96378], [153.25451, -28.96339], [153.25561, -28.96303], [153.25654, -28.96276], [153.25723, -28.96257], [153.25849, -28.96219], [153.25883, -28.96209], [153.25902, -28.96199], [153.25914, -28.9619], [153.25927, -28.96171], [153.2594, -28.96148], [153.25971, -28.96084], [153.25996, -28.96033], [153.26005, -28.9601], [153.2601, -28.95987], [153.26009, -28.95971], [153.26004, -28.95947], [153.25998, -28.95925], [153.25982, -28.95875], [153.25963, -28.95809], [153.25954, -28.95769], [153.25942, -28.95712], [153.25928, -28.95656], [153.25923, -28.95632], [153.25922, -28.95617], [153.25928, -28.95605], [153.25937, -28.95592], [153.25977, -28.95557], [153.26038, -28.95513], [153.26144, -28.95433], [153.2623, -28.95368], [153.26291, -28.95321]]}}, {"type": "Feature", "properties": {"id": 560205665, "name": "Alexander Road", "class": "unclassified", "len_m": 547}, "geometry": {"type": "LineString", "coordinates": [[153.26811, -28.87751], [153.26823, -28.87722], [153.26887, -28.87635], [153.26905, -28.87616], [153.26958, -28.87572], [153.27119, -28.87435], [153.27123, -28.87422], [153.27127, -28.87393], [153.27146, -28.87368]]}}, {"type": "Feature", "properties": {"id": 560205667, "name": "Chilcott Street", "class": "unclassified", "len_m": 1217}, "geometry": {"type": "LineString", "coordinates": [[153.27851, -28.8603], [153.27804, -28.86047], [153.27661, -28.86102], [153.27632, -28.86113], [153.2762, -28.86106], [153.27528, -28.85932], [153.27486, -28.85836], [153.27459, -28.85813], [153.2737, -28.85779], [153.27342, -28.85758], [153.27249, -28.85572], [153.27223, -28.8554], [153.27045, -28.8544]]}}, {"type": "Feature", "properties": {"id": 565796357, "name": "Eagar Street", "class": "residential", "len_m": 43}, "geometry": {"type": "LineString", "coordinates": [[153.28074, -28.99835], [153.28118, -28.99842]]}}, {"type": "Feature", "properties": {"id": 565796362, "name": "Eagar Street", "class": "residential", "len_m": 107}, "geometry": {"type": "LineString", "coordinates": [[153.28118, -28.99842], [153.28149, -28.99849], [153.28151, -28.99849], [153.28157, -28.9985], [153.28169, -28.99849], [153.28202, -28.99848], [153.28226, -28.99842]]}}, {"type": "Feature", "properties": {"id": 573269577, "name": "Wyrallah Road", "class": "secondary", "len_m": 167}, "geometry": {"type": "LineString", "coordinates": [[153.31826, -28.92893], [153.31831, -28.92869], [153.3184, -28.92845], [153.31851, -28.92821], [153.31863, -28.92798], [153.31878, -28.92778], [153.31896, -28.92758]]}}, {"type": "Feature", "properties": {"id": 573269578, "name": "Wyrallah Road", "class": "secondary", "len_m": 30}, "geometry": {"type": "LineString", "coordinates": [[153.31823, -28.9292], [153.31826, -28.92893]]}}, {"type": "Feature", "properties": {"id": 608663622, "name": "Seelems Road", "class": "unclassified", "len_m": 291}, "geometry": {"type": "LineString", "coordinates": [[153.26788, -28.98018], [153.26604, -28.97992], [153.26554, -28.97984], [153.26525, -28.97982], [153.26493, -28.97976]]}}, {"type": "Feature", "properties": {"id": 608663624, "name": "Patterson Lane", "class": "unclassified", "len_m": 449}, "geometry": {"type": "LineString", "coordinates": [[153.29636, -28.9474], [153.292, -28.94677], [153.29192, -28.9468], [153.2919, -28.94683], [153.29187, -28.94688]]}}, {"type": "Feature", "properties": {"id": 608663625, "name": null, "class": "unclassified", "len_m": 999}, "geometry": {"type": "LineString", "coordinates": [[153.30163, -28.94178], [153.30149, -28.94206], [153.30129, -28.94233], [153.30111, -28.94254], [153.30102, -28.9426], [153.3009, -28.94264], [153.30005, -28.94265], [153.29884, -28.94268], [153.29777, -28.94272], [153.29743, -28.94272], [153.29736, -28.94274], [153.29729, -28.94278], [153.29724, -28.94285], [153.29707, -28.94383], [153.29661, -28.9464], [153.29647, -28.94719], [153.29644, -28.94729], [153.29638, -28.94736], [153.29636, -28.9474]]}}, {"type": "Feature", "properties": {"id": 614671391, "name": "Park Road", "class": "unclassified", "len_m": 1046}, "geometry": {"type": "LineString", "coordinates": [[153.27164, -28.91419], [153.27561, -28.9147], [153.27593, -28.91479], [153.28129, -28.91721], [153.28151, -28.91728], [153.28164, -28.91732]]}}, {"type": "Feature", "properties": {"id": 614671392, "name": "Oakbank Wharf Road", "class": "unclassified", "len_m": 1045}, "geometry": {"type": "LineString", "coordinates": [[153.29223, -28.91885], [153.2819, -28.91737], [153.28164, -28.91732]]}}, {"type": "Feature", "properties": {"id": 619152605, "name": "River Bank Road", "class": "residential", "len_m": 4795}, "geometry": {"type": "LineString", "coordinates": [[153.29459, -28.86481], [153.29361, -28.86472], [153.29318, -28.86473], [153.29284, -28.86479], [153.29247, -28.86489], [153.29026, -28.86572], [153.289, -28.86618], [153.2866, -28.86706], [153.28376, -28.86809], [153.28339, -28.86828], [153.28302, -28.86856], [153.28286, -28.86871], [153.28263, -28.86902], [153.2825, -28.8693], [153.28242, -28.86958], [153.28189, -28.87239], [153.28175, -28.87283], [153.28144, -28.87332], [153.28108, -28.87364], [153.28067, -28.87387], [153.28016, -28.87404], [153.27844, -28.87415], [153.27419, -28.87403], [153.27244, -28.87396], [153.27189, -28.87385], [153.27146, -28.87368], [153.27091, -28.87335], [153.27067, -28.87312], [153.27046, -28.87285], [153.27023, -28.87243], [153.27009, -28.87194], [153.27006, -28.87149], [153.2702, -28.87084], [153.27132, -28.8674], [153.27152, -28.86646], [153.27183, -28.86367], [153.27182, -28.86277], [153.27173, -28.8623], [153.27154, -28.86171], [153.27126, -28.86112], [153.27035, -28.85929], [153.26933, -28.85711], [153.26931, -28.85663]]}}, {"type": "Feature", "properties": {"id": 619153972, "name": "Tulk Road", "class": "unclassified", "len_m": 64}, "geometry": {"type": "LineString", "coordinates": [[153.29594, -28.87204], [153.29607, -28.87211], [153.29619, -28.87218], [153.29626, -28.87222], [153.29634, -28.87225], [153.2964, -28.87227], [153.29647, -28.87228], [153.29652, -28.87227]]}}, {"type": "Feature", "properties": {"id": 619153973, "name": "Tulk Road", "class": "unclassified", "len_m": 858}, "geometry": {"type": "LineString", "coordinates": [[153.29713, -28.87206], [153.29746, -28.87194], [153.29759, -28.87188], [153.29775, -28.87182], [153.29794, -28.87177], [153.29831, -28.87172], [153.29886, -28.87164], [153.29936, -28.87158], [153.29956, -28.87154], [153.2997, -28.87146], [153.30051, -28.87086], [153.30067, -28.87079], [153.30081, -28.87076], [153.30096, -28.87076], [153.3019, -28.87092], [153.30248, -28.87099], [153.30356, -28.87107], [153.30435, -28.87118], [153.30476, -28.87126], [153.30503, -28.87131], [153.30536, -28.87135], [153.3055, -28.87136]]}}, {"type": "Feature", "properties": {"id": 619155148, "name": "Henson Road", "class": "residential", "len_m": 15}, "geometry": {"type": "LineString", "coordinates": [[153.32541, -28.87155], [153.32546, -28.87142]]}}, {"type": "Feature", "properties": {"id": 619155149, "name": "Henson Road", "class": "residential", "len_m": 107}, "geometry": {"type": "LineString", "coordinates": [[153.32546, -28.87142], [153.32545, -28.87119], [153.32546, -28.87055], [153.32548, -28.87046]]}}, {"type": "Feature", "properties": {"id": 619155150, "name": "Henson Road", "class": "residential", "len_m": 14}, "geometry": {"type": "LineString", "coordinates": [[153.32487, -28.87428], [153.3249, -28.87416]]}}, {"type": "Feature", "properties": {"id": 619155151, "name": "Henson Road", "class": "residential", "len_m": 295}, "geometry": {"type": "LineString", "coordinates": [[153.3249, -28.87416], [153.32492, -28.874], [153.32496, -28.87363], [153.325, -28.87347], [153.32503, -28.87327], [153.32509, -28.87298], [153.32512, -28.87278], [153.32515, -28.8726], [153.32517, -28.87235], [153.32526, -28.87199], [153.32538, -28.87164], [153.32541, -28.87155]]}}, {"type": "Feature", "properties": {"id": 619155152, "name": "Henson Road", "class": "residential", "len_m": 2090}, "geometry": {"type": "LineString", "coordinates": [[153.32051, -28.89101], [153.32067, -28.88985], [153.32078, -28.88919], [153.32084, -28.88908], [153.32106, -28.88867], [153.32186, -28.88706], [153.3224, -28.88599], [153.32246, -28.88594], [153.32254, -28.8859], [153.32266, -28.88587], [153.32293, -28.88582], [153.32312, -28.88577], [153.32338, -28.88565], [153.32387, -28.88539], [153.32402, -28.88528], [153.32417, -28.8851], [153.32451, -28.88455], [153.32474, -28.8841], [153.32481, -28.88388], [153.32493, -28.88325], [153.32498, -28.88299], [153.32499, -28.88273], [153.32495, -28.88261], [153.32465, -28.88206], [153.32449, -28.88184], [153.32433, -28.88164], [153.32408, -28.88145], [153.32378, -28.88124], [153.32361, -28.88114], [153.32349, -28.88101], [153.32342, -28.88089], [153.32342, -28.88074], [153.32343, -28.88063], [153.3235, -28.88009], [153.32365, -28.87908], [153.32388, -28.87798], [153.32403, -28.87703], [153.32409, -28.87693], [153.32411, -28.87683], [153.32415, -28.87653], [153.32418, -28.87635], [153.32421, -28.87618], [153.32429, -28.87605], [153.32434, -28.87571], [153.32438, -28.87553], [153.32448, -28.87535], [153.32464, -28.87507], [153.32481, -28.87446], [153.32487, -28.87428]]}}, {"type": "Feature", "properties": {"id": 619156684, "name": "Emily Street", "class": "secondary", "len_m": 259}, "geometry": {"type": "LineString", "coordinates": [[153.30014, -28.8878], [153.29977, -28.88847], [153.29885, -28.88984]]}}, {"type": "Feature", "properties": {"id": 619156688, "name": "Wyrallah Road", "class": "secondary", "len_m": 4976}, "geometry": {"type": "LineString", "coordinates": [[153.28905, -28.84572], [153.28883, -28.84697], [153.28878, -28.84726], [153.28855, -28.84866], [153.288, -28.85173], [153.28793, -28.85225], [153.28792, -28.85241], [153.28792, -28.85265], [153.28796, -28.853], [153.28805, -28.85331], [153.28817, -28.85361], [153.28833, -28.85393], [153.28904, -28.85505], [153.28925, -28.85526], [153.28972, -28.8557], [153.28989, -28.85582], [153.29013, -28.85592], [153.29123, -28.85615], [153.29155, -28.85618], [153.29228, -28.85615], [153.29258, -28.85617], [153.2929, -28.85624], [153.29327, -28.85641], [153.2938, -28.85664], [153.29397, -28.85674], [153.294, -28.85678], [153.29413, -28.85697], [153.2942, -28.85717], [153.29432, -28.85772], [153.2944, -28.85796], [153.29502, -28.85965], [153.2951, -28.85989], [153.2951, -28.86009], [153.29508, -28.86029], [153.29503, -28.86047], [153.29456, -28.86135], [153.2945, -28.86153], [153.29448, -28.86168], [153.29444, -28.86409], [153.29447, -28.8644], [153.29459, -28.86481], [153.29504, -28.86605], [153.29535, -28.86691], [153.29629, -28.87141], [153.29652, -28.87227], [153.29667, -28.87304], [153.29672, -28.87353], [153.29672, -28.87376], [153.29665, -28.87413], [153.29653, -28.87447], [153.29602, -28.87547], [153.29554, -28.87633], [153.29539, -28.8766], [153.29528, -28.87694], [153.29527, -28.87731], [153.29535, -28.8778], [153.29697, -28.88131], [153.29772, -28.88289], [153.29785, -28.88316], [153.29806, -28.88342], [153.29831, -28.88369], [153.29926, -28.88439], [153.29963, -28.88472], [153.29996, -28.88509]]}}, {"type": "Feature", "properties": {"id": 619160970, "name": "Malone Lane", "class": "residential", "len_m": 717}, "geometry": {"type": "LineString", "coordinates": [[153.26809, -28.88886], [153.26807, -28.8887], [153.26807, -28.88847], [153.26805, -28.88766], [153.26803, -28.8868], [153.26801, -28.88379], [153.268, -28.88302], [153.26799, -28.88265], [153.268, -28.88252], [153.26803, -28.88242]]}}, {"type": "Feature", "properties": {"id": 619160972, "name": "Walsh Lane", "class": "unclassified", "len_m": 408}, "geometry": {"type": "LineString", "coordinates": [[153.28277, -28.88938], [153.2828, -28.88922], [153.28336, -28.88575]]}}, {"type": "Feature", "properties": {"id": 619160973, "name": "Eastment Lane", "class": "unclassified", "len_m": 850}, "geometry": {"type": "LineString", "coordinates": [[153.28672, -28.89012], [153.28683, -28.88961], [153.28749, -28.88622], [153.288, -28.88351], [153.28817, -28.88258]]}}, {"type": "Feature", "properties": {"id": 619165985, "name": "Faulkner Road", "class": "unclassified", "len_m": 8}, "geometry": {"type": "LineString", "coordinates": [[153.32836, -28.87558], [153.32831, -28.87552]]}}, {"type": "Feature", "properties": {"id": 619165986, "name": "Faulkner Road", "class": "unclassified", "len_m": 22}, "geometry": {"type": "LineString", "coordinates": [[153.32841, -28.87577], [153.32836, -28.87558]]}}, {"type": "Feature", "properties": {"id": 619165989, "name": "Faulkner Road", "class": "unclassified", "len_m": 734}, "geometry": {"type": "LineString", "coordinates": [[153.32411, -28.87683], [153.32425, -28.87679], [153.32435, -28.87676], [153.32459, -28.87672], [153.32487, -28.87668], [153.32509, -28.87665], [153.32529, -28.87662], [153.32539, -28.87661], [153.32546, -28.87661], [153.32552, -28.87663], [153.32556, -28.87666], [153.32559, -28.87673], [153.32559, -28.87681], [153.32555, -28.87736], [153.32556, -28.87744], [153.32557, -28.87748], [153.32559, -28.87751], [153.32563, -28.87754], [153.32568, -28.87755], [153.32579, -28.87755], [153.32592, -28.87752], [153.32695, -28.87723], [153.32705, -28.87721], [153.32723, -28.87719], [153.32743, -28.87717], [153.3284, -28.87706], [153.32867, -28.87703], [153.32883, -28.87702], [153.32896, -28.87698], [153.32903, -28.87691], [153.32905, -28.87683], [153.32902, -28.87672], [153.32898, -28.87655], [153.32887, -28.87633], [153.32877, -28.87619], [153.32856, -28.87599], [153.32849, -28.87593], [153.32841, -28.87577]]}}, {"type": "Feature", "properties": {"id": 619166913, "name": "Wybelena Road", "class": "residential", "len_m": 736}, "geometry": {"type": "LineString", "coordinates": [[153.30991, -28.89154], [153.30985, -28.8918], [153.30975, -28.89215], [153.30973, -28.8923], [153.30972, -28.8924], [153.30974, -28.89247], [153.30979, -28.89253], [153.30988, -28.89259], [153.31002, -28.89263], [153.31104, -28.89275], [153.31118, -28.89277], [153.31125, -28.89282], [153.31131, -28.89293], [153.31136, -28.89327], [153.31134, -28.89337], [153.31127, -28.89349], [153.31099, -28.894], [153.31093, -28.89416], [153.31092, -28.89424], [153.31093, -28.89463], [153.31093, -28.89473], [153.31093, -28.89514], [153.31095, -28.89526], [153.31101, -28.89537], [153.31109, -28.89549], [153.31118, -28.8956], [153.31131, -28.89574], [153.31143, -28.89582], [153.31163, -28.8959], [153.31177, -28.89592], [153.31195, -28.89589], [153.31234, -28.89595], [153.31256, -28.89598]]}}, {"type": "Feature", "properties": {"id": 619169775, "name": "McDonald Place", "class": "residential", "len_m": 182}, "geometry": {"type": "LineString", "coordinates": [[153.30772, -28.89126], [153.30788, -28.89044], [153.30788, -28.89033], [153.30785, -28.89023], [153.30781, -28.89015], [153.30775, -28.89008], [153.30739, -28.88981]]}}, {"type": "Feature", "properties": {"id": 637526766, "name": null, "class": "residential", "len_m": 617}, "geometry": {"type": "LineString", "coordinates": [[153.28419, -28.96961], [153.28475, -28.96969], [153.2853, -28.96978], [153.28567, -28.96985], [153.28599, -28.96992], [153.28613, -28.96998], [153.28678, -28.97026], [153.28779, -28.97069], [153.28856, -28.97104], [153.28921, -28.97133], [153.28958, -28.9715], [153.2897, -28.97154], [153.28983, -28.97154], [153.28995, -28.97154], [153.29005, -28.97151]]}}, {"type": "Feature", "properties": {"id": 637526768, "name": "Morton Street", "class": "residential", "len_m": 230}, "geometry": {"type": "LineString", "coordinates": [[153.281, -28.97151], [153.28079, -28.97171], [153.28065, -28.97178], [153.28042, -28.97182], [153.28016, -28.97186], [153.27901, -28.97203], [153.27891, -28.97205], [153.2788, -28.9721]]}}, {"type": "Feature", "properties": {"id": 644414731, "name": "Ferry Road", "class": "unclassified", "len_m": 419}, "geometry": {"type": "LineString", "coordinates": [[153.28972, -28.98611], [153.28975, -28.98621], [153.28985, -28.98644], [153.29005, -28.98683], [153.29012, -28.98696], [153.29024, -28.98724], [153.29037, -28.98751], [153.29045, -28.98766], [153.29065, -28.98801], [153.29088, -28.98841], [153.29099, -28.98863], [153.29107, -28.98874], [153.29114, -28.98884], [153.29125, -28.98895], [153.29136, -28.98905], [153.2915, -28.98916], [153.29164, -28.98932], [153.29165, -28.98936], [153.29166, -28.98939], [153.29165, -28.98943]]}}, {"type": "Feature", "properties": {"id": 644447503, "name": "Ingram Road", "class": "unclassified", "len_m": 1156}, "geometry": {"type": "LineString", "coordinates": [[153.30687, -28.87763], [153.30601, -28.87816], [153.30567, -28.87838], [153.30519, -28.87867], [153.30482, -28.87884], [153.30471, -28.87891], [153.30464, -28.87898], [153.30459, -28.87908], [153.30454, -28.87921], [153.3045, -28.87937], [153.30444, -28.87948], [153.30438, -28.87955], [153.30431, -28.87961], [153.30414, -28.87972], [153.30366, -28.88002], [153.30336, -28.88018], [153.30319, -28.88026], [153.30299, -28.88034], [153.30252, -28.88048], [153.3021, -28.88059], [153.30193, -28.88065], [153.30139, -28.88086], [153.30099, -28.88098], [153.30082, -28.881], [153.30063, -28.88102], [153.3003, -28.88104], [153.29969, -28.88106], [153.29919, -28.88111], [153.29889, -28.88115], [153.29871, -28.8812], [153.29859, -28.88126], [153.29846, -28.88135], [153.29831, -28.8815], [153.2979, -28.88201], [153.29783, -28.88215], [153.29783, -28.88228], [153.29786, -28.88245], [153.29791, -28.88262], [153.2979, -28.88272], [153.29787, -28.88279], [153.29781, -28.88285], [153.29772, -28.88289]]}}, {"type": "Feature", "properties": {"id": 648484791, "name": "Johnson Street", "class": "unclassified", "len_m": 269}, "geometry": {"type": "LineString", "coordinates": [[153.26546, -28.86127], [153.26557, -28.86121], [153.26569, -28.8611], [153.26615, -28.8605], [153.26637, -28.86021], [153.26679, -28.85963], [153.26697, -28.85938], [153.267, -28.85928]]}}, {"type": "Feature", "properties": {"id": 664451864, "name": "Gray Street", "class": "residential", "len_m": 63}, "geometry": {"type": "LineString", "coordinates": [[153.27493, -29.00193], [153.27487, -29.00224], [153.27485, -29.00229], [153.27483, -29.00234], [153.27481, -29.00237], [153.27478, -29.00239], [153.27474, -29.0024], [153.27469, -29.0024]]}}, {"type": "Feature", "properties": {"id": 666676727, "name": "Newmans Road", "class": "unclassified", "len_m": 1359}, "geometry": {"type": "LineString", "coordinates": [[153.26317, -28.96876], [153.26325, -28.96872], [153.26329, -28.96869], [153.26332, -28.96864], [153.26338, -28.96833], [153.26344, -28.96804], [153.26345, -28.96795], [153.26356, -28.96736], [153.26364, -28.96691], [153.26375, -28.9663], [153.26385, -28.9658], [153.26392, -28.96538], [153.26396, -28.96526], [153.264, -28.9652], [153.26407, -28.96513], [153.2642, -28.96506], [153.2646, -28.96485], [153.26529, -28.96448], [153.266, -28.9641], [153.26609, -28.96406], [153.26617, -28.96404], [153.26627, -28.96403], [153.26641, -28.96405], [153.26659, -28.96408], [153.26797, -28.96429], [153.26808, -28.9643], [153.2682, -28.96428], [153.2683, -28.96424], [153.26845, -28.96415], [153.26929, -28.96351], [153.27055, -28.96258], [153.27161, -28.96179], [153.27205, -28.96147], [153.27217, -28.96141]]}}, {"type": "Feature", "properties": {"id": 667204411, "name": "Ferris Lane", "class": "unclassified", "len_m": 414}, "geometry": {"type": "LineString", "coordinates": [[153.28422, -28.90352], [153.2845, -28.90357], [153.28536, -28.9037], [153.28667, -28.9039], [153.28778, -28.90408], [153.2882, -28.90413], [153.28832, -28.90412], [153.28841, -28.90409]]}}, {"type": "Feature", "properties": {"id": 718349502, "name": "Short Street", "class": "residential", "len_m": 172}, "geometry": {"type": "LineString", "coordinates": [[153.28251, -28.99633], [153.28281, -28.99481]]}}, {"type": "Feature", "properties": {"id": 718362960, "name": "Richmond Terrace", "class": "residential", "len_m": 288}, "geometry": {"type": "LineString", "coordinates": [[153.29102, -28.99296], [153.29243, -28.99524]]}}, {"type": "Feature", "properties": {"id": 718890141, "name": "Tulk Road", "class": "unclassified", "len_m": 64}, "geometry": {"type": "LineString", "coordinates": [[153.29652, -28.87227], [153.29657, -28.87226], [153.29667, -28.87222], [153.29713, -28.87206]]}}, {"type": "Feature", "properties": {"id": 722401576, "name": "Victor Street", "class": "residential", "len_m": 168}, "geometry": {"type": "LineString", "coordinates": [[153.24575, -28.94185], [153.24609, -28.94221], [153.24652, -28.94266], [153.24685, -28.94302]]}}, {"type": "Feature", "properties": {"id": 722404352, "name": "Dibbs Street", "class": "residential", "len_m": 43}, "geometry": {"type": "LineString", "coordinates": [[153.27362, -29.00139], [153.27361, -29.00161], [153.27362, -29.00169], [153.27365, -29.00177]]}}, {"type": "Feature", "properties": {"id": 762950873, "name": "Bruxner Highway", "class": "primary", "len_m": 108}, "geometry": {"type": "LineString", "coordinates": [[153.25375, -28.87587], [153.25281, -28.87638]]}}, {"type": "Feature", "properties": {"id": 916203068, "name": "Wyrallah Road", "class": "secondary", "len_m": 313}, "geometry": {"type": "LineString", "coordinates": [[153.29996, -28.88509], [153.30025, -28.8857], [153.3004, -28.88624], [153.30044, -28.88679], [153.3003, -28.88743], [153.30014, -28.8878]]}}, {"type": "Feature", "properties": {"id": 916203069, "name": "Wyrallah Road", "class": "secondary", "len_m": 215}, "geometry": {"type": "LineString", "coordinates": [[153.29885, -28.88984], [153.29855, -28.8904], [153.29795, -28.89161]]}}, {"type": "Feature", "properties": {"id": 916203070, "name": "Wyrallah Road", "class": "secondary", "len_m": 2278}, "geometry": {"type": "LineString", "coordinates": [[153.31752, -28.94847], [153.31732, -28.94821], [153.31723, -28.94807], [153.31713, -28.94792], [153.31695, -28.94761], [153.31679, -28.9473], [153.31668, -28.94704], [153.31658, -28.94675], [153.31649, -28.94644], [153.31645, -28.94625], [153.31642, -28.94607], [153.31588, -28.94375], [153.31542, -28.94181], [153.31537, -28.94149], [153.31535, -28.9412], [153.31537, -28.9409], [153.31543, -28.94061], [153.31552, -28.94034], [153.31564, -28.94008], [153.31578, -28.93984], [153.31593, -28.93964], [153.3161, -28.93944], [153.31734, -28.9381], [153.31754, -28.93786], [153.31771, -28.93765], [153.31786, -28.93742], [153.31799, -28.9372], [153.31812, -28.93697], [153.31822, -28.93672], [153.31831, -28.93645], [153.31838, -28.9362], [153.31844, -28.93594], [153.31889, -28.93366], [153.31896, -28.93332], [153.31901, -28.93307], [153.31904, -28.9328], [153.31905, -28.93251], [153.31903, -28.93225], [153.319, -28.93201], [153.31894, -28.93175], [153.31886, -28.93151], [153.31876, -28.93122], [153.3185, -28.93057], [153.31841, -28.93032], [153.31831, -28.93002], [153.31824, -28.92974], [153.31822, -28.92948], [153.31823, -28.9292]]}}, {"type": "Feature", "properties": {"id": 916203071, "name": "Queen Elizabeth Drive", "class": "secondary", "len_m": 357}, "geometry": {"type": "LineString", "coordinates": [[153.2826, -28.9791], [153.28318, -28.98036], [153.28329, -28.9806], [153.28347, -28.98101], [153.28359, -28.98133], [153.28362, -28.98169], [153.2836, -28.98215]]}}, {"type": "Feature", "properties": {"id": 916203074, "name": "East Coraki Road", "class": "tertiary", "len_m": 45}, "geometry": {"type": "LineString", "coordinates": [[153.29144, -28.98946], [153.29154, -28.98943], [153.2916, -28.98943], [153.29165, -28.98943], [153.2917, -28.98945], [153.29174, -28.98947], [153.29185, -28.98956]]}}, {"type": "Feature", "properties": {"id": 916203075, "name": "Kardinia Street", "class": "residential", "len_m": 109}, "geometry": {"type": "LineString", "coordinates": [[153.27651, -28.99181], [153.27666, -28.992], [153.2768, -28.9922], [153.27689, -28.9924], [153.27706, -28.99266]]}}, {"type": "Feature", "properties": {"id": 916203076, "name": "Coraki-Ellangowan Road", "class": "residential", "len_m": 582}, "geometry": {"type": "LineString", "coordinates": [[153.25724, -28.99702], [153.25712, -28.99701], [153.2556, -28.99685], [153.25334, -28.99642], [153.25259, -28.99627], [153.2517, -28.99609], [153.25152, -28.99608], [153.25137, -28.9961]]}}, {"type": "Feature", "properties": {"id": 916203077, "name": "Henderson Street", "class": "residential", "len_m": 17}, "geometry": {"type": "LineString", "coordinates": [[153.25741, -28.99703], [153.25724, -28.99702]]}}, {"type": "Feature", "properties": {"id": 939214076, "name": "Queen Elizabeth Drive", "class": "secondary", "len_m": 736}, "geometry": {"type": "LineString", "coordinates": [[153.28172, -28.99339], [153.2816, -28.99399], [153.28147, -28.99461], [153.28135, -28.99523], [153.28118, -28.99607], [153.28117, -28.99611], [153.28109, -28.99651], [153.28107, -28.99662], [153.28094, -28.99727], [153.28074, -28.99835], [153.28065, -28.99893], [153.28059, -28.99922], [153.28056, -28.99934], [153.28052, -28.99947], [153.28046, -28.99961], [153.28032, -28.99988]]}}, {"type": "Feature", "properties": {"id": 939214077, "name": "Lagoon Road", "class": "unclassified", "len_m": 146}, "geometry": {"type": "LineString", "coordinates": [[153.2826, -28.9791], [153.28112, -28.97934]]}}, {"type": "Feature", "properties": {"id": 1080887501, "name": "Flood Reserve Road", "class": "unclassified", "len_m": 726}, "geometry": {"type": "LineString", "coordinates": [[153.25116, -28.9225], [153.24931, -28.92279], [153.24911, -28.92288], [153.24906, -28.92305], [153.24899, -28.92384], [153.24892, -28.92414], [153.24869, -28.9244], [153.2479, -28.9251], [153.24598, -28.92636]]}}, {"type": "Feature", "properties": {"id": 1080887502, "name": "Flood Reserve Road", "class": "unclassified", "len_m": 22}, "geometry": {"type": "LineString", "coordinates": [[153.25138, -28.92246], [153.25116, -28.9225]]}}, {"type": "Feature", "properties": {"id": 1095074751, "name": "Henderson Street", "class": "residential", "len_m": 985}, "geometry": {"type": "LineString", "coordinates": [[153.27357, -28.98882], [153.27337, -28.98888], [153.27318, -28.98899], [153.27195, -28.98981], [153.26783, -28.99262], [153.26554, -28.9942]]}}, {"type": "Feature", "properties": {"id": 1095074753, "name": "Coraki-Ellangowan Road", "class": "unclassified", "len_m": 3446}, "geometry": {"type": "LineString", "coordinates": [[153.25137, -28.9961], [153.25117, -28.99616], [153.25105, -28.99627], [153.25093, -28.99641], [153.25085, -28.99652], [153.24997, -28.99875], [153.24887, -29.00157], [153.24836, -29.00288], [153.24817, -29.00334], [153.24803, -29.00351], [153.24593, -29.00559], [153.24493, -29.0066], [153.2448, -29.00678], [153.24329, -29.00968], [153.24122, -29.01372], [153.24107, -29.01399], [153.23973, -29.01687], [153.23956, -29.01713], [153.23938, -29.01735], [153.238, -29.01872], [153.23556, -29.02063], [153.23418, -29.02175], [153.234, -29.02186], [153.23382, -29.02188], [153.23345, -29.02189]]}}, {"type": "Feature", "properties": {"id": 1095075247, "name": "Reedy Street", "class": "residential", "len_m": 43}, "geometry": {"type": "LineString", "coordinates": [[153.28507, -28.97831], [153.28514, -28.97869]]}}, {"type": "Feature", "properties": {"id": 1095077800, "name": "Flood Reserve Road", "class": "unclassified", "len_m": 804}, "geometry": {"type": "LineString", "coordinates": [[153.27876, -28.93246], [153.27865, -28.93243], [153.27832, -28.93237], [153.27783, -28.93229], [153.27654, -28.9321], [153.27617, -28.93205], [153.27517, -28.93195], [153.27411, -28.93177], [153.27297, -28.93162], [153.27228, -28.93151], [153.27218, -28.93148], [153.27211, -28.93142], [153.27207, -28.93133], [153.27206, -28.93122], [153.27206, -28.93114], [153.27206, -28.93103], [153.27204, -28.93093], [153.27201, -28.93076], [153.27195, -28.93065], [153.2719, -28.93058], [153.27182, -28.93051], [153.27155, -28.93029]]}}, {"type": "Feature", "properties": {"id": 1095082753, "name": "Hazlemount Lane", "class": "residential", "len_m": 966}, "geometry": {"type": "LineString", "coordinates": [[153.32823, -28.93802], [153.32849, -28.93637], [153.32911, -28.93284], [153.32971, -28.92943]]}}, {"type": "Feature", "properties": {"id": 1100974992, "name": "McMahon Road", "class": "residential", "len_m": 3146}, "geometry": {"type": "LineString", "coordinates": [[153.24905, -28.90985], [153.24924, -28.9096], [153.24937, -28.90946], [153.24949, -28.90935], [153.24985, -28.90905], [153.25043, -28.90857], [153.2514, -28.90778], [153.252, -28.90726], [153.25212, -28.90715], [153.25225, -28.9071], [153.25237, -28.90711], [153.25249, -28.90713], [153.25352, -28.9073], [153.25406, -28.90738], [153.25435, -28.9074], [153.25445, -28.90739], [153.25449, -28.90729], [153.25456, -28.9069], [153.25469, -28.90627], [153.25475, -28.90591], [153.25476, -28.90549], [153.25479, -28.90524], [153.25493, -28.9044], [153.255, -28.9041], [153.25511, -28.90362], [153.25528, -28.90267], [153.25538, -28.90221], [153.2555, -28.90134], [153.25567, -28.90031], [153.25583, -28.89939], [153.25605, -28.89809], [153.25618, -28.89732], [153.25623, -28.89678], [153.25612, -28.89607], [153.25608, -28.89591], [153.25611, -28.89579], [153.25617, -28.89572], [153.25629, -28.89563], [153.2567, -28.89555], [153.25685, -28.89554], [153.25701, -28.89554], [153.25729, -28.89558], [153.25816, -28.89572], [153.25836, -28.89575], [153.2585, -28.89574], [153.25856, -28.8957], [153.25862, -28.89564], [153.25868, -28.8954], [153.25882, -28.89446], [153.25896, -28.89369], [153.25906, -28.89312], [153.25923, -28.89214], [153.25927, -28.89193], [153.25933, -28.89182], [153.25943, -28.89175], [153.25975, -28.89156], [153.26008, -28.89141], [153.26044, -28.89135], [153.26086, -28.89129], [153.26121, -28.89126], [153.26161, -28.8912], [153.2617, -28.89115], [153.26175, -28.89107], [153.26185, -28.89055], [153.26194, -28.89015], [153.26206, -28.88952], [153.26212, -28.88927], [153.26213, -28.88916], [153.26214, -28.88904], [153.26217, -28.88897]]}}, {"type": "Feature", "properties": {"id": 1100975489, "name": "Skyline Road South", "class": "unclassified", "len_m": 333}, "geometry": {"type": "LineString", "coordinates": [[153.31045, -28.88858], [153.31037, -28.88896], [153.31007, -28.89054], [153.30998, -28.89109], [153.30994, -28.89137], [153.30991, -28.89154]]}}, {"type": "Feature", "properties": {"id": 1121135026, "name": "Fig Tree Lane", "class": "unclassified", "len_m": 344}, "geometry": {"type": "LineString", "coordinates": [[153.18296, -28.86404], [153.17947, -28.86356]]}}, {"type": "Feature", "properties": {"id": 1123062807, "name": null, "class": "unclassified", "len_m": 266}, "geometry": {"type": "LineString", "coordinates": [[153.31162, -28.88208], [153.31197, -28.88204], [153.31207, -28.88217], [153.31214, -28.88233], [153.31245, -28.88291], [153.31271, -28.88337], [153.31272, -28.88348], [153.31277, -28.88367], [153.31287, -28.88377], [153.31302, -28.88387]]}}, {"type": "Feature", "properties": {"id": 1123063111, "name": null, "class": "unclassified", "len_m": 177}, "geometry": {"type": "LineString", "coordinates": [[153.22247, -28.88743], [153.22265, -28.88597], [153.22253, -28.88591]]}}, {"type": "Feature", "properties": {"id": 1131307074, "name": "Queen Elizabeth Drive", "class": "secondary", "len_m": 243}, "geometry": {"type": "LineString", "coordinates": [[153.28216, -28.99124], [153.28192, -28.99243], [153.28177, -28.99319], [153.28172, -28.99339]]}}, {"type": "Feature", "properties": {"id": 1131307075, "name": "Union Street", "class": "residential", "len_m": 158}, "geometry": {"type": "LineString", "coordinates": [[153.28295, -28.99393], [153.2829, -28.9939], [153.28285, -28.99389], [153.28235, -28.99381], [153.28241, -28.99357], [153.28192, -28.99348], [153.28172, -28.99339]]}}, {"type": "Feature", "properties": {"id": 1131307076, "name": "Adams Street", "class": "tertiary", "len_m": 32}, "geometry": {"type": "LineString", "coordinates": [[153.28929, -28.99006], [153.28961, -28.99]]}}, {"type": "Feature", "properties": {"id": 1131307077, "name": "Richmond Terrace", "class": "residential", "len_m": 364}, "geometry": {"type": "LineString", "coordinates": [[153.28929, -28.99006], [153.28955, -28.99048], [153.28992, -28.99108], [153.29018, -28.99152], [153.29036, -28.99184], [153.29102, -28.99296]]}}, {"type": "Feature", "properties": {"id": 1131307078, "name": "Queen Elizabeth Drive", "class": "secondary", "len_m": 82}, "geometry": {"type": "LineString", "coordinates": [[153.2836, -28.98215], [153.28359, -28.98233], [153.28356, -28.98289]]}}, {"type": "Feature", "properties": {"id": 1131307085, "name": "Coraki Road", "class": "secondary", "len_m": 1238}, "geometry": {"type": "LineString", "coordinates": [[153.2846, -28.90148], [153.28505, -28.89904], [153.28539, -28.89719], [153.28559, -28.89611], [153.28576, -28.89524], [153.28624, -28.89258], [153.28626, -28.89239], [153.28626, -28.89219], [153.28626, -28.89199], [153.28623, -28.89181], [153.2862, -28.89163], [153.28614, -28.89145], [153.28608, -28.89129], [153.28601, -28.89113], [153.28594, -28.89101], [153.28579, -28.89077], [153.28564, -28.89058]]}}, {"type": "Feature", "properties": {"id": 1131307086, "name": "Wyrallah Road", "class": "secondary", "len_m": 151}, "geometry": {"type": "LineString", "coordinates": [[153.29795, -28.89161], [153.2978, -28.89194], [153.29778, -28.89199], [153.29772, -28.89212], [153.29734, -28.89286]]}}, {"type": "Feature", "properties": {"id": 1184763939, "name": "Coraki-Ellangowan Road", "class": "residential", "len_m": 176}, "geometry": {"type": "LineString", "coordinates": [[153.26554, -28.9942], [153.26535, -28.99426], [153.26504, -28.99439], [153.26481, -28.99458], [153.26465, -28.99488], [153.26457, -28.99532], [153.26456, -28.99537]]}}, {"type": "Feature", "properties": {"id": 1289011012, "name": "Oakland Road", "class": "unclassified", "len_m": 1454}, "geometry": {"type": "LineString", "coordinates": [[153.29426, -28.99694], [153.29416, -28.99702], [153.29397, -28.99717], [153.29387, -28.99723], [153.29376, -28.99733], [153.2874, -28.99996], [153.28086, -29.00268]]}}, {"type": "Feature", "properties": {"id": 1485567357, "name": "Wyrallah Ferry Road", "class": "secondary", "len_m": 94}, "geometry": {"type": "LineString", "coordinates": [[153.29522, -28.8912], [153.29617, -28.89134]]}}, {"type": "Feature", "properties": {"id": 1485573623, "name": "Fig Tree Lane", "class": "unclassified", "len_m": 467}, "geometry": {"type": "LineString", "coordinates": [[153.18134, -28.87624], [153.18137, -28.87611], [153.18146, -28.87571], [153.18157, -28.87511], [153.18164, -28.87451], [153.18176, -28.8741], [153.18214, -28.8721]]}}, {"type": "Feature", "properties": {"id": 1485573624, "name": "Fig Tree Lane", "class": "unclassified", "len_m": 158}, "geometry": {"type": "LineString", "coordinates": [[153.18107, -28.87764], [153.18132, -28.87632], [153.18134, -28.87624]]}}]}