latitude,longitude,bright_ti4,scan,track,acq_date,acq_time,satellite,instrument,confidence,version,bright_ti5,frp,daynight,type
40.60984,-105.86547,308.9,0.76,0.77,2020-08-14,1012,N,VIIRS,n,2,281.73,3.3,N,0
40.61192,-105.84863,307.23,0.76,0.77,2020-08-14,1012,N,VIIRS,n,2,282.69,3.3,N,0
40.61521,-105.85811,306.13,0.76,0.77,2020-08-14,1012,N,VIIRS,n,2,281.85,3.3,N,0
40.61534,-105.83565,305.06,0.76,0.77,2020-08-14,1012,N,VIIRS,n,2,281.19,3.66,N,0
40.61857,-105.84496,304.96,0.76,0.77,2020-08-14,1012,N,VIIRS,n,2,283.05,5.72,N,0
40.62137,-105.85303,316.44,0.76,0.77,2020-08-14,1012,N,VIIRS,n,2,284.97,5.72,N,0
40.62149,-105.8762,297.12,0.76,0.77,2020-08-14,1012,N,VIIRS,n,2,281.98,3.72,N,0
40.62482,-105.86297,342.31,0.76,0.77,2020-08-14,1012,N,VIIRS,n,2,287.43,17.77,N,0
40.60477,-105.86448,304.3,0.76,0.77,2020-08-14,1013,N,VIIRS,n,2,282.2,3.97,N,0
40.60621,-105.8918,308.6,0.76,0.77,2020-08-14,1013,N,VIIRS,n,2,281.87,4.05,N,0
40.61372,-105.84435,306.9,0.76,0.77,2020-08-14,1013,N,VIIRS,n,2,283.14,2.69,N,0
40.61665,-105.85294,310.7,0.76,0.77,2020-08-14,1013,N,VIIRS,n,2,282.84,5.15,N,0
40.6167,-105.87628,299.34,0.76,0.77,2020-08-14,1013,N,VIIRS,n,2,280.66,3.97,N,0
40.61716,-105.83127,302.56,0.76,0.77,2020-08-14,1013,N,VIIRS,n,2,281.09,2.69,N,0
40.62037,-105.86385,319.1,0.76,0.77,2020-08-14,1013,N,VIIRS,n,2,284,5.15,N,0
40.62041,-105.84081,299.46,0.76,0.77,2020-08-14,1013,N,VIIRS,n,2,280.72,2.69,N,0
40.62315,-105.84884,295.93,0.76,0.77,2020-08-14,1013,N,VIIRS,n,2,281.64,5.15,N,0
40.62575,-105.85644,327.4,0.76,0.77,2020-08-14,1013,N,VIIRS,n,2,285.62,5.15,N,0
40.63143,-105.87315,319.52,0.76,0.77,2020-08-14,1013,N,VIIRS,n,2,283.28,12.31,N,0
40.59645,-105.86519,333.19,0.39,0.36,2020-08-14,1955,N,VIIRS,n,2,300.07,4.06,D,0
40.59902,-105.87052,333.97,0.39,0.36,2020-08-14,1955,N,VIIRS,n,2,297.63,0,D,0
40.59973,-105.86607,349.18,0.39,0.36,2020-08-14,1955,N,VIIRS,n,2,302.7,0,D,0
40.60114,-105.85718,338.38,0.39,0.36,2020-08-14,1955,N,VIIRS,n,2,297.56,314.59,D,0
40.60159,-105.87588,367,0.39,0.36,2020-08-14,1955,N,VIIRS,h,2,353.94,161.27,D,0
40.6023,-105.87141,367,0.39,0.36,2020-08-14,1955,N,VIIRS,l,2,377.09,0,D,0
40.60301,-105.86696,367,0.39,0.36,2020-08-14,1955,N,VIIRS,l,2,376.8,0,D,0
40.60372,-105.8625,367,0.39,0.36,2020-08-14,1955,N,VIIRS,l,2,366.92,314.59,D,0
40.60415,-105.88124,367,0.39,0.36,2020-08-14,1955,N,VIIRS,l,2,372.47,173.58,D,0
40.60487,-105.87675,356.48,0.39,0.36,2020-08-14,1955,N,VIIRS,n,2,315.63,173.58,D,0
40.60558,-105.87229,367,0.39,0.36,2020-08-14,1955,N,VIIRS,l,2,326.19,82.94,D,0
40.60585,-105.8491,349.96,0.39,0.36,2020-08-14,1955,N,VIIRS,n,2,303.65,21.63,D,0
40.606,-105.89111,367,0.39,0.36,2020-08-14,1955,N,VIIRS,l,2,330.84,61.65,D,0
40.60629,-105.86784,367,0.39,0.36,2020-08-14,1955,N,VIIRS,h,2,352.71,82.94,D,0
40.60657,-105.84459,367,0.39,0.36,2020-08-14,1955,N,VIIRS,h,2,350.28,110.66,D,0
40.60672,-105.8866,351.72,0.39,0.36,2020-08-14,1955,N,VIIRS,n,2,321.12,61.65,D,0
40.607,-105.86339,353.57,0.39,0.36,2020-08-14,1955,N,VIIRS,n,2,300.72,12.67,D,0
40.6077,-105.85894,339.13,0.39,0.36,2020-08-14,1955,N,VIIRS,n,2,296.39,12.67,D,0
40.60887,-105.87315,342.26,0.39,0.36,2020-08-14,1955,N,VIIRS,n,2,307.15,82.94,D,0
40.60913,-105.84998,354.44,0.39,0.36,2020-08-14,1955,N,VIIRS,n,2,301.88,40.74,D,0
40.60929,-105.89194,367,0.39,0.36,2020-08-14,1955,N,VIIRS,l,2,336.12,40.65,D,0
40.60957,-105.86871,347.27,0.39,0.36,2020-08-14,1955,N,VIIRS,n,2,304.52,82.94,D,0
40.60985,-105.84547,352.29,0.39,0.36,2020-08-14,1955,N,VIIRS,n,2,307.29,33.15,D,0
40.61128,-105.83649,350.19,0.39,0.36,2020-08-14,1955,N,VIIRS,n,2,304.92,8.95,D,0
40.612,-105.832,344.26,0.39,0.36,2020-08-14,1955,N,VIIRS,n,2,296.15,8.95,D,0
40.61257,-105.89278,353.69,0.39,0.36,2020-08-14,1955,N,VIIRS,n,2,312.88,40.65,D,0
40.61456,-105.83736,346.8,0.39,0.36,2020-08-14,1955,N,VIIRS,n,2,302.4,8.95,D,0
40.61528,-105.83288,352.18,0.39,0.36,2020-08-14,1955,N,VIIRS,n,2,300.1,8.95,D,0
40.61543,-105.87488,346.93,0.39,0.36,2020-08-14,1955,N,VIIRS,n,2,314.49,7.31,D,0
40.61569,-105.85177,343.3,0.39,0.36,2020-08-14,1955,N,VIIRS,n,2,299.85,26.7,D,0
40.61599,-105.82838,354.82,0.39,0.36,2020-08-14,1955,N,VIIRS,n,2,305.85,26.69,D,0
40.61613,-105.87046,348.18,0.39,0.36,2020-08-14,1955,N,VIIRS,n,2,318.13,7.31,D,0
40.6167,-105.82391,354.45,0.39,0.36,2020-08-14,1955,N,VIIRS,n,2,306.27,26.69,D,0
40.61684,-105.86605,343.97,0.39,0.36,2020-08-14,1955,N,VIIRS,n,2,313.04,6.54,D,0
40.61754,-105.86163,341.99,0.39,0.36,2020-08-14,1955,N,VIIRS,n,2,308.54,6.54,D,0
40.61784,-105.83825,349.83,0.39,0.36,2020-08-14,1955,N,VIIRS,n,2,297.63,26.37,D,0
40.61826,-105.85716,345.3,0.39,0.36,2020-08-14,1955,N,VIIRS,n,2,303.69,26.7,D,0
40.61856,-105.83374,351.92,0.39,0.36,2020-08-14,1955,N,VIIRS,n,2,300.33,26.37,D,0
40.61871,-105.87576,354.07,0.39,0.36,2020-08-14,1955,N,VIIRS,n,2,322.82,159.15,D,0
40.61928,-105.82924,354.22,0.39,0.36,2020-08-14,1955,N,VIIRS,n,2,300.84,38.69,D,0
40.61941,-105.87135,352.78,0.39,0.36,2020-08-14,1955,N,VIIRS,l,2,334.94,159.15,D,0
40.61969,-105.84815,353.25,0.39,0.36,2020-08-14,1955,N,VIIRS,l,2,330.99,69.57,D,0
40.61998,-105.82478,367,0.39,0.36,2020-08-14,1955,N,VIIRS,l,2,331.04,38.69,D,0
40.62011,-105.86695,367,0.39,0.36,2020-08-14,1955,N,VIIRS,l,2,334.08,74.73,D,0
40.62041,-105.84364,367,0.39,0.36,2020-08-14,1955,N,VIIRS,h,2,349.24,69.57,D,0
40.6207,-105.82031,356.1,0.39,0.36,2020-08-14,1955,N,VIIRS,n,2,299.7,32.98,D,0
40.62082,-105.86254,354.22,0.39,0.36,2020-08-14,1955,N,VIIRS,n,2,309.36,74.73,D,0
40.62112,-105.83913,367,0.39,0.36,2020-08-14,1955,N,VIIRS,l,2,337.01,26.37,D,0
40.62142,-105.81579,343.61,0.39,0.36,2020-08-14,1955,N,VIIRS,n,2,291.63,32.98,D,0
40.62153,-105.85806,353.1,0.39,0.36,2020-08-14,1955,N,VIIRS,n,2,309.33,53.98,D,0
40.62184,-105.83462,367,0.39,0.36,2020-08-14,1955,N,VIIRS,h,2,307.59,26.37,D,0
40.62224,-105.85357,367,0.39,0.36,2020-08-14,1955,N,VIIRS,h,2,344.59,53.98,D,0
40.62256,-105.83012,352.5,0.39,0.36,2020-08-14,1955,N,VIIRS,n,2,304.6,38.69,D,0
40.62269,-105.87225,367,0.39,0.36,2020-08-14,1955,N,VIIRS,l,2,358.85,159.15,D,0
40.62296,-105.84905,367,0.39,0.36,2020-08-14,1955,N,VIIRS,h,2,346.06,81.7,D,0
40.62327,-105.82564,345.19,0.39,0.36,2020-08-14,1955,N,VIIRS,n,2,311.92,38.69,D,0
40.62339,-105.86784,367,0.39,0.36,2020-08-14,1955,N,VIIRS,h,2,343.99,74.73,D,0
40.62368,-105.84454,367,0.39,0.36,2020-08-14,1955,N,VIIRS,h,2,359.07,81.7,D,0
40.62397,-105.82119,367,0.39,0.36,2020-08-14,1955,N,VIIRS,l,2,326.49,32.98,D,0
40.62409,-105.86344,367,0.39,0.36,2020-08-14,1955,N,VIIRS,h,2,309.12,74.73,D,0
40.6244,-105.84003,367,0.39,0.36,2020-08-14,1955,N,VIIRS,h,2,377.01,106.85,D,0
40.62469,-105.81669,356.77,0.39,0.36,2020-08-14,1955,N,VIIRS,l,2,292.66,32.98,D,0
40.62481,-105.85899,355.59,0.39,0.36,2020-08-14,1955,N,VIIRS,n,2,307.63,53.98,D,0
40.62512,-105.8355,367,0.39,0.36,2020-08-14,1955,N,VIIRS,h,2,348.19,106.85,D,0
40.6254,-105.8122,341.52,0.39,0.36,2020-08-14,1955,N,VIIRS,n,2,291.15,7.21,D,0
40.62552,-105.85449,356.39,0.39,0.36,2020-08-14,1955,N,VIIRS,n,2,316.95,53.98,D,0
40.62597,-105.87314,313.64,0.39,0.36,2020-08-14,1955,N,VIIRS,l,2,318.14,101.66,D,0
40.62624,-105.84997,354.22,0.39,0.36,2020-08-14,1955,N,VIIRS,l,2,331.9,81.7,D,0
40.62655,-105.82649,367,0.39,0.36,2020-08-14,1955,N,VIIRS,l,2,380.93,0,D,0
40.62667,-105.86873,355.2,0.39,0.36,2020-08-14,1955,N,VIIRS,l,2,333.05,36.82,D,0
40.62696,-105.84543,351.32,0.39,0.36,2020-08-14,1955,N,VIIRS,l,2,335.23,81.7,D,0
40.62726,-105.82203,367,0.39,0.36,2020-08-14,1955,N,VIIRS,l,2,380.61,0,D,0
40.62737,-105.86434,355.48,0.39,0.36,2020-08-14,1955,N,VIIRS,n,2,309.09,36.82,D,0
40.62768,-105.84091,367,0.39,0.36,2020-08-14,1955,N,VIIRS,l,2,331.61,106.85,D,0
40.62807,-105.8599,367,0.39,0.36,2020-08-14,1955,N,VIIRS,h,2,320.02,33.74,D,0
40.6284,-105.83639,367,0.39,0.36,2020-08-14,1955,N,VIIRS,h,2,346.73,106.85,D,0
40.62868,-105.8131,356.3,0.39,0.36,2020-08-14,1955,N,VIIRS,n,2,288.9,14.36,D,0
40.62879,-105.8554,352.28,0.39,0.36,2020-08-14,1955,N,VIIRS,n,2,313.38,33.74,D,0
40.62912,-105.83187,367,0.39,0.36,2020-08-14,1955,N,VIIRS,l,2,359.66,0,D,0
40.62939,-105.80862,342.04,0.39,0.36,2020-08-14,1955,N,VIIRS,n,2,285.18,14.36,D,0
40.62951,-105.85088,350.17,0.39,0.36,2020-08-14,1955,N,VIIRS,l,2,329.92,94.99,D,0
40.62995,-105.86963,354.26,0.39,0.36,2020-08-14,1955,N,VIIRS,l,2,337.16,36.82,D,0
40.63024,-105.84633,367,0.39,0.36,2020-08-14,1955,N,VIIRS,l,2,334.58,94.99,D,0
40.63055,-105.82288,367,0.39,0.36,2020-08-14,1955,N,VIIRS,l,2,377.18,0,D,0
40.63065,-105.86523,367,0.39,0.36,2020-08-14,1955,N,VIIRS,h,2,316.45,36.82,D,0
40.63096,-105.8418,367,0.39,0.36,2020-08-14,1955,N,VIIRS,h,2,342.49,276.51,D,0
40.63126,-105.81841,338.21,0.39,0.36,2020-08-14,1955,N,VIIRS,n,2,306.51,0,D,0
40.63136,-105.86079,367,0.39,0.36,2020-08-14,1955,N,VIIRS,h,2,321.6,33.74,D,0
40.63196,-105.81397,356.74,0.39,0.36,2020-08-14,1955,N,VIIRS,l,2,288.92,14.36,D,0
40.63207,-105.85631,367,0.39,0.36,2020-08-14,1955,N,VIIRS,h,2,340.27,33.74,D,0
40.63252,-105.87494,367,0.39,0.36,2020-08-14,1955,N,VIIRS,l,2,364.66,83.95,D,0
40.63267,-105.80951,341.03,0.39,0.36,2020-08-14,1955,N,VIIRS,n,2,284.5,14.36,D,0
40.63279,-105.85178,367,0.39,0.36,2020-08-14,1955,N,VIIRS,h,2,357.01,94.99,D,0
40.63311,-105.82825,367,0.39,0.36,2020-08-14,1955,N,VIIRS,l,2,337.74,180.19,D,0
40.63323,-105.87052,367,0.39,0.36,2020-08-14,1955,N,VIIRS,l,2,343.88,61.37,D,0
40.63351,-105.84723,367,0.39,0.36,2020-08-14,1955,N,VIIRS,l,2,353.49,94.99,D,0
40.63383,-105.82373,367,0.39,0.36,2020-08-14,1955,N,VIIRS,l,2,343.32,208.91,D,0
40.63393,-105.86613,367,0.39,0.36,2020-08-14,1955,N,VIIRS,h,2,320.2,61.37,D,0
40.63424,-105.8427,367,0.39,0.36,2020-08-14,1955,N,VIIRS,l,2,363.86,276.51,D,0
40.63454,-105.81926,345.48,0.39,0.36,2020-08-14,1955,N,VIIRS,n,2,298.57,208.91,D,0
40.63463,-105.86171,367,0.39,0.36,2020-08-14,1955,N,VIIRS,h,2,341.36,236.05,D,0
40.63495,-105.83818,367,0.39,0.36,2020-08-14,1955,N,VIIRS,l,2,365.97,276.51,D,0
40.63525,-105.81482,351.53,0.39,0.36,2020-08-14,1955,N,VIIRS,n,2,287.94,10.36,D,0
40.63535,-105.85722,367,0.39,0.36,2020-08-14,1955,N,VIIRS,l,2,377.95,236.05,D,0
40.63567,-105.83366,353.28,0.39,0.36,2020-08-14,1955,N,VIIRS,n,2,297.04,180.19,D,0
40.6358,-105.87585,353.23,0.39,0.36,2020-08-14,1955,N,VIIRS,n,2,304.79,83.95,D,0
40.63607,-105.85268,367,0.39,0.36,2020-08-14,1955,N,VIIRS,l,2,381.84,0,D,0
40.63639,-105.82915,356.6,0.39,0.36,2020-08-14,1955,N,VIIRS,l,2,289.12,180.19,D,0
40.63651,-105.87142,356.6,0.39,0.36,2020-08-14,1955,N,VIIRS,n,2,316.78,61.37,D,0
40.6368,-105.84812,367,0.39,0.36,2020-08-14,1955,N,VIIRS,l,2,382.17,0,D,0
40.63711,-105.82462,356.58,0.39,0.36,2020-08-14,1955,N,VIIRS,l,2,286.64,208.91,D,0
40.6372,-105.86703,367,0.39,0.36,2020-08-14,1955,N,VIIRS,l,2,361.72,61.37,D,0
40.63752,-105.84359,367,0.39,0.36,2020-08-14,1955,N,VIIRS,l,2,367.84,0,D,0
40.63783,-105.82011,354.48,0.39,0.36,2020-08-14,1955,N,VIIRS,n,2,286.86,208.91,D,0
40.63791,-105.86262,367,0.39,0.36,2020-08-14,1955,N,VIIRS,l,2,377.05,236.05,D,0
40.63823,-105.83907,367,0.39,0.36,2020-08-14,1955,N,VIIRS,l,2,382.14,0,D,0
40.63853,-105.8157,340.32,0.39,0.36,2020-08-14,1955,N,VIIRS,n,2,286.69,10.36,D,0
40.63863,-105.85812,367,0.39,0.36,2020-08-14,1955,N,VIIRS,h,2,364.21,236.05,D,0
40.63895,-105.83456,353.03,0.39,0.36,2020-08-14,1955,N,VIIRS,n,2,298.69,62.77,D,0
40.63935,-105.85359,355.7,0.39,0.36,2020-08-14,1955,N,VIIRS,n,2,306.61,0,D,0
40.63967,-105.83006,345.29,0.39,0.36,2020-08-14,1955,N,VIIRS,n,2,288.34,62.77,D,0
40.64007,-105.84903,339.37,0.39,0.36,2020-08-14,1955,N,VIIRS,l,2,313.68,0,D,0
40.64038,-105.82555,348.71,0.39,0.36,2020-08-14,1955,N,VIIRS,n,2,286.51,6.03,D,0
40.64048,-105.86794,349.46,0.39,0.36,2020-08-14,1955,N,VIIRS,n,2,299.03,20.46,D,0
40.6411,-105.82104,339.51,0.39,0.36,2020-08-14,1955,N,VIIRS,n,2,284.99,6.03,D,0
40.64151,-105.83997,335.73,0.39,0.36,2020-08-14,1955,N,VIIRS,n,2,292.49,0,D,0
40.60308,-105.86461,350.82,0.39,0.44,2020-08-14,832,N,VIIRS,n,2,289.76,10.04,N,0
40.60349,-105.86873,324.64,0.39,0.44,2020-08-14,832,N,VIIRS,n,2,284.47,4.28,N,0
40.6039,-105.87289,330.77,0.39,0.44,2020-08-14,832,N,VIIRS,n,2,286.06,4.28,N,0
40.6043,-105.87698,340.34,0.39,0.44,2020-08-14,832,N,VIIRS,n,2,291.04,4.42,N,0
40.60455,-105.83797,299.3,0.39,0.44,2020-08-14,832,N,VIIRS,n,2,280.82,0.77,N,0
40.60474,-105.88142,309.09,0.39,0.44,2020-08-14,832,N,VIIRS,n,2,286.32,4.42,N,0
40.60499,-105.84245,309.8,0.39,0.44,2020-08-14,832,N,VIIRS,n,2,282.24,3.48,N,0
40.60517,-105.88582,315.57,0.39,0.44,2020-08-14,832,N,VIIRS,n,2,285.7,2.82,N,0
40.60543,-105.84695,301.31,0.39,0.44,2020-08-14,832,N,VIIRS,n,2,281.94,3.48,N,0
40.60561,-105.89037,324.39,0.39,0.44,2020-08-14,832,N,VIIRS,n,2,285.5,2.82,N,0
40.60606,-105.89487,295.19,0.39,0.44,2020-08-14,832,N,VIIRS,n,2,278.6,1.1,N,0
40.6063,-105.85584,297.99,0.39,0.44,2020-08-14,832,N,VIIRS,n,2,285.03,2.2,N,3
40.60671,-105.85992,316.37,0.39,0.44,2020-08-14,832,N,VIIRS,n,2,286.21,2.05,N,0
40.60711,-105.86396,324.17,0.39,0.44,2020-08-14,832,N,VIIRS,n,2,289.24,2.05,N,0
40.6075,-105.86798,327.74,0.39,0.44,2020-08-14,832,N,VIIRS,n,2,289.52,2.36,N,0
40.6079,-105.87198,317.82,0.39,0.44,2020-08-14,832,N,VIIRS,n,2,286.21,2.36,N,0
40.60829,-105.87597,302.05,0.39,0.44,2020-08-14,832,N,VIIRS,n,2,281.79,1.25,N,0
40.60855,-105.83719,295.03,0.39,0.44,2020-08-14,832,N,VIIRS,n,2,281.15,0.77,N,0
40.6087,-105.88007,306.9,0.39,0.44,2020-08-14,832,N,VIIRS,n,2,282.5,1.25,N,0
40.60899,-105.84161,337.8,0.39,0.44,2020-08-14,832,N,VIIRS,n,2,292.76,3.48,N,0
40.60943,-105.84608,341.29,0.39,0.44,2020-08-14,832,N,VIIRS,n,2,292.96,3.48,N,0
40.60955,-105.88876,308.66,0.39,0.44,2020-08-14,832,N,VIIRS,n,2,285.62,1.39,N,0
40.60988,-105.85064,324.01,0.39,0.44,2020-08-14,832,N,VIIRS,n,2,288.9,2.2,N,0
40.61001,-105.89346,312.5,0.39,0.44,2020-08-14,832,N,VIIRS,n,2,284.39,1.69,N,0
40.61032,-105.85509,301.37,0.39,0.44,2020-08-14,832,N,VIIRS,n,2,286.38,2.2,N,3
40.61073,-105.85931,303.71,0.39,0.44,2020-08-14,832,N,VIIRS,n,2,284.43,2.05,N,0
40.61113,-105.86334,312.55,0.39,0.44,2020-08-14,832,N,VIIRS,n,2,286.33,2.05,N,0
40.61152,-105.86725,314.71,0.39,0.44,2020-08-14,832,N,VIIRS,n,2,285.91,2.36,N,0
40.6119,-105.87111,307.95,0.39,0.44,2020-08-14,832,N,VIIRS,n,2,283.53,2.36,N,0
40.61213,-105.83202,304.24,0.39,0.44,2020-08-14,832,N,VIIRS,n,2,280.35,3.74,N,0
40.61229,-105.87502,307.35,0.39,0.44,2020-08-14,832,N,VIIRS,n,2,283.37,1.25,N,0
40.61255,-105.83639,299.88,0.39,0.44,2020-08-14,832,N,VIIRS,n,2,282.97,3.74,N,0
40.61268,-105.87895,302.2,0.39,0.44,2020-08-14,832,N,VIIRS,n,2,283.15,1.25,N,0
40.61299,-105.84078,326.21,0.39,0.44,2020-08-14,832,N,VIIRS,n,2,289.75,4.87,N,0
40.61309,-105.88303,295.85,0.39,0.44,2020-08-14,832,N,VIIRS,n,2,280.94,1.39,N,0
40.61343,-105.84522,335.81,0.39,0.44,2020-08-14,832,N,VIIRS,n,2,294.53,4.87,N,0
40.61389,-105.84984,329.57,0.39,0.44,2020-08-14,832,N,VIIRS,n,2,291.6,4.27,N,0
40.61433,-105.85438,319.06,0.39,0.44,2020-08-14,832,N,VIIRS,n,2,287.24,4.27,N,0
40.61476,-105.85869,321.38,0.39,0.44,2020-08-14,832,N,VIIRS,n,2,288.31,3.82,N,0
40.61517,-105.86282,323.53,0.39,0.44,2020-08-14,832,N,VIIRS,n,2,288.41,3.82,N,0
40.61555,-105.86673,323.44,0.39,0.44,2020-08-14,832,N,VIIRS,n,2,288.99,3.98,N,0
40.61568,-105.82674,322.52,0.39,0.44,2020-08-14,832,N,VIIRS,n,2,281.93,1.94,N,0
40.61594,-105.87052,313.9,0.39,0.44,2020-08-14,832,N,VIIRS,n,2,285.32,3.98,N,0
40.61612,-105.83109,333.24,0.39,0.44,2020-08-14,832,N,VIIRS,n,2,287.77,3.74,N,0
40.61632,-105.8744,321.52,0.39,0.44,2020-08-14,832,N,VIIRS,n,2,286.95,1.77,N,0
40.61655,-105.83549,341.47,0.39,0.44,2020-08-14,832,N,VIIRS,n,2,290.65,3.74,N,0
40.61671,-105.8783,304.48,0.39,0.44,2020-08-14,832,N,VIIRS,n,2,282,1.77,N,0
40.617,-105.83996,340.09,0.39,0.44,2020-08-14,832,N,VIIRS,n,2,286.77,4.87,N,0
40.61744,-105.84451,318.55,0.39,0.44,2020-08-14,832,N,VIIRS,n,2,289.22,4.87,N,0
40.6179,-105.84913,328.25,0.39,0.44,2020-08-14,832,N,VIIRS,n,2,291.06,4.27,N,0
40.61835,-105.85374,339.59,0.39,0.44,2020-08-14,832,N,VIIRS,n,2,295.15,4.27,N,0
40.6188,-105.8582,333.32,0.39,0.44,2020-08-14,832,N,VIIRS,n,2,291.46,3.82,N,0
40.61921,-105.8624,325.03,0.39,0.44,2020-08-14,832,N,VIIRS,n,2,289.68,3.82,N,0
40.6196,-105.86629,340.03,0.39,0.44,2020-08-14,832,N,VIIRS,n,2,291.62,3.98,N,0
40.61998,-105.87006,326.95,0.39,0.44,2020-08-14,832,N,VIIRS,n,2,288.44,3.98,N,0
40.6201,-105.83006,339.12,0.39,0.44,2020-08-14,832,N,VIIRS,n,2,293.69,4.98,N,0
40.62036,-105.87388,297.45,0.39,0.44,2020-08-14,832,N,VIIRS,n,2,282.97,1.77,N,0
40.62054,-105.83453,336.37,0.39,0.44,2020-08-14,832,N,VIIRS,n,2,289.48,4.98,N,0
40.62145,-105.84375,328.59,0.39,0.44,2020-08-14,832,N,VIIRS,n,2,287.29,3.48,N,0
40.62192,-105.84844,315.88,0.39,0.44,2020-08-14,832,N,VIIRS,n,2,285.31,3.73,N,0
40.62238,-105.85314,328.15,0.39,0.44,2020-08-14,832,N,VIIRS,n,2,290.48,3.73,N,0
40.62283,-105.85768,367,0.39,0.44,2020-08-14,832,N,VIIRS,h,2,309.16,25.41,N,0
40.62326,-105.86198,356.81,0.39,0.44,2020-08-14,832,N,VIIRS,n,2,322.22,25.41,N,0
40.62365,-105.86591,367,0.39,0.44,2020-08-14,832,N,VIIRS,h,2,322.87,15.59,N,0
40.62402,-105.86961,313.25,0.39,0.44,2020-08-14,832,N,VIIRS,n,2,284.61,15.59,N,0
40.62688,-105.85728,335.91,0.39,0.44,2020-08-14,832,N,VIIRS,n,2,288.91,25.41,N,0
40.62731,-105.86159,367,0.39,0.44,2020-08-14,832,N,VIIRS,h,2,303.79,25.41,N,0
40.6277,-105.86549,296.15,0.39,0.44,2020-08-14,832,N,VIIRS,n,2,283.24,15.59,N,0
40.59113,-105.85848,341.6,0.52,0.41,2020-08-15,1936,N,VIIRS,n,2,297.63,8.53,D,0
40.59483,-105.85985,367,0.52,0.41,2020-08-15,1936,N,VIIRS,h,2,366.74,190.54,D,0
40.59595,-105.8543,346.13,0.52,0.41,2020-08-15,1936,N,VIIRS,n,2,299.81,190.54,D,0
40.59747,-105.86647,367,0.52,0.41,2020-08-15,1936,N,VIIRS,h,2,327.3,224.52,D,0
40.59856,-105.86107,356.69,0.52,0.41,2020-08-15,1936,N,VIIRS,n,2,312.28,190.54,D,0
40.59897,-105.87871,338.93,0.52,0.41,2020-08-15,1936,N,VIIRS,n,2,296.34,66.94,D,0
40.6001,-105.87313,341.77,0.52,0.41,2020-08-15,1936,N,VIIRS,n,2,305.6,20.52,D,0
40.6012,-105.86765,348.96,0.52,0.41,2020-08-15,1936,N,VIIRS,n,2,308.33,20.52,D,0
40.60269,-105.88,352.46,0.52,0.41,2020-08-15,1936,N,VIIRS,n,2,318.57,66.94,D,0
40.60383,-105.87434,345.95,0.52,0.41,2020-08-15,1936,N,VIIRS,n,2,315.88,20.52,D,0
40.60525,-105.88702,342.1,0.52,0.41,2020-08-15,1936,N,VIIRS,l,2,316.66,16.99,D,0
40.61164,-105.8948,339.88,0.52,0.42,2020-08-15,1936,N,VIIRS,n,2,303.09,4.95,D,0
40.61784,-105.80474,355.38,0.52,0.41,2020-08-15,1936,N,VIIRS,n,2,310.98,50.94,D,0
40.61791,-105.82417,349.35,0.52,0.41,2020-08-15,1936,N,VIIRS,n,2,299.62,19.74,D,0
40.61832,-105.87421,349.51,0.52,0.41,2020-08-15,1936,N,VIIRS,n,2,319.14,29.01,D,0
40.61997,-105.87315,367,0.52,0.41,2020-08-15,1936,N,VIIRS,h,2,343.07,176.01,D,0
40.62033,-105.81208,346.26,0.52,0.41,2020-08-15,1936,N,VIIRS,n,2,310.82,51.69,D,0
40.62046,-105.7917,342.28,0.51,0.41,2020-08-15,1936,N,VIIRS,n,2,298.11,25.48,D,0
40.62181,-105.78493,356.3,0.51,0.41,2020-08-15,1936,N,VIIRS,n,2,300.39,25.48,D,0
40.62206,-105.8754,367,0.52,0.41,2020-08-15,1936,N,VIIRS,h,2,357.45,88.97,D,0
40.62303,-105.77881,347.5,0.51,0.41,2020-08-15,1936,N,VIIRS,n,2,297.9,37.48,D,0
40.6237,-105.87436,367,0.52,0.41,2020-08-15,1936,N,VIIRS,l,2,339.81,62.12,D,0
40.62397,-105.82744,334.16,0.52,0.41,2020-08-15,1936,N,VIIRS,n,2,298.23,11.44,D,0
40.62546,-105.7865,336.79,0.51,0.41,2020-08-15,1936,N,VIIRS,n,2,301.07,8.97,D,0
40.62579,-105.87662,348.67,0.52,0.41,2020-08-15,1936,N,VIIRS,n,2,302.98,88.97,D,0
40.62627,-105.81623,335.12,0.52,0.41,2020-08-15,1936,N,VIIRS,n,2,294.77,10.72,D,0
40.62669,-105.7803,353,0.51,0.41,2020-08-15,1936,N,VIIRS,n,2,297.47,19.31,D,0
40.62684,-105.87151,342.41,0.52,0.41,2020-08-15,1936,N,VIIRS,n,2,308.9,88.97,D,0
40.62743,-105.87556,346.16,0.52,0.41,2020-08-15,1936,N,VIIRS,n,2,303.77,62.12,D,0
40.62864,-105.80466,345.03,0.51,0.41,2020-08-15,1936,N,VIIRS,n,2,297.18,11.68,D,0
40.62911,-105.788,332.39,0.51,0.41,2020-08-15,1936,N,VIIRS,n,2,295.47,8.97,D,0
40.63002,-105.81727,338.89,0.52,0.41,2020-08-15,1936,N,VIIRS,n,2,299.45,10.72,D,0
40.63008,-105.80305,341.85,0.51,0.41,2020-08-15,1936,N,VIIRS,n,2,296.62,12.92,D,0
40.63035,-105.7818,341.73,0.51,0.41,2020-08-15,1936,N,VIIRS,n,2,290.06,19.31,D,0
40.63056,-105.87273,343.85,0.52,0.41,2020-08-15,1936,N,VIIRS,n,2,312.98,23.94,D,0
40.63114,-105.81181,347.35,0.51,0.41,2020-08-15,1936,N,VIIRS,n,2,298.17,10.72,D,0
40.63146,-105.81591,348.47,0.52,0.41,2020-08-15,1936,N,VIIRS,n,2,301.36,26.82,D,0
40.63257,-105.81039,342.57,0.52,0.41,2020-08-15,1936,N,VIIRS,n,2,296,12.92,D,0
40.63376,-105.7991,345.35,0.51,0.41,2020-08-15,1936,N,VIIRS,n,2,294.89,11.68,D,0
40.63492,-105.81275,338.21,0.51,0.41,2020-08-15,1936,N,VIIRS,n,2,297.18,11.44,D,0
40.6352,-105.79721,333.81,0.51,0.41,2020-08-15,1936,N,VIIRS,n,2,292.12,10.79,D,0
40.63633,-105.81139,342.97,0.52,0.41,2020-08-15,1936,N,VIIRS,n,2,296.8,10.5,D,0
40.63798,-105.87538,367,0.52,0.41,2020-08-15,1936,N,VIIRS,h,2,337.08,51.19,D,0
40.63903,-105.87024,355.8,0.52,0.41,2020-08-15,1936,N,VIIRS,l,2,336.5,42.02,D,0
40.64167,-105.87679,332.44,0.52,0.41,2020-08-15,1936,N,VIIRS,n,2,297.89,51.19,D,0
40.64271,-105.87167,357.58,0.52,0.41,2020-08-15,1936,N,VIIRS,n,2,323.95,42.02,D,0
40.64375,-105.8666,367,0.52,0.41,2020-08-15,1936,N,VIIRS,h,2,310.79,42.02,D,0
40.64495,-105.82195,347.4,0.52,0.41,2020-08-15,1936,N,VIIRS,n,2,267.75,82.94,D,0
40.64642,-105.87299,367,0.52,0.41,2020-08-15,1936,N,VIIRS,h,2,357.26,309.86,D,0
40.64746,-105.86787,367,0.52,0.41,2020-08-15,1936,N,VIIRS,l,2,333.3,309.86,D,0
40.65018,-105.87406,367,0.52,0.41,2020-08-15,1936,N,VIIRS,h,2,337.57,309.86,D,0
40.65123,-105.86892,367,0.52,0.41,2020-08-15,1936,N,VIIRS,l,2,358.56,309.86,D,0
40.65229,-105.86369,342.52,0.52,0.41,2020-08-15,1936,N,VIIRS,n,2,314.88,194.97,D,0
40.65351,-105.85774,352.51,0.52,0.41,2020-08-15,1936,N,VIIRS,n,2,275.05,194.97,D,0
40.65602,-105.8649,342.57,0.52,0.41,2020-08-15,1936,N,VIIRS,n,2,316.9,128.47,D,0
40.6572,-105.85911,340.7,0.52,0.41,2020-08-15,1936,N,VIIRS,n,2,288.54,128.47,D,0
40.59495,-105.86031,295.84,0.34,0.56,2020-08-15,814,N,VIIRS,n,2,280.5,1.46,N,0
40.59515,-105.86361,295.09,0.34,0.56,2020-08-15,814,N,VIIRS,n,2,281.81,1.76,N,0
40.60015,-105.85989,312.31,0.34,0.56,2020-08-15,814,N,VIIRS,n,2,284.91,1.46,N,0
40.60035,-105.86318,316.75,0.34,0.56,2020-08-15,814,N,VIIRS,n,2,287.06,1.76,N,0
40.60055,-105.86647,312.03,0.34,0.56,2020-08-15,814,N,VIIRS,n,2,286.5,1.76,N,0
40.60075,-105.86978,311.35,0.34,0.56,2020-08-15,814,N,VIIRS,n,2,284.28,2.11,N,0
40.60095,-105.87318,313.61,0.34,0.56,2020-08-15,814,N,VIIRS,n,2,284.8,2.11,N,0
40.60117,-105.87665,314.05,0.34,0.56,2020-08-15,814,N,VIIRS,n,2,285.1,1.95,N,0
40.60139,-105.88032,306.66,0.34,0.56,2020-08-15,814,N,VIIRS,n,2,283.3,1.95,N,0
40.60162,-105.88416,319.88,0.34,0.56,2020-08-15,814,N,VIIRS,n,2,285.38,1.97,N,0
40.60186,-105.88806,307.34,0.34,0.56,2020-08-15,814,N,VIIRS,n,2,281.55,1.97,N,0
40.60725,-105.89076,309.81,0.34,0.56,2020-08-15,814,N,VIIRS,n,2,282.86,1.4,N,0
40.60749,-105.89481,312.63,0.34,0.56,2020-08-15,814,N,VIIRS,n,2,281.59,1.4,N,0
40.6077,-105.88821,299.58,0.34,0.56,2020-08-15,814,N,VIIRS,n,2,281.96,0.99,N,0
40.60792,-105.89223,317.44,0.34,0.56,2020-08-15,814,N,VIIRS,n,2,283.86,2.67,N,0
40.61465,-105.82539,296.28,0.34,0.56,2020-08-15,814,N,VIIRS,n,2,279.67,0.62,N,0
40.61688,-105.87709,298.94,0.34,0.56,2020-08-15,814,N,VIIRS,n,2,280.42,1.29,N,0
40.61721,-105.79781,303.54,0.34,0.56,2020-08-15,814,N,VIIRS,n,2,282.69,1.16,N,0
40.6175,-105.80231,305.71,0.34,0.56,2020-08-15,814,N,VIIRS,n,2,282.95,1.16,N,0
40.61762,-105.87834,297.81,0.34,0.56,2020-08-15,814,N,VIIRS,n,2,281.13,1.27,N,0
40.61776,-105.80644,303.29,0.34,0.56,2020-08-15,814,N,VIIRS,n,2,284.85,2.1,N,0
40.61778,-105.78797,298,0.34,0.56,2020-08-15,814,N,VIIRS,n,2,281.13,0.87,N,0
40.618,-105.81042,325.39,0.34,0.56,2020-08-15,814,N,VIIRS,n,2,285.39,2.1,N,0
40.61813,-105.79438,295.22,0.34,0.56,2020-08-15,814,N,VIIRS,n,2,282.86,0.87,N,0
40.61827,-105.8148,299.97,0.34,0.56,2020-08-15,814,N,VIIRS,n,2,280.94,1.55,N,0
40.61842,-105.79953,316.54,0.34,0.56,2020-08-15,814,N,VIIRS,n,2,284.87,1.76,N,0
40.61856,-105.81947,299.3,0.34,0.56,2020-08-15,814,N,VIIRS,n,2,280.75,1.55,N,0
40.61868,-105.80402,305.67,0.34,0.56,2020-08-15,814,N,VIIRS,n,2,285.01,1.76,N,0
40.6188,-105.8233,309.74,0.34,0.56,2020-08-15,814,N,VIIRS,n,2,283.03,2.18,N,0
40.6189,-105.80804,315.06,0.34,0.56,2020-08-15,814,N,VIIRS,n,2,286.78,4.42,N,0
40.61913,-105.81209,351.19,0.34,0.56,2020-08-15,814,N,VIIRS,n,2,284.96,4.42,N,0
40.61963,-105.82105,307.3,0.34,0.56,2020-08-15,814,N,VIIRS,n,2,282.22,4.79,N,0
40.61982,-105.82456,298.69,0.34,0.56,2020-08-15,814,N,VIIRS,n,2,282.99,0.62,N,0
40.62001,-105.82786,295.33,0.34,0.56,2020-08-15,814,N,VIIRS,n,2,282.8,0.62,N,0
40.62048,-105.85052,297.53,0.34,0.56,2020-08-15,814,N,VIIRS,n,2,281.43,0.8,N,0
40.62073,-105.8546,301.95,0.34,0.56,2020-08-15,814,N,VIIRS,n,2,282.08,1.15,N,0
40.62138,-105.85222,300.08,0.34,0.56,2020-08-15,814,N,VIIRS,n,2,282.22,0.88,N,0
40.6216,-105.85621,302.01,0.34,0.56,2020-08-15,814,N,VIIRS,n,2,281.61,1.24,N,0
40.62173,-105.87085,301.33,0.34,0.56,2020-08-15,814,N,VIIRS,n,2,282.73,1.32,N,0
40.62191,-105.87383,314.07,0.34,0.56,2020-08-15,814,N,VIIRS,n,2,284.52,1.29,N,0
40.62233,-105.86915,299.13,0.34,0.56,2020-08-15,814,N,VIIRS,n,2,282.67,0.88,N,0
40.62249,-105.87207,306.05,0.34,0.56,2020-08-15,814,N,VIIRS,n,2,283.17,0.88,N,0
40.62267,-105.87506,310.72,0.34,0.56,2020-08-15,814,N,VIIRS,n,2,284.25,1.27,N,0
40.62267,-105.78232,337.56,0.34,0.56,2020-08-15,814,N,VIIRS,n,2,288.62,4.58,N,0
40.62294,-105.78712,344.84,0.34,0.56,2020-08-15,814,N,VIIRS,n,2,296.27,5.18,N,0
40.62327,-105.79299,330.43,0.34,0.56,2020-08-15,814,N,VIIRS,n,2,293.07,5.18,N,0
40.6236,-105.7989,317.12,0.34,0.56,2020-08-15,814,N,VIIRS,n,2,287.94,3.33,N,0
40.62388,-105.80393,318.02,0.34,0.56,2020-08-15,814,N,VIIRS,n,2,288.9,3.33,N,0
40.62412,-105.80822,316.49,0.34,0.56,2020-08-15,814,N,VIIRS,n,2,289.68,3.89,N,0
40.62435,-105.81225,367,0.34,0.56,2020-08-15,814,N,VIIRS,h,2,291.71,3.89,N,0
40.62457,-105.81621,305.76,0.34,0.56,2020-08-15,814,N,VIIRS,n,2,281.68,2.47,N,0
40.62479,-105.82001,305.84,0.34,0.56,2020-08-15,814,N,VIIRS,n,2,283.94,2.47,N,0
40.62517,-105.82674,299.01,0.34,0.56,2020-08-15,814,N,VIIRS,n,2,285.09,2.81,N,0
40.62538,-105.83046,301.75,0.34,0.56,2020-08-15,814,N,VIIRS,n,2,284.83,1.24,N,0
40.62683,-105.85633,302.73,0.34,0.56,2020-08-15,814,N,VIIRS,n,2,282.35,0.62,N,0
40.62704,-105.86016,298.47,0.34,0.56,2020-08-15,814,N,VIIRS,n,2,282.78,0.62,N,0
40.62771,-105.87191,307.67,0.34,0.56,2020-08-15,814,N,VIIRS,n,2,284.89,1.31,N,0
40.62787,-105.78233,330.31,0.34,0.56,2020-08-15,814,N,VIIRS,n,2,285.56,4.58,N,0
40.62788,-105.87492,301.71,0.34,0.56,2020-08-15,814,N,VIIRS,n,2,282.71,1.01,N,0
40.62814,-105.78697,327.9,0.34,0.56,2020-08-15,814,N,VIIRS,n,2,291.66,5.18,N,0
40.62844,-105.79231,332,0.34,0.56,2020-08-15,814,N,VIIRS,n,2,294.92,5.18,N,0
40.62876,-105.7981,314.76,0.34,0.56,2020-08-15,814,N,VIIRS,n,2,288.03,3.33,N,0
40.6291,-105.80405,333.54,0.34,0.56,2020-08-15,814,N,VIIRS,n,2,287.88,3.33,N,0
40.62934,-105.80831,327.75,0.34,0.56,2020-08-15,814,N,VIIRS,n,2,288.29,3.89,N,0
40.62955,-105.81212,305.31,0.34,0.56,2020-08-15,814,N,VIIRS,n,2,283.25,3.89,N,0
40.62976,-105.81564,326.46,0.34,0.56,2020-08-15,814,N,VIIRS,n,2,284.77,2.47,N,0
40.62993,-105.81865,309.92,0.34,0.56,2020-08-15,814,N,VIIRS,n,2,286.62,2.47,N,0
40.63054,-105.82942,299,0.34,0.56,2020-08-15,814,N,VIIRS,n,2,284.61,1.24,N,0
40.63179,-105.85166,297.52,0.34,0.56,2020-08-15,814,N,VIIRS,n,2,281.83,1.51,N,0
40.63204,-105.85612,295.82,0.34,0.56,2020-08-15,814,N,VIIRS,n,2,281.41,0.62,N,0
40.63226,-105.85998,298.72,0.34,0.56,2020-08-15,814,N,VIIRS,n,2,282.21,0.62,N,0
40.63294,-105.87188,297.93,0.34,0.56,2020-08-15,814,N,VIIRS,n,2,283.47,1.31,N,0
40.63312,-105.87498,306.31,0.34,0.56,2020-08-15,814,N,VIIRS,n,2,285.57,1.01,N,0
40.6333,-105.87814,297.52,0.34,0.56,2020-08-15,814,N,VIIRS,n,2,282.98,1.01,N,0
40.63358,-105.79113,296.37,0.34,0.56,2020-08-15,814,N,VIIRS,n,2,282.8,0.81,N,0
40.63388,-105.79649,304.27,0.34,0.56,2020-08-15,814,N,VIIRS,n,2,286,0.99,N,0
40.63425,-105.80306,296.21,0.34,0.56,2020-08-15,814,N,VIIRS,n,2,283.92,0.99,N,0
40.6345,-105.80754,295.33,0.34,0.56,2020-08-15,814,N,VIIRS,n,2,282.23,3.58,N,0
40.63471,-105.81115,367,0.34,0.56,2020-08-15,814,N,VIIRS,h,2,289.48,3.58,N,0
40.63489,-105.81427,324.82,0.34,0.56,2020-08-15,814,N,VIIRS,n,2,287.64,3.64,N,0
40.63506,-105.81725,302.65,0.34,0.56,2020-08-15,814,N,VIIRS,n,2,286.53,3.64,N,0
40.63525,-105.82054,299.06,0.34,0.56,2020-08-15,814,N,VIIRS,n,2,285.55,2.2,N,0
40.63547,-105.82432,300.33,0.34,0.56,2020-08-15,814,N,VIIRS,n,2,285.08,2.2,N,0
40.63571,-105.82858,311.24,0.34,0.56,2020-08-15,814,N,VIIRS,n,2,287.74,1.84,N,0
40.63596,-105.83295,304.79,0.34,0.56,2020-08-15,814,N,VIIRS,n,2,285.24,1.84,N,0
40.6362,-105.83721,299.53,0.34,0.56,2020-08-15,814,N,VIIRS,n,2,283.01,2.36,N,0
40.63668,-105.84573,295.98,0.34,0.56,2020-08-15,814,N,VIIRS,n,2,281.14,7.81,N,0
40.63697,-105.85078,295.84,0.34,0.56,2020-08-15,814,N,VIIRS,n,2,281.71,7.81,N,0
40.63724,-105.85561,302.68,0.34,0.56,2020-08-15,814,N,VIIRS,n,2,283.11,4.41,N,0
40.63747,-105.85976,332.63,0.34,0.56,2020-08-15,814,N,VIIRS,n,2,283.87,4.41,N,0
40.63768,-105.8633,300.77,0.34,0.56,2020-08-15,814,N,VIIRS,n,2,282.28,3.33,N,0
40.63784,-105.86619,336.18,0.34,0.56,2020-08-15,814,N,VIIRS,n,2,282.8,3.33,N,0
40.63801,-105.86911,306.6,0.34,0.56,2020-08-15,814,N,VIIRS,n,2,284.44,3.13,N,0
40.63818,-105.87207,306.86,0.34,0.56,2020-08-15,814,N,VIIRS,n,2,285.79,3.13,N,0
40.63836,-105.87516,306.01,0.34,0.56,2020-08-15,814,N,VIIRS,n,2,285.85,1.77,N,0
40.63989,-105.81056,315.78,0.34,0.56,2020-08-15,814,N,VIIRS,n,2,284.51,3.58,N,0
40.64008,-105.81381,329.13,0.34,0.56,2020-08-15,814,N,VIIRS,n,2,287.93,3.64,N,0
40.64026,-105.81685,323.84,0.34,0.56,2020-08-15,814,N,VIIRS,n,2,288.26,3.64,N,0
40.64045,-105.82014,330.39,0.34,0.56,2020-08-15,814,N,VIIRS,n,2,289.96,2.2,N,0
40.64066,-105.82393,319.87,0.34,0.56,2020-08-15,814,N,VIIRS,n,2,289,2.2,N,0
40.64091,-105.82834,309.87,0.34,0.56,2020-08-15,814,N,VIIRS,n,2,286.82,1.84,N,0
40.64116,-105.83253,317.21,0.34,0.56,2020-08-15,814,N,VIIRS,n,2,287.89,1.84,N,0
40.64138,-105.83655,318.94,0.34,0.56,2020-08-15,814,N,VIIRS,n,2,287.51,2.36,N,0
40.64161,-105.84052,307.7,0.34,0.56,2020-08-15,814,N,VIIRS,n,2,283.52,2.36,N,0
40.64185,-105.84478,355.54,0.34,0.56,2020-08-15,814,N,VIIRS,n,2,289.55,7.81,N,0
40.64213,-105.84965,367,0.34,0.56,2020-08-15,814,N,VIIRS,h,2,294.88,7.81,N,0
40.64243,-105.85499,343.13,0.34,0.56,2020-08-15,814,N,VIIRS,n,2,286.45,4.41,N,0
40.64268,-105.85947,333.44,0.34,0.56,2020-08-15,814,N,VIIRS,n,2,284.73,4.41,N,0
40.64309,-105.86646,329.67,0.34,0.56,2020-08-15,814,N,VIIRS,n,2,282.87,3.33,N,0
40.59999,-105.87977,299.55,0.45,0.63,2020-08-15,954,N,VIIRS,n,2,281.4,1.83,N,0
40.60135,-105.86276,300.29,0.45,0.63,2020-08-15,954,N,VIIRS,n,2,282.9,1.44,N,0
40.60158,-105.88523,308.13,0.45,0.63,2020-08-15,954,N,VIIRS,n,2,281.92,1.83,N,0
40.6031,-105.89045,307.36,0.45,0.63,2020-08-15,954,N,VIIRS,n,2,281.93,2.06,N,0
40.60339,-105.86981,297.52,0.45,0.63,2020-08-15,954,N,VIIRS,n,2,281.98,1.44,N,0
40.61069,-105.895,296.56,0.45,0.63,2020-08-15,954,N,VIIRS,n,2,282.7,2.06,N,0
40.61538,-105.80497,300.41,0.45,0.63,2020-08-15,954,N,VIIRS,n,2,280.27,6.11,N,0
40.61617,-105.80512,320.73,0.45,0.63,2020-08-15,954,N,VIIRS,n,2,281.02,13.08,N,0
40.61688,-105.81007,367,0.45,0.63,2020-08-15,954,N,VIIRS,h,2,281.69,14.69,N,0
40.61765,-105.81025,367,0.45,0.63,2020-08-15,954,N,VIIRS,h,2,283.9,13.08,N,0
40.61818,-105.79031,300.79,0.46,0.63,2020-08-15,954,N,VIIRS,n,2,282.83,2.99,N,0
40.61824,-105.81468,300.23,0.45,0.63,2020-08-15,954,N,VIIRS,n,2,279.38,14.69,N,0
40.61839,-105.79378,310.13,0.45,0.63,2020-08-15,954,N,VIIRS,n,2,285.78,3.44,N,0
40.61898,-105.81485,303.6,0.45,0.63,2020-08-15,954,N,VIIRS,n,2,279.42,8.57,N,0
40.61925,-105.79398,313.85,0.46,0.63,2020-08-15,954,N,VIIRS,n,2,286.47,3.94,N,0
40.6195,-105.79752,308.76,0.45,0.63,2020-08-15,954,N,VIIRS,n,2,284.44,6.11,N,0
40.62033,-105.79772,308.64,0.45,0.63,2020-08-15,954,N,VIIRS,n,2,284.87,3.94,N,0
40.62077,-105.80186,318.22,0.45,0.63,2020-08-15,954,N,VIIRS,n,2,284.57,6.11,N,0
40.62142,-105.77969,300.5,0.46,0.63,2020-08-15,954,N,VIIRS,n,2,281.39,3.34,N,0
40.62157,-105.80199,319.71,0.45,0.63,2020-08-15,954,N,VIIRS,n,2,285.18,13.08,N,0
40.62191,-105.78429,330.78,0.46,0.63,2020-08-15,954,N,VIIRS,n,2,287.99,4.73,N,0
40.62216,-105.80654,367,0.45,0.63,2020-08-15,954,N,VIIRS,h,2,299.06,14.69,N,0
40.62276,-105.78434,335.32,0.46,0.63,2020-08-15,954,N,VIIRS,n,2,290.73,4.64,N,0
40.6229,-105.87316,299.42,0.45,0.63,2020-08-15,954,N,VIIRS,n,2,282.25,2.35,N,0
40.62291,-105.80665,367,0.45,0.63,2020-08-15,954,N,VIIRS,h,2,295.19,13.08,N,0
40.62313,-105.78841,334.7,0.46,0.63,2020-08-15,954,N,VIIRS,n,2,292.72,5.23,N,0
40.62332,-105.83188,297.8,0.45,0.63,2020-08-15,954,N,VIIRS,n,2,282.03,2.32,N,0
40.62346,-105.874,299.33,0.45,0.63,2020-08-15,954,N,VIIRS,n,2,282.48,1.38,N,0
40.62353,-105.85395,296.87,0.45,0.63,2020-08-15,954,N,VIIRS,n,2,281.62,1.01,N,0
40.62361,-105.81147,340.49,0.45,0.63,2020-08-15,954,N,VIIRS,n,2,287.28,14.69,N,0
40.62394,-105.78843,337.04,0.46,0.63,2020-08-15,954,N,VIIRS,n,2,293.66,4.64,N,0
40.624,-105.83227,298.76,0.45,0.63,2020-08-15,954,N,VIIRS,n,2,281.77,2.37,N,0
40.62407,-105.8543,297.77,0.45,0.63,2020-08-15,954,N,VIIRS,n,2,281.62,1.35,N,0
40.62421,-105.79205,324.07,0.45,0.63,2020-08-15,954,N,VIIRS,n,2,289.86,5.23,N,0
40.62433,-105.81156,321.49,0.45,0.63,2020-08-15,954,N,VIIRS,n,2,285.12,8.57,N,0
40.62502,-105.79214,324.98,0.46,0.63,2020-08-15,954,N,VIIRS,n,2,289.9,4.04,N,0
40.62506,-105.85914,297.25,0.45,0.63,2020-08-15,954,N,VIIRS,n,2,281.52,1.01,N,0
40.62519,-105.81681,296.15,0.45,0.63,2020-08-15,954,N,VIIRS,n,2,281.41,5.03,N,0
40.62527,-105.79565,306.25,0.45,0.63,2020-08-15,954,N,VIIRS,n,2,285.5,3.16,N,0
40.62559,-105.85954,297.51,0.45,0.63,2020-08-15,954,N,VIIRS,n,2,281.39,1.38,N,0
40.62594,-105.81715,295.4,0.45,0.63,2020-08-15,954,N,VIIRS,n,2,280.8,8.57,N,0
40.62608,-105.7958,308.01,0.45,0.63,2020-08-15,954,N,VIIRS,n,2,284.85,4.04,N,0
40.62639,-105.79948,303.71,0.45,0.63,2020-08-15,954,N,VIIRS,n,2,284.16,3.16,N,0
40.62717,-105.79958,302.7,0.45,0.63,2020-08-15,954,N,VIIRS,n,2,284.54,4.76,N,0
40.62732,-105.78117,314.79,0.46,0.63,2020-08-15,954,N,VIIRS,n,2,284.07,4.73,N,0
40.62753,-105.80333,310.26,0.45,0.63,2020-08-15,954,N,VIIRS,n,2,284.92,6.24,N,0
40.62816,-105.78117,308.99,0.46,0.63,2020-08-15,954,N,VIIRS,n,2,283.27,4.64,N,0
40.62827,-105.80339,312.88,0.45,0.63,2020-08-15,954,N,VIIRS,n,2,285.16,4.76,N,0
40.62865,-105.78565,313.93,0.46,0.63,2020-08-15,954,N,VIIRS,n,2,287.05,5.23,N,0
40.62885,-105.80782,310.08,0.45,0.63,2020-08-15,954,N,VIIRS,n,2,284.31,6.24,N,0
40.62946,-105.78568,305.14,0.46,0.63,2020-08-15,954,N,VIIRS,n,2,284.81,4.64,N,0
40.62959,-105.80793,310.02,0.45,0.63,2020-08-15,954,N,VIIRS,n,2,284.03,5.05,N,0
40.62987,-105.78982,325.14,0.45,0.63,2020-08-15,954,N,VIIRS,n,2,289.55,5.23,N,0
40.63059,-105.81371,300.68,0.45,0.63,2020-08-15,954,N,VIIRS,n,2,282.27,3.64,N,0
40.6307,-105.78997,320.35,0.46,0.63,2020-08-15,954,N,VIIRS,n,2,287.28,4.04,N,0
40.63107,-105.79391,313.85,0.45,0.63,2020-08-15,954,N,VIIRS,n,2,287.71,3.16,N,0
40.63139,-105.81422,298.13,0.45,0.63,2020-08-15,954,N,VIIRS,n,2,281.76,5.05,N,0
40.6319,-105.79413,308.22,0.45,0.63,2020-08-15,954,N,VIIRS,n,2,286.1,4.04,N,0
40.63222,-105.79779,304.25,0.45,0.63,2020-08-15,954,N,VIIRS,n,2,284.8,3.16,N,0
40.63301,-105.79797,301.07,0.45,0.63,2020-08-15,954,N,VIIRS,n,2,283.71,4.76,N,0
40.63324,-105.80128,340.12,0.45,0.63,2020-08-15,954,N,VIIRS,n,2,286.59,6.24,N,0
40.634,-105.80139,356.49,0.45,0.63,2020-08-15,954,N,VIIRS,n,2,288,4.76,N,0
40.63447,-105.80543,367,0.45,0.63,2020-08-15,954,N,VIIRS,h,2,288.54,6.24,N,0
40.63462,-105.82738,301.82,0.45,0.63,2020-08-15,954,N,VIIRS,n,2,284.87,1.72,N,0
40.63522,-105.8056,343.95,0.45,0.63,2020-08-15,954,N,VIIRS,n,2,285.16,5.05,N,0
40.63527,-105.82768,304.83,0.45,0.63,2020-08-15,954,N,VIIRS,n,2,285.46,2.44,N,0
40.63586,-105.85304,295.55,0.45,0.63,2020-08-15,954,N,VIIRS,n,2,281.38,2.07,N,0
40.63603,-105.83218,301.44,0.45,0.63,2020-08-15,954,N,VIIRS,n,2,284.31,1.72,N,0
40.63621,-105.81134,299.37,0.45,0.63,2020-08-15,954,N,VIIRS,n,2,283.01,3.64,N,0
40.63639,-105.85339,298.25,0.45,0.63,2020-08-15,954,N,VIIRS,n,2,282.14,1.49,N,0
40.63664,-105.83244,300.69,0.45,0.63,2020-08-15,954,N,VIIRS,n,2,283.77,2.56,N,0
40.637,-105.81181,302.18,0.45,0.63,2020-08-15,954,N,VIIRS,n,2,283.94,5.05,N,0
40.63723,-105.85767,299.13,0.45,0.63,2020-08-15,954,N,VIIRS,n,2,281.98,1.73,N,0
40.63747,-105.83707,296.97,0.45,0.63,2020-08-15,954,N,VIIRS,n,2,281.72,2.05,N,0
40.63774,-105.85807,298.77,0.45,0.63,2020-08-15,954,N,VIIRS,n,2,282.04,1.49,N,0
40.63806,-105.83739,299.77,0.45,0.63,2020-08-15,954,N,VIIRS,n,2,281.45,2.56,N,0
40.63858,-105.81943,309.57,0.45,0.63,2020-08-15,954,N,VIIRS,n,2,285.95,3.64,N,0
40.63886,-105.86323,296.09,0.45,0.63,2020-08-15,954,N,VIIRS,n,2,281.38,1.73,N,0
40.63896,-105.84215,301.61,0.45,0.63,2020-08-15,954,N,VIIRS,n,2,280.45,2.05,N,0
40.63922,-105.81956,312.65,0.45,0.63,2020-08-15,954,N,VIIRS,n,2,286.34,2.44,N,0
40.63938,-105.86378,298.25,0.45,0.63,2020-08-15,954,N,VIIRS,n,2,282.09,1.54,N,0
40.63954,-105.84251,311.21,0.45,0.63,2020-08-15,954,N,VIIRS,n,2,281.06,8.24,N,0
40.64015,-105.82475,311.81,0.45,0.63,2020-08-15,954,N,VIIRS,n,2,286.03,1.72,N,0
40.64036,-105.84689,328.96,0.45,0.63,2020-08-15,954,N,VIIRS,n,2,284.73,9.09,N,0
40.64074,-105.82484,308.15,0.45,0.63,2020-08-15,954,N,VIIRS,n,2,285.88,2.44,N,0
40.6409,-105.84722,331.69,0.45,0.63,2020-08-15,954,N,VIIRS,n,2,285.36,8.24,N,0
40.64133,-105.87162,302.94,0.45,0.63,2020-08-15,954,N,VIIRS,n,2,282.4,1.84,N,0
40.64146,-105.82921,299.99,0.45,0.63,2020-08-15,954,N,VIIRS,n,2,284.75,1.72,N,0
40.64157,-105.85104,367,0.45,0.63,2020-08-15,954,N,VIIRS,h,2,294.06,9.09,N,0
40.64181,-105.87225,303.84,0.45,0.63,2020-08-15,954,N,VIIRS,n,2,282.32,1.54,N,0
40.64209,-105.85134,367,0.45,0.63,2020-08-15,954,N,VIIRS,h,2,294.69,29.16,N,0
40.64278,-105.85514,304.81,0.45,0.63,2020-08-15,954,N,VIIRS,n,2,283.7,15.41,N,0
40.64295,-105.83428,298.4,0.45,0.63,2020-08-15,954,N,VIIRS,n,2,282.86,2.05,N,0
40.64606,-105.84486,310.13,0.45,0.63,2020-08-15,954,N,VIIRS,n,2,282.49,9.09,N,0
40.56601,-105.83254,367,0.58,0.52,2020-08-16,1918,N,VIIRS,h,2,301.17,26.4,D,0
40.56763,-105.82597,338.55,0.58,0.52,2020-08-16,1918,N,VIIRS,n,2,293.74,26.4,D,0
40.56934,-105.81905,344.86,0.58,0.52,2020-08-16,1918,N,VIIRS,n,2,293.97,14.42,D,0
40.57041,-105.83472,354.34,0.58,0.52,2020-08-16,1918,N,VIIRS,n,2,303.5,48.97,D,0
40.57044,-105.83528,352.63,0.58,0.52,2020-08-16,1918,N,VIIRS,n,2,302.76,28.75,D,0
40.57212,-105.82845,337.91,0.58,0.52,2020-08-16,1918,N,VIIRS,n,2,295.32,28.75,D,0
40.57214,-105.82788,337.96,0.58,0.52,2020-08-16,1918,N,VIIRS,n,2,295.56,50.44,D,0
40.57324,-105.84373,346.09,0.58,0.52,2020-08-16,1918,N,VIIRS,n,2,299.51,48.97,D,0
40.57331,-105.84435,341.34,0.58,0.52,2020-08-16,1918,N,VIIRS,n,2,298.59,30.43,D,0
40.57383,-105.82153,347.15,0.58,0.52,2020-08-16,1918,N,VIIRS,n,2,296.7,121.37,D,0
40.57388,-105.82101,343.33,0.58,0.52,2020-08-16,1918,N,VIIRS,n,2,301.31,50.44,D,0
40.57494,-105.83701,343.48,0.58,0.52,2020-08-16,1918,N,VIIRS,n,2,297.97,48.97,D,0
40.57497,-105.8376,346.54,0.58,0.52,2020-08-16,1918,N,VIIRS,n,2,297.22,28.75,D,0
40.57539,-105.8152,344.46,0.58,0.52,2020-08-16,1918,N,VIIRS,n,2,301.61,121.37,D,0
40.57546,-105.81477,340.63,0.58,0.52,2020-08-16,1918,N,VIIRS,n,2,296.26,243.75,D,0
40.57608,-105.87299,333.53,0.58,0.52,2020-08-16,1918,N,VIIRS,n,2,287.78,58.11,D,0
40.57664,-105.83084,330.56,0.58,0.52,2020-08-16,1918,N,VIIRS,n,2,296.44,28.75,D,0
40.57664,-105.83028,330.62,0.58,0.52,2020-08-16,1918,N,VIIRS,n,2,295.86,50.44,D,0
40.57758,-105.86703,367,0.58,0.52,2020-08-16,1918,N,VIIRS,h,2,307.77,58.11,D,0
40.57775,-105.84614,339.05,0.58,0.52,2020-08-16,1918,N,VIIRS,n,2,290.74,14.03,D,0
40.57779,-105.86765,350.66,0.58,0.52,2020-08-16,1918,N,VIIRS,n,2,307.25,53.63,D,0
40.57782,-105.84679,336.23,0.58,0.52,2020-08-16,1918,N,VIIRS,n,2,290.29,9.39,D,0
40.57827,-105.82423,340.25,0.58,0.52,2020-08-16,1918,N,VIIRS,n,2,297.44,121.37,D,0
40.57907,-105.86116,349.05,0.58,0.52,2020-08-16,1918,N,VIIRS,n,2,293.02,15.84,D,0
40.57923,-105.86179,352.11,0.58,0.52,2020-08-16,1918,N,VIIRS,n,2,293.1,53.63,D,0
40.58083,-105.87449,339.72,0.58,0.52,2020-08-16,1918,N,VIIRS,n,2,292.09,10.28,D,0
40.58105,-105.87513,334.21,0.58,0.52,2020-08-16,1918,N,VIIRS,n,2,290.99,9.65,D,0
40.58233,-105.86851,339.75,0.58,0.52,2020-08-16,1918,N,VIIRS,n,2,295.49,10.28,D,0
40.58253,-105.86911,344.55,0.58,0.52,2020-08-16,1918,N,VIIRS,n,2,295.46,21.09,D,0
40.5844,-105.82001,345.57,0.58,0.52,2020-08-16,1918,N,VIIRS,n,2,297.29,15.69,D,0
40.58448,-105.8195,350.81,0.58,0.52,2020-08-16,1918,N,VIIRS,n,2,296.82,13.89,D,0
40.58524,-105.85697,346.98,0.58,0.52,2020-08-16,1918,N,VIIRS,n,2,296.98,18.55,D,0
40.58538,-105.85756,346.65,0.58,0.52,2020-08-16,1918,N,VIIRS,n,2,295.73,19.6,D,0
40.5856,-105.87588,340.36,0.58,0.52,2020-08-16,1918,N,VIIRS,n,2,293.68,10.28,D,0
40.58709,-105.86997,352.94,0.58,0.52,2020-08-16,1918,N,VIIRS,n,2,300.59,10.28,D,0
40.58728,-105.87059,367,0.58,0.52,2020-08-16,1918,N,VIIRS,h,2,300.86,21.09,D,0
40.58887,-105.82259,341.79,0.58,0.52,2020-08-16,1918,N,VIIRS,n,2,294.92,15.69,D,0
40.58894,-105.82204,335.66,0.58,0.52,2020-08-16,1918,N,VIIRS,n,2,292.55,13.89,D,0
40.59029,-105.87757,339.46,0.58,0.52,2020-08-16,1918,N,VIIRS,n,2,305.77,42.26,D,0
40.59174,-105.87181,348.52,0.58,0.52,2020-08-16,1918,N,VIIRS,n,2,301.37,42.26,D,0
40.59327,-105.82544,337.01,0.58,0.52,2020-08-16,1918,N,VIIRS,n,2,292.04,8.83,D,0
40.59494,-105.87943,344.93,0.58,0.52,2020-08-16,1918,N,VIIRS,n,2,296.09,42.26,D,0
40.61365,-105.80492,356.53,0.57,0.52,2020-08-16,1918,N,VIIRS,n,2,309.38,22.62,D,0
40.6153,-105.79834,336.91,0.57,0.52,2020-08-16,1918,N,VIIRS,n,2,295.76,22.62,D,0
40.63084,-105.87908,350.74,0.58,0.52,2020-08-16,1918,N,VIIRS,n,2,294.27,21.27,D,0
40.63189,-105.7727,367,0.57,0.52,2020-08-16,1918,N,VIIRS,h,2,300.48,30.89,D,0
40.6355,-105.799,339.33,0.57,0.52,2020-08-16,1918,N,VIIRS,n,2,299.2,11.32,D,0
40.6399,-105.80179,346.97,0.57,0.52,2020-08-16,1918,N,VIIRS,n,2,302.73,20.46,D,0
40.64445,-105.80395,341.55,0.57,0.52,2020-08-16,1918,N,VIIRS,n,2,285.74,20.46,D,0
40.64461,-105.88532,337.26,0.58,0.52,2020-08-16,1918,N,VIIRS,n,2,291.33,16.59,D,0
40.64592,-105.88006,367,0.58,0.52,2020-08-16,1918,N,VIIRS,h,2,299.9,16.59,D,0
40.65064,-105.8816,342.57,0.58,0.52,2020-08-16,1918,N,VIIRS,n,2,300.29,151.9,D,0
40.6517,-105.81575,352.15,0.57,0.52,2020-08-16,1918,N,VIIRS,n,2,302.35,24.29,D,0
40.65195,-105.87634,341.16,0.58,0.52,2020-08-16,1918,N,VIIRS,n,2,296.04,21.38,D,0
40.65229,-105.83385,339.8,0.58,0.52,2020-08-16,1918,N,VIIRS,n,2,295.18,48.14,D,0
40.65328,-105.85043,331.5,0.58,0.52,2020-08-16,1918,N,VIIRS,n,2,301.07,193.89,D,0
40.65384,-105.82764,367,0.57,0.52,2020-08-16,1918,N,VIIRS,h,2,301.32,48.14,D,0
40.65773,-105.85304,367,0.58,0.52,2020-08-16,1918,N,VIIRS,h,2,296.28,22.03,D,0
40.65789,-105.87302,343.82,0.58,0.52,2020-08-16,1918,N,VIIRS,n,2,304.23,21.38,D,0
40.65917,-105.86785,341.73,0.58,0.52,2020-08-16,1918,N,VIIRS,n,2,298.96,27.43,D,0
40.65985,-105.84449,344.28,0.58,0.52,2020-08-16,1918,N,VIIRS,n,2,292.43,22.03,D,0
40.65997,-105.82346,338.57,0.57,0.52,2020-08-16,1918,N,VIIRS,n,2,293.42,261.78,D,0
40.56537,-105.83723,367,0.55,0.68,2020-08-16,2058,N,VIIRS,h,2,298.02,32,D,0
40.56554,-105.83026,367,0.55,0.68,2020-08-16,2058,N,VIIRS,h,2,297.94,50.05,D,0
40.56584,-105.81747,355.3,0.55,0.68,2020-08-16,2058,N,VIIRS,n,2,292.2,15.84,D,0
40.57163,-105.8418,347.99,0.55,0.68,2020-08-16,2058,N,VIIRS,n,2,292.35,19.53,D,0
40.57178,-105.83553,367,0.55,0.68,2020-08-16,2058,N,VIIRS,h,2,295.36,19.53,D,0
40.57206,-105.82369,334.13,0.55,0.68,2020-08-16,2058,N,VIIRS,n,2,289.58,23.51,D,0
40.57222,-105.81728,367,0.55,0.68,2020-08-16,2058,N,VIIRS,h,2,295.13,30.52,D,0
40.5773,-105.8699,367,0.55,0.68,2020-08-16,2058,N,VIIRS,h,2,298.17,24.36,D,0
40.57751,-105.86139,332.09,0.55,0.68,2020-08-16,2058,N,VIIRS,n,2,290.36,24.36,D,0
40.57785,-105.84757,355.08,0.55,0.68,2020-08-16,2058,N,VIIRS,n,2,291.08,25.15,D,0
40.578,-105.84156,352.9,0.55,0.68,2020-08-16,2058,N,VIIRS,n,2,293.03,19.53,D,0
40.57847,-105.82227,345.9,0.55,0.68,2020-08-16,2058,N,VIIRS,n,2,290.12,23.51,D,0
40.57863,-105.81573,346.72,0.55,0.68,2020-08-16,2058,N,VIIRS,n,2,288.86,30.52,D,0
40.58363,-105.87115,333.82,0.55,0.68,2020-08-16,2058,N,VIIRS,n,2,293.08,14.24,D,0
40.58588,-105.86873,342.17,0.55,0.68,2020-08-16,2058,N,VIIRS,n,2,293.63,8.22,D,0
40.58996,-105.87183,367,0.55,0.68,2020-08-16,2058,N,VIIRS,h,2,295.11,14.24,D,0
40.59111,-105.82642,333.53,0.55,0.68,2020-08-16,2058,N,VIIRS,n,2,290.5,10.8,D,0
40.59206,-105.87772,331.67,0.55,0.68,2020-08-16,2058,N,VIIRS,n,2,290.42,8.22,D,0
40.59224,-105.8685,345.56,0.55,0.68,2020-08-16,2058,N,VIIRS,n,2,291.9,8.22,D,0
40.61698,-105.812,341.56,0.55,0.68,2020-08-16,2058,N,VIIRS,n,2,293.32,9.65,D,0
40.61879,-105.81597,337.08,0.55,0.68,2020-08-16,2058,N,VIIRS,n,2,293.9,5.69,D,0
40.61892,-105.80983,331.38,0.55,0.68,2020-08-16,2058,N,VIIRS,n,2,291.89,5.69,D,0
40.63078,-105.77217,339.35,0.55,0.68,2020-08-16,2058,N,VIIRS,n,2,286.29,13.07,D,0
40.63171,-105.8082,337.53,0.55,0.68,2020-08-16,2058,N,VIIRS,n,2,284.74,6.36,D,0
40.63807,-105.80917,340.14,0.55,0.68,2020-08-16,2058,N,VIIRS,n,2,293.81,6.08,D,0
40.64466,-105.79922,367,0.55,0.68,2020-08-16,2058,N,VIIRS,h,2,293.59,31.94,D,0
40.64476,-105.7944,352.28,0.55,0.68,2020-08-16,2058,N,VIIRS,n,2,290.76,26.86,D,0
40.64903,-105.88773,230.13,0.55,0.68,2020-08-16,2058,N,VIIRS,l,2,304.57,129.91,D,0
40.64928,-105.87686,367,0.55,0.68,2020-08-16,2058,N,VIIRS,h,2,303.05,61.67,D,0
40.65564,-105.87693,334.77,0.55,0.68,2020-08-16,2058,N,VIIRS,n,2,294.39,61.67,D,0
40.65598,-105.86285,367,0.55,0.68,2020-08-16,2058,N,VIIRS,h,2,298.48,61.67,D,0
40.65611,-105.85683,343.94,0.55,0.68,2020-08-16,2058,N,VIIRS,n,2,304.24,115.63,D,0
40.65623,-105.85191,354.43,0.55,0.68,2020-08-16,2058,N,VIIRS,n,2,318.98,115.63,D,0
40.65633,-105.84714,334.25,0.55,0.68,2020-08-16,2058,N,VIIRS,l,2,308.22,147.64,D,0
40.65645,-105.84186,350.46,0.55,0.68,2020-08-16,2058,N,VIIRS,n,2,319.69,147.64,D,0
40.65659,-105.83574,347.77,0.55,0.68,2020-08-16,2058,N,VIIRS,n,2,291.09,82.58,D,0
40.65676,-105.82854,345.25,0.55,0.68,2020-08-16,2058,N,VIIRS,n,2,293.12,82.58,D,0
40.65709,-105.81402,367,0.55,0.68,2020-08-16,2058,N,VIIRS,h,2,293.67,74.37,D,0
40.56461,-105.83011,299.58,0.6,0.71,2020-08-16,755,N,VIIRS,n,2,280.83,2.25,N,0
40.56638,-105.82944,339.79,0.6,0.71,2020-08-16,755,N,VIIRS,n,2,286.66,8.63,N,0
40.57109,-105.8223,342.34,0.6,0.71,2020-08-16,755,N,VIIRS,n,2,289.13,10.46,N,0
40.57124,-105.83125,367,0.6,0.71,2020-08-16,755,N,VIIRS,h,2,295.72,16.05,N,0
40.57136,-105.83939,336.4,0.6,0.71,2020-08-16,755,N,VIIRS,n,2,283.12,16.05,N,0
40.57282,-105.82191,337.01,0.6,0.71,2020-08-16,755,N,VIIRS,n,2,288.87,13.48,N,0
40.57301,-105.83044,367,0.6,0.71,2020-08-16,755,N,VIIRS,h,2,300.16,13.48,N,0
40.57317,-105.83857,352.88,0.6,0.71,2020-08-16,755,N,VIIRS,n,2,289.93,10.95,N,0
40.57333,-105.8463,298.42,0.6,0.71,2020-08-16,755,N,VIIRS,n,2,279.57,10.95,N,0
40.57761,-105.81657,297.69,0.6,0.71,2020-08-16,755,N,VIIRS,n,2,282.22,10.46,N,0
40.57773,-105.82409,348.93,0.6,0.71,2020-08-16,755,N,VIIRS,n,2,296.08,10.46,N,0
40.57785,-105.83173,345.92,0.6,0.71,2020-08-16,755,N,VIIRS,n,2,298.99,16.05,N,0
40.57797,-105.83955,341.93,0.6,0.71,2020-08-16,755,N,VIIRS,n,2,293.87,16.05,N,0
40.57811,-105.84792,298.4,0.6,0.71,2020-08-16,755,N,VIIRS,n,2,280.54,10.8,N,0
40.57833,-105.86201,303.42,0.6,0.71,2020-08-16,755,N,VIIRS,n,2,280.03,3,N,0
40.57842,-105.86784,316.92,0.6,0.71,2020-08-16,755,N,VIIRS,n,2,283.89,3,N,0
40.57946,-105.82353,339.53,0.6,0.71,2020-08-16,755,N,VIIRS,n,2,292.6,13.48,N,0
40.57962,-105.83112,338.6,0.6,0.71,2020-08-16,755,N,VIIRS,n,2,297.08,13.48,N,0
40.57978,-105.83876,335.99,0.6,0.71,2020-08-16,755,N,VIIRS,n,2,294.54,10.95,N,0
40.57997,-105.84731,309.6,0.6,0.71,2020-08-16,755,N,VIIRS,n,2,283.31,10.95,N,0
40.58027,-105.86124,313.48,0.6,0.71,2020-08-16,755,N,VIIRS,n,2,282.41,7.7,N,0
40.58039,-105.86697,345.09,0.6,0.71,2020-08-16,755,N,VIIRS,n,2,291.09,8.39,N,0
40.58051,-105.87286,311.63,0.6,0.71,2020-08-16,755,N,VIIRS,n,2,282.53,8.39,N,0
40.58435,-105.82524,317,0.6,0.71,2020-08-16,755,N,VIIRS,n,2,287.67,2.85,N,0
40.58448,-105.8332,321.12,0.6,0.71,2020-08-16,755,N,VIIRS,n,2,290.86,4.01,N,0
40.58461,-105.84102,324.64,0.6,0.71,2020-08-16,755,N,VIIRS,n,2,291.63,4.01,N,0
40.58474,-105.84884,301.87,0.6,0.71,2020-08-16,755,N,VIIRS,n,2,282.87,3.85,N,0
40.58484,-105.85561,297.74,0.6,0.71,2020-08-16,755,N,VIIRS,n,2,282.23,3.85,N,0
40.58494,-105.8614,337.38,0.6,0.71,2020-08-16,755,N,VIIRS,n,2,292.7,11.39,N,0
40.58503,-105.867,352.97,0.6,0.71,2020-08-16,755,N,VIIRS,n,2,298.83,11.39,N,0
40.58512,-105.87272,344.44,0.6,0.71,2020-08-16,755,N,VIIRS,n,2,289.4,11.07,N,0
40.59098,-105.82683,298.19,0.6,0.71,2020-08-16,755,N,VIIRS,n,2,283.54,2.85,N,0
40.59111,-105.83485,295.47,0.6,0.71,2020-08-16,755,N,VIIRS,n,2,283.68,4.01,N,0
40.59124,-105.84239,300.21,0.6,0.71,2020-08-16,755,N,VIIRS,n,2,284.78,4.01,N,0
40.59136,-105.84966,303.52,0.6,0.71,2020-08-16,755,N,VIIRS,n,2,284.46,3.85,N,0
40.59146,-105.85614,313.29,0.6,0.71,2020-08-16,755,N,VIIRS,n,2,286.77,3.85,N,0
40.59156,-105.86168,328.47,0.6,0.71,2020-08-16,755,N,VIIRS,n,2,292.73,11.39,N,0
40.59165,-105.86703,334.56,0.6,0.71,2020-08-16,755,N,VIIRS,n,2,294.31,11.39,N,0
40.59174,-105.87253,327.4,0.6,0.71,2020-08-16,755,N,VIIRS,n,2,287.64,11.07,N,0
40.59184,-105.87843,310.56,0.61,0.71,2020-08-16,755,N,VIIRS,n,2,283.71,11.07,N,0
40.59809,-105.85656,295.14,0.6,0.71,2020-08-16,755,N,VIIRS,n,2,283.75,1.51,N,0
40.59818,-105.86205,295.51,0.6,0.71,2020-08-16,755,N,VIIRS,n,2,283.45,2.51,N,0
40.59827,-105.8673,312.03,0.6,0.71,2020-08-16,755,N,VIIRS,n,2,287.85,2.51,N,0
40.59837,-105.87278,316.28,0.6,0.71,2020-08-16,755,N,VIIRS,n,2,288.05,4.77,N,0
40.59846,-105.87856,318.85,0.61,0.71,2020-08-16,755,N,VIIRS,n,2,285.95,4.77,N,0
40.60531,-105.892,298.78,0.61,0.71,2020-08-16,755,N,VIIRS,n,2,279.61,3.95,N,0
40.61028,-105.79778,308.41,0.6,0.7,2020-08-16,755,N,VIIRS,n,2,281.6,6,N,0
40.61041,-105.80484,324.42,0.6,0.71,2020-08-16,755,N,VIIRS,n,2,282.11,8.07,N,0
40.61663,-105.78411,308.72,0.6,0.7,2020-08-16,755,N,VIIRS,n,2,284.47,6,N,0
40.61687,-105.79727,339.61,0.6,0.7,2020-08-16,755,N,VIIRS,n,2,288.82,6,N,0
40.61702,-105.8056,345.09,0.6,0.71,2020-08-16,755,N,VIIRS,n,2,288.2,8.07,N,0
40.61716,-105.81313,312.63,0.6,0.71,2020-08-16,755,N,VIIRS,n,2,285.53,8.07,N,0
40.62291,-105.76691,325.35,0.6,0.7,2020-08-16,755,N,VIIRS,n,2,287.13,5.31,N,0
40.62306,-105.77515,331.5,0.6,0.7,2020-08-16,755,N,VIIRS,n,2,289.93,5.31,N,0
40.62321,-105.78341,322.68,0.6,0.7,2020-08-16,755,N,VIIRS,n,2,287.86,6.55,N,0
40.6249,-105.87605,304.48,0.61,0.71,2020-08-16,755,N,VIIRS,n,2,281.78,1.78,N,0
40.62952,-105.76792,313.87,0.6,0.7,2020-08-16,755,N,VIIRS,n,2,285.37,5.31,N,0
40.62967,-105.77594,322.58,0.6,0.7,2020-08-16,755,N,VIIRS,n,2,287.78,5.31,N,0
40.62983,-105.78431,306.32,0.6,0.7,2020-08-16,755,N,VIIRS,n,2,285.92,6.55,N,0
40.63026,-105.80753,299.26,0.6,0.71,2020-08-16,755,N,VIIRS,n,2,283.81,1.6,N,0
40.63038,-105.81397,302.38,0.6,0.71,2020-08-16,755,N,VIIRS,n,2,284.13,1.6,N,0
40.63153,-105.87653,301.7,0.61,0.71,2020-08-16,755,N,VIIRS,n,2,283.12,1.78,N,0
40.63408,-105.77175,295.79,0.6,0.7,2020-08-16,755,N,VIIRS,n,2,282.97,1.47,N,0
40.6342,-105.77988,295.84,0.6,0.7,2020-08-16,755,N,VIIRS,n,2,283.63,1.82,N,0
40.63447,-105.80038,298.42,0.6,0.71,2020-08-16,755,N,VIIRS,n,2,283.58,2.2,N,0
40.63459,-105.80962,320.04,0.6,0.71,2020-08-16,755,N,VIIRS,n,2,285.09,2.2,N,0
40.63685,-105.80685,316.01,0.6,0.71,2020-08-16,755,N,VIIRS,n,2,285.35,3.02,N,0
40.63695,-105.81229,301.09,0.6,0.71,2020-08-16,755,N,VIIRS,n,2,284.44,3.02,N,0
40.64119,-105.80925,296.42,0.6,0.71,2020-08-16,755,N,VIIRS,n,2,284.72,2.2,N,0
40.64127,-105.81481,310.36,0.6,0.71,2020-08-16,755,N,VIIRS,n,2,287.69,4.01,N,0
40.64135,-105.82005,304.25,0.6,0.71,2020-08-16,755,N,VIIRS,n,2,286.82,4.01,N,0
40.64145,-105.82693,297.91,0.6,0.71,2020-08-16,755,N,VIIRS,n,2,284.35,3.08,N,0
40.64165,-105.84168,295.56,0.6,0.71,2020-08-16,755,N,VIIRS,n,2,281.43,1.78,N,0
40.6419,-105.8606,295.89,0.6,0.71,2020-08-16,755,N,VIIRS,n,2,283.26,1.29,N,0
40.64198,-105.86597,298.2,0.6,0.71,2020-08-16,755,N,VIIRS,n,2,283.95,1.29,N,0
40.64205,-105.87066,297.76,0.6,0.71,2020-08-16,755,N,VIIRS,n,2,283.57,1.81,N,0
40.64212,-105.87537,298.35,0.61,0.71,2020-08-16,755,N,VIIRS,n,2,283.27,1.81,N,0
40.64359,-105.81358,316.8,0.6,0.71,2020-08-16,755,N,VIIRS,n,2,287.74,3.02,N,0
40.64368,-105.81851,312.85,0.6,0.71,2020-08-16,755,N,VIIRS,n,2,289.78,4.06,N,0
40.64379,-105.82453,304.33,0.6,0.71,2020-08-16,755,N,VIIRS,n,2,286.43,4.06,N,0
40.64393,-105.83175,297.27,0.6,0.71,2020-08-16,755,N,VIIRS,n,2,283.52,1.76,N,0
40.64406,-105.83844,299.39,0.6,0.71,2020-08-16,755,N,VIIRS,n,2,283.38,1.76,N,0
40.6442,-105.84592,301.87,0.6,0.71,2020-08-16,755,N,VIIRS,n,2,283.57,1.87,N,0
40.64441,-105.85703,300.97,0.6,0.71,2020-08-16,755,N,VIIRS,n,2,284.33,1.87,N,0
40.64455,-105.86433,302.75,0.6,0.71,2020-08-16,755,N,VIIRS,n,2,284.58,2.23,N,0
40.64464,-105.86924,295.72,0.6,0.71,2020-08-16,755,N,VIIRS,n,2,283.83,2.23,N,0
40.64473,-105.87388,307.83,0.6,0.71,2020-08-16,755,N,VIIRS,n,2,284.36,2.73,N,0
40.64482,-105.87852,301.63,0.61,0.71,2020-08-16,755,N,VIIRS,n,2,282.47,2.73,N,0
40.6478,-105.80965,337.23,0.6,0.71,2020-08-16,755,N,VIIRS,n,2,286.73,5.69,N,0
40.6479,-105.81636,325.93,0.6,0.71,2020-08-16,755,N,VIIRS,n,2,291.62,6.57,N,0
40.64798,-105.82145,313.35,0.6,0.71,2020-08-16,755,N,VIIRS,n,2,289.25,6.57,N,0
40.64806,-105.82736,308.7,0.6,0.71,2020-08-16,755,N,VIIRS,n,2,287.03,4.15,N,0
40.64815,-105.83382,305.3,0.6,0.71,2020-08-16,755,N,VIIRS,n,2,285.08,4.15,N,0
40.64825,-105.84067,306.17,0.6,0.71,2020-08-16,755,N,VIIRS,n,2,285.53,2.43,N,0
40.64838,-105.84995,304.41,0.6,0.71,2020-08-16,755,N,VIIRS,n,2,285.71,2.43,N,0
40.64852,-105.86063,305.19,0.6,0.71,2020-08-16,755,N,VIIRS,n,2,285.14,2.37,N,0
40.64861,-105.86658,300.02,0.6,0.71,2020-08-16,755,N,VIIRS,n,2,284.39,2.37,N,0
40.64867,-105.87124,305.45,0.6,0.71,2020-08-16,755,N,VIIRS,n,2,285.33,2.43,N,0
40.64874,-105.87577,307.37,0.61,0.71,2020-08-16,755,N,VIIRS,n,2,285.91,2.43,N,0
40.64881,-105.88051,310.55,0.61,0.71,2020-08-16,755,N,VIIRS,n,2,284.89,5.76,N,0
40.65002,-105.80511,315.5,0.6,0.71,2020-08-16,755,N,VIIRS,n,2,283.84,6.14,N,0
40.65021,-105.81479,345.27,0.6,0.71,2020-08-16,755,N,VIIRS,n,2,292.06,6.14,N,0
40.6503,-105.81955,319.01,0.6,0.71,2020-08-16,755,N,VIIRS,n,2,290.05,4.71,N,0
40.6504,-105.82461,310.6,0.6,0.71,2020-08-16,755,N,VIIRS,n,2,287.96,4.71,N,0
40.65051,-105.83041,317.24,0.6,0.71,2020-08-16,755,N,VIIRS,n,2,287.48,4.47,N,0
40.65065,-105.8373,302.58,0.6,0.71,2020-08-16,755,N,VIIRS,n,2,284.72,4.47,N,0
40.6508,-105.84531,307.86,0.6,0.71,2020-08-16,755,N,VIIRS,n,2,285.65,2.33,N,0
40.65103,-105.85699,312.51,0.6,0.71,2020-08-16,755,N,VIIRS,n,2,286.09,2.33,N,0
40.65117,-105.86421,298.69,0.6,0.71,2020-08-16,755,N,VIIRS,n,2,284.53,2.87,N,0
40.65126,-105.86913,305.41,0.6,0.71,2020-08-16,755,N,VIIRS,n,2,285.93,2.87,N,0
40.65134,-105.87366,308.94,0.6,0.71,2020-08-16,755,N,VIIRS,n,2,286.44,2.61,N,0
40.65144,-105.87834,296.99,0.61,0.71,2020-08-16,755,N,VIIRS,n,2,284.29,2.61,N,0
40.65154,-105.88345,300.9,0.61,0.71,2020-08-16,755,N,VIIRS,n,2,283.84,2.21,N,0
40.65442,-105.81102,314.03,0.6,0.71,2020-08-16,755,N,VIIRS,n,2,284.55,5.69,N,0
40.65451,-105.81716,332.1,0.6,0.71,2020-08-16,755,N,VIIRS,n,2,287.5,6.57,N,0
40.65458,-105.82159,308.46,0.6,0.71,2020-08-16,755,N,VIIRS,n,2,288.05,6.57,N,0
40.65466,-105.82629,313.49,0.6,0.71,2020-08-16,755,N,VIIRS,n,2,289.11,4.15,N,0
40.65485,-105.83965,300.34,0.6,0.71,2020-08-16,755,N,VIIRS,n,2,283.95,2.43,N,0
40.65499,-105.84973,305.07,0.6,0.71,2020-08-16,755,N,VIIRS,n,2,285.13,2.43,N,0
40.65514,-105.86062,306.52,0.6,0.71,2020-08-16,755,N,VIIRS,n,2,285.82,2.37,N,0
40.65522,-105.86627,297.11,0.6,0.71,2020-08-16,755,N,VIIRS,n,2,284.71,2.37,N,0
40.65529,-105.87086,304.53,0.6,0.71,2020-08-16,755,N,VIIRS,n,2,286.43,2.43,N,0
40.65536,-105.87543,300.42,0.61,0.71,2020-08-16,755,N,VIIRS,n,2,284.24,2.43,N,0
40.65682,-105.81503,302.1,0.6,0.71,2020-08-16,755,N,VIIRS,n,2,284.5,6.14,N,0
40.65691,-105.8195,312.94,0.6,0.71,2020-08-16,755,N,VIIRS,n,2,286.2,4.71,N,0
40.65699,-105.82398,299.77,0.6,0.71,2020-08-16,755,N,VIIRS,n,2,286.01,4.71,N,0
40.65741,-105.84479,298.33,0.6,0.71,2020-08-16,755,N,VIIRS,n,2,283.25,2.33,N,0
40.65764,-105.85699,298.77,0.6,0.71,2020-08-16,755,N,VIIRS,n,2,283.77,2.33,N,0
40.65778,-105.86397,308.95,0.6,0.71,2020-08-16,755,N,VIIRS,n,2,286.37,2.87,N,0
40.65788,-105.86895,309.09,0.6,0.71,2020-08-16,755,N,VIIRS,n,2,286.72,2.87,N,0
40.65798,-105.87394,298.38,0.6,0.71,2020-08-16,755,N,VIIRS,n,2,284.93,2.61,N,0
40.66176,-105.86068,301.06,0.6,0.71,2020-08-16,755,N,VIIRS,n,2,283.28,2.61,N,0
40.66184,-105.8661,321.28,0.6,0.71,2020-08-16,755,N,VIIRS,n,2,287.13,2.61,N,0
40.66192,-105.87125,296.04,0.6,0.71,2020-08-16,755,N,VIIRS,n,2,284.49,3.79,N,0
40.66451,-105.86945,303.95,0.6,0.71,2020-08-16,755,N,VIIRS,n,2,284.43,2.66,N,0
40.5665,-105.8267,344.3,0.53,0.5,2020-08-16,935,N,VIIRS,n,2,291.46,10.82,N,0
40.5679,-105.83241,330.73,0.53,0.5,2020-08-16,935,N,VIIRS,n,2,286.97,10.82,N,0
40.5693,-105.83815,340.4,0.53,0.5,2020-08-16,935,N,VIIRS,n,2,281.62,9.26,N,0
40.56953,-105.81908,321.34,0.53,0.5,2020-08-16,935,N,VIIRS,n,2,284.03,4.74,N,0
40.5707,-105.84388,303.47,0.53,0.5,2020-08-16,935,N,VIIRS,n,2,277.96,9.26,N,0
40.57093,-105.82477,351.04,0.53,0.5,2020-08-16,935,N,VIIRS,n,2,299.01,10.82,N,0
40.57227,-105.83025,353.97,0.53,0.5,2020-08-16,935,N,VIIRS,n,2,302.95,10.82,N,0
40.57366,-105.83596,353.42,0.53,0.5,2020-08-16,935,N,VIIRS,n,2,296.96,9.26,N,0
40.57387,-105.81671,307,0.53,0.5,2020-08-16,935,N,VIIRS,n,2,283.38,2.74,N,0
40.57509,-105.84179,342.9,0.53,0.5,2020-08-16,935,N,VIIRS,n,2,288.09,9.26,N,0
40.57529,-105.82254,344.5,0.53,0.5,2020-08-16,935,N,VIIRS,n,2,295.82,7.57,N,0
40.57666,-105.82818,342.1,0.53,0.5,2020-08-16,935,N,VIIRS,n,2,300.34,7.57,N,0
40.57809,-105.83405,342.28,0.53,0.5,2020-08-16,935,N,VIIRS,n,2,299.94,8.7,N,0
40.5795,-105.83981,346.96,0.53,0.5,2020-08-16,935,N,VIIRS,n,2,298.1,8.7,N,0
40.57959,-105.8201,317.28,0.53,0.5,2020-08-16,935,N,VIIRS,n,2,285.39,7.57,N,0
40.58085,-105.84534,339.54,0.53,0.5,2020-08-16,935,N,VIIRS,n,2,288.67,6.33,N,0
40.58102,-105.82594,333.34,0.53,0.5,2020-08-16,935,N,VIIRS,n,2,294.04,7.57,N,0
40.58109,-105.8664,347.83,0.53,0.5,2020-08-16,935,N,VIIRS,n,2,291.18,10.6,N,0
40.58243,-105.83171,329.79,0.53,0.5,2020-08-16,935,N,VIIRS,n,2,295.11,8.7,N,0
40.58281,-105.87342,335.95,0.53,0.5,2020-08-16,935,N,VIIRS,n,2,284.69,9.52,N,0
40.5838,-105.85744,300.16,0.53,0.5,2020-08-16,935,N,VIIRS,n,2,282.46,4.52,N,0
40.58383,-105.83747,327.56,0.53,0.5,2020-08-16,935,N,VIIRS,n,2,295.11,8.7,N,0
40.5852,-105.84309,328.43,0.53,0.5,2020-08-16,935,N,VIIRS,n,2,292.21,6.33,N,0
40.58539,-105.82375,305.31,0.53,0.5,2020-08-16,935,N,VIIRS,n,2,285.58,2.5,N,0
40.58552,-105.86449,338.3,0.53,0.5,2020-08-16,935,N,VIIRS,n,2,295.95,4.52,N,0
40.58662,-105.84892,303.64,0.53,0.5,2020-08-16,935,N,VIIRS,n,2,282.83,6.33,N,0
40.58673,-105.82929,316.01,0.53,0.5,2020-08-16,935,N,VIIRS,n,2,287.79,3.7,N,0
40.58725,-105.87161,341.04,0.53,0.5,2020-08-16,935,N,VIIRS,n,2,292.84,6.15,N,0
40.58813,-105.83501,307.94,0.53,0.5,2020-08-16,935,N,VIIRS,n,2,286.39,3.7,N,0
40.58815,-105.85516,311.55,0.53,0.5,2020-08-16,935,N,VIIRS,n,2,284.76,4.52,N,0
40.58954,-105.84079,305.76,0.53,0.5,2020-08-16,935,N,VIIRS,n,2,285.38,1.77,N,0
40.58984,-105.86214,327.21,0.53,0.5,2020-08-16,935,N,VIIRS,n,2,291.91,4.52,N,0
40.59097,-105.84668,304.53,0.53,0.5,2020-08-16,935,N,VIIRS,n,2,284.15,1.77,N,0
40.59108,-105.82701,329.68,0.53,0.5,2020-08-16,935,N,VIIRS,n,2,285.63,3.7,N,0
40.59157,-105.86925,324.55,0.53,0.5,2020-08-16,935,N,VIIRS,n,2,288.82,6.15,N,0
40.59245,-105.85275,299.53,0.53,0.5,2020-08-16,935,N,VIIRS,n,2,283.43,2.5,N,0
40.59325,-105.87615,315.78,0.53,0.5,2020-08-16,935,N,VIIRS,n,2,284.97,6.15,N,0
40.59407,-105.85941,312.82,0.53,0.5,2020-08-16,935,N,VIIRS,n,2,286.99,2.5,N,0
40.59491,-105.883,300.72,0.53,0.5,2020-08-16,935,N,VIIRS,n,2,282.72,2.41,N,0
40.59583,-105.86664,312.61,0.53,0.5,2020-08-16,935,N,VIIRS,n,2,287.69,2.99,N,0
40.59756,-105.87383,324.17,0.53,0.5,2020-08-16,935,N,VIIRS,n,2,289.57,2.99,N,0
40.59921,-105.8806,321.98,0.53,0.5,2020-08-16,935,N,VIIRS,n,2,286.29,5.91,N,0
40.6019,-105.87157,296.51,0.53,0.5,2020-08-16,935,N,VIIRS,n,2,282.43,2.99,N,0
40.60826,-105.89779,305.46,0.52,0.5,2020-08-16,935,N,VIIRS,n,2,279.99,3.31,N,0
40.61322,-105.79704,296.76,0.53,0.5,2020-08-16,935,N,VIIRS,n,2,281.62,0.74,N,0
40.61464,-105.80289,296.49,0.53,0.5,2020-08-16,935,N,VIIRS,n,2,282.51,2.78,N,0
40.61526,-105.80877,321.65,0.53,0.5,2020-08-16,935,N,VIIRS,n,2,286.19,2.84,N,0
40.61537,-105.78568,303.78,0.53,0.5,2020-08-16,935,N,VIIRS,n,2,284.24,3.8,N,0
40.61568,-105.79065,301.19,0.53,0.5,2020-08-16,935,N,VIIRS,n,2,284.48,2.36,N,0
40.6161,-105.80892,328.16,0.53,0.5,2020-08-16,935,N,VIIRS,n,2,288.91,2.78,N,0
40.61661,-105.7908,305.33,0.53,0.5,2020-08-16,935,N,VIIRS,n,2,285.71,2.17,N,0
40.61668,-105.81451,313.05,0.53,0.5,2020-08-16,935,N,VIIRS,n,2,283.72,2.84,N,0
40.61682,-105.79529,297.69,0.53,0.5,2020-08-16,935,N,VIIRS,n,2,284.43,3.06,N,0
40.61748,-105.81467,326.66,0.53,0.5,2020-08-16,935,N,VIIRS,n,2,284.28,3.87,N,0
40.61755,-105.77836,313.88,0.53,0.5,2020-08-16,935,N,VIIRS,n,2,285.2,4.26,N,0
40.61806,-105.82009,301.84,0.53,0.5,2020-08-16,935,N,VIIRS,n,2,280.5,2.31,N,0
40.61854,-105.77851,323.38,0.53,0.5,2020-08-16,935,N,VIIRS,n,2,288.22,3.8,N,0
40.61885,-105.82033,295.96,0.53,0.5,2020-08-16,935,N,VIIRS,n,2,280.55,3.87,N,0
40.619,-105.78422,328.86,0.53,0.5,2020-08-16,935,N,VIIRS,n,2,288.54,3.59,N,0
40.61922,-105.76525,312.22,0.53,0.5,2020-08-16,935,N,VIIRS,n,2,283.36,2.86,N,0
40.61963,-105.80663,300.5,0.53,0.5,2020-08-16,935,N,VIIRS,n,2,284.38,2.84,N,0
40.61995,-105.78433,325.9,0.53,0.5,2020-08-16,935,N,VIIRS,n,2,288.11,3.8,N,0
40.62024,-105.76527,319.54,0.53,0.5,2020-08-16,935,N,VIIRS,n,2,286.16,3.77,N,0
40.62029,-105.78944,303.95,0.53,0.5,2020-08-16,935,N,VIIRS,n,2,285.25,3.59,N,0
40.62046,-105.80671,295.85,0.53,0.5,2020-08-16,935,N,VIIRS,n,2,283.72,1.71,N,0
40.62062,-105.7709,320.22,0.53,0.5,2020-08-16,935,N,VIIRS,n,2,288.07,4.26,N,0
40.62109,-105.81252,312.05,0.53,0.5,2020-08-16,935,N,VIIRS,n,2,287.48,2.84,N,0
40.6212,-105.78954,295.89,0.53,0.5,2020-08-16,935,N,VIIRS,n,2,283.2,2.17,N,0
40.62161,-105.77092,327.11,0.53,0.5,2020-08-16,935,N,VIIRS,n,2,290.2,3.77,N,0
40.62189,-105.81266,306.29,0.53,0.5,2020-08-16,935,N,VIIRS,n,2,285.77,3.37,N,0
40.62204,-105.77667,326.42,0.53,0.5,2020-08-16,935,N,VIIRS,n,2,290,4.26,N,0
40.62252,-105.81828,315.22,0.53,0.5,2020-08-16,935,N,VIIRS,n,2,283.05,2.31,N,0
40.623,-105.7767,323.26,0.53,0.5,2020-08-16,935,N,VIIRS,n,2,288.55,3.83,N,0
40.62346,-105.78238,312.16,0.53,0.5,2020-08-16,935,N,VIIRS,n,2,285.02,3.59,N,0
40.62363,-105.76321,302.53,0.53,0.5,2020-08-16,935,N,VIIRS,n,2,283.91,1.95,N,0
40.62438,-105.7824,306.8,0.53,0.5,2020-08-16,935,N,VIIRS,n,2,283.71,3.83,N,0
40.62464,-105.76314,304.91,0.53,0.5,2020-08-16,935,N,VIIRS,n,2,283.99,3.77,N,0
40.62503,-105.76888,327.18,0.53,0.5,2020-08-16,935,N,VIIRS,n,2,290.15,5.29,N,0
40.62568,-105.78777,295.57,0.53,0.5,2020-08-16,935,N,VIIRS,n,2,281.86,3.04,N,0
40.62601,-105.76885,322.76,0.53,0.5,2020-08-16,935,N,VIIRS,n,2,288.39,3.77,N,0
40.62644,-105.77459,318.4,0.53,0.5,2020-08-16,935,N,VIIRS,n,2,286.95,5.29,N,0
40.6273,-105.87568,300.32,0.53,0.5,2020-08-16,935,N,VIIRS,n,2,281.97,1.78,N,0
40.6274,-105.77458,319.98,0.53,0.5,2020-08-16,935,N,VIIRS,n,2,286.72,3.83,N,0
40.62784,-105.78026,321.33,0.53,0.5,2020-08-16,935,N,VIIRS,n,2,288.07,5.83,N,0
40.62877,-105.78028,321.49,0.53,0.5,2020-08-16,935,N,VIIRS,n,2,287.69,3.83,N,0
40.62922,-105.78582,300.07,0.53,0.5,2020-08-16,935,N,VIIRS,n,2,284.77,5.83,N,0
40.62941,-105.76672,300.02,0.53,0.5,2020-08-16,935,N,VIIRS,n,2,282.71,5.29,N,0
40.63083,-105.77247,347.01,0.53,0.5,2020-08-16,935,N,VIIRS,n,2,288.98,5.29,N,0
40.63182,-105.79633,295.87,0.53,0.5,2020-08-16,935,N,VIIRS,n,2,282.01,2.04,N,0
40.63224,-105.77815,337.83,0.53,0.5,2020-08-16,935,N,VIIRS,n,2,288.69,5.83,N,0
40.63269,-105.79651,303,0.53,0.5,2020-08-16,935,N,VIIRS,n,2,284.32,1.48,N,0
40.63297,-105.80103,295.81,0.53,0.5,2020-08-16,935,N,VIIRS,n,2,284,3.28,N,0
40.63381,-105.80115,297.47,0.53,0.5,2020-08-16,935,N,VIIRS,n,2,284.93,1.48,N,0
40.63427,-105.8063,299.98,0.53,0.5,2020-08-16,935,N,VIIRS,n,2,284.34,3.28,N,0
40.6351,-105.80647,301.22,0.53,0.5,2020-08-16,935,N,VIIRS,n,2,284.43,2.78,N,0
40.63642,-105.79512,313.12,0.53,0.5,2020-08-16,935,N,VIIRS,n,2,288.1,2.04,N,0
40.63756,-105.79974,317.06,0.53,0.5,2020-08-16,935,N,VIIRS,n,2,288.79,3.28,N,0
40.63876,-105.8046,344.53,0.53,0.5,2020-08-16,935,N,VIIRS,n,2,290.2,3.28,N,0
40.64001,-105.82698,298.75,0.53,0.5,2020-08-16,935,N,VIIRS,n,2,283.6,1.82,N,0
40.6411,-105.8736,296.98,0.52,0.5,2020-08-16,935,N,VIIRS,n,2,282.84,1.22,N,0
40.6414,-105.83277,295.87,0.53,0.5,2020-08-16,935,N,VIIRS,n,2,281.41,1.1,N,0
40.64154,-105.87402,296.99,0.52,0.5,2020-08-16,935,N,VIIRS,n,2,282.65,1.91,N,0
40.64183,-105.85675,298.8,0.53,0.5,2020-08-16,935,N,VIIRS,n,2,284.62,1.28,N,0
40.64207,-105.81803,308.55,0.53,0.5,2020-08-16,935,N,VIIRS,n,2,287.31,5.3,N,0
40.64217,-105.79854,295.99,0.53,0.5,2020-08-16,935,N,VIIRS,n,2,282.47,1.96,N,0
40.64226,-105.83866,297.17,0.53,0.5,2020-08-16,935,N,VIIRS,n,2,282.06,1.4,N,0
40.64236,-105.85705,297.99,0.53,0.5,2020-08-16,935,N,VIIRS,n,2,284.13,1.28,N,0
40.64288,-105.83895,297.42,0.53,0.5,2020-08-16,935,N,VIIRS,n,2,282.88,1.1,N,0
40.6433,-105.86272,298.45,0.52,0.5,2020-08-16,935,N,VIIRS,n,2,282.64,1.22,N,0
40.64336,-105.80335,319,0.53,0.5,2020-08-16,935,N,VIIRS,n,2,285.22,1.96,N,0
40.64365,-105.82446,306.99,0.53,0.5,2020-08-16,935,N,VIIRS,n,2,288.84,2.6,N,0
40.64378,-105.84483,300.84,0.53,0.5,2020-08-16,935,N,VIIRS,n,2,283.71,1.4,N,0
40.6438,-105.86305,300.41,0.53,0.5,2020-08-16,935,N,VIIRS,n,2,283.19,1.28,N,0
40.64437,-105.84512,301.95,0.53,0.5,2020-08-16,935,N,VIIRS,n,2,284.76,1.9,N,0
40.64506,-105.85002,302.7,0.53,0.5,2020-08-16,935,N,VIIRS,n,2,286.15,1.71,N,0
40.64512,-105.87009,301.17,0.52,0.5,2020-08-16,935,N,VIIRS,n,2,283.96,1.22,N,0
40.64514,-105.83046,302.85,0.53,0.5,2020-08-16,935,N,VIIRS,n,2,285.26,2.6,N,0
40.64561,-105.87059,300.18,0.52,0.5,2020-08-16,935,N,VIIRS,n,2,283.82,1.54,N,0
40.64561,-105.85028,303.81,0.53,0.5,2020-08-16,935,N,VIIRS,n,2,286.67,1.9,N,0
40.64617,-105.81478,309.82,0.53,0.5,2020-08-16,935,N,VIIRS,n,2,287.61,2.15,N,0
40.64632,-105.85514,301.63,0.53,0.5,2020-08-16,935,N,VIIRS,n,2,287.28,1.71,N,0
40.64672,-105.83688,303.31,0.53,0.5,2020-08-16,935,N,VIIRS,n,2,283.94,1.4,N,0
40.64685,-105.8554,298.89,0.53,0.5,2020-08-16,935,N,VIIRS,n,2,286.88,1.28,N,0
40.64717,-105.8784,314.96,0.52,0.5,2020-08-16,935,N,VIIRS,n,2,285.32,3.39,N,0
40.6476,-105.87894,313.87,0.52,0.5,2020-08-16,935,N,VIIRS,n,2,285.33,1.54,N,0
40.64766,-105.86057,300.21,0.52,0.5,2020-08-16,935,N,VIIRS,n,2,283.47,1.79,N,0
40.64795,-105.822,317.24,0.53,0.5,2020-08-16,935,N,VIIRS,n,2,290.88,2.69,N,0
40.64817,-105.86091,302.54,0.53,0.5,2020-08-16,935,N,VIIRS,n,2,283.32,1.28,N,0
40.64825,-105.84309,304.95,0.53,0.5,2020-08-16,935,N,VIIRS,n,2,284.45,1.4,N,0
40.64936,-105.86749,300.07,0.52,0.5,2020-08-16,935,N,VIIRS,n,2,284.05,1.79,N,0
40.64958,-105.8485,300.26,0.53,0.5,2020-08-16,935,N,VIIRS,n,2,284.55,1.71,N,0
40.64965,-105.82888,310.79,0.53,0.5,2020-08-16,935,N,VIIRS,n,2,286.03,2.69,N,0
40.64986,-105.868,300.1,0.52,0.5,2020-08-16,935,N,VIIRS,n,2,283.99,1.54,N,0
40.65037,-105.81194,295.56,0.53,0.5,2020-08-16,935,N,VIIRS,n,2,284.01,2.15,N,0
40.65147,-105.87602,300.75,0.52,0.5,2020-08-16,935,N,VIIRS,n,2,284.87,1.31,N,0
40.65191,-105.87658,297.67,0.52,0.5,2020-08-16,935,N,VIIRS,n,2,284.37,1.54,N,0
40.65208,-105.85867,313.41,0.52,0.5,2020-08-16,935,N,VIIRS,n,2,286.86,1.79,N,0
40.65215,-105.81915,320.25,0.53,0.5,2020-08-16,935,N,VIIRS,n,2,288.28,2.69,N,0
40.65273,-105.84143,321.25,0.53,0.5,2020-08-16,935,N,VIIRS,n,2,288.98,4.27,N,0
40.65368,-105.86516,303.88,0.52,0.5,2020-08-16,935,N,VIIRS,n,2,284.7,1.79,N,0
40.65409,-105.84695,303.87,0.53,0.5,2020-08-16,935,N,VIIRS,n,2,284,1.76,N,0
40.65413,-105.82719,301.21,0.53,0.5,2020-08-16,935,N,VIIRS,n,2,285.05,2.69,N,0
40.65529,-105.85184,300.32,0.53,0.5,2020-08-16,935,N,VIIRS,n,2,284.68,1.76,N,0
40.65569,-105.87332,297.75,0.52,0.5,2020-08-16,935,N,VIIRS,n,2,284.04,1.31,N,0
40.65656,-105.85699,308.72,0.52,0.5,2020-08-16,935,N,VIIRS,n,2,286.18,1.53,N,0
40.65801,-105.86292,297.19,0.52,0.5,2020-08-16,935,N,VIIRS,n,2,282.96,1.53,N,0
40.57246,-105.82172,335.56,0.49,0.65,2020-08-17,1859,N,VIIRS,n,2,286.81,22.67,D,0
40.57457,-105.82033,354.23,0.49,0.65,2020-08-17,1859,N,VIIRS,n,2,287.8,63.14,D,0
40.57539,-105.8118,367,0.49,0.65,2020-08-17,1859,N,VIIRS,h,2,305.62,191.24,D,0
40.5829,-105.88018,356.66,0.5,0.66,2020-08-17,1859,N,VIIRS,l,2,288.14,13.53,D,0
40.58442,-105.87511,351.62,0.5,0.66,2020-08-17,1859,N,VIIRS,n,2,286.05,13.53,D,0
40.58522,-105.82855,341.2,0.49,0.65,2020-08-17,1859,N,VIIRS,n,2,282.32,36.66,D,0
40.58696,-105.82272,345.59,0.49,0.65,2020-08-17,1859,N,VIIRS,n,2,302.28,49.69,D,0
40.58731,-105.88741,338.41,0.5,0.66,2020-08-17,1859,N,VIIRS,n,2,285.67,12.76,D,0
40.58866,-105.81705,349.35,0.49,0.65,2020-08-17,1859,N,VIIRS,n,2,282.15,49.69,D,0
40.58886,-105.88219,341.98,0.5,0.66,2020-08-17,1859,N,VIIRS,n,2,284.7,13.53,D,0
40.59032,-105.87733,367,0.5,0.66,2020-08-17,1859,N,VIIRS,h,2,290.84,13.53,D,0
40.59169,-105.87276,335.64,0.5,0.66,2020-08-17,1859,N,VIIRS,n,2,290.22,22.33,D,0
40.59216,-105.82727,330.97,0.49,0.65,2020-08-17,1859,N,VIIRS,n,2,282.68,49.69,D,0
40.6326,-105.77929,345.54,0.49,0.65,2020-08-17,1859,N,VIIRS,n,2,285.53,9.58,D,0
40.63423,-105.88411,345.07,0.5,0.65,2020-08-17,1859,N,VIIRS,n,2,288.85,19.22,D,0
40.63432,-105.77351,357.97,0.49,0.65,2020-08-17,1859,N,VIIRS,l,2,286.63,9.58,D,0
40.63697,-105.88306,331.49,0.5,0.65,2020-08-17,1859,N,VIIRS,n,2,286.77,15.74,D,0
40.63984,-105.8873,336.53,0.5,0.65,2020-08-17,1859,N,VIIRS,n,2,287.34,19.22,D,0
40.64109,-105.88307,349.6,0.5,0.65,2020-08-17,1859,N,VIIRS,n,2,310.1,75.76,D,0
40.64142,-105.89011,331.22,0.5,0.65,2020-08-17,1859,N,VIIRS,n,2,288.98,96.15,D,0
40.64193,-105.79189,350.9,0.49,0.65,2020-08-17,1859,N,VIIRS,n,2,291.73,13.94,D,0
40.64229,-105.87903,356.88,0.5,0.65,2020-08-17,1859,N,VIIRS,l,2,289.5,75.76,D,0
40.64272,-105.8858,208,0.5,0.65,2020-08-17,1859,N,VIIRS,l,2,309.88,96.15,D,0
40.64339,-105.87531,340.29,0.49,0.65,2020-08-17,1859,N,VIIRS,n,2,288.64,15.41,D,0
40.64396,-105.8817,367,0.49,0.65,2020-08-17,1859,N,VIIRS,h,2,296.09,73.08,D,0
40.64513,-105.87781,367,0.49,0.65,2020-08-17,1859,N,VIIRS,h,2,290.87,73.08,D,0
40.64557,-105.89008,345.23,0.5,0.65,2020-08-17,1859,N,VIIRS,n,2,288.41,40.94,D,0
40.64691,-105.88556,348.94,0.5,0.65,2020-08-17,1859,N,VIIRS,n,2,299.81,73.26,D,0
40.64733,-105.79569,343.03,0.49,0.65,2020-08-17,1859,N,VIIRS,n,2,289.15,12.98,D,0
40.64814,-105.88139,353.33,0.5,0.65,2020-08-17,1859,N,VIIRS,n,2,289.3,73.26,D,0
40.64931,-105.87745,346.64,0.49,0.65,2020-08-17,1859,N,VIIRS,n,2,290.26,60.34,D,0
40.64983,-105.88398,347.4,0.49,0.65,2020-08-17,1859,N,VIIRS,n,2,289.3,73.08,D,0
40.65108,-105.87982,355.6,0.49,0.65,2020-08-17,1859,N,VIIRS,n,2,312.73,73.08,D,0
40.65145,-105.81339,337.73,0.49,0.65,2020-08-17,1859,N,VIIRS,n,2,292.04,8.03,D,0
40.65226,-105.87592,345.88,0.49,0.65,2020-08-17,1859,N,VIIRS,n,2,289.98,59.4,D,0
40.65372,-105.82756,330.55,0.49,0.65,2020-08-17,1859,N,VIIRS,n,2,290.53,7.21,D,0
40.65392,-105.88402,340.57,0.5,0.65,2020-08-17,1859,N,VIIRS,n,2,292.38,73.26,D,0
40.65398,-105.81738,344.47,0.49,0.65,2020-08-17,1859,N,VIIRS,n,2,293.24,13.94,D,0
40.65516,-105.81342,343.51,0.49,0.65,2020-08-17,1859,N,VIIRS,n,2,291.78,12.85,D,0
40.65521,-105.87965,367,0.49,0.65,2020-08-17,1859,N,VIIRS,h,2,304.17,60.34,D,0
40.65636,-105.87577,348.24,0.49,0.65,2020-08-17,1859,N,VIIRS,n,2,304.9,60.34,D,0
40.65639,-105.83133,331.9,0.49,0.65,2020-08-17,1859,N,VIIRS,n,2,290,7.38,D,0
40.65666,-105.88309,349.07,0.49,0.65,2020-08-17,1859,N,VIIRS,n,2,289.28,15.29,D,0
40.65717,-105.81611,349.51,0.49,0.65,2020-08-17,1859,N,VIIRS,n,2,287.37,8.03,D,0
40.65751,-105.87188,355.55,0.49,0.65,2020-08-17,1859,N,VIIRS,n,2,291.88,44.65,D,0
40.65779,-105.82658,351.79,0.49,0.65,2020-08-17,1859,N,VIIRS,n,2,291.17,7.38,D,0
40.65792,-105.87893,341.72,0.49,0.65,2020-08-17,1859,N,VIIRS,n,2,295.95,60.09,D,0
40.65813,-105.83469,367,0.49,0.65,2020-08-17,1859,N,VIIRS,h,2,293.75,20.12,D,0
40.65919,-105.8747,367,0.49,0.65,2020-08-17,1859,N,VIIRS,h,2,299.2,60.09,D,0
40.65977,-105.82925,367,0.49,0.65,2020-08-17,1859,N,VIIRS,h,2,295.79,39.74,D,0
40.66043,-105.83977,350.92,0.49,0.65,2020-08-17,1859,N,VIIRS,n,2,294.92,35.36,D,0
40.66166,-105.88,352.34,0.49,0.65,2020-08-17,1859,N,VIIRS,n,2,288.81,9.98,D,0
40.66187,-105.84401,330.1,0.49,0.65,2020-08-17,1859,N,VIIRS,n,2,290.57,20.12,D,0
40.66219,-105.8338,367,0.49,0.65,2020-08-17,1859,N,VIIRS,h,2,295.68,26.34,D,0
40.66367,-105.82878,337.13,0.49,0.65,2020-08-17,1859,N,VIIRS,n,2,285.78,26.34,D,0
40.66372,-105.83788,367,0.49,0.65,2020-08-17,1859,N,VIIRS,h,2,294.72,20.12,D,0
40.63391,-105.88713,337.84,0.61,0.54,2020-08-17,2039,N,VIIRS,n,2,289.48,15.72,D,0
40.63391,-105.87923,335.23,0.61,0.54,2020-08-17,2039,N,VIIRS,n,2,291.03,10.33,D,0
40.6383,-105.88821,330.29,0.61,0.54,2020-08-17,2039,N,VIIRS,n,2,284.61,8.12,D,0
40.63893,-105.88664,343.32,0.61,0.54,2020-08-17,2039,N,VIIRS,n,2,287.89,91.35,D,0
40.63893,-105.87891,338.37,0.61,0.54,2020-08-17,2039,N,VIIRS,n,2,287.91,10.33,D,0
40.63951,-105.8772,334.84,0.61,0.54,2020-08-17,2039,N,VIIRS,n,2,288.43,91.35,D,0
40.63956,-105.79456,354.17,0.62,0.54,2020-08-17,2039,N,VIIRS,n,2,297.02,145.81,D,0
40.63958,-105.7935,354.12,0.62,0.54,2020-08-17,2039,N,VIIRS,n,2,294.96,23.78,D,0
40.64391,-105.88699,367,0.61,0.54,2020-08-17,2039,N,VIIRS,h,2,326.45,91.35,D,0
40.64394,-105.87873,351.06,0.61,0.54,2020-08-17,2039,N,VIIRS,n,2,304.62,183.76,D,0
40.64422,-105.79982,336.88,0.62,0.54,2020-08-17,2039,N,VIIRS,n,2,293.99,77.67,D,0
40.64452,-105.87692,347.79,0.61,0.54,2020-08-17,2039,N,VIIRS,n,2,291.5,91.35,D,0
40.64456,-105.7949,367,0.62,0.54,2020-08-17,2039,N,VIIRS,l,2,326.08,145.81,D,0
40.64459,-105.79367,367,0.62,0.54,2020-08-17,2039,N,VIIRS,l,2,333.12,268.78,D,0
40.64521,-105.86565,333.35,0.61,0.54,2020-08-17,2039,N,VIIRS,n,2,281.67,8.54,D,0
40.64569,-105.85783,335.62,0.61,0.54,2020-08-17,2039,N,VIIRS,n,2,277.96,8.54,D,0
40.65229,-105.83179,330.33,0.62,0.54,2020-08-17,2039,N,VIIRS,n,2,294.42,32.21,D,0
40.65441,-105.87871,367,0.61,0.54,2020-08-17,2039,N,VIIRS,h,2,298.18,18.48,D,0
40.65604,-105.85235,330.02,0.62,0.54,2020-08-17,2039,N,VIIRS,n,2,295.62,8.83,D,0
40.65641,-105.84644,337.88,0.62,0.54,2020-08-17,2039,N,VIIRS,n,2,299.81,8.83,D,0
40.65681,-105.83993,356.45,0.62,0.54,2020-08-17,2039,N,VIIRS,n,2,302.51,32.21,D,0
40.65725,-105.83274,351.76,0.62,0.54,2020-08-17,2039,N,VIIRS,n,2,305.12,32.21,D,0
40.65779,-105.82393,344.19,0.62,0.54,2020-08-17,2039,N,VIIRS,n,2,296.67,30.44,D,0
40.66008,-105.86787,341.14,0.61,0.54,2020-08-17,2039,N,VIIRS,n,2,292.79,12.78,D,0
40.66103,-105.85268,352.62,0.62,0.54,2020-08-17,2039,N,VIIRS,n,2,301.6,26.71,D,0
40.66138,-105.84698,340.66,0.62,0.54,2020-08-17,2039,N,VIIRS,n,2,296.88,26.71,D,0
40.66221,-105.83351,346.41,0.62,0.54,2020-08-17,2039,N,VIIRS,n,2,319.36,132.3,D,0
40.66273,-105.82516,351.51,0.62,0.54,2020-08-17,2039,N,VIIRS,n,2,305.65,65.31,D,0
40.56604,-105.83085,313.37,0.48,0.4,2020-08-17,916,N,VIIRS,n,2,285.26,1.87,N,0
40.56714,-105.83635,310.96,0.48,0.4,2020-08-17,916,N,VIIRS,n,2,282.84,1.87,N,0
40.56744,-105.8187,298.36,0.48,0.4,2020-08-17,916,N,VIIRS,n,2,281.94,1.57,N,0
40.56854,-105.82416,307.28,0.48,0.4,2020-08-17,916,N,VIIRS,n,2,284.05,1.57,N,0
40.56961,-105.82947,303.69,0.48,0.4,2020-08-17,916,N,VIIRS,n,2,284.21,1.87,N,0
40.57069,-105.83488,313.21,0.48,0.4,2020-08-17,916,N,VIIRS,n,2,285.78,1.87,N,0
40.57103,-105.81741,316.1,0.48,0.4,2020-08-17,916,N,VIIRS,n,2,286.74,2.21,N,0
40.57177,-105.84029,301.22,0.48,0.4,2020-08-17,916,N,VIIRS,n,2,281.89,1.96,N,0
40.57212,-105.82288,312.11,0.48,0.4,2020-08-17,916,N,VIIRS,n,2,285.89,2.21,N,0
40.57255,-105.88235,327.99,0.48,0.4,2020-08-17,916,N,VIIRS,n,2,285.42,4.72,N,0
40.57379,-105.86946,305.02,0.48,0.4,2020-08-17,916,N,VIIRS,n,2,281.47,1.47,N,0
40.57427,-105.83357,295.24,0.48,0.4,2020-08-17,916,N,VIIRS,n,2,281.06,2.39,N,0
40.57457,-105.81592,315.28,0.48,0.4,2020-08-17,916,N,VIIRS,n,2,286.37,2.21,N,0
40.57496,-105.87531,335.01,0.48,0.4,2020-08-17,916,N,VIIRS,n,2,291.98,3.89,N,0
40.57536,-105.83903,303.12,0.48,0.4,2020-08-17,916,N,VIIRS,n,2,282.54,1.5,N,0
40.57568,-105.82142,310.15,0.48,0.4,2020-08-17,916,N,VIIRS,n,2,285.62,2.21,N,0
40.57613,-105.88113,340.46,0.48,0.4,2020-08-17,916,N,VIIRS,n,2,291.46,3.89,N,0
40.57645,-105.84444,313.88,0.48,0.4,2020-08-17,916,N,VIIRS,n,2,284.38,1.5,N,0
40.57738,-105.86824,309.6,0.48,0.4,2020-08-17,916,N,VIIRS,n,2,284.87,1.47,N,0
40.57812,-105.81447,309.63,0.48,0.4,2020-08-17,916,N,VIIRS,n,2,283.7,2.82,N,0
40.57856,-105.87411,301.57,0.48,0.4,2020-08-17,916,N,VIIRS,n,2,284.41,3.89,N,0
40.57922,-105.81995,325.03,0.48,0.4,2020-08-17,916,N,VIIRS,n,2,287.71,2.82,N,0
40.57973,-105.87994,296.84,0.48,0.4,2020-08-17,916,N,VIIRS,n,2,282.3,3.89,N,0
40.57978,-105.86108,302.36,0.48,0.4,2020-08-17,916,N,VIIRS,n,2,281.24,1.33,N,0
40.58002,-105.84313,298.5,0.48,0.4,2020-08-17,916,N,VIIRS,n,2,282.58,1.5,N,0
40.58032,-105.82543,299.43,0.48,0.4,2020-08-17,916,N,VIIRS,n,2,282.7,1.31,N,0
40.58142,-105.83089,297.54,0.48,0.4,2020-08-17,916,N,VIIRS,n,2,282.51,1.31,N,0
40.58216,-105.87294,300.7,0.48,0.4,2020-08-17,916,N,VIIRS,n,2,281.59,3.89,N,0
40.58337,-105.85983,298.39,0.48,0.4,2020-08-17,916,N,VIIRS,n,2,281.54,1.33,N,0
40.58358,-105.84172,299.24,0.48,0.4,2020-08-17,916,N,VIIRS,n,2,282.42,1.79,N,0
40.58449,-105.88457,322.65,0.48,0.4,2020-08-17,916,N,VIIRS,n,2,282.54,3.12,N,0
40.58564,-105.8903,295.68,0.48,0.4,2020-08-17,916,N,VIIRS,n,2,278.26,3.12,N,0
40.58576,-105.87177,327.51,0.48,0.4,2020-08-17,916,N,VIIRS,n,2,288.55,3.89,N,0
40.58638,-105.8173,314.2,0.48,0.4,2020-08-17,916,N,VIIRS,n,2,285.39,1.74,N,0
40.58694,-105.87766,335.13,0.48,0.4,2020-08-17,916,N,VIIRS,n,2,292.31,3.89,N,0
40.58694,-105.8585,296.61,0.48,0.4,2020-08-17,916,N,VIIRS,n,2,282.6,1.37,N,0
40.58746,-105.82269,300.31,0.48,0.4,2020-08-17,916,N,VIIRS,n,2,283.13,1.26,N,0
40.58809,-105.88341,333.97,0.48,0.4,2020-08-17,916,N,VIIRS,n,2,291.39,3.12,N,0
40.58852,-105.82803,303.27,0.48,0.4,2020-08-17,916,N,VIIRS,n,2,283.75,1.26,N,0
40.58923,-105.88911,317.79,0.48,0.4,2020-08-17,916,N,VIIRS,n,2,285.42,3.12,N,0
40.58934,-105.87048,319.95,0.48,0.4,2020-08-17,916,N,VIIRS,n,2,289.04,2.6,N,0
40.59051,-105.87635,324.77,0.48,0.4,2020-08-17,916,N,VIIRS,n,2,288.9,2.6,N,0
40.59101,-105.82127,305.83,0.48,0.4,2020-08-17,916,N,VIIRS,n,2,284.66,1.26,N,0
40.59167,-105.88217,303.03,0.48,0.4,2020-08-17,916,N,VIIRS,n,2,283,1.37,N,0
40.59168,-105.86302,301.31,0.48,0.4,2020-08-17,916,N,VIIRS,n,2,283.67,1.37,N,0
40.59208,-105.82661,302.28,0.48,0.4,2020-08-17,916,N,VIIRS,n,2,285.05,1.26,N,0
40.59407,-105.87498,296.13,0.48,0.4,2020-08-17,916,N,VIIRS,n,2,282.65,2.6,N,0
40.59525,-105.88086,300.88,0.48,0.4,2020-08-17,916,N,VIIRS,n,2,283.09,1.37,N,0
40.59763,-105.8736,297.71,0.48,0.4,2020-08-17,916,N,VIIRS,n,2,282.8,1.65,N,0
40.5988,-105.87948,304.6,0.48,0.4,2020-08-17,916,N,VIIRS,n,2,283.39,1.97,N,0
40.60575,-105.89513,298.5,0.48,0.4,2020-08-17,916,N,VIIRS,n,2,279.76,1.66,N,0
40.60941,-105.89429,302.99,0.48,0.4,2020-08-17,916,N,VIIRS,n,2,282.27,1.07,N,0
40.62073,-105.81612,297.24,0.48,0.4,2020-08-17,916,N,VIIRS,n,2,283,1.25,N,0
40.62983,-105.88146,318.71,0.48,0.4,2020-08-17,916,N,VIIRS,n,2,283.84,3.57,N,0
40.63025,-105.76733,297.03,0.48,0.4,2020-08-17,916,N,VIIRS,n,2,280.77,0.69,N,0
40.63102,-105.8875,295.49,0.48,0.4,2020-08-17,916,N,VIIRS,n,2,279.33,3.57,N,0
40.63134,-105.77277,311.54,0.48,0.4,2020-08-17,916,N,VIIRS,n,2,281.55,11.59,N,0
40.63241,-105.77819,338.36,0.48,0.4,2020-08-17,916,N,VIIRS,n,2,294.32,11.59,N,0
40.63333,-105.87982,336.9,0.48,0.4,2020-08-17,916,N,VIIRS,n,2,293.53,3.57,N,0
40.6345,-105.88574,329.99,0.48,0.4,2020-08-17,916,N,VIIRS,n,2,286.18,3.57,N,0
40.63562,-105.79442,300.41,0.48,0.4,2020-08-17,916,N,VIIRS,n,2,282.49,1.72,N,0
40.63598,-105.77682,298.99,0.48,0.4,2020-08-17,916,N,VIIRS,n,2,282.09,11.59,N,0
40.63684,-105.87822,322.63,0.48,0.4,2020-08-17,916,N,VIIRS,n,2,289.36,3.56,N,0
40.63756,-105.80416,297.63,0.48,0.4,2020-08-17,916,N,VIIRS,n,2,283.22,1.07,N,0
40.64121,-105.80323,299.97,0.48,0.4,2020-08-17,916,N,VIIRS,n,2,284.89,1.07,N,0
40.64385,-105.87493,295.68,0.48,0.4,2020-08-17,916,N,VIIRS,n,2,282.82,0.72,N,0
40.64388,-105.79733,319.27,0.48,0.4,2020-08-17,916,N,VIIRS,n,2,285.68,2.28,N,0
40.64509,-105.88122,296.93,0.48,0.4,2020-08-17,916,N,VIIRS,n,2,283.63,0.72,N,0
40.64576,-105.7949,303.6,0.48,0.4,2020-08-17,916,N,VIIRS,n,2,281.03,1.03,N,0
40.64629,-105.88731,317.18,0.48,0.4,2020-08-17,916,N,VIIRS,n,2,284.93,2.1,N,0
40.64864,-105.87981,298.48,0.48,0.4,2020-08-17,916,N,VIIRS,n,2,282.58,0.72,N,0
40.64983,-105.8859,307.53,0.48,0.4,2020-08-17,916,N,VIIRS,n,2,284.48,2.1,N,0
40.6522,-105.87846,299.64,0.48,0.4,2020-08-17,916,N,VIIRS,n,2,283.18,2.14,N,0
40.65247,-105.82812,303.35,0.48,0.4,2020-08-17,916,N,VIIRS,n,2,284.35,2.92,N,0
40.65364,-105.83391,304.84,0.48,0.4,2020-08-17,916,N,VIIRS,n,2,283.28,2.92,N,0
40.65409,-105.82966,321.89,0.48,0.4,2020-08-17,916,N,VIIRS,n,2,287.69,3.7,N,0
40.65475,-105.83942,306.03,0.48,0.4,2020-08-17,916,N,VIIRS,n,2,284.59,1.92,N,0
40.65477,-105.82051,301.76,0.48,0.4,2020-08-17,916,N,VIIRS,n,2,285.43,2.21,N,0
40.65516,-105.81554,300.5,0.48,0.4,2020-08-17,916,N,VIIRS,n,2,284.77,0.95,N,0
40.6552,-105.83535,298.04,0.48,0.4,2020-08-17,916,N,VIIRS,n,2,282.48,2.35,N,0
40.65573,-105.87695,323.09,0.48,0.4,2020-08-17,916,N,VIIRS,n,2,288.9,2.14,N,0
40.65583,-105.84479,322.07,0.48,0.4,2020-08-17,916,N,VIIRS,n,2,287.7,1.92,N,0
40.65607,-105.82691,335.28,0.48,0.4,2020-08-17,916,N,VIIRS,n,2,292.71,2.92,N,0
40.65628,-105.84081,321.6,0.48,0.4,2020-08-17,916,N,VIIRS,n,2,287.58,2.35,N,0
40.65645,-105.82216,317.85,0.48,0.4,2020-08-17,916,N,VIIRS,n,2,288.6,7.68,N,0
40.65686,-105.88272,313.72,0.48,0.4,2020-08-17,916,N,VIIRS,n,2,285.32,3.08,N,0
40.65686,-105.84988,311.33,0.48,0.4,2020-08-17,916,N,VIIRS,n,2,286.65,2.76,N,0
40.65725,-105.83279,317.39,0.48,0.4,2020-08-17,916,N,VIIRS,n,2,287.25,2.92,N,0
40.65732,-105.8461,318.27,0.48,0.4,2020-08-17,916,N,VIIRS,n,2,288.55,3.59,N,0
40.65769,-105.82848,350.37,0.48,0.4,2020-08-17,916,N,VIIRS,n,2,296.9,7.68,N,0
40.65786,-105.85488,325.24,0.48,0.4,2020-08-17,916,N,VIIRS,n,2,289.03,2.76,N,0
40.65804,-105.86919,297.9,0.48,0.4,2020-08-17,916,N,VIIRS,n,2,284.94,2.49,N,0
40.65832,-105.85113,329.34,0.48,0.4,2020-08-17,916,N,VIIRS,n,2,290.14,3.59,N,0
40.65834,-105.81917,313.75,0.48,0.4,2020-08-17,916,N,VIIRS,n,2,287.23,2.08,N,0
40.65881,-105.83419,300.36,0.48,0.4,2020-08-17,916,N,VIIRS,n,2,282.38,6.28,N,0
40.65892,-105.86018,295.92,0.48,0.4,2020-08-17,916,N,VIIRS,n,2,283.11,0.88,N,0
40.65923,-105.87524,330.88,0.48,0.4,2020-08-17,916,N,VIIRS,n,2,285.47,2.49,N,0
40.65932,-105.85619,325.54,0.48,0.4,2020-08-17,916,N,VIIRS,n,2,287.69,4.46,N,0
40.65944,-105.84367,301.14,0.48,0.4,2020-08-17,916,N,VIIRS,n,2,283.58,1.92,N,0
40.65966,-105.82572,350.71,0.48,0.4,2020-08-17,916,N,VIIRS,n,2,302.42,10.3,N,0
40.66004,-105.82088,316.25,0.48,0.4,2020-08-17,916,N,VIIRS,n,2,287.48,7.68,N,0
40.66086,-105.83163,348.29,0.48,0.4,2020-08-17,916,N,VIIRS,n,2,288.06,10.3,N,0
40.66129,-105.82729,355.76,0.48,0.4,2020-08-17,916,N,VIIRS,n,2,296.98,7.68,N,0
40.66146,-105.85372,318.46,0.48,0.4,2020-08-17,916,N,VIIRS,n,2,285.28,2.76,N,0
40.66196,-105.8371,324.01,0.48,0.4,2020-08-17,916,N,VIIRS,n,2,283.21,2.95,N,0
40.6624,-105.83298,344.18,0.48,0.4,2020-08-17,916,N,VIIRS,n,2,285.82,6.28,N,0
40.66442,-105.83025,295.51,0.48,0.4,2020-08-17,916,N,VIIRS,n,2,283.39,10.3,N,0
40.56524,-105.88036,351.87,0.53,0.42,2020-08-18,2020,N,VIIRS,n,2,296.22,12.14,D,0
40.56837,-105.88776,334.12,0.53,0.42,2020-08-18,2020,N,VIIRS,n,2,297.44,12.14,D,0
40.56908,-105.88111,350.38,0.53,0.42,2020-08-18,2020,N,VIIRS,n,2,305.11,12.14,D,0
40.56971,-105.88319,353.02,0.53,0.42,2020-08-18,2020,N,VIIRS,n,2,312.74,47.51,D,0
40.57038,-105.87653,343.88,0.53,0.42,2020-08-18,2020,N,VIIRS,n,2,307.09,47.51,D,0
40.57051,-105.86781,367,0.53,0.42,2020-08-18,2020,N,VIIRS,h,2,302.37,120.65,D,0
40.57106,-105.86985,367,0.53,0.42,2020-08-18,2020,N,VIIRS,l,2,334.05,89.51,D,0
40.5722,-105.88861,296.19,0.53,0.42,2020-08-18,2020,N,VIIRS,l,2,304.81,58.44,D,0
40.57292,-105.88191,353.62,0.53,0.42,2020-08-18,2020,N,VIIRS,l,2,327.41,58.44,D,0
40.57355,-105.88401,367,0.53,0.42,2020-08-18,2020,N,VIIRS,l,2,326.34,47.51,D,0
40.57363,-105.87525,349.78,0.53,0.42,2020-08-18,2020,N,VIIRS,n,2,303.54,64.43,D,0
40.57422,-105.87734,345.98,0.53,0.42,2020-08-18,2020,N,VIIRS,n,2,301.78,47.51,D,0
40.5749,-105.87066,354.27,0.53,0.42,2020-08-18,2020,N,VIIRS,n,2,311.39,89.51,D,0
40.57676,-105.88274,347.81,0.53,0.42,2020-08-18,2020,N,VIIRS,n,2,311.81,58.44,D,0
40.57747,-105.87608,342.05,0.53,0.42,2020-08-18,2020,N,VIIRS,n,2,303.1,64.43,D,0
40.57806,-105.87817,347.92,0.53,0.42,2020-08-18,2020,N,VIIRS,n,2,303.8,40.07,D,0
40.58059,-105.88359,341.71,0.53,0.42,2020-08-18,2020,N,VIIRS,n,2,298.36,18.44,D,0
40.58189,-105.87907,353.83,0.53,0.42,2020-08-18,2020,N,VIIRS,n,2,302.52,40.07,D,0
40.58442,-105.88445,356.14,0.53,0.42,2020-08-18,2020,N,VIIRS,n,2,312.27,18.44,D,0
40.58505,-105.88653,349.88,0.53,0.42,2020-08-18,2020,N,VIIRS,n,2,310.52,17.92,D,0
40.58512,-105.8779,351.97,0.53,0.42,2020-08-18,2020,N,VIIRS,n,2,311.77,22.7,D,0
40.58572,-105.88,349.5,0.53,0.42,2020-08-18,2020,N,VIIRS,n,2,313.02,17.92,D,0
40.58956,-105.88081,353.23,0.53,0.42,2020-08-18,2020,N,VIIRS,n,2,308.87,17.92,D,0
40.60432,-105.88983,346.38,0.53,0.42,2020-08-18,2020,N,VIIRS,n,2,309.65,62.38,D,0
40.60748,-105.89726,345.38,0.53,0.42,2020-08-18,2020,N,VIIRS,n,2,305.07,32,D,0
40.61191,-105.8923,338.38,0.53,0.42,2020-08-18,2020,N,VIIRS,n,2,306.76,34.51,D,0
40.63225,-105.77148,347.59,0.54,0.42,2020-08-18,2020,N,VIIRS,n,2,298.85,20.33,D,0
40.63615,-105.77196,342.16,0.54,0.42,2020-08-18,2020,N,VIIRS,n,2,295.22,12.29,D,0
40.63808,-105.79134,335.59,0.54,0.42,2020-08-18,2020,N,VIIRS,n,2,295.77,6.52,D,0
40.64197,-105.79192,342.97,0.54,0.42,2020-08-18,2020,N,VIIRS,n,2,311.02,31.25,D,0
40.64586,-105.79243,347.21,0.54,0.42,2020-08-18,2020,N,VIIRS,n,2,301.14,31.25,D,0
40.64855,-105.80449,333.65,0.54,0.42,2020-08-18,2020,N,VIIRS,n,2,296,4.52,D,0
40.65114,-105.81744,335.44,0.54,0.42,2020-08-18,2020,N,VIIRS,n,2,299.96,8.9,D,0
40.65501,-105.81813,342.3,0.54,0.42,2020-08-18,2020,N,VIIRS,n,2,298.59,25.16,D,0
40.56268,-105.8853,315.14,0.38,0.36,2020-08-18,858,N,VIIRS,n,2,279.52,2.56,N,0
40.5648,-105.83338,307.43,0.38,0.36,2020-08-18,858,N,VIIRS,n,2,282,1.24,N,0
40.56526,-105.87994,314.34,0.38,0.36,2020-08-18,858,N,VIIRS,n,2,283.42,2.56,N,0
40.56596,-105.88443,339.06,0.38,0.36,2020-08-18,858,N,VIIRS,n,2,291.36,2.56,N,0
40.56665,-105.8889,327.39,0.38,0.36,2020-08-18,858,N,VIIRS,n,2,285.59,3.9,N,0
40.56667,-105.82353,302.34,0.38,0.36,2020-08-18,858,N,VIIRS,n,2,283.53,1.45,N,0
40.56783,-105.87459,328.41,0.38,0.36,2020-08-18,858,N,VIIRS,n,2,286.9,3.03,N,0
40.56808,-105.8325,302.17,0.38,0.36,2020-08-18,858,N,VIIRS,n,2,283.74,0.9,N,0
40.56853,-105.87907,341.35,0.38,0.36,2020-08-18,858,N,VIIRS,n,2,294.63,5.61,N,0
40.56878,-105.83698,297.31,0.38,0.36,2020-08-18,858,N,VIIRS,n,2,281.06,0.9,N,0
40.56923,-105.88354,348.96,0.38,0.36,2020-08-18,858,N,VIIRS,n,2,298.79,5.61,N,0
40.56924,-105.81818,306.67,0.38,0.36,2020-08-18,858,N,VIIRS,n,2,284.67,1.43,N,0
40.56993,-105.88802,331.97,0.38,0.36,2020-08-18,858,N,VIIRS,n,2,285.83,2.65,N,0
40.56994,-105.82265,307.26,0.38,0.36,2020-08-18,858,N,VIIRS,n,2,285.89,1.45,N,0
40.5704,-105.86924,302.66,0.38,0.36,2020-08-18,858,N,VIIRS,n,2,281.06,3.03,N,0
40.57111,-105.87372,342.72,0.38,0.36,2020-08-18,858,N,VIIRS,n,2,296.2,3.03,N,0
40.5718,-105.87819,338.6,0.38,0.36,2020-08-18,858,N,VIIRS,n,2,297.03,5.61,N,0
40.57181,-105.81282,296.36,0.38,0.36,2020-08-18,858,N,VIIRS,n,2,280.97,1.63,N,0
40.5725,-105.88267,338.55,0.38,0.36,2020-08-18,858,N,VIIRS,n,2,294.91,5.61,N,0
40.57251,-105.81729,319.28,0.38,0.36,2020-08-18,858,N,VIIRS,n,2,287.91,1.63,N,0
40.57275,-105.84059,297.84,0.38,0.36,2020-08-18,858,N,VIIRS,n,2,281.74,0.53,N,0
40.57298,-105.86388,297.31,0.38,0.36,2020-08-18,858,N,VIIRS,n,2,280.37,0.85,N,0
40.5732,-105.88715,312.84,0.38,0.36,2020-08-18,858,N,VIIRS,n,2,283.82,2.65,N,0
40.57321,-105.82178,297.06,0.38,0.36,2020-08-18,858,N,VIIRS,n,2,283.08,0.74,N,0
40.57368,-105.86835,331.17,0.38,0.36,2020-08-18,858,N,VIIRS,n,2,289.69,2.51,N,0
40.57438,-105.87283,327.02,0.38,0.36,2020-08-18,858,N,VIIRS,n,2,292.15,2.51,N,0
40.57508,-105.87732,314.62,0.38,0.36,2020-08-18,858,N,VIIRS,n,2,288.44,2.25,N,0
40.57508,-105.81194,313.22,0.38,0.36,2020-08-18,858,N,VIIRS,n,2,284.95,1.63,N,0
40.57578,-105.88179,338.19,0.38,0.36,2020-08-18,858,N,VIIRS,n,2,289.65,2.25,N,0
40.57578,-105.81642,321.07,0.38,0.36,2020-08-18,858,N,VIIRS,n,2,287.25,1.63,N,0
40.57626,-105.863,301.1,0.38,0.36,2020-08-18,858,N,VIIRS,n,2,282.47,0.85,N,0
40.57647,-105.88626,300.63,0.38,0.36,2020-08-18,858,N,VIIRS,n,2,283.16,1.73,N,0
40.57649,-105.8209,296.55,0.38,0.36,2020-08-18,858,N,VIIRS,n,2,282.9,0.74,N,0
40.57672,-105.8442,297.93,0.38,0.36,2020-08-18,858,N,VIIRS,n,2,281.81,0.9,N,0
40.57695,-105.86749,301.55,0.38,0.36,2020-08-18,858,N,VIIRS,n,2,283.94,2.51,N,0
40.57835,-105.87643,304.31,0.38,0.36,2020-08-18,858,N,VIIRS,n,2,285.79,2.25,N,0
40.57906,-105.81554,305.95,0.38,0.36,2020-08-18,858,N,VIIRS,n,2,285.02,1.29,N,0
40.57952,-105.86213,300.05,0.38,0.36,2020-08-18,858,N,VIIRS,n,2,282.39,0.59,N,0
40.57976,-105.82001,305.62,0.38,0.36,2020-08-18,858,N,VIIRS,n,2,283.92,1.87,N,0
40.58117,-105.82899,296.35,0.38,0.36,2020-08-18,858,N,VIIRS,n,2,281.57,1.12,N,0
40.5821,-105.85677,296.6,0.38,0.36,2020-08-18,858,N,VIIRS,n,2,280.86,0.59,N,0
40.58232,-105.88004,330.56,0.38,0.36,2020-08-18,858,N,VIIRS,n,2,285.44,2.8,N,0
40.58302,-105.88451,333.38,0.38,0.36,2020-08-18,858,N,VIIRS,n,2,286.02,2.67,N,0
40.58489,-105.87466,317.89,0.38,0.36,2020-08-18,858,N,VIIRS,n,2,288.47,2.8,N,0
40.58559,-105.87915,324.04,0.38,0.36,2020-08-18,858,N,VIIRS,n,2,292.12,2.8,N,0
40.58628,-105.88363,318.62,0.38,0.36,2020-08-18,858,N,VIIRS,n,2,288.63,2.67,N,0
40.58631,-105.81826,327.3,0.38,0.36,2020-08-18,858,N,VIIRS,n,2,288.16,4.75,N,0
40.58699,-105.88811,307.81,0.38,0.36,2020-08-18,858,N,VIIRS,n,2,284.02,2.67,N,0
40.58701,-105.82275,324.67,0.38,0.36,2020-08-18,858,N,VIIRS,n,2,288.31,4.75,N,0
40.58747,-105.86932,302.88,0.38,0.36,2020-08-18,858,N,VIIRS,n,2,284.05,0.77,N,0
40.58771,-105.82723,321.63,0.38,0.36,2020-08-18,858,N,VIIRS,n,2,287.91,1.43,N,0
40.58817,-105.87379,314.04,0.38,0.36,2020-08-18,858,N,VIIRS,n,2,285.31,1.09,N,0
40.58842,-105.83172,298.6,0.38,0.36,2020-08-18,858,N,VIIRS,n,2,283.69,1.43,N,0
40.58886,-105.87827,305.47,0.38,0.36,2020-08-18,858,N,VIIRS,n,2,283.58,1.09,N,0
40.58956,-105.88274,321.68,0.38,0.36,2020-08-18,858,N,VIIRS,n,2,286.53,2.79,N,0
40.59028,-105.82186,345.86,0.38,0.36,2020-08-18,858,N,VIIRS,n,2,294.82,4.75,N,0
40.59074,-105.86845,297.58,0.38,0.36,2020-08-18,858,N,VIIRS,n,2,283.19,0.77,N,0
40.59099,-105.82635,305.73,0.38,0.36,2020-08-18,858,N,VIIRS,n,2,284.89,1.43,N,0
40.59143,-105.87292,301.15,0.38,0.36,2020-08-18,858,N,VIIRS,n,2,283.92,1.09,N,0
40.59213,-105.8774,306.83,0.38,0.36,2020-08-18,858,N,VIIRS,n,2,283.69,1.09,N,0
40.5961,-105.88099,304.96,0.38,0.36,2020-08-18,858,N,VIIRS,n,2,283.96,0.88,N,0
40.59798,-105.87116,299.89,0.38,0.36,2020-08-18,858,N,VIIRS,n,2,283.22,0.67,N,0
40.59868,-105.87564,298.14,0.38,0.36,2020-08-18,858,N,VIIRS,n,2,282.75,0.67,N,0
40.59938,-105.88012,298.43,0.38,0.36,2020-08-18,858,N,VIIRS,n,2,281.24,0.88,N,0
40.60147,-105.89356,296.68,0.38,0.36,2020-08-18,858,N,VIIRS,n,2,281.21,0.85,N,0
40.60474,-105.89269,301.68,0.38,0.36,2020-08-18,858,N,VIIRS,n,2,280.24,1.01,N,0
40.60871,-105.89628,316.18,0.38,0.36,2020-08-18,858,N,VIIRS,n,2,283.86,2.18,N,0
40.61095,-105.80492,304.19,0.38,0.36,2020-08-18,858,N,VIIRS,n,2,283.37,1.18,N,0
40.61562,-105.81301,296.86,0.38,0.36,2020-08-18,858,N,VIIRS,n,2,282.42,0.77,N,0
40.61889,-105.87748,299.17,0.38,0.36,2020-08-18,858,N,VIIRS,n,2,282.1,0.72,N,0
40.61959,-105.81662,295.49,0.38,0.36,2020-08-18,858,N,VIIRS,n,2,282.97,0.49,N,0
40.62823,-105.76283,298.86,0.38,0.36,2020-08-18,858,N,VIIRS,n,2,281.18,0.79,N,0
40.62848,-105.78615,301.67,0.38,0.36,2020-08-18,858,N,VIIRS,n,2,284.4,0.89,N,0
40.62894,-105.76731,298.27,0.38,0.36,2020-08-18,858,N,VIIRS,n,2,280.28,0.79,N,0
40.62941,-105.87933,312.09,0.38,0.36,2020-08-18,858,N,VIIRS,n,2,283.02,1.06,N,0
40.62964,-105.7718,298.16,0.38,0.36,2020-08-18,858,N,VIIRS,n,2,278.24,0.86,N,0
40.6301,-105.8838,303.78,0.38,0.36,2020-08-18,858,N,VIIRS,n,2,281.14,2.79,N,0
40.63105,-105.78077,306.21,0.38,0.36,2020-08-18,858,N,VIIRS,n,2,283.4,0.89,N,0
40.63268,-105.87846,301.67,0.38,0.36,2020-08-18,858,N,VIIRS,n,2,282.59,1.06,N,0
40.63291,-105.77092,315.12,0.38,0.36,2020-08-18,858,N,VIIRS,n,2,284.36,1.85,N,0
40.63338,-105.88293,324.92,0.38,0.36,2020-08-18,858,N,VIIRS,n,2,285.48,2.79,N,0
40.63361,-105.7754,324.25,0.38,0.36,2020-08-18,858,N,VIIRS,n,2,286.87,1.85,N,0
40.63408,-105.88741,336.05,0.38,0.36,2020-08-18,858,N,VIIRS,n,2,288.32,2.79,N,0
40.63595,-105.87759,301.45,0.38,0.36,2020-08-18,858,N,VIIRS,n,2,283.69,1.34,N,0
40.63643,-105.79336,311.58,0.38,0.36,2020-08-18,858,N,VIIRS,n,2,284.91,1.4,N,0
40.63665,-105.88206,332.98,0.38,0.36,2020-08-18,858,N,VIIRS,n,2,288.6,4.59,N,0
40.63734,-105.88654,338.31,0.38,0.36,2020-08-18,858,N,VIIRS,n,2,293.76,4.59,N,0
40.63805,-105.89101,311.5,0.38,0.36,2020-08-18,858,N,VIIRS,n,2,283.93,1.58,N,0
40.63853,-105.80685,305.64,0.38,0.36,2020-08-18,858,N,VIIRS,n,2,283.81,1.13,N,0
40.63923,-105.81133,297.02,0.38,0.36,2020-08-18,858,N,VIIRS,n,2,284.81,1.13,N,0
40.63992,-105.8812,336.06,0.38,0.36,2020-08-18,858,N,VIIRS,n,2,292.32,4.59,N,0
40.6404,-105.79697,305.67,0.38,0.36,2020-08-18,858,N,VIIRS,n,2,284.92,1.51,N,0
40.64062,-105.88567,340.32,0.38,0.36,2020-08-18,858,N,VIIRS,n,2,295.23,4.59,N,0
40.64132,-105.89014,309.9,0.38,0.36,2020-08-18,858,N,VIIRS,n,2,284.91,1.58,N,0
40.6418,-105.80596,306.5,0.38,0.36,2020-08-18,858,N,VIIRS,n,2,285.08,1.13,N,0
40.64249,-105.87585,313.22,0.38,0.36,2020-08-18,858,N,VIIRS,n,2,284.85,0.92,N,0
40.64251,-105.81045,324.88,0.38,0.36,2020-08-18,858,N,VIIRS,n,2,286.33,1.13,N,0
40.64319,-105.88033,316.15,0.38,0.36,2020-08-18,858,N,VIIRS,n,2,287.39,1.87,N,0
40.64367,-105.79608,317.99,0.38,0.36,2020-08-18,858,N,VIIRS,n,2,287.1,1.97,N,0
40.64389,-105.8848,327.28,0.38,0.36,2020-08-18,858,N,VIIRS,n,2,291.68,1.87,N,0
40.64459,-105.88927,321.31,0.38,0.36,2020-08-18,858,N,VIIRS,n,2,287.39,2.8,N,0
40.64648,-105.81406,303.83,0.38,0.36,2020-08-18,858,N,VIIRS,n,2,284.57,1.25,N,0
40.64716,-105.88392,299.74,0.38,0.36,2020-08-18,858,N,VIIRS,n,2,283.55,1.87,N,0
40.65044,-105.88305,302.92,0.38,0.36,2020-08-18,858,N,VIIRS,n,2,282.91,2.11,N,0
40.65256,-105.83109,298.26,0.38,0.36,2020-08-18,858,N,VIIRS,n,2,283.72,1.05,N,0
40.65301,-105.8777,313.96,0.38,0.36,2020-08-18,858,N,VIIRS,n,2,287.27,2.11,N,0
40.65326,-105.83558,304.71,0.38,0.36,2020-08-18,858,N,VIIRS,n,2,284.02,1.05,N,0
40.65371,-105.88217,332.84,0.38,0.36,2020-08-18,858,N,VIIRS,n,2,287.49,2.11,N,0
40.65373,-105.81679,310.95,0.38,0.36,2020-08-18,858,N,VIIRS,n,2,286.82,1.01,N,0
40.65396,-105.84006,305.41,0.38,0.36,2020-08-18,858,N,VIIRS,n,2,283.05,1.63,N,0
40.65513,-105.82573,296.03,0.38,0.36,2020-08-18,858,N,VIIRS,n,2,284.26,0.85,N,0
40.65583,-105.83021,302.25,0.38,0.36,2020-08-18,858,N,VIIRS,n,2,283.91,2.49,N,0
40.65628,-105.87683,298.77,0.38,0.36,2020-08-18,858,N,VIIRS,n,2,283.59,0.61,N,0
40.65653,-105.83469,318.76,0.38,0.36,2020-08-18,858,N,VIIRS,n,2,287.81,2.49,N,0
40.65698,-105.88131,299.34,0.38,0.36,2020-08-18,858,N,VIIRS,n,2,285.38,0.61,N,0
40.65701,-105.8159,300.05,0.38,0.36,2020-08-18,858,N,VIIRS,n,2,285.33,1.01,N,0
40.65723,-105.83918,313.44,0.38,0.36,2020-08-18,858,N,VIIRS,n,2,286.78,1.69,N,0
40.6577,-105.82037,304.58,0.38,0.36,2020-08-18,858,N,VIIRS,n,2,285.55,0.85,N,0
40.65793,-105.84367,305.12,0.38,0.36,2020-08-18,858,N,VIIRS,n,2,284.77,1.69,N,0
40.6584,-105.82484,305.31,0.38,0.36,2020-08-18,858,N,VIIRS,n,2,286.29,0.85,N,0
40.65886,-105.87149,296.2,0.38,0.36,2020-08-18,858,N,VIIRS,n,2,284.58,0.62,N,0
40.6591,-105.82932,326.26,0.38,0.36,2020-08-18,858,N,VIIRS,n,2,289.45,2.49,N,0
40.65934,-105.85268,318.09,0.38,0.36,2020-08-18,858,N,VIIRS,n,2,287.81,2.33,N,0
40.65956,-105.87597,297.71,0.38,0.36,2020-08-18,858,N,VIIRS,n,2,285.64,0.61,N,0
40.6598,-105.83381,332.73,0.38,0.36,2020-08-18,858,N,VIIRS,n,2,292.79,2.49,N,0
40.6605,-105.8383,317.49,0.38,0.36,2020-08-18,858,N,VIIRS,n,2,286.81,1.69,N,0
40.66098,-105.8195,295.77,0.38,0.36,2020-08-18,858,N,VIIRS,n,2,285.07,0.94,N,0
40.66237,-105.82844,324.2,0.38,0.36,2020-08-18,858,N,VIIRS,n,2,290.28,2.84,N,0
40.66307,-105.83292,329.17,0.38,0.36,2020-08-18,858,N,VIIRS,n,2,291.29,2.84,N,0
40.66377,-105.83742,345.13,0.38,0.36,2020-08-18,858,N,VIIRS,n,2,290.77,9.38,N,0
40.57714,-105.88293,352.57,0.39,0.36,2020-08-19,2001,N,VIIRS,n,2,307.31,35.28,D,0
40.57847,-105.87379,352.69,0.39,0.36,2020-08-19,2001,N,VIIRS,n,2,300.11,20.82,D,0
40.58046,-105.86005,352.34,0.39,0.36,2020-08-19,2001,N,VIIRS,n,2,306.94,58.13,D,0
40.59031,-105.88632,351.12,0.39,0.36,2020-08-19,2001,N,VIIRS,n,2,304.08,53.01,D,0
40.59689,-105.88799,355.72,0.39,0.36,2020-08-19,2001,N,VIIRS,n,2,303.69,25.71,D,0
40.65823,-105.84186,344.01,0.39,0.36,2020-08-19,2001,N,VIIRS,n,2,300.45,63.49,D,0
40.65888,-105.83733,350.87,0.39,0.36,2020-08-19,2001,N,VIIRS,n,2,298.93,112.8,D,0
40.66218,-105.83816,367,0.39,0.36,2020-08-19,2001,N,VIIRS,h,2,362.22,112.8,D,0
40.6635,-105.82906,354.67,0.39,0.36,2020-08-19,2001,N,VIIRS,n,2,296.1,9.32,D,0
40.66418,-105.82444,349.55,0.39,0.36,2020-08-19,2001,N,VIIRS,n,2,293.92,9.32,D,0
40.66396,-105.84195,367,0.39,0.36,2020-08-19,2002,N,VIIRS,l,2,384.08,131.48,D,0
40.66462,-105.83743,367,0.39,0.36,2020-08-19,2002,N,VIIRS,h,2,378.81,93.64,D,0
40.66527,-105.83287,355.9,0.39,0.36,2020-08-19,2002,N,VIIRS,n,2,307.91,93.64,D,0
40.66726,-105.84274,352.59,0.39,0.36,2020-08-19,2002,N,VIIRS,n,2,302.72,131.48,D,0
40.66792,-105.8382,367,0.39,0.36,2020-08-19,2002,N,VIIRS,h,2,296.03,93.64,D,0
40.66857,-105.83364,347.21,0.39,0.36,2020-08-19,2002,N,VIIRS,n,2,292.21,93.64,D,0
40.5578,-105.87894,303.2,0.49,0.41,2020-08-19,839,N,VIIRS,n,2,282.72,2.55,N,0
40.56153,-105.87831,332.48,0.49,0.41,2020-08-19,839,N,VIIRS,n,2,289.88,3.45,N,0
40.56219,-105.88396,317.73,0.49,0.41,2020-08-19,839,N,VIIRS,n,2,283.74,3.45,N,0
40.56395,-105.86634,317.76,0.49,0.41,2020-08-19,839,N,VIIRS,n,2,285.06,3.58,N,0
40.56462,-105.87202,319.64,0.49,0.41,2020-08-19,839,N,VIIRS,n,2,287.47,3.58,N,0
40.56526,-105.87763,323.42,0.49,0.41,2020-08-19,839,N,VIIRS,n,2,288.23,3.45,N,0
40.56591,-105.88326,303.62,0.49,0.41,2020-08-19,839,N,VIIRS,n,2,282.83,3.45,N,0
40.56591,-105.81785,295.37,0.49,0.4,2020-08-19,839,N,VIIRS,n,2,281.46,0.87,N,0
40.56655,-105.88881,295.87,0.5,0.41,2020-08-19,839,N,VIIRS,n,2,281.23,1.11,N,0
40.56659,-105.81735,297.84,0.49,0.4,2020-08-19,839,N,VIIRS,n,2,282.07,0.62,N,0
40.5666,-105.82371,298.69,0.49,0.4,2020-08-19,839,N,VIIRS,n,2,282.19,0.87,N,0
40.56725,-105.82321,301.32,0.49,0.4,2020-08-19,839,N,VIIRS,n,2,283.34,1.74,N,0
40.56768,-105.86572,317.63,0.49,0.41,2020-08-19,839,N,VIIRS,n,2,287.31,3.54,N,0
40.56813,-105.86532,313.24,0.49,0.41,2020-08-19,839,N,VIIRS,n,2,285.82,1.7,N,0
40.56834,-105.87138,328.77,0.49,0.41,2020-08-19,839,N,VIIRS,n,2,289.77,3.54,N,0
40.56876,-105.87099,329.57,0.49,0.41,2020-08-19,839,N,VIIRS,n,2,290.68,3.23,N,0
40.56898,-105.87694,303.15,0.49,0.41,2020-08-19,839,N,VIIRS,n,2,283.79,1.88,N,0
40.56939,-105.87655,307.91,0.49,0.41,2020-08-19,839,N,VIIRS,n,2,284.87,3.23,N,0
40.56962,-105.81712,295.06,0.49,0.4,2020-08-19,839,N,VIIRS,n,2,282.47,0.87,N,0
40.56963,-105.8825,298.3,0.49,0.41,2020-08-19,839,N,VIIRS,n,2,282.07,1.88,N,0
40.57001,-105.88212,299.87,0.5,0.41,2020-08-19,839,N,VIIRS,n,2,282.87,2.35,N,0
40.57027,-105.88805,302.25,0.5,0.41,2020-08-19,839,N,VIIRS,n,2,281.36,2.02,N,0
40.57031,-105.823,296.3,0.49,0.4,2020-08-19,839,N,VIIRS,n,2,282.87,0.87,N,0
40.57063,-105.88767,306.65,0.5,0.41,2020-08-19,839,N,VIIRS,n,2,282.85,2.35,N,0
40.57096,-105.82249,297.74,0.49,0.4,2020-08-19,839,N,VIIRS,n,2,282.8,1.05,N,0
40.57141,-105.86507,313.1,0.49,0.41,2020-08-19,839,N,VIIRS,n,2,285.63,3.54,N,0
40.57186,-105.86467,305.59,0.49,0.41,2020-08-19,839,N,VIIRS,n,2,283.38,1.7,N,0
40.57206,-105.87067,325.97,0.49,0.41,2020-08-19,839,N,VIIRS,n,2,290.99,3.54,N,0
40.57248,-105.87027,326.8,0.49,0.41,2020-08-19,839,N,VIIRS,n,2,291.27,3.23,N,0
40.57271,-105.8762,304.15,0.49,0.41,2020-08-19,839,N,VIIRS,n,2,284.8,1.88,N,0
40.5731,-105.8758,303.36,0.49,0.41,2020-08-19,839,N,VIIRS,n,2,284.94,3.23,N,0
40.57335,-105.88174,319.35,0.49,0.41,2020-08-19,839,N,VIIRS,n,2,287.82,1.88,N,0
40.57336,-105.81658,295.78,0.49,0.4,2020-08-19,839,N,VIIRS,n,2,282.66,0.87,N,0
40.57372,-105.88136,317.87,0.5,0.41,2020-08-19,839,N,VIIRS,n,2,287.9,2.35,N,0
40.57399,-105.88727,314.84,0.5,0.41,2020-08-19,839,N,VIIRS,n,2,285.86,2.02,N,0
40.57434,-105.88689,321.49,0.5,0.41,2020-08-19,839,N,VIIRS,n,2,287.29,2.35,N,0
40.57514,-105.86436,301.06,0.49,0.41,2020-08-19,839,N,VIIRS,n,2,283.65,1.71,N,0
40.57558,-105.86396,297.54,0.49,0.41,2020-08-19,839,N,VIIRS,n,2,282.87,1.12,N,0
40.57578,-105.86989,303.2,0.49,0.41,2020-08-19,839,N,VIIRS,n,2,285.1,1.71,N,0
40.5762,-105.86949,300.71,0.49,0.41,2020-08-19,839,N,VIIRS,n,2,284.17,2.15,N,0
40.57706,-105.88098,315.37,0.49,0.41,2020-08-19,839,N,VIIRS,n,2,287.56,2.07,N,0
40.57714,-105.81004,298.43,0.49,0.4,2020-08-19,839,N,VIIRS,n,2,281.56,0.75,N,0
40.57744,-105.88058,309.62,0.5,0.41,2020-08-19,839,N,VIIRS,n,2,285.85,1.6,N,0
40.5777,-105.88651,319.46,0.5,0.41,2020-08-19,839,N,VIIRS,n,2,285.6,2.65,N,0
40.57778,-105.81567,298.92,0.49,0.4,2020-08-19,839,N,VIIRS,n,2,282.32,0.75,N,0
40.57806,-105.88612,316.68,0.5,0.41,2020-08-19,839,N,VIIRS,n,2,285.97,1.6,N,0
40.58078,-105.88017,295.33,0.49,0.41,2020-08-19,839,N,VIIRS,n,2,281.92,2.07,N,0
40.58115,-105.87977,298.69,0.5,0.41,2020-08-19,839,N,VIIRS,n,2,282.11,1.6,N,0
40.58178,-105.88533,297.47,0.5,0.41,2020-08-19,839,N,VIIRS,n,2,281.09,1.6,N,0
40.58207,-105.89127,305.08,0.5,0.41,2020-08-19,839,N,VIIRS,n,2,280.86,2.65,N,0
40.5824,-105.89089,305.64,0.5,0.41,2020-08-19,839,N,VIIRS,n,2,281.43,1.52,N,0
40.58487,-105.8789,306.38,0.5,0.41,2020-08-19,839,N,VIIRS,n,2,285.34,1.6,N,0
40.58549,-105.88452,303.77,0.5,0.41,2020-08-19,839,N,VIIRS,n,2,283.74,1.6,N,0
40.58589,-105.82034,302.14,0.49,0.4,2020-08-19,839,N,VIIRS,n,2,282.84,1.54,N,0
40.58657,-105.82639,297.93,0.49,0.4,2020-08-19,839,N,VIIRS,n,2,281.72,1.54,N,0
40.58896,-105.81388,302.42,0.49,0.4,2020-08-19,839,N,VIIRS,n,2,283.57,1.28,N,0
40.58921,-105.88371,307.03,0.5,0.41,2020-08-19,839,N,VIIRS,n,2,283.75,1.6,N,0
40.58963,-105.81982,319.61,0.49,0.4,2020-08-19,839,N,VIIRS,n,2,286.89,1.54,N,0
40.58985,-105.88939,307,0.5,0.41,2020-08-19,839,N,VIIRS,n,2,282.56,2.43,N,0
40.59031,-105.82588,303.47,0.49,0.4,2020-08-19,839,N,VIIRS,n,2,283.93,1.54,N,0
40.59293,-105.88297,304.91,0.5,0.41,2020-08-19,839,N,VIIRS,n,2,284.37,2.01,N,0
40.59337,-105.81938,316.47,0.49,0.4,2020-08-19,839,N,VIIRS,n,2,285.4,1.7,N,0
40.59356,-105.88852,325.66,0.5,0.41,2020-08-19,839,N,VIIRS,n,2,286.61,4.22,N,0
40.59405,-105.82539,306.92,0.49,0.4,2020-08-19,839,N,VIIRS,n,2,283.99,1.7,N,0
40.59666,-105.88231,316.25,0.5,0.41,2020-08-19,839,N,VIIRS,n,2,284.8,2.01,N,0
40.59729,-105.88789,333.2,0.5,0.41,2020-08-19,839,N,VIIRS,n,2,290.26,4.22,N,0
40.59792,-105.89353,309.2,0.5,0.41,2020-08-19,839,N,VIIRS,n,2,284.5,4.22,N,0
40.60104,-105.88747,318.79,0.5,0.41,2020-08-19,839,N,VIIRS,n,2,285.21,2.61,N,0
40.60169,-105.89319,329.45,0.5,0.41,2020-08-19,839,N,VIIRS,n,2,288.08,2.61,N,0
40.60542,-105.89256,300.82,0.5,0.41,2020-08-19,839,N,VIIRS,n,2,281.77,2.61,N,0
40.60976,-105.89717,302.84,0.5,0.41,2020-08-19,839,N,VIIRS,n,2,282.4,1.3,N,0
40.61895,-105.87749,295.55,0.5,0.41,2020-08-19,839,N,VIIRS,n,2,281.95,0.48,N,0
40.62269,-105.87691,301.55,0.5,0.41,2020-08-19,839,N,VIIRS,n,2,282.35,1.57,N,0
40.62328,-105.88208,299.49,0.5,0.41,2020-08-19,839,N,VIIRS,n,2,282.23,1.69,N,0
40.62703,-105.88154,308.02,0.5,0.41,2020-08-19,839,N,VIIRS,n,2,284.15,1.69,N,0
40.62773,-105.78786,297.34,0.49,0.4,2020-08-19,839,N,VIIRS,n,2,280.81,1.13,N,0
40.62937,-105.76916,302.33,0.49,0.4,2020-08-19,839,N,VIIRS,n,2,278.47,1.63,N,0
40.63074,-105.7811,308,0.49,0.4,2020-08-19,839,N,VIIRS,n,2,282.55,1.78,N,0
40.63078,-105.88106,296.44,0.5,0.41,2020-08-19,839,N,VIIRS,n,2,281.28,1.67,N,0
40.63309,-105.76857,311.01,0.49,0.4,2020-08-19,839,N,VIIRS,n,2,283.7,2.17,N,0
40.63378,-105.77454,317.69,0.49,0.4,2020-08-19,839,N,VIIRS,n,2,285.45,3.4,N,0
40.63514,-105.78638,303.27,0.49,0.4,2020-08-19,839,N,VIIRS,n,2,282.13,2.57,N,0
40.63516,-105.88612,308.94,0.5,0.41,2020-08-19,839,N,VIIRS,n,2,284.43,1.67,N,0
40.63584,-105.79237,304.39,0.49,0.4,2020-08-19,839,N,VIIRS,n,2,283.6,2.57,N,0
40.63829,-105.88025,305.13,0.5,0.41,2020-08-19,839,N,VIIRS,n,2,286.05,1.57,N,0
40.63887,-105.78573,315.43,0.49,0.4,2020-08-19,839,N,VIIRS,n,2,284.65,2.57,N,0
40.63891,-105.88567,300.19,0.5,0.41,2020-08-19,839,N,VIIRS,n,2,283.03,1.57,N,0
40.63954,-105.79159,332.32,0.49,0.4,2020-08-19,839,N,VIIRS,n,2,292.82,2.57,N,0
40.64028,-105.79797,304.95,0.49,0.4,2020-08-19,839,N,VIIRS,n,2,285.08,1.96,N,0
40.64106,-105.80476,305.27,0.49,0.4,2020-08-19,839,N,VIIRS,n,2,283.91,1.96,N,0
40.64174,-105.81067,297.52,0.49,0.4,2020-08-19,839,N,VIIRS,n,2,285.41,1.99,N,0
40.64205,-105.87976,305.85,0.5,0.41,2020-08-19,839,N,VIIRS,n,2,285.42,1.57,N,0
40.64326,-105.79097,343.95,0.49,0.4,2020-08-19,839,N,VIIRS,n,2,292.55,5.94,N,0
40.64397,-105.79706,297.94,0.49,0.4,2020-08-19,839,N,VIIRS,n,2,282.68,2.37,N,0
40.64547,-105.81009,295.96,0.49,0.4,2020-08-19,839,N,VIIRS,n,2,284.62,1.31,N,0
40.6458,-105.87926,296.17,0.5,0.41,2020-08-19,839,N,VIIRS,n,2,282.96,1.07,N,0
40.64639,-105.88449,297.95,0.5,0.41,2020-08-19,839,N,VIIRS,n,2,282.88,1.07,N,0
40.64698,-105.79033,330.13,0.49,0.4,2020-08-19,839,N,VIIRS,n,2,286.26,5.94,N,0
40.64844,-105.80289,301.64,0.49,0.4,2020-08-19,839,N,VIIRS,n,2,284.36,2.37,N,0
40.6492,-105.80951,304.19,0.49,0.4,2020-08-19,839,N,VIIRS,n,2,285.12,1.31,N,0
40.65363,-105.81489,299.21,0.49,0.4,2020-08-19,839,N,VIIRS,n,2,284.92,0.95,N,0
40.65388,-105.88331,310.19,0.5,0.41,2020-08-19,839,N,VIIRS,n,2,286.17,1.89,N,0
40.65606,-105.83605,297.39,0.49,0.41,2020-08-19,839,N,VIIRS,n,2,283.04,1.3,N,0
40.65675,-105.84205,297.24,0.49,0.41,2020-08-19,839,N,VIIRS,n,2,281.47,0.94,N,0
40.65734,-105.81421,299.19,0.49,0.4,2020-08-19,839,N,VIIRS,n,2,285.06,0.95,N,0
40.65767,-105.88313,305.97,0.5,0.41,2020-08-19,839,N,VIIRS,n,2,284.8,1.89,N,0
40.65849,-105.82417,295.5,0.49,0.41,2020-08-19,839,N,VIIRS,n,2,283.79,1.67,N,0
40.65977,-105.83525,295.33,0.49,0.41,2020-08-19,839,N,VIIRS,n,2,282.66,1.3,N,0
40.66046,-105.84124,297.75,0.49,0.41,2020-08-19,839,N,VIIRS,n,2,282.8,0.94,N,0
40.66164,-105.81845,321.75,0.49,0.4,2020-08-19,839,N,VIIRS,n,2,287.9,2.95,N,0
40.6622,-105.82336,314.9,0.49,0.41,2020-08-19,839,N,VIIRS,n,2,288,2.95,N,0
40.66282,-105.82875,335.95,0.49,0.41,2020-08-19,839,N,VIIRS,n,2,289.49,3.03,N,0
40.66349,-105.83454,313.16,0.49,0.41,2020-08-19,839,N,VIIRS,n,2,286.54,3.03,N,0
40.66418,-105.84054,298.69,0.49,0.41,2020-08-19,839,N,VIIRS,n,2,283.34,1.1,N,0
40.66724,-105.8341,304.22,0.49,0.41,2020-08-19,839,N,VIIRS,n,2,284.04,3.03,N,0
40.55428,-105.88988,298.32,0.54,0.68,2020-08-20,1000,N,VIIRS,n,2,282.56,2.32,N,0
40.55492,-105.88377,308.48,0.54,0.68,2020-08-20,1000,N,VIIRS,n,2,283.96,1.8,N,0
40.5571,-105.89091,298.11,0.54,0.68,2020-08-20,1000,N,VIIRS,n,2,282.31,1.8,N,0
40.55944,-105.88454,314.08,0.54,0.68,2020-08-20,1000,N,VIIRS,n,2,285.44,2.32,N,0
40.56024,-105.87886,300.17,0.54,0.68,2020-08-20,1000,N,VIIRS,n,2,283.39,1.3,N,0
40.56231,-105.88565,296.83,0.54,0.68,2020-08-20,1000,N,VIIRS,n,2,282.62,1.3,N,0
40.56738,-105.82217,295.24,0.54,0.68,2020-08-20,1000,N,VIIRS,n,2,283.02,1.37,N,0
40.59325,-105.8174,296.98,0.54,0.68,2020-08-20,1000,N,VIIRS,n,2,283.13,2.14,N,0
40.66584,-105.83707,296.64,0.54,0.68,2020-08-20,1000,N,VIIRS,n,2,283.36,0.64,N,0
40.66552,-105.83508,333.18,0.45,0.39,2020-08-20,1943,N,VIIRS,n,2,277.16,5.32,D,0
40.55194,-105.88338,295.98,0.56,0.51,2020-08-20,820,N,VIIRS,n,2,283.52,2.72,N,0
40.55628,-105.87703,298.19,0.56,0.51,2020-08-20,820,N,VIIRS,n,2,282.54,2.72,N,0
40.55635,-105.8823,324.85,0.56,0.52,2020-08-20,820,N,VIIRS,n,2,289.19,5.34,N,0
40.55673,-105.88299,327.29,0.56,0.51,2020-08-20,820,N,VIIRS,n,2,290.02,2.72,N,0
40.55676,-105.88822,317.6,0.56,0.52,2020-08-20,820,N,VIIRS,n,2,286.88,5.34,N,0
40.55717,-105.88894,313.39,0.56,0.52,2020-08-20,820,N,VIIRS,n,2,285.98,5.05,N,0
40.56114,-105.88212,305.41,0.56,0.52,2020-08-20,820,N,VIIRS,n,2,285.04,3.34,N,0
40.56153,-105.88285,302.79,0.56,0.51,2020-08-20,820,N,VIIRS,n,2,284.42,3.06,N,0
40.56199,-105.88898,296.17,0.56,0.52,2020-08-20,820,N,VIIRS,n,2,280.14,1.67,N,0
40.56649,-105.82095,304.68,0.56,0.51,2020-08-20,820,N,VIIRS,n,2,283.22,1.69,N,0
40.56654,-105.82186,306.15,0.56,0.51,2020-08-20,820,N,VIIRS,n,2,283.22,3.61,N,0
40.57125,-105.82046,296.15,0.56,0.51,2020-08-20,820,N,VIIRS,n,2,283.45,1.69,N,0
40.57586,-105.88623,302.13,0.56,0.52,2020-08-20,820,N,VIIRS,n,2,284.18,2.93,N,0
40.57627,-105.88691,302.36,0.56,0.52,2020-08-20,820,N,VIIRS,n,2,284.28,2.46,N,0
40.59014,-105.88385,302,0.56,0.52,2020-08-20,820,N,VIIRS,n,2,283.02,2.25,N,0
40.59058,-105.89011,297.39,0.56,0.52,2020-08-20,820,N,VIIRS,n,2,282.92,1.94,N,0
40.59491,-105.88322,308.49,0.56,0.52,2020-08-20,820,N,VIIRS,n,2,285.62,2.25,N,0
40.59533,-105.88922,299.84,0.56,0.52,2020-08-20,820,N,VIIRS,n,2,283.57,1.94,N,0
40.60015,-105.88931,304.92,0.56,0.52,2020-08-20,820,N,VIIRS,n,2,284.78,3.1,N,0
40.66366,-105.83678,299.75,0.56,0.51,2020-08-20,820,N,VIIRS,n,2,283.56,2.87,N,0
40.66393,-105.83688,302.26,0.56,0.51,2020-08-20,820,N,VIIRS,n,2,284.13,1.92,N,0
40.6642,-105.84401,303.88,0.56,0.51,2020-08-20,820,N,VIIRS,n,2,284.82,2.41,N,0
40.66443,-105.84412,301.61,0.56,0.51,2020-08-20,820,N,VIIRS,n,2,284.58,1.92,N,0
40.55937,-105.79778,331.21,0.48,0.48,2020-08-21,1924,N,VIIRS,n,2,296.28,6.84,D,0
40.56053,-105.79276,340.89,0.48,0.48,2020-08-21,1924,N,VIIRS,n,2,294.84,7,D,0
40.56252,-105.80434,340.19,0.48,0.48,2020-08-21,1924,N,VIIRS,n,2,297.04,146.83,D,0
40.56365,-105.79945,367,0.48,0.48,2020-08-21,1924,N,VIIRS,l,2,359.79,146.83,D,0
40.56482,-105.79443,352.75,0.48,0.48,2020-08-21,1924,N,VIIRS,n,2,309.45,223.85,D,0
40.5668,-105.80602,340.22,0.48,0.48,2020-08-21,1924,N,VIIRS,n,2,297.9,146.83,D,0
40.56792,-105.80119,367,0.48,0.48,2020-08-21,1924,N,VIIRS,l,2,326.49,146.83,D,0
40.56908,-105.79615,367,0.48,0.48,2020-08-21,1924,N,VIIRS,l,2,331.92,223.85,D,0
40.57949,-105.81178,336.45,0.48,0.48,2020-08-21,1924,N,VIIRS,n,2,310.85,40.58,D,0
40.58015,-105.80762,339.97,0.48,0.48,2020-08-21,1924,N,VIIRS,n,2,297.34,48.96,D,0
40.58062,-105.80688,335.93,0.48,0.48,2020-08-21,1924,N,VIIRS,n,2,295.52,40.58,D,0
40.64484,-105.79078,331.46,0.48,0.48,2020-08-21,1924,N,VIIRS,n,2,295.06,6.13,D,0
40.64765,-105.79878,339.57,0.48,0.48,2020-08-21,1924,N,VIIRS,n,2,294.88,12.14,D,0
40.64908,-105.79261,340.3,0.48,0.48,2020-08-21,1924,N,VIIRS,n,2,297.76,12.14,D,0
40.66156,-105.83936,350.39,0.48,0.48,2020-08-21,1924,N,VIIRS,n,2,300.6,32.98,D,0
40.66288,-105.83367,341.28,0.48,0.48,2020-08-21,1924,N,VIIRS,n,2,309.07,32.98,D,0
40.66408,-105.82849,367,0.48,0.48,2020-08-21,1924,N,VIIRS,l,2,373.89,300.21,D,0
40.66518,-105.82375,344.74,0.48,0.48,2020-08-21,1924,N,VIIRS,n,2,297.55,300.21,D,0
40.6656,-105.86234,344.78,0.48,0.48,2020-08-21,1924,N,VIIRS,n,2,301.2,52.77,D,0
40.66825,-105.83065,367,0.48,0.48,2020-08-21,1924,N,VIIRS,l,2,364.52,254.73,D,0
40.66941,-105.82565,345.14,0.48,0.48,2020-08-21,1924,N,VIIRS,n,2,304.78,254.73,D,0
40.55983,-105.79621,367,0.67,0.74,2020-08-21,2105,N,VIIRS,h,2,308.05,76.23,D,0
40.55988,-105.78676,332.4,0.67,0.74,2020-08-21,2105,N,VIIRS,n,2,291.29,76.23,D,0
40.56043,-105.80489,342.1,0.67,0.73,2020-08-21,2105,N,VIIRS,n,2,292.86,49.85,D,0
40.56055,-105.79385,367,0.67,0.73,2020-08-21,2105,N,VIIRS,h,2,307.27,49.85,D,0
40.56664,-105.80673,350.41,0.67,0.73,2020-08-21,2105,N,VIIRS,n,2,294.56,64.16,D,0
40.56671,-105.79536,367,0.67,0.74,2020-08-21,2105,N,VIIRS,h,2,301.6,76.23,D,0
40.56731,-105.8042,354.34,0.67,0.73,2020-08-21,2105,N,VIIRS,n,2,296.34,41.05,D,0
40.56743,-105.7935,367,0.67,0.73,2020-08-21,2105,N,VIIRS,h,2,297.85,41.05,D,0
40.57408,-105.81323,335.53,0.67,0.73,2020-08-21,2105,N,VIIRS,n,2,295.95,16.87,D,0
40.58033,-105.81336,355.31,0.67,0.73,2020-08-21,2105,N,VIIRS,n,2,296.39,31.96,D,0
40.5804,-105.80339,367,0.67,0.73,2020-08-21,2105,N,VIIRS,h,2,294.83,31.96,D,0
40.58097,-105.81097,354.67,0.67,0.73,2020-08-21,2105,N,VIIRS,n,2,297.48,40.27,D,0
40.58108,-105.80183,347.6,0.67,0.73,2020-08-21,2105,N,VIIRS,n,2,293.53,37.21,D,0
40.64221,-105.8073,351.76,0.67,0.73,2020-08-21,2105,N,VIIRS,n,2,301.64,20.79,D,0
40.64226,-105.80143,336.07,0.67,0.73,2020-08-21,2105,N,VIIRS,n,2,298.32,20.79,D,0
40.64237,-105.78947,341.85,0.67,0.74,2020-08-21,2105,N,VIIRS,n,2,298.01,216.31,D,0
40.64901,-105.81384,367,0.67,0.73,2020-08-21,2105,N,VIIRS,h,2,309.03,41.33,D,0
40.64908,-105.80709,342.03,0.67,0.73,2020-08-21,2105,N,VIIRS,n,2,299.65,20.79,D,0
40.64918,-105.79636,208,0.67,0.74,2020-08-21,2105,N,VIIRS,l,2,302.29,216.31,D,0
40.64926,-105.78872,367,0.67,0.74,2020-08-21,2105,N,VIIRS,l,2,340.02,216.31,D,0
40.64934,-105.77993,348.06,0.67,0.74,2020-08-21,2105,N,VIIRS,n,2,291.94,304.85,D,0
40.66257,-105.83062,353.42,0.67,0.73,2020-08-21,2105,N,VIIRS,n,2,315.16,47.13,D,0
40.66268,-105.83067,352.13,0.67,0.73,2020-08-21,2105,N,VIIRS,n,2,320.7,169.89,D,0
40.66277,-105.81208,367,0.67,0.73,2020-08-21,2105,N,VIIRS,h,2,304.54,178.3,D,0
40.66277,-105.81205,367,0.67,0.73,2020-08-21,2105,N,VIIRS,h,2,307.27,47.13,D,0
40.66936,-105.83698,348.57,0.67,0.73,2020-08-21,2105,N,VIIRS,n,2,297.15,112.91,D,0
40.66946,-105.82819,367,0.67,0.73,2020-08-21,2105,N,VIIRS,l,2,335.6,260.55,D,0
40.66951,-105.83704,336.83,0.67,0.73,2020-08-21,2105,N,VIIRS,n,2,298.66,169.89,D,0
40.66956,-105.82829,367,0.67,0.73,2020-08-21,2105,N,VIIRS,l,2,332.52,169.89,D,0
40.66963,-105.81299,367,0.67,0.73,2020-08-21,2105,N,VIIRS,h,2,300.9,260.55,D,0
40.66964,-105.81311,367,0.67,0.73,2020-08-21,2105,N,VIIRS,h,2,297.49,178.3,D,0
40.56638,-105.7972,311.42,0.49,0.65,2020-08-21,801,N,VIIRS,n,2,277.5,2.81,N,0
40.56652,-105.80209,316.52,0.49,0.65,2020-08-21,801,N,VIIRS,n,2,277.92,2.81,N,0
40.56671,-105.79882,337.48,0.49,0.65,2020-08-21,801,N,VIIRS,n,2,278.57,2.77,N,0
40.57249,-105.79697,295.4,0.49,0.65,2020-08-21,801,N,VIIRS,n,2,278.07,1.49,N,0
40.57265,-105.80235,310.75,0.49,0.65,2020-08-21,801,N,VIIRS,n,2,280.82,1.49,N,0
40.57282,-105.79869,297.78,0.49,0.65,2020-08-21,801,N,VIIRS,n,2,278.6,2.77,N,0
40.56946,-105.79901,312.89,0.32,0.54,2020-08-21,941,N,VIIRS,n,2,277.85,1.38,N,0
40.57057,-105.80329,309.79,0.32,0.54,2020-08-21,941,N,VIIRS,n,2,279.51,1.38,N,0
40.55361,-105.79564,345.56,0.41,0.61,2020-08-22,1905,N,VIIRS,n,2,308.33,62.24,D,0
40.55478,-105.7915,351.84,0.41,0.61,2020-08-22,1905,N,VIIRS,n,2,293.93,47.69,D,0
40.55885,-105.79848,336.41,0.41,0.61,2020-08-22,1905,N,VIIRS,n,2,306.99,62.24,D,0
40.55997,-105.79449,367,0.41,0.61,2020-08-22,1905,N,VIIRS,h,2,300.42,47.69,D,0
40.56112,-105.79044,367,0.41,0.61,2020-08-22,1905,N,VIIRS,h,2,308.98,47.69,D,0
40.56197,-105.80886,343.86,0.41,0.61,2020-08-22,1905,N,VIIRS,n,2,297.24,9.84,D,0
40.56312,-105.80477,367,0.41,0.61,2020-08-22,1905,N,VIIRS,h,2,303.18,7.24,D,0
40.56421,-105.80088,332.75,0.41,0.61,2020-08-22,1905,N,VIIRS,n,2,305.72,7.24,D,0
40.56652,-105.79271,335.99,0.41,0.61,2020-08-22,1905,N,VIIRS,n,2,297.52,6.63,D,0
40.56956,-105.80333,330.62,0.41,0.61,2020-08-22,1905,N,VIIRS,n,2,296.53,7.24,D,0
40.5706,-105.79965,348.76,0.41,0.61,2020-08-22,1905,N,VIIRS,n,2,300.49,6.63,D,0
40.57185,-105.79521,339.04,0.41,0.61,2020-08-22,1905,N,VIIRS,n,2,295.34,6.63,D,0
40.57999,-105.80919,367,0.41,0.61,2020-08-22,1905,N,VIIRS,h,2,299.49,17.22,D,0
40.58107,-105.80535,333.83,0.41,0.61,2020-08-22,1905,N,VIIRS,n,2,293.02,19.23,D,0
40.58914,-105.89663,367,0.42,0.61,2020-08-22,1905,N,VIIRS,h,2,294.67,8.26,D,0
40.5904,-105.89219,355.56,0.42,0.61,2020-08-22,1905,N,VIIRS,n,2,297.42,8.26,D,0
40.5925,-105.89404,367,0.42,0.61,2020-08-22,1905,N,VIIRS,h,2,298.8,14.44,D,0
40.60611,-105.80209,367,0.41,0.61,2020-08-22,1905,N,VIIRS,h,2,301.05,14.45,D,0
40.6072,-105.79817,341.33,0.41,0.61,2020-08-22,1905,N,VIIRS,n,2,295.95,16.71,D,0
40.60878,-105.7925,352.26,0.41,0.61,2020-08-22,1905,N,VIIRS,n,2,298.45,16.71,D,0
40.61084,-105.78512,367,0.41,0.61,2020-08-22,1905,N,VIIRS,h,2,294.19,20.88,D,0
40.64108,-105.78456,367,0.41,0.61,2020-08-22,1905,N,VIIRS,h,2,302.43,27.18,D,0
40.64198,-105.88132,333.02,0.41,0.61,2020-08-22,1905,N,VIIRS,l,2,305.06,6.31,D,0
40.64294,-105.87794,341.41,0.41,0.61,2020-08-22,1905,N,VIIRS,n,2,302.57,6.31,D,0
40.64367,-105.79002,354.68,0.41,0.61,2020-08-22,1905,N,VIIRS,n,2,300.12,28.09,D,0
40.64493,-105.78557,367,0.41,0.61,2020-08-22,1905,N,VIIRS,h,2,299.63,28.09,D,0
40.64626,-105.78755,352.42,0.41,0.61,2020-08-22,1905,N,VIIRS,n,2,310.89,27.18,D,0
40.64746,-105.7832,351.25,0.41,0.61,2020-08-22,1905,N,VIIRS,n,2,296,34.31,D,0
40.64841,-105.88,338.31,0.41,0.61,2020-08-22,1905,N,VIIRS,n,2,307.69,6.31,D,0
40.64891,-105.79282,356.85,0.41,0.61,2020-08-22,1905,N,VIIRS,n,2,302.62,28.09,D,0
40.65017,-105.78834,367,0.41,0.61,2020-08-22,1905,N,VIIRS,h,2,312.5,28.09,D,0
40.65388,-105.88205,346.49,0.41,0.61,2020-08-22,1905,N,VIIRS,n,2,301.95,6.57,D,0
40.66411,-105.86723,333.87,0.41,0.61,2020-08-22,1905,N,VIIRS,n,2,283.96,3.57,D,0
40.66453,-105.82288,367,0.41,0.61,2020-08-22,1905,N,VIIRS,h,2,304.11,28.24,D,0
40.66543,-105.8197,349.16,0.41,0.61,2020-08-22,1905,N,VIIRS,n,2,315.31,28.24,D,0
40.6663,-105.8166,367,0.41,0.61,2020-08-22,1905,N,VIIRS,h,2,315.51,30.27,D,0
40.66719,-105.81343,344.79,0.41,0.61,2020-08-22,1905,N,VIIRS,n,2,300.48,30.27,D,0
40.67088,-105.82173,331.08,0.41,0.61,2020-08-22,1905,N,VIIRS,n,2,296.13,8.51,D,0
40.5495,-105.79246,356.11,0.38,0.58,2020-08-22,2046,N,VIIRS,n,2,315.55,191.8,D,0
40.54975,-105.7877,333.91,0.38,0.58,2020-08-22,2046,N,VIIRS,n,2,294.25,99.47,D,0
40.55476,-105.7962,367,0.38,0.58,2020-08-22,2046,N,VIIRS,l,2,334.91,191.8,D,0
40.55502,-105.79124,367,0.38,0.58,2020-08-22,2046,N,VIIRS,l,2,370.84,191.8,D,0
40.55527,-105.78632,367,0.38,0.58,2020-08-22,2046,N,VIIRS,h,2,297.58,99.47,D,0
40.55551,-105.78168,342.75,0.38,0.58,2020-08-22,2046,N,VIIRS,n,2,292.66,99.47,D,0
40.55993,-105.80152,367,0.38,0.58,2020-08-22,2046,N,VIIRS,h,2,304.19,22.19,D,0
40.56022,-105.79602,348.36,0.38,0.58,2020-08-22,2046,N,VIIRS,n,2,305.88,84.17,D,0
40.56049,-105.79086,367,0.38,0.58,2020-08-22,2046,N,VIIRS,l,2,330.74,84.17,D,0
40.56074,-105.78614,347.73,0.38,0.58,2020-08-22,2046,N,VIIRS,n,2,295.42,83.94,D,0
40.5641,-105.8259,367,0.37,0.58,2020-08-22,2046,N,VIIRS,h,2,302.61,11.87,D,0
40.56456,-105.81702,332.87,0.37,0.58,2020-08-22,2046,N,VIIRS,n,2,299.62,7.69,D,0
40.56537,-105.80167,367,0.38,0.58,2020-08-22,2046,N,VIIRS,h,2,300.69,22.19,D,0
40.56577,-105.82063,339.86,0.37,0.58,2020-08-22,2046,N,VIIRS,n,2,301.52,10.63,D,0
40.56599,-105.81604,339.61,0.37,0.58,2020-08-22,2046,N,VIIRS,n,2,299.72,10.74,D,0
40.56672,-105.80029,342.98,0.38,0.58,2020-08-22,2046,N,VIIRS,n,2,299.97,15.99,D,0
40.56998,-105.81745,336.12,0.37,0.58,2020-08-22,2046,N,VIIRS,n,2,302.49,7.07,D,0
40.57053,-105.80726,330.98,0.37,0.58,2020-08-22,2046,N,VIIRS,n,2,295.46,23.18,D,0
40.57083,-105.8016,367,0.38,0.58,2020-08-22,2046,N,VIIRS,h,2,315.7,23.18,D,0
40.57111,-105.79635,330.13,0.38,0.58,2020-08-22,2046,N,VIIRS,n,2,294.74,22.15,D,0
40.5719,-105.80592,352.77,0.38,0.58,2020-08-22,2046,N,VIIRS,n,2,302.08,15.99,D,0
40.57217,-105.8003,367,0.38,0.58,2020-08-22,2046,N,VIIRS,h,2,305.88,15.99,D,0
40.57573,-105.81197,331,0.37,0.58,2020-08-22,2046,N,VIIRS,n,2,298.47,7.07,D,0
40.57602,-105.80645,355.28,0.37,0.58,2020-08-22,2046,N,VIIRS,n,2,302.97,23.18,D,0
40.57629,-105.80141,340.2,0.38,0.58,2020-08-22,2046,N,VIIRS,n,2,295.23,23.18,D,0
40.57689,-105.81571,344.6,0.37,0.58,2020-08-22,2046,N,VIIRS,n,2,301.22,23.13,D,0
40.57713,-105.81055,349.74,0.38,0.58,2020-08-22,2046,N,VIIRS,n,2,298.88,23.13,D,0
40.57739,-105.80511,367,0.38,0.58,2020-08-22,2046,N,VIIRS,h,2,300.24,54.65,D,0
40.5807,-105.8209,334.43,0.37,0.58,2020-08-22,2046,N,VIIRS,n,2,300.61,7.19,D,0
40.58093,-105.81646,348.96,0.37,0.58,2020-08-22,2046,N,VIIRS,n,2,298.59,36.08,D,0
40.58119,-105.81163,348.04,0.37,0.58,2020-08-22,2046,N,VIIRS,n,2,314.92,36.08,D,0
40.58149,-105.80603,357.57,0.37,0.58,2020-08-22,2046,N,VIIRS,n,2,298.77,39.27,D,0
40.58235,-105.81544,348.28,0.37,0.58,2020-08-22,2046,N,VIIRS,n,2,297.44,23.13,D,0
40.58258,-105.81052,367,0.38,0.58,2020-08-22,2046,N,VIIRS,h,2,315.04,23.13,D,0
40.58972,-105.88807,352.97,0.37,0.58,2020-08-22,2046,N,VIIRS,n,2,308.42,6.19,D,0
40.59244,-105.83193,335.05,0.37,0.58,2020-08-22,2046,N,VIIRS,n,2,307.72,74.12,D,0
40.59265,-105.82761,351.06,0.37,0.58,2020-08-22,2046,N,VIIRS,l,2,338.56,74.12,D,0
40.59285,-105.82336,335.65,0.37,0.58,2020-08-22,2046,N,VIIRS,n,2,299.5,59.28,D,0
40.59327,-105.81483,367,0.37,0.58,2020-08-22,2046,N,VIIRS,h,2,304.13,10.44,D,0
40.59349,-105.81012,336.56,0.38,0.58,2020-08-22,2046,N,VIIRS,n,2,297.11,10.44,D,0
40.59509,-105.8891,367,0.37,0.58,2020-08-22,2046,N,VIIRS,h,2,297.71,7.07,D,0
40.60479,-105.80176,367,0.38,0.58,2020-08-22,2046,N,VIIRS,h,2,301.69,11.77,D,0
40.60505,-105.79646,335.33,0.38,0.58,2020-08-22,2046,N,VIIRS,n,2,288.16,11.67,D,0
40.61026,-105.80147,347.33,0.38,0.58,2020-08-22,2046,N,VIIRS,n,2,298.9,6.61,D,0
40.65513,-105.88242,345.49,0.37,0.58,2020-08-22,2046,N,VIIRS,n,2,300.01,14.1,D,0
40.65544,-105.87639,367,0.37,0.58,2020-08-22,2046,N,VIIRS,h,2,309.45,30.44,D,0
40.65715,-105.84359,343.11,0.37,0.58,2020-08-22,2046,N,VIIRS,n,2,298.45,3.18,D,0
40.65757,-105.83525,340.9,0.37,0.58,2020-08-22,2046,N,VIIRS,n,2,294.21,5.66,D,0
40.66068,-105.88017,332.38,0.37,0.58,2020-08-22,2046,N,VIIRS,n,2,294.76,4.78,D,0
40.66094,-105.87517,353.08,0.37,0.58,2020-08-22,2046,N,VIIRS,n,2,296.55,9.61,D,0
40.66124,-105.86942,339.55,0.37,0.58,2020-08-22,2046,N,VIIRS,n,2,296.75,9.61,D,0
40.66161,-105.86258,367,0.37,0.58,2020-08-22,2046,N,VIIRS,h,2,307.3,25.25,D,0
40.66203,-105.85438,335.11,0.37,0.58,2020-08-22,2046,N,VIIRS,n,2,299.78,9.81,D,0
40.66221,-105.85094,367,0.37,0.58,2020-08-22,2046,N,VIIRS,h,2,307.85,9.81,D,0
40.66256,-105.84406,341.67,0.37,0.58,2020-08-22,2046,N,VIIRS,n,2,297,17.18,D,0
40.66391,-105.81824,357.07,0.37,0.58,2020-08-22,2046,N,VIIRS,l,2,285.23,11.92,D,0
40.66823,-105.83965,351.89,0.37,0.58,2020-08-22,2046,N,VIIRS,n,2,303.41,18.68,D,0
40.66847,-105.83511,367,0.37,0.58,2020-08-22,2046,N,VIIRS,h,2,299.53,18.68,D,0
40.66872,-105.83043,367,0.37,0.58,2020-08-22,2046,N,VIIRS,h,2,303.75,18.37,D,0
40.669,-105.8251,367,0.37,0.58,2020-08-22,2046,N,VIIRS,h,2,309.24,18.37,D,0
40.66915,-105.83975,353.18,0.37,0.58,2020-08-22,2046,N,VIIRS,n,2,302.07,17.65,D,0
40.66932,-105.81889,367,0.37,0.58,2020-08-22,2046,N,VIIRS,h,2,300.59,11.92,D,0
40.66936,-105.83514,350.73,0.37,0.58,2020-08-22,2046,N,VIIRS,n,2,299.11,17.65,D,0
40.66957,-105.83051,367,0.37,0.58,2020-08-22,2046,N,VIIRS,h,2,303.74,16.19,D,0
40.6697,-105.81177,342.79,0.38,0.58,2020-08-22,2046,N,VIIRS,n,2,295.1,11.92,D,0
40.66982,-105.8252,367,0.38,0.58,2020-08-22,2046,N,VIIRS,h,2,307.95,16.19,D,0
40.6701,-105.81924,351.5,0.38,0.58,2020-08-22,2046,N,VIIRS,n,2,297.92,10.05,D,0
40.67042,-105.81213,337.73,0.38,0.58,2020-08-22,2046,N,VIIRS,n,2,296.47,10.05,D,0
40.56042,-105.79513,308.17,0.56,0.43,2020-08-22,923,N,VIIRS,n,2,281.29,1.87,N,0
40.56192,-105.80213,304.13,0.56,0.43,2020-08-22,923,N,VIIRS,n,2,278.85,1.87,N,0
40.56422,-105.7935,304.22,0.56,0.43,2020-08-22,923,N,VIIRS,n,2,280.55,1.14,N,0
40.5657,-105.80042,301.67,0.56,0.43,2020-08-22,923,N,VIIRS,n,2,281.93,1.14,N,0
40.56947,-105.79863,299.29,0.56,0.43,2020-08-22,923,N,VIIRS,n,2,281.11,1.14,N,0
40.57993,-105.80886,297.11,0.56,0.43,2020-08-22,923,N,VIIRS,n,2,281.01,1.57,N,0
40.59162,-105.82491,296.8,0.56,0.43,2020-08-22,923,N,VIIRS,n,2,283.15,1.72,N,0
40.59189,-105.83026,296.32,0.56,0.43,2020-08-22,923,N,VIIRS,n,2,281.53,1.06,N,0
40.59301,-105.81631,325.33,0.56,0.43,2020-08-22,923,N,VIIRS,n,2,285.41,5.44,N,0
40.5941,-105.81707,323.53,0.56,0.43,2020-08-22,923,N,VIIRS,n,2,285.3,4.12,N,0
40.612,-105.78908,298.94,0.56,0.43,2020-08-22,923,N,VIIRS,n,2,283.74,1,N,0
40.61317,-105.79456,308.49,0.56,0.43,2020-08-22,923,N,VIIRS,n,2,283.92,2.53,N,0
40.64157,-105.81094,301.25,0.56,0.43,2020-08-22,923,N,VIIRS,n,2,283.69,1.28,N,0
40.64413,-105.80352,311.62,0.56,0.43,2020-08-22,923,N,VIIRS,n,2,286.98,2.56,N,0
40.64539,-105.80943,300.54,0.56,0.43,2020-08-22,923,N,VIIRS,n,2,284.12,1.22,N,0
40.64549,-105.79057,300.84,0.56,0.43,2020-08-22,923,N,VIIRS,n,2,282.04,3.01,N,0
40.64681,-105.79674,300.82,0.56,0.43,2020-08-22,923,N,VIIRS,n,2,283.2,2.56,N,0
40.64922,-105.80795,295.92,0.56,0.43,2020-08-22,923,N,VIIRS,n,2,285.24,1.22,N,0
40.64931,-105.78905,311.65,0.56,0.43,2020-08-22,923,N,VIIRS,n,2,285.34,2.29,N,0
40.65068,-105.79545,322.38,0.56,0.43,2020-08-22,923,N,VIIRS,n,2,284.89,3.81,N,0
40.65729,-105.88429,297.86,0.56,0.43,2020-08-22,923,N,VIIRS,n,2,285.69,1.48,N,0
40.66349,-105.81663,299.41,0.56,0.43,2020-08-22,923,N,VIIRS,n,2,285.11,1.28,N,0
40.66518,-105.82458,305.38,0.56,0.43,2020-08-22,923,N,VIIRS,n,2,287.61,1.28,N,0
40.66547,-105.86463,326.3,0.56,0.43,2020-08-22,923,N,VIIRS,n,2,284.84,3.3,N,0
40.66663,-105.83134,320.68,0.56,0.43,2020-08-22,923,N,VIIRS,n,2,290.94,2.11,N,0
40.66726,-105.81487,302.89,0.56,0.43,2020-08-22,923,N,VIIRS,n,2,283.62,1.28,N,0
40.66798,-105.83768,300.18,0.56,0.43,2020-08-22,923,N,VIIRS,n,2,283.09,2.11,N,0
40.66892,-105.82269,296.85,0.56,0.43,2020-08-22,923,N,VIIRS,n,2,285.06,1.28,N,0
40.67039,-105.8296,302.6,0.56,0.43,2020-08-22,923,N,VIIRS,n,2,282.69,2.11,N,0
40.60244,-105.82715,346.08,0.7,0.75,2020-08-23,1847,N,VIIRS,n,2,277.48,71.85,D,0
40.60552,-105.81789,367,0.7,0.75,2020-08-23,1847,N,VIIRS,h,2,294.18,133.67,D,0
40.64943,-105.24488,330.32,0.65,0.73,2020-08-23,1847,N,VIIRS,n,2,300.13,7.97,D,0
40.65147,-105.2523,338.25,0.65,0.73,2020-08-23,1847,N,VIIRS,n,2,302.11,11.58,D,0
40.6535,-105.24603,331.39,0.65,0.73,2020-08-23,1847,N,VIIRS,n,2,300.26,9.66,D,0
40.65358,-105.25488,332.84,0.65,0.73,2020-08-23,1847,N,VIIRS,n,2,300.5,7.97,D,0
40.54748,-105.8968,337.34,0.42,0.45,2020-08-23,2027,N,VIIRS,n,2,298.37,7.36,D,0
40.54798,-105.89141,345.99,0.42,0.45,2020-08-23,2027,N,VIIRS,n,2,297.43,143.84,D,0
40.55263,-105.88682,346.76,0.42,0.45,2020-08-23,2027,N,VIIRS,n,2,297.42,28.91,D,0
40.55682,-105.88728,352.31,0.42,0.45,2020-08-23,2027,N,VIIRS,n,2,303.51,28.91,D,0
40.57607,-105.8627,351.67,0.42,0.45,2020-08-23,2027,N,VIIRS,n,2,301.09,10.41,D,0
40.57639,-105.8658,342.12,0.42,0.45,2020-08-23,2027,N,VIIRS,n,2,303.67,7.85,D,0
40.57686,-105.86039,336.48,0.42,0.45,2020-08-23,2027,N,VIIRS,n,2,298.04,6.84,D,0
40.57819,-105.84525,342.23,0.42,0.45,2020-08-23,2027,N,VIIRS,n,2,282.82,6.62,D,0
40.58171,-105.84772,330.7,0.42,0.45,2020-08-23,2027,N,VIIRS,n,2,295.59,3.19,D,0
40.59066,-105.89604,367,0.42,0.45,2020-08-23,2027,N,VIIRS,h,2,313.96,10.94,D,0
40.59112,-105.89083,354.8,0.42,0.45,2020-08-23,2027,N,VIIRS,n,2,312.76,10.94,D,0
40.59302,-105.82132,337.71,0.42,0.45,2020-08-23,2027,N,VIIRS,n,2,296.28,7.72,D,0
40.59344,-105.81644,354.16,0.42,0.45,2020-08-23,2027,N,VIIRS,n,2,302.26,7.72,D,0
40.59436,-105.80602,345.24,0.42,0.46,2020-08-23,2027,N,VIIRS,n,2,294.24,5.25,D,0
40.5948,-105.89709,342.33,0.42,0.45,2020-08-23,2027,N,VIIRS,n,2,301.96,10.94,D,0
40.59765,-105.81691,350.83,0.42,0.45,2020-08-23,2027,N,VIIRS,n,2,300.73,254.39,D,0
40.59808,-105.81199,350.16,0.42,0.45,2020-08-23,2027,N,VIIRS,n,2,305.33,21.5,D,0
40.60225,-105.81297,367,0.42,0.45,2020-08-23,2027,N,VIIRS,h,2,300.97,21.5,D,0
40.6027,-105.80785,347.21,0.42,0.46,2020-08-23,2027,N,VIIRS,n,2,300.42,21.5,D,0
40.60561,-105.82309,367,0.42,0.45,2020-08-23,2027,N,VIIRS,l,2,329.17,91.31,D,0
40.60603,-105.81831,355.92,0.42,0.45,2020-08-23,2027,N,VIIRS,n,2,318.82,91.31,D,0
40.60646,-105.81344,367,0.42,0.45,2020-08-23,2027,N,VIIRS,h,2,305.62,11.48,D,0
40.60691,-105.80834,339.2,0.42,0.46,2020-08-23,2027,N,VIIRS,n,2,296.59,11.48,D,0
40.60985,-105.82313,334.28,0.42,0.45,2020-08-23,2027,N,VIIRS,n,2,290.22,91.31,D,0
40.61028,-105.81828,339.68,0.42,0.45,2020-08-23,2027,N,VIIRS,n,2,290.52,91.31,D,0
40.61071,-105.81346,340.58,0.42,0.45,2020-08-23,2027,N,VIIRS,n,2,290.77,11.48,D,0
40.63047,-105.7827,336.22,0.43,0.46,2020-08-23,2027,N,VIIRS,n,2,266.88,3.05,D,0
40.66795,-105.8385,348.88,0.42,0.45,2020-08-23,2027,N,VIIRS,n,2,286.6,41.35,D,0
40.66842,-105.83341,353.87,0.42,0.45,2020-08-23,2027,N,VIIRS,n,2,290.14,40.94,D,0
40.66891,-105.8281,344.42,0.42,0.45,2020-08-23,2027,N,VIIRS,n,2,277.66,40.94,D,0
40.53741,-105.79434,313.95,0.39,0.37,2020-08-23,904,N,VIIRS,n,2,276.99,2.5,N,0
40.53819,-105.7989,319.3,0.39,0.37,2020-08-23,904,N,VIIRS,n,2,279.54,2.5,N,0
40.53994,-105.78883,310.98,0.39,0.37,2020-08-23,904,N,VIIRS,n,2,282.56,3.34,N,0
40.54071,-105.79334,344.16,0.39,0.37,2020-08-23,904,N,VIIRS,n,2,291.64,3.34,N,0
40.54148,-105.79788,330.16,0.39,0.37,2020-08-23,904,N,VIIRS,n,2,284.52,2.85,N,0
40.54322,-105.78778,318.51,0.39,0.37,2020-08-23,904,N,VIIRS,n,2,286.37,3.34,N,0
40.544,-105.7923,329.12,0.39,0.37,2020-08-23,904,N,VIIRS,n,2,287.15,3.34,N,0
40.54478,-105.79685,316.48,0.39,0.37,2020-08-23,904,N,VIIRS,n,2,282.69,2.85,N,0
40.54556,-105.80143,320.36,0.39,0.37,2020-08-23,904,N,VIIRS,n,2,279.6,2.85,N,0
40.5465,-105.7867,315.13,0.39,0.37,2020-08-23,904,N,VIIRS,n,2,285.61,2.26,N,0
40.54729,-105.79126,320.11,0.39,0.37,2020-08-23,904,N,VIIRS,n,2,289.15,2.26,N,0
40.54807,-105.7958,317.94,0.39,0.37,2020-08-23,904,N,VIIRS,n,2,285.1,1.75,N,0
40.54885,-105.80038,300.91,0.39,0.37,2020-08-23,904,N,VIIRS,n,2,279.95,1.75,N,0
40.55057,-105.79015,316.43,0.39,0.37,2020-08-23,904,N,VIIRS,n,2,286.05,2.26,N,0
40.55135,-105.79472,317.41,0.39,0.37,2020-08-23,904,N,VIIRS,n,2,283.48,1.75,N,0
40.55214,-105.79932,313.22,0.39,0.37,2020-08-23,904,N,VIIRS,n,2,279.72,1.75,N,0
40.55307,-105.88596,296.32,0.39,0.36,2020-08-23,904,N,VIIRS,n,2,270.48,0.79,N,0
40.55384,-105.78905,328.08,0.39,0.37,2020-08-23,904,N,VIIRS,n,2,284.82,2.1,N,0
40.55463,-105.79366,311.68,0.39,0.37,2020-08-23,904,N,VIIRS,n,2,282.25,1.38,N,0
40.55543,-105.79829,315.86,0.39,0.37,2020-08-23,904,N,VIIRS,n,2,280.6,1.38,N,0
40.55714,-105.88958,312.95,0.39,0.36,2020-08-23,904,N,VIIRS,n,2,272.21,2.07,N,0
40.55714,-105.78801,302.52,0.39,0.37,2020-08-23,904,N,VIIRS,n,2,282.04,2.1,N,0
40.55793,-105.79263,306.59,0.39,0.37,2020-08-23,904,N,VIIRS,n,2,283.6,1.38,N,0
40.55872,-105.79726,300.76,0.39,0.37,2020-08-23,904,N,VIIRS,n,2,278.67,1.38,N,0
40.55952,-105.80193,298.53,0.39,0.37,2020-08-23,904,N,VIIRS,n,2,275.33,1.1,N,0
40.56031,-105.80659,313.95,0.39,0.37,2020-08-23,904,N,VIIRS,n,2,277.75,1.1,N,0
40.56122,-105.7916,314.64,0.39,0.37,2020-08-23,904,N,VIIRS,n,2,283.67,2.35,N,0
40.56361,-105.8056,316.6,0.39,0.37,2020-08-23,904,N,VIIRS,n,2,283.05,2.71,N,0
40.5644,-105.81025,303.49,0.39,0.37,2020-08-23,904,N,VIIRS,n,2,279.12,0.91,N,0
40.56519,-105.81487,300.26,0.39,0.37,2020-08-23,904,N,VIIRS,n,2,279.49,0.91,N,0
40.56598,-105.81947,295.42,0.39,0.37,2020-08-23,904,N,VIIRS,n,2,279.7,0.91,N,0
40.56675,-105.82404,297.26,0.39,0.36,2020-08-23,904,N,VIIRS,n,2,279.17,0.91,N,0
40.56691,-105.8046,330.73,0.39,0.37,2020-08-23,904,N,VIIRS,n,2,287.86,2.71,N,0
40.5677,-105.80926,297.75,0.39,0.37,2020-08-23,904,N,VIIRS,n,2,281.59,0.91,N,0
40.5702,-105.80357,316.93,0.39,0.37,2020-08-23,904,N,VIIRS,n,2,285.17,1.81,N,0
40.57349,-105.80254,306.47,0.39,0.37,2020-08-23,904,N,VIIRS,n,2,283.03,1.81,N,0
40.57428,-105.80717,315.4,0.39,0.37,2020-08-23,904,N,VIIRS,n,2,284.66,2.36,N,0
40.57757,-105.80611,300.01,0.39,0.37,2020-08-23,904,N,VIIRS,n,2,281.35,1.06,N,0
40.57836,-105.81077,305.53,0.39,0.37,2020-08-23,904,N,VIIRS,n,2,281.85,1.06,N,0
40.57915,-105.81541,301.13,0.39,0.37,2020-08-23,904,N,VIIRS,n,2,282.24,0.87,N,0
40.57992,-105.81997,295.01,0.39,0.36,2020-08-23,904,N,VIIRS,n,2,280.74,0.87,N,0
40.58085,-105.80505,300.86,0.39,0.37,2020-08-23,904,N,VIIRS,n,2,280.95,1.06,N,0
40.58165,-105.80975,316.79,0.39,0.37,2020-08-23,904,N,VIIRS,n,2,285.39,1.06,N,0
40.58322,-105.81898,299.42,0.39,0.36,2020-08-23,904,N,VIIRS,n,2,283.13,0.87,N,0
40.58416,-105.80411,300.76,0.39,0.37,2020-08-23,904,N,VIIRS,n,2,281.88,1.02,N,0
40.58495,-105.80874,313.62,0.39,0.37,2020-08-23,904,N,VIIRS,n,2,284.08,1.02,N,0
40.58884,-105.83157,307.8,0.39,0.36,2020-08-23,904,N,VIIRS,n,2,283.02,2.64,N,0
40.58903,-105.81238,312.12,0.39,0.37,2020-08-23,904,N,VIIRS,n,2,284.66,2.02,N,0
40.58915,-105.89468,315.98,0.39,0.36,2020-08-23,904,N,VIIRS,n,2,271.64,2.15,N,0
40.58995,-105.89933,312.39,0.39,0.36,2020-08-23,904,N,VIIRS,n,2,270.97,1.94,N,0
40.59153,-105.80669,320.12,0.39,0.37,2020-08-23,904,N,VIIRS,n,2,284.93,1.94,N,0
40.59212,-105.83056,334.95,0.39,0.36,2020-08-23,904,N,VIIRS,n,2,288.43,2.64,N,0
40.59232,-105.81134,318.77,0.39,0.37,2020-08-23,904,N,VIIRS,n,2,286.25,1.76,N,0
40.59246,-105.89377,326.2,0.39,0.36,2020-08-23,904,N,VIIRS,n,2,275.07,2.99,N,0
40.5931,-105.81592,302.97,0.39,0.36,2020-08-23,904,N,VIIRS,n,2,284.14,1.76,N,0
40.59325,-105.8984,337.59,0.39,0.36,2020-08-23,904,N,VIIRS,n,2,277.85,4.6,N,0
40.59387,-105.82044,332.9,0.39,0.36,2020-08-23,904,N,VIIRS,n,2,287.59,6.98,N,0
40.59483,-105.80568,319.54,0.39,0.37,2020-08-23,904,N,VIIRS,n,2,284.3,1.94,N,0
40.59562,-105.81031,323.4,0.39,0.37,2020-08-23,904,N,VIIRS,n,2,282.3,1.76,N,0
40.5964,-105.81491,298.4,0.39,0.36,2020-08-23,904,N,VIIRS,n,2,282.57,1.76,N,0
40.59735,-105.80013,327.96,0.39,0.37,2020-08-23,904,N,VIIRS,n,2,285.73,5.21,N,0
40.59813,-105.80471,339.44,0.39,0.37,2020-08-23,904,N,VIIRS,n,2,292.22,5.21,N,0
40.59892,-105.80937,346.5,0.39,0.37,2020-08-23,904,N,VIIRS,n,2,297.72,43,N,0
40.5997,-105.81398,354.99,0.39,0.36,2020-08-23,904,N,VIIRS,n,2,299.39,43,N,0
40.60048,-105.81855,297.49,0.39,0.36,2020-08-23,904,N,VIIRS,n,2,282.63,18.91,N,0
40.60065,-105.79915,333.59,0.39,0.37,2020-08-23,904,N,VIIRS,n,2,286.96,5.21,N,0
40.60144,-105.80379,338.76,0.39,0.37,2020-08-23,904,N,VIIRS,n,2,290.98,5.21,N,0
40.60223,-105.80845,342.28,0.39,0.37,2020-08-23,904,N,VIIRS,n,2,317.75,43,N,0
40.60301,-105.81306,367,0.39,0.36,2020-08-23,904,N,VIIRS,h,2,339.46,43,N,0
40.60308,-105.80113,326.63,0.39,0.37,2020-08-23,904,N,VIIRS,n,2,288.91,21.95,N,0
40.60378,-105.81762,334.31,0.39,0.36,2020-08-23,904,N,VIIRS,n,2,291.5,18.91,N,0
40.60388,-105.8058,340.82,0.39,0.36,2020-08-23,904,N,VIIRS,n,2,330.8,21.95,N,0
40.60546,-105.81499,367,0.39,0.36,2020-08-23,904,N,VIIRS,h,2,353.9,227.6,N,0
40.60623,-105.8195,309.87,0.39,0.36,2020-08-23,904,N,VIIRS,n,2,284.76,6.03,N,0
40.60637,-105.80013,320.77,0.39,0.37,2020-08-23,904,N,VIIRS,n,2,288.29,21.95,N,0
40.60717,-105.80479,354.8,0.39,0.36,2020-08-23,904,N,VIIRS,n,2,301.83,21.95,N,0
40.60796,-105.80939,346.93,0.39,0.36,2020-08-23,904,N,VIIRS,n,2,298.57,227.6,N,0
40.60812,-105.79012,299.49,0.39,0.37,2020-08-23,904,N,VIIRS,n,2,283.29,1.2,N,0
40.60874,-105.81394,354.35,0.39,0.36,2020-08-23,904,N,VIIRS,n,2,290.6,227.6,N,0
40.60888,-105.79454,300.24,0.39,0.37,2020-08-23,904,N,VIIRS,n,2,282.96,1.2,N,0
40.60951,-105.81845,299.91,0.39,0.36,2020-08-23,904,N,VIIRS,n,2,284.71,6.03,N,0
40.60966,-105.79912,297.22,0.39,0.37,2020-08-23,904,N,VIIRS,n,2,283.38,0.84,N,0
40.61046,-105.80374,308.9,0.39,0.36,2020-08-23,904,N,VIIRS,n,2,284.41,0.84,N,0
40.61125,-105.80833,323.16,0.39,0.36,2020-08-23,904,N,VIIRS,n,2,285.92,1.33,N,0
40.61145,-105.78925,312.67,0.39,0.37,2020-08-23,904,N,VIIRS,n,2,287.64,1.2,N,0
40.61203,-105.81289,312.56,0.39,0.36,2020-08-23,904,N,VIIRS,n,2,284.27,1.33,N,0
40.61219,-105.79364,317.74,0.39,0.37,2020-08-23,904,N,VIIRS,n,2,286.95,1.2,N,0
40.61375,-105.80273,295.63,0.39,0.36,2020-08-23,904,N,VIIRS,n,2,283.51,0.84,N,0
40.61454,-105.80731,301.98,0.39,0.36,2020-08-23,904,N,VIIRS,n,2,285.35,1.33,N,0
40.61532,-105.81189,297.69,0.39,0.36,2020-08-23,904,N,VIIRS,n,2,284.84,1.33,N,0
40.61551,-105.79276,309.9,0.39,0.37,2020-08-23,904,N,VIIRS,n,2,285.96,1.65,N,0
40.61609,-105.81641,303.67,0.39,0.36,2020-08-23,904,N,VIIRS,n,2,284.23,1.45,N,0
40.61627,-105.79718,297.08,0.39,0.37,2020-08-23,904,N,VIIRS,n,2,283.93,0.67,N,0
40.61705,-105.80173,295.72,0.39,0.36,2020-08-23,904,N,VIIRS,n,2,283.26,0.67,N,0
40.62798,-105.78455,295.51,0.39,0.37,2020-08-23,904,N,VIIRS,n,2,283.33,0.69,N,0
40.63128,-105.78356,296.39,0.39,0.37,2020-08-23,904,N,VIIRS,n,2,284.27,0.69,N,0
40.63224,-105.7689,296.37,0.39,0.37,2020-08-23,904,N,VIIRS,n,2,280.17,0.83,N,0
40.63631,-105.77244,297.91,0.39,0.37,2020-08-23,904,N,VIIRS,n,2,283.62,0.96,N,0
40.63865,-105.78614,297.28,0.39,0.37,2020-08-23,904,N,VIIRS,n,2,284.15,1.16,N,0
40.64195,-105.78513,314.65,0.39,0.37,2020-08-23,904,N,VIIRS,n,2,286.33,1.88,N,0
40.64249,-105.80857,306.85,0.39,0.36,2020-08-23,904,N,VIIRS,n,2,285.59,1.4,N,0
40.64273,-105.78971,310.99,0.39,0.37,2020-08-23,904,N,VIIRS,n,2,284.25,1.53,N,0
40.64484,-105.25317,301.71,0.4,0.37,2020-08-23,904,N,VIIRS,n,2,287.16,1.34,N,0
40.64502,-105.80313,300.81,0.39,0.36,2020-08-23,904,N,VIIRS,n,2,286.38,0.85,N,0
40.64568,-105.25794,327.86,0.4,0.37,2020-08-23,904,N,VIIRS,n,2,291.12,1.34,N,0
40.64579,-105.8076,299.32,0.39,0.36,2020-08-23,904,N,VIIRS,n,2,285.83,1.55,N,0
40.64603,-105.78872,308.15,0.39,0.37,2020-08-23,904,N,VIIRS,n,2,284.67,1.53,N,0
40.64758,-105.79779,305.5,0.39,0.36,2020-08-23,904,N,VIIRS,n,2,284.18,0.85,N,0
40.64815,-105.25206,307.66,0.4,0.37,2020-08-23,904,N,VIIRS,n,2,289.88,1.34,N,0
40.64833,-105.80222,306.57,0.39,0.36,2020-08-23,904,N,VIIRS,n,2,286.76,0.85,N,0
40.64853,-105.7831,300.25,0.39,0.37,2020-08-23,904,N,VIIRS,n,2,284.77,0.64,N,0
40.64899,-105.25683,310.55,0.4,0.37,2020-08-23,904,N,VIIRS,n,2,290.88,1.34,N,0
40.64932,-105.78772,322.71,0.39,0.37,2020-08-23,904,N,VIIRS,n,2,288.12,1.73,N,0
40.65011,-105.79231,307.21,0.39,0.36,2020-08-23,904,N,VIIRS,n,2,284.51,1.73,N,0
40.65056,-105.83552,296.86,0.39,0.36,2020-08-23,904,N,VIIRS,n,2,283.64,0.66,N,0
40.65089,-105.79687,301.91,0.39,0.36,2020-08-23,904,N,VIIRS,n,2,284.29,0.75,N,0
40.65147,-105.25098,316.06,0.4,0.37,2020-08-23,904,N,VIIRS,n,2,289.51,1.24,N,0
40.65231,-105.25572,315.35,0.4,0.37,2020-08-23,904,N,VIIRS,n,2,289.1,1.24,N,0
40.65386,-105.83459,296.04,0.39,0.36,2020-08-23,904,N,VIIRS,n,2,283.58,0.66,N,0
40.65564,-105.25471,304.15,0.4,0.37,2020-08-23,904,N,VIIRS,n,2,290.3,1.24,N,0
40.6576,-105.87682,297.23,0.39,0.36,2020-08-23,904,N,VIIRS,n,2,283.36,0.92,N,0
40.65794,-105.83822,301.79,0.39,0.36,2020-08-23,904,N,VIIRS,n,2,284.62,1.14,N,0
40.65839,-105.88145,306.95,0.39,0.36,2020-08-23,904,N,VIIRS,n,2,285.68,1.08,N,0
40.65872,-105.84277,298.21,0.39,0.36,2020-08-23,904,N,VIIRS,n,2,283.26,0.94,N,0
40.65948,-105.84724,296.42,0.39,0.36,2020-08-23,904,N,VIIRS,n,2,283.02,0.94,N,0
40.66256,-105.86533,298.53,0.39,0.36,2020-08-23,904,N,VIIRS,n,2,284.77,1.42,N,0
40.66546,-105.82133,302,0.39,0.36,2020-08-23,904,N,VIIRS,n,2,286.01,1.23,N,0
40.66783,-105.83524,297.15,0.39,0.36,2020-08-23,904,N,VIIRS,n,2,282.79,1.04,N,0
40.66792,-105.81547,316.17,0.39,0.36,2020-08-23,904,N,VIIRS,n,2,287.08,2.16,N,0
40.66874,-105.82027,325.18,0.39,0.36,2020-08-23,904,N,VIIRS,n,2,292.57,2.07,N,0
40.66954,-105.82497,309.97,0.39,0.36,2020-08-23,904,N,VIIRS,n,2,286.02,2.07,N,0
40.67033,-105.82963,315.78,0.39,0.36,2020-08-23,904,N,VIIRS,n,2,282.01,1.45,N,0
40.67123,-105.81452,318.95,0.39,0.36,2020-08-23,904,N,VIIRS,n,2,284.15,2.16,N,0
40.54294,-105.89642,367,0.41,0.37,2020-08-24,2008,N,VIIRS,h,2,299.7,7.25,D,0
40.5436,-105.89141,339.77,0.41,0.37,2020-08-24,2008,N,VIIRS,n,2,297.55,7.25,D,0
40.54425,-105.88641,351.63,0.41,0.37,2020-08-24,2008,N,VIIRS,n,2,298.72,8.28,D,0
40.54568,-105.90215,337.1,0.41,0.37,2020-08-24,2008,N,VIIRS,n,2,298.68,7.67,D,0
40.54764,-105.88727,367,0.41,0.37,2020-08-24,2008,N,VIIRS,h,2,355.79,83.74,D,0
40.54973,-105.89797,367,0.41,0.37,2020-08-24,2008,N,VIIRS,h,2,309.54,22.77,D,0
40.55038,-105.89304,352.14,0.41,0.37,2020-08-24,2008,N,VIIRS,n,2,309.16,22.77,D,0
40.55103,-105.88812,354.27,0.41,0.37,2020-08-24,2008,N,VIIRS,n,2,304.48,83.74,D,0
40.57534,-105.86295,347.77,0.41,0.37,2020-08-24,2008,N,VIIRS,n,2,309.37,7.3,D,0
40.57874,-105.86372,346.25,0.41,0.37,2020-08-24,2008,N,VIIRS,n,2,303.03,11.5,D,0
40.58068,-105.84901,347.85,0.41,0.37,2020-08-24,2008,N,VIIRS,n,2,297.57,6.85,D,0
40.59711,-105.88354,343.99,0.41,0.37,2020-08-24,2008,N,VIIRS,n,2,302.16,18.95,D,0
40.66951,-105.83222,338.12,0.41,0.37,2020-08-24,2008,N,VIIRS,n,2,293.26,39.34,D,0
40.67081,-105.82224,349.88,0.41,0.37,2020-08-24,2008,N,VIIRS,n,2,301.76,45.28,D,0
40.67148,-105.81715,352.77,0.41,0.37,2020-08-24,2008,N,VIIRS,n,2,302.49,45.28,D,0
40.67292,-105.833,354.64,0.41,0.37,2020-08-24,2008,N,VIIRS,n,2,307.53,39.34,D,0
40.67505,-105.84342,336.02,0.41,0.37,2020-08-24,2008,N,VIIRS,n,2,292.27,7.78,D,0
40.67567,-105.83869,349.51,0.41,0.37,2020-08-24,2008,N,VIIRS,n,2,300.24,7.78,D,0
40.67693,-105.82908,355.61,0.41,0.37,2020-08-24,2008,N,VIIRS,l,2,333.22,119.5,D,0
40.67822,-105.81927,340.11,0.41,0.37,2020-08-24,2008,N,VIIRS,n,2,297.28,99.8,D,0
40.68032,-105.82998,367,0.41,0.37,2020-08-24,2008,N,VIIRS,h,2,355.91,119.5,D,0
40.68096,-105.8251,367,0.41,0.37,2020-08-24,2008,N,VIIRS,h,2,337.67,99.8,D,0
40.53975,-105.79423,295.45,0.43,0.38,2020-08-24,845,N,VIIRS,n,2,277.43,1.24,N,0
40.5404,-105.79935,299.74,0.43,0.38,2020-08-24,845,N,VIIRS,n,2,279.17,1.81,N,0
40.54136,-105.89457,302.69,0.43,0.38,2020-08-24,845,N,VIIRS,n,2,280.65,0.95,N,0
40.54199,-105.89941,308.14,0.43,0.38,2020-08-24,845,N,VIIRS,n,2,280.77,1.56,N,0
40.54211,-105.89779,320,0.43,0.38,2020-08-24,845,N,VIIRS,n,2,282.21,3.06,N,0
40.54499,-105.89217,329.03,0.43,0.38,2020-08-24,845,N,VIIRS,n,2,286.43,5.32,N,0
40.54561,-105.89708,334.94,0.43,0.38,2020-08-24,845,N,VIIRS,n,2,289.5,5.32,N,0
40.54623,-105.90201,331.12,0.43,0.38,2020-08-24,845,N,VIIRS,n,2,283.88,4.35,N,0
40.54786,-105.88651,317.93,0.43,0.38,2020-08-24,845,N,VIIRS,n,2,284.15,2.41,N,0
40.54847,-105.89138,340.41,0.43,0.38,2020-08-24,845,N,VIIRS,n,2,293.52,5.32,N,0
40.5491,-105.89634,340.45,0.43,0.38,2020-08-24,845,N,VIIRS,n,2,291.14,5.32,N,0
40.54973,-105.90127,329.74,0.43,0.38,2020-08-24,845,N,VIIRS,n,2,286.73,4.35,N,0
40.55134,-105.88569,302.47,0.43,0.38,2020-08-24,845,N,VIIRS,n,2,284.02,0.94,N,0
40.55196,-105.89059,323.29,0.43,0.38,2020-08-24,845,N,VIIRS,n,2,287.3,1.79,N,0
40.5526,-105.89558,315.61,0.43,0.38,2020-08-24,845,N,VIIRS,n,2,284.22,1.79,N,0
40.55483,-105.88495,296.41,0.43,0.38,2020-08-24,845,N,VIIRS,n,2,282.14,0.94,N,0
40.55546,-105.88987,299.47,0.43,0.38,2020-08-24,845,N,VIIRS,n,2,283.19,1.79,N,0
40.57866,-105.87491,299.52,0.43,0.38,2020-08-24,845,N,VIIRS,n,2,282.85,0.78,N,0
40.59228,-105.89725,308.88,0.43,0.38,2020-08-24,845,N,VIIRS,n,2,284.4,2.34,N,0
40.59667,-105.81951,297.02,0.43,0.38,2020-08-24,845,N,VIIRS,n,2,274.09,0.85,N,0
40.59948,-105.81348,302.01,0.43,0.38,2020-08-24,845,N,VIIRS,n,2,279.72,1.38,N,0
40.60014,-105.81863,303.94,0.43,0.38,2020-08-24,845,N,VIIRS,n,2,282.01,1.82,N,0
40.60081,-105.82382,305.61,0.43,0.38,2020-08-24,845,N,VIIRS,n,2,282.65,1.82,N,0
40.60148,-105.82906,303.74,0.43,0.38,2020-08-24,845,N,VIIRS,n,2,280.81,1.27,N,0
40.60215,-105.83427,299.44,0.43,0.38,2020-08-24,845,N,VIIRS,n,2,276.87,1.27,N,0
40.60229,-105.80757,297.9,0.43,0.38,2020-08-24,845,N,VIIRS,n,2,277.87,1.38,N,0
40.60361,-105.81775,312.18,0.43,0.38,2020-08-24,845,N,VIIRS,n,2,285.93,1.82,N,0
40.60497,-105.82828,309.27,0.43,0.38,2020-08-24,845,N,VIIRS,n,2,286.09,1.27,N,0
40.60564,-105.83351,303.28,0.43,0.38,2020-08-24,845,N,VIIRS,n,2,284.07,1.27,N,0
40.60578,-105.80682,303.43,0.43,0.38,2020-08-24,845,N,VIIRS,n,2,281.78,1.53,N,0
40.60644,-105.81191,312.31,0.43,0.38,2020-08-24,845,N,VIIRS,n,2,285.61,1.53,N,0
40.60711,-105.81712,313.56,0.43,0.38,2020-08-24,845,N,VIIRS,n,2,286.03,1.34,N,0
40.60779,-105.82239,301.25,0.43,0.38,2020-08-24,845,N,VIIRS,n,2,282.11,1.34,N,0
40.60847,-105.82764,311.38,0.43,0.38,2020-08-24,845,N,VIIRS,n,2,288.27,1.71,N,0
40.60913,-105.83276,299.08,0.43,0.38,2020-08-24,845,N,VIIRS,n,2,280.93,1.71,N,0
40.60995,-105.81133,306.9,0.43,0.38,2020-08-24,845,N,VIIRS,n,2,284.82,1.53,N,0
40.61063,-105.81657,302.07,0.43,0.38,2020-08-24,845,N,VIIRS,n,2,281.69,1.34,N,0
40.6113,-105.82182,305.33,0.43,0.38,2020-08-24,845,N,VIIRS,n,2,282.84,1.34,N,0
40.64816,-105.80156,311.2,0.43,0.38,2020-08-24,845,N,VIIRS,n,2,284.11,2.24,N,0
40.64965,-105.7851,313.04,0.43,0.38,2020-08-24,845,N,VIIRS,n,2,282.53,1.32,N,0
40.66064,-105.81532,320.03,0.43,0.38,2020-08-24,845,N,VIIRS,n,2,288.39,3.41,N,0
40.6623,-105.85664,306.07,0.43,0.38,2020-08-24,845,N,VIIRS,n,2,273.43,1.3,N,0
40.66373,-105.83953,306.6,0.43,0.38,2020-08-24,845,N,VIIRS,n,2,278.17,2.11,N,0
40.6644,-105.84481,310.93,0.43,0.38,2020-08-24,845,N,VIIRS,n,2,276.82,2.11,N,0
40.6651,-105.85039,308.28,0.43,0.38,2020-08-24,845,N,VIIRS,n,2,274.25,1.3,N,0
40.6658,-105.85596,302.8,0.43,0.38,2020-08-24,845,N,VIIRS,n,2,269.83,1.3,N,0
40.66658,-105.83372,317.14,0.43,0.38,2020-08-24,845,N,VIIRS,n,2,281.2,3.96,N,0
40.66723,-105.83887,324.51,0.43,0.38,2020-08-24,845,N,VIIRS,n,2,278.1,4.1,N,0
40.66789,-105.8441,320.54,0.43,0.38,2020-08-24,845,N,VIIRS,n,2,276.66,4.1,N,0
40.66859,-105.84966,311.16,0.43,0.38,2020-08-24,845,N,VIIRS,n,2,274.23,1.4,N,0
40.6693,-105.85527,305.16,0.43,0.38,2020-08-24,845,N,VIIRS,n,2,269.79,1.4,N,0
40.66945,-105.82806,332.36,0.43,0.38,2020-08-24,845,N,VIIRS,n,2,287.02,3.96,N,0
40.66996,-105.86048,301.35,0.43,0.38,2020-08-24,845,N,VIIRS,n,2,272.87,2.75,N,0
40.67009,-105.83311,333.29,0.43,0.38,2020-08-24,845,N,VIIRS,n,2,288.6,3.96,N,0
40.67074,-105.8382,338.19,0.43,0.38,2020-08-24,845,N,VIIRS,n,2,290.46,4.1,N,0
40.6711,-105.81293,338.47,0.43,0.38,2020-08-24,845,N,VIIRS,n,2,296.22,11.81,N,0
40.67139,-105.84337,331.82,0.43,0.38,2020-08-24,845,N,VIIRS,n,2,284.78,4.1,N,0
40.67169,-105.81759,347.86,0.43,0.38,2020-08-24,845,N,VIIRS,n,2,307.95,87.17,N,0
40.67208,-105.84888,313.13,0.43,0.38,2020-08-24,845,N,VIIRS,n,2,274.19,1.4,N,0
40.67231,-105.82236,343.8,0.43,0.38,2020-08-24,845,N,VIIRS,n,2,305.86,87.17,N,0
40.67269,-105.79733,303.81,0.43,0.38,2020-08-24,845,N,VIIRS,n,2,275.21,3.84,N,0
40.6728,-105.85455,307.75,0.43,0.38,2020-08-24,845,N,VIIRS,n,2,272.05,1.4,N,0
40.67293,-105.82727,355.54,0.43,0.38,2020-08-24,845,N,VIIRS,n,2,300.3,88.15,N,0
40.67356,-105.83228,367,0.43,0.38,2020-08-24,845,N,VIIRS,h,2,302.68,88.15,N,0
40.67421,-105.83735,352.55,0.43,0.38,2020-08-24,845,N,VIIRS,n,2,300.44,6.03,N,0
40.67453,-105.81174,320.75,0.43,0.38,2020-08-24,845,N,VIIRS,n,2,285.33,11.81,N,0
40.67488,-105.84258,330.99,0.43,0.38,2020-08-24,845,N,VIIRS,n,2,281.93,6.03,N,0
40.67514,-105.81653,357.26,0.43,0.38,2020-08-24,845,N,VIIRS,n,2,310.43,87.17,N,0
40.67558,-105.84813,314.35,0.43,0.38,2020-08-24,845,N,VIIRS,n,2,278.19,1.86,N,0
40.67577,-105.82135,367,0.43,0.38,2020-08-24,845,N,VIIRS,h,2,353.81,87.17,N,0
40.67611,-105.79597,302.99,0.43,0.38,2020-08-24,845,N,VIIRS,n,2,274.88,2.22,N,0
40.6763,-105.85385,308.81,0.43,0.38,2020-08-24,845,N,VIIRS,n,2,273.47,1.86,N,0
40.67639,-105.82628,367,0.43,0.38,2020-08-24,845,N,VIIRS,h,2,346.32,88.15,N,0
40.67695,-105.85897,301.92,0.43,0.38,2020-08-24,845,N,VIIRS,n,2,272.67,2.82,N,0
40.67703,-105.8313,351.89,0.43,0.38,2020-08-24,845,N,VIIRS,n,2,301.2,88.15,N,0
40.67768,-105.83643,335.95,0.43,0.38,2020-08-24,845,N,VIIRS,n,2,281.59,6.03,N,0
40.67836,-105.84174,318.63,0.43,0.38,2020-08-24,845,N,VIIRS,n,2,278.89,6.03,N,0
40.67906,-105.84729,315.91,0.43,0.38,2020-08-24,845,N,VIIRS,n,2,277,1.86,N,0
40.67922,-105.82032,340.29,0.43,0.38,2020-08-24,845,N,VIIRS,n,2,296.71,17,N,0
40.67978,-105.85302,307.39,0.43,0.38,2020-08-24,845,N,VIIRS,n,2,271.56,1.86,N,0
40.67986,-105.82531,341.45,0.43,0.38,2020-08-24,845,N,VIIRS,n,2,313.64,27.66,N,0
40.68014,-105.79951,304.75,0.43,0.38,2020-08-24,845,N,VIIRS,n,2,275.53,2.22,N,0
40.6805,-105.83036,332.88,0.43,0.38,2020-08-24,845,N,VIIRS,n,2,282.83,27.66,N,0
40.68116,-105.8355,325.68,0.43,0.38,2020-08-24,845,N,VIIRS,n,2,280.15,2.39,N,0
40.68184,-105.84087,313.42,0.43,0.38,2020-08-24,845,N,VIIRS,n,2,278.65,2.39,N,0
40.68254,-105.84646,311.48,0.43,0.38,2020-08-24,845,N,VIIRS,n,2,276.29,2.36,N,0
40.68268,-105.81934,314.71,0.43,0.38,2020-08-24,845,N,VIIRS,n,2,282.46,17,N,0
40.68327,-105.85222,305.25,0.43,0.38,2020-08-24,845,N,VIIRS,n,2,272.69,2.36,N,0
40.68333,-105.82438,319,0.43,0.38,2020-08-24,845,N,VIIRS,n,2,281.99,27.66,N,0
40.68398,-105.82947,316.2,0.43,0.38,2020-08-24,845,N,VIIRS,n,2,280.56,27.66,N,0
40.68422,-105.80334,304.6,0.43,0.38,2020-08-24,845,N,VIIRS,n,2,275.55,3.41,N,0
40.68463,-105.83463,315.39,0.43,0.38,2020-08-24,845,N,VIIRS,n,2,279.86,2.39,N,0
40.68531,-105.83997,312.11,0.43,0.38,2020-08-24,845,N,VIIRS,n,2,277.81,2.39,N,0
40.68614,-105.81837,308.31,0.43,0.38,2020-08-24,845,N,VIIRS,n,2,279.81,3.45,N,0
40.68679,-105.82346,320.02,0.43,0.38,2020-08-24,845,N,VIIRS,n,2,278.69,2.34,N,0
40.68745,-105.82858,313.55,0.43,0.38,2020-08-24,845,N,VIIRS,n,2,277.59,2.34,N,0
40.68811,-105.83376,312.39,0.43,0.38,2020-08-24,845,N,VIIRS,n,2,274.48,2.72,N,0
40.68878,-105.83906,304.67,0.43,0.38,2020-08-24,845,N,VIIRS,n,2,275.82,2.72,N,0
40.69093,-105.82776,305.8,0.43,0.38,2020-08-24,845,N,VIIRS,n,2,273.71,2.34,N,0
40.54549,-105.89532,299.01,0.64,0.72,2020-08-25,1006,N,VIIRS,n,2,282.24,1.98,N,0
40.54819,-105.8908,299.46,0.64,0.72,2020-08-25,1006,N,VIIRS,n,2,282.14,1.63,N,0
40.55107,-105.89973,296.3,0.64,0.72,2020-08-25,1006,N,VIIRS,n,2,281.63,1.63,N,0
40.6629,-105.85748,295.35,0.64,0.72,2020-08-25,1006,N,VIIRS,n,2,282.95,1.24,N,0
40.66477,-105.85514,298.64,0.64,0.72,2020-08-25,1006,N,VIIRS,n,2,283.73,2.13,N,0
40.66905,-105.85383,298.33,0.64,0.72,2020-08-25,1006,N,VIIRS,n,2,284.12,1.98,N,0
40.67602,-105.84454,299.01,0.64,0.72,2020-08-25,1006,N,VIIRS,n,2,284.31,2.22,N,0
40.67634,-105.83118,296.17,0.64,0.72,2020-08-25,1006,N,VIIRS,n,2,283.92,2.55,N,0
40.6784,-105.82914,296.68,0.64,0.72,2020-08-25,1006,N,VIIRS,n,2,283.89,1.78,N,0
40.68048,-105.84383,298.01,0.64,0.72,2020-08-25,1006,N,VIIRS,n,2,283.77,1.72,N,0
40.59322,-105.82084,344.54,0.41,0.37,2020-08-25,1949,N,VIIRS,n,2,297.04,7.79,D,0
40.59406,-105.81608,346.9,0.41,0.37,2020-08-25,1949,N,VIIRS,n,2,304.99,7.79,D,0
40.59739,-105.81711,349.25,0.41,0.37,2020-08-25,1949,N,VIIRS,n,2,301.68,15.12,D,0
40.66682,-105.8632,342.65,0.41,0.37,2020-08-25,1949,N,VIIRS,n,2,300.66,12.27,D,0
40.66763,-105.85852,356.95,0.41,0.37,2020-08-25,1949,N,VIIRS,n,2,307.19,12.27,D,0
40.66846,-105.85368,339.55,0.41,0.37,2020-08-25,1949,N,VIIRS,n,2,296.41,30.48,D,0
40.66933,-105.84863,337.74,0.41,0.37,2020-08-25,1949,N,VIIRS,n,2,309.23,30.48,D,0
40.67016,-105.86423,339.62,0.41,0.37,2020-08-25,1949,N,VIIRS,n,2,299.74,12.27,D,0
40.67097,-105.85957,350.71,0.41,0.37,2020-08-25,1949,N,VIIRS,n,2,293.04,12.27,D,0
40.5433,-105.89735,302.11,0.46,0.47,2020-08-25,826,N,VIIRS,n,2,282.48,1.75,N,0
40.54682,-105.88676,317.74,0.46,0.47,2020-08-25,826,N,VIIRS,n,2,286.22,2.17,N,0
40.54725,-105.89172,312.37,0.46,0.47,2020-08-25,826,N,VIIRS,n,2,283.94,2.17,N,0
40.54768,-105.89677,296.84,0.46,0.47,2020-08-25,826,N,VIIRS,n,2,281.18,1,N,0
40.54813,-105.90189,296.11,0.46,0.47,2020-08-25,826,N,VIIRS,n,2,280.64,1,N,0
40.55162,-105.89098,295.85,0.46,0.47,2020-08-25,826,N,VIIRS,n,2,282.68,2.17,N,0
40.55206,-105.89616,302.72,0.46,0.47,2020-08-25,826,N,VIIRS,n,2,283.8,1,N,0
40.57568,-105.86242,295.18,0.46,0.47,2020-08-25,826,N,VIIRS,n,2,282.2,0.51,N,0
40.58702,-105.89053,295.66,0.46,0.47,2020-08-25,826,N,VIIRS,n,2,282.09,0.64,N,0
40.5871,-105.89144,295.53,0.46,0.47,2020-08-25,826,N,VIIRS,n,2,282.08,1.01,N,0
40.58913,-105.80988,296.73,0.46,0.47,2020-08-25,826,N,VIIRS,n,2,284.97,0.89,N,0
40.59224,-105.9,295.03,0.47,0.47,2020-08-25,826,N,VIIRS,n,2,282.94,1.18,N,0
40.59397,-105.81499,303.03,0.46,0.47,2020-08-25,826,N,VIIRS,n,2,285.33,1.43,N,0
40.59446,-105.82079,297.22,0.46,0.47,2020-08-25,826,N,VIIRS,n,2,285.28,0.92,N,0
40.59881,-105.82006,296.55,0.46,0.47,2020-08-25,826,N,VIIRS,n,2,284.84,0.92,N,0
40.5993,-105.82588,297.63,0.46,0.47,2020-08-25,826,N,VIIRS,n,2,285.3,0.92,N,0
40.60704,-105.81293,297.95,0.46,0.47,2020-08-25,826,N,VIIRS,n,2,284.1,1.21,N,0
40.60753,-105.81879,299.61,0.46,0.47,2020-08-25,826,N,VIIRS,n,2,284.8,1.86,N,0
40.64912,-105.78911,320.45,0.46,0.47,2020-08-25,826,N,VIIRS,n,2,284.59,2.91,N,0
40.65944,-105.8568,301.17,0.46,0.47,2020-08-25,826,N,VIIRS,n,2,282.24,1.29,N,0
40.66009,-105.81358,299.28,0.46,0.47,2020-08-25,826,N,VIIRS,n,2,286.07,1.32,N,0
40.66872,-105.86167,300.98,0.46,0.47,2020-08-25,826,N,VIIRS,n,2,283.67,0.83,N,0
40.66879,-105.812,303.14,0.46,0.47,2020-08-25,826,N,VIIRS,n,2,286.03,1.13,N,0
40.66918,-105.81642,296.15,0.46,0.47,2020-08-25,826,N,VIIRS,n,2,285.7,1.13,N,0
40.66957,-105.82094,319.03,0.46,0.47,2020-08-25,826,N,VIIRS,n,2,286.25,2.6,N,0
40.67,-105.82577,309.83,0.46,0.47,2020-08-25,826,N,VIIRS,n,2,284.55,2.6,N,0
40.67045,-105.83096,305.22,0.46,0.47,2020-08-25,826,N,VIIRS,n,2,284.44,2.08,N,0
40.67308,-105.81056,321.47,0.46,0.47,2020-08-25,826,N,VIIRS,n,2,290.55,1.86,N,0
40.67349,-105.81516,296.99,0.46,0.47,2020-08-25,826,N,VIIRS,n,2,286.35,1.86,N,0
40.6739,-105.81982,303.42,0.46,0.47,2020-08-25,826,N,VIIRS,n,2,286.4,2.19,N,0
40.67433,-105.82474,309.22,0.46,0.47,2020-08-25,826,N,VIIRS,n,2,287.68,2.19,N,0
40.67479,-105.82993,302.39,0.46,0.47,2020-08-25,826,N,VIIRS,n,2,286.09,1.74,N,0
40.67637,-105.84792,299.48,0.46,0.47,2020-08-25,826,N,VIIRS,n,2,284.11,1.17,N,0
40.67686,-105.80334,301.04,0.46,0.47,2020-08-25,826,N,VIIRS,n,2,286.39,2.53,N,0
40.6773,-105.80827,315.54,0.46,0.47,2020-08-25,826,N,VIIRS,n,2,289.82,1.86,N,0
40.67773,-105.81322,296.25,0.46,0.47,2020-08-25,826,N,VIIRS,n,2,285.06,1.86,N,0
40.67818,-105.81822,310.82,0.46,0.47,2020-08-25,826,N,VIIRS,n,2,285.06,2.19,N,0
40.67863,-105.82336,322.7,0.46,0.47,2020-08-25,826,N,VIIRS,n,2,286.56,2.19,N,0
40.67909,-105.82863,302.91,0.46,0.47,2020-08-25,826,N,VIIRS,n,2,285.34,1.74,N,0
40.68073,-105.84714,302.91,0.46,0.47,2020-08-25,826,N,VIIRS,n,2,284.9,1.17,N,0
40.65169,-105.78998,338.59,0.4,0.44,2020-08-26,1930,N,VIIRS,n,2,300.81,7.09,D,0
40.65561,-105.79169,338.91,0.4,0.44,2020-08-26,1930,N,VIIRS,n,2,301.01,14.04,D,0
40.66978,-105.80549,336.08,0.4,0.44,2020-08-26,1930,N,VIIRS,n,2,298.29,5.71,D,0
40.65072,-105.79103,299.55,0.38,0.59,2020-08-26,948,N,VIIRS,n,2,281.9,1.16,N,0
40.65187,-105.79521,299.78,0.38,0.59,2020-08-26,948,N,VIIRS,n,2,282.03,1.16,N,0
40.65447,-105.7835,302.44,0.38,0.59,2020-08-26,948,N,VIIRS,n,2,283.89,1.82,N,0
40.65569,-105.78796,311.55,0.38,0.59,2020-08-26,948,N,VIIRS,n,2,284.89,1.16,N,0
40.65683,-105.79209,305.69,0.38,0.59,2020-08-26,948,N,VIIRS,n,2,283.94,1.16,N,0
40.65258,-105.80039,345.14,0.34,0.56,2020-08-27,1912,N,VIIRS,n,2,281.75,7.21,D,0
40.65385,-105.79552,357.35,0.34,0.56,2020-08-27,1912,N,VIIRS,l,2,286.18,7.21,D,0
40.67839,-105.80747,333.86,0.34,0.56,2020-08-27,1912,N,VIIRS,n,2,293.94,8.34,D,0
40.67945,-105.80341,367,0.34,0.56,2020-08-27,1912,N,VIIRS,h,2,293.42,18.88,D,0
40.68083,-105.80547,367,0.34,0.56,2020-08-27,1912,N,VIIRS,h,2,295.96,17.95,D,0
40.68187,-105.80158,367,0.34,0.56,2020-08-27,1912,N,VIIRS,h,2,292.38,18.83,D,0
40.68382,-105.82904,339.39,0.34,0.56,2020-08-27,1912,N,VIIRS,n,2,297.44,6.81,D,0
40.65162,-105.79253,299.33,0.44,0.46,2020-08-27,929,N,VIIRS,n,2,282.61,0.82,N,0
40.65271,-105.79726,295.73,0.44,0.46,2020-08-27,929,N,VIIRS,n,2,283.41,0.82,N,0
40.65569,-105.7906,308.31,0.44,0.46,2020-08-27,929,N,VIIRS,n,2,283.05,1.69,N,0
40.65207,-105.79596,308.67,0.43,0.38,2020-08-28,910,N,VIIRS,n,2,282.88,1.74,N,0
40.65546,-105.79478,303.41,0.43,0.38,2020-08-28,910,N,VIIRS,n,2,283.04,1.09,N,0
40.65794,-105.78863,312.84,0.43,0.38,2020-08-28,910,N,VIIRS,n,2,282.54,1.96,N,0
40.64887,-105.79124,345.55,0.62,0.54,2020-09-02,2039,N,VIIRS,n,2,304.77,13.45,D,0
40.64941,-105.79008,367,0.62,0.54,2020-09-02,2039,N,VIIRS,h,2,305.2,19.17,D,0
40.65347,-105.7983,340.67,0.62,0.54,2020-09-02,2039,N,VIIRS,n,2,298.09,14.8,D,0
40.65388,-105.79152,367,0.62,0.54,2020-09-02,2039,N,VIIRS,h,2,304.38,41.83,D,0
40.65396,-105.79729,343.51,0.62,0.54,2020-09-02,2039,N,VIIRS,n,2,300.21,19.17,D,0
40.65442,-105.79035,349.76,0.62,0.54,2020-09-02,2039,N,VIIRS,n,2,302.47,19.17,D,0
