latitude,longitude,bright_ti4,scan,track,acq_date,acq_time,satellite,instrument,confidence,version,bright_ti5,frp,daynight,type
39.69794,-121.63232,326.48,0.73,0.76,2018-11-08,1950,N,VIIRS,n,2,283.64,11.55,D,0
39.69899,-121.62399,333.04,0.73,0.76,2018-11-08,1950,N,VIIRS,n,2,285,18.13,D,0
39.70071,-121.62396,337.63,0.73,0.76,2018-11-08,1950,N,VIIRS,n,2,284.8,13.84,D,0
39.70203,-121.61496,340.97,0.72,0.76,2018-11-08,1950,N,VIIRS,n,2,286.53,18.92,D,0
39.70311,-121.63488,329.85,0.73,0.76,2018-11-08,1950,N,VIIRS,n,2,282.84,12.76,D,0
39.7037,-121.61491,347.97,0.73,0.76,2018-11-08,1950,N,VIIRS,n,2,286.43,13.84,D,0
39.70469,-121.60708,350.57,0.72,0.76,2018-11-08,1950,N,VIIRS,n,2,287.74,18.92,D,0
39.70477,-121.63514,329.25,0.73,0.76,2018-11-08,1950,N,VIIRS,n,2,282.89,11.55,D,0
39.70602,-121.62621,341.45,0.73,0.76,2018-11-08,1950,N,VIIRS,n,2,284.3,12.76,D,0
39.70626,-121.60718,357.29,0.72,0.76,2018-11-08,1950,N,VIIRS,l,2,288.52,58.8,D,0
39.70683,-121.64693,326.73,0.73,0.76,2018-11-08,1950,N,VIIRS,n,2,282.08,23.21,D,0
39.70768,-121.62633,339.3,0.73,0.76,2018-11-08,1950,N,VIIRS,n,2,284.64,13.84,D,0
39.70798,-121.59727,356.18,0.72,0.76,2018-11-08,1950,N,VIIRS,l,2,290.22,22.54,D,0
39.70856,-121.64717,327.61,0.73,0.76,2018-11-08,1950,N,VIIRS,n,2,282.35,10.32,D,0
39.70906,-121.61717,348.32,0.72,0.76,2018-11-08,1950,N,VIIRS,n,2,287.26,52.4,D,0
39.7095,-121.59738,357.27,0.72,0.76,2018-11-08,1950,N,VIIRS,l,2,294.77,58.8,D,0
39.70987,-121.63787,333.66,0.73,0.76,2018-11-08,1950,N,VIIRS,n,2,283.13,12.76,D,0
39.71053,-121.5897,338.18,0.72,0.76,2018-11-08,1950,N,VIIRS,n,2,289.06,22.54,D,0
39.71067,-121.61728,345.06,0.73,0.76,2018-11-08,1950,N,VIIRS,n,2,287.07,13.84,D,0
39.71153,-121.63815,335.76,0.73,0.76,2018-11-08,1950,N,VIIRS,n,2,283.03,10.32,D,0
39.71174,-121.60921,367,0.72,0.76,2018-11-08,1950,N,VIIRS,h,2,294.43,52.4,D,0
39.71206,-121.58964,357.29,0.72,0.76,2018-11-08,1950,N,VIIRS,l,2,289.43,88.84,D,0
39.71292,-121.62882,340.85,0.73,0.76,2018-11-08,1950,N,VIIRS,n,2,284.95,12.76,D,0
39.71333,-121.60924,367,0.72,0.76,2018-11-08,1950,N,VIIRS,h,2,295.45,58.8,D,0
39.71371,-121.64962,327.36,0.73,0.76,2018-11-08,1950,N,VIIRS,n,2,282.6,15.75,D,0
39.71381,-121.57995,338.42,0.72,0.76,2018-11-08,1950,N,VIIRS,n,2,290.46,18.98,D,0
39.71453,-121.62906,344.54,0.73,0.76,2018-11-08,1950,N,VIIRS,n,2,284.95,64.75,D,0
39.71458,-121.60078,353.62,0.72,0.76,2018-11-08,1950,N,VIIRS,n,2,300.9,92.73,D,0
39.71525,-121.57996,355.27,0.72,0.76,2018-11-08,1950,N,VIIRS,n,2,291.37,88.84,D,0
39.7154,-121.64996,325.06,0.73,0.76,2018-11-08,1950,N,VIIRS,n,2,282.52,10.32,D,0
39.71592,-121.6199,357.49,0.72,0.76,2018-11-08,1950,N,VIIRS,l,2,289.99,52.4,D,0
39.71609,-121.60088,355.02,0.72,0.76,2018-11-08,1950,N,VIIRS,n,2,299.35,58.8,D,0
39.71669,-121.64074,343.18,0.73,0.76,2018-11-08,1950,N,VIIRS,n,2,284.86,23.94,D,0
39.71748,-121.62016,367,0.73,0.76,2018-11-08,1950,N,VIIRS,h,2,291.1,64.75,D,0
39.71764,-121.59167,344.58,0.72,0.76,2018-11-08,1950,N,VIIRS,n,2,299.25,92.73,D,0
39.71835,-121.64101,342.77,0.73,0.76,2018-11-08,1950,N,VIIRS,n,2,284.82,10.32,D,0
39.71869,-121.61166,357.6,0.72,0.76,2018-11-08,1950,N,VIIRS,n,2,308.38,52.4,D,0
39.71911,-121.5917,343.35,0.72,0.76,2018-11-08,1950,N,VIIRS,n,2,299.9,88.84,D,0
39.71968,-121.63183,356.74,0.73,0.76,2018-11-08,1950,N,VIIRS,l,2,286.84,23.94,D,0
39.72021,-121.61187,356.72,0.72,0.76,2018-11-08,1950,N,VIIRS,n,2,310.22,100.65,D,0
39.72061,-121.58282,356.95,0.72,0.76,2018-11-08,1950,N,VIIRS,l,2,310.63,113.77,D,0
39.72128,-121.63215,356.72,0.73,0.76,2018-11-08,1950,N,VIIRS,l,2,287.82,64.75,D,0
39.72145,-121.60342,357.49,0.72,0.76,2018-11-08,1950,N,VIIRS,l,2,297.44,92.73,D,0
39.72205,-121.58282,356.66,0.72,0.76,2018-11-08,1950,N,VIIRS,l,2,311.44,88.84,D,0
39.72263,-121.62303,343,0.72,0.76,2018-11-08,1950,N,VIIRS,n,2,303.69,101.45,D,0
39.72296,-121.60354,356.96,0.72,0.76,2018-11-08,1950,N,VIIRS,l,2,297.6,100.65,D,0
39.72351,-121.64361,327.54,0.73,0.76,2018-11-08,1950,N,VIIRS,n,2,284.26,23.94,D,0
39.72369,-121.57364,349.52,0.72,0.76,2018-11-08,1950,N,VIIRS,n,2,297.5,113.77,D,0
39.72417,-121.62336,335.01,0.73,0.76,2018-11-08,1950,N,VIIRS,n,2,306.31,64.75,D,0
39.72455,-121.5942,367,0.72,0.76,2018-11-08,1950,N,VIIRS,h,2,293.16,92.73,D,0
39.72507,-121.57365,341.78,0.72,0.76,2018-11-08,1950,N,VIIRS,n,2,299.94,200.3,D,0
39.72543,-121.61472,356.71,0.72,0.76,2018-11-08,1950,N,VIIRS,n,2,300.25,101.45,D,0
39.72602,-121.59425,367,0.72,0.76,2018-11-08,1950,N,VIIRS,h,2,292.63,67.03,D,0
39.72633,-121.5658,367,0.72,0.76,2018-11-08,1950,N,VIIRS,l,2,327.71,143.5,D,0
39.72644,-121.63488,351.68,0.73,0.76,2018-11-08,1950,N,VIIRS,n,2,287.27,23.94,D,0
39.72692,-121.61501,355.69,0.72,0.76,2018-11-08,1950,N,VIIRS,n,2,299.16,100.65,D,0
39.72749,-121.58543,357.49,0.72,0.76,2018-11-08,1950,N,VIIRS,l,2,293.68,113.77,D,0
39.72759,-121.56599,367,0.72,0.76,2018-11-08,1950,N,VIIRS,h,2,333.57,200.3,D,0
39.72802,-121.63521,340.76,0.73,0.76,2018-11-08,1950,N,VIIRS,n,2,286.48,36.35,D,0
39.72827,-121.60623,356.78,0.72,0.76,2018-11-08,1950,N,VIIRS,l,2,298.07,88.27,D,0
39.72866,-121.55886,367,0.72,0.76,2018-11-08,1950,N,VIIRS,h,2,311.94,143.5,D,0
39.7289,-121.58551,356.96,0.72,0.76,2018-11-08,1950,N,VIIRS,l,2,292.13,67.03,D,0
39.72931,-121.62628,349.56,0.72,0.76,2018-11-08,1950,N,VIIRS,n,2,295.73,101.45,D,0
39.72974,-121.60644,356.14,0.72,0.76,2018-11-08,1950,N,VIIRS,n,2,299.57,100.65,D,0
39.72997,-121.5588,367,0.72,0.76,2018-11-08,1950,N,VIIRS,h,2,313.28,120.12,D,0
39.73038,-121.57681,345.78,0.72,0.76,2018-11-08,1950,N,VIIRS,n,2,296.47,113.77,D,0
39.73085,-121.6266,356.88,0.73,0.76,2018-11-08,1950,N,VIIRS,l,2,289.17,36.35,D,0
39.73141,-121.59688,367,0.72,0.76,2018-11-08,1950,N,VIIRS,h,2,299.01,88.27,D,0
39.73173,-121.57689,347.44,0.72,0.76,2018-11-08,1950,N,VIIRS,n,2,295.26,102.85,D,0
39.7322,-121.61767,356.88,0.72,0.76,2018-11-08,1950,N,VIIRS,l,2,293.51,101.45,D,0
39.73283,-121.59705,356.49,0.72,0.76,2018-11-08,1950,N,VIIRS,n,2,300.65,67.03,D,0
39.73309,-121.56876,350.47,0.72,0.76,2018-11-08,1950,N,VIIRS,n,2,313.68,143.5,D,0
39.7331,-121.54928,327.98,0.72,0.76,2018-11-08,1950,N,VIIRS,n,2,290.89,120.12,D,0
39.7337,-121.61793,356.86,0.72,0.76,2018-11-08,1950,N,VIIRS,l,2,289.99,37.12,D,0
39.73433,-121.58816,367,0.72,0.76,2018-11-08,1950,N,VIIRS,h,2,294.04,98.07,D,0
39.73438,-121.56884,351.35,0.72,0.76,2018-11-08,1950,N,VIIRS,n,2,310.85,102.85,D,0
39.73505,-121.60917,356.79,0.72,0.76,2018-11-08,1950,N,VIIRS,l,2,299.13,88.27,D,0
39.73537,-121.56197,357.61,0.72,0.76,2018-11-08,1950,N,VIIRS,l,2,296.98,143.5,D,0
39.73571,-121.58831,367,0.72,0.76,2018-11-08,1950,N,VIIRS,h,2,295.37,67.03,D,0
39.73652,-121.60938,367,0.72,0.76,2018-11-08,1950,N,VIIRS,h,2,297.21,37.12,D,0
39.73653,-121.56232,356.92,0.72,0.76,2018-11-08,1950,N,VIIRS,l,2,296.3,76.52,D,0
39.73714,-121.57976,355.74,0.72,0.76,2018-11-08,1950,N,VIIRS,n,2,296.85,98.07,D,0
39.7381,-121.60004,349.74,0.72,0.76,2018-11-08,1950,N,VIIRS,n,2,302.61,88.27,D,0
39.73848,-121.57986,356.29,0.72,0.76,2018-11-08,1950,N,VIIRS,n,2,299.97,102.85,D,0
39.73889,-121.55145,346.86,0.72,0.75,2018-11-08,1950,N,VIIRS,n,2,286.78,78.37,D,0
39.73903,-121.62047,342.58,0.72,0.76,2018-11-08,1950,N,VIIRS,n,2,285.22,33.85,D,0
39.73951,-121.60027,352.46,0.72,0.76,2018-11-08,1950,N,VIIRS,n,2,299.82,76.54,D,0
39.74001,-121.57122,349.3,0.72,0.76,2018-11-08,1950,N,VIIRS,n,2,305.47,86.44,D,0
39.74012,-121.55141,345.79,0.72,0.76,2018-11-08,1950,N,VIIRS,n,2,286.35,76.52,D,0
39.74052,-121.62074,339.45,0.72,0.76,2018-11-08,1950,N,VIIRS,n,2,285.26,37.12,D,0
39.74114,-121.59097,345.31,0.72,0.76,2018-11-08,1950,N,VIIRS,n,2,311.13,98.07,D,0
39.74132,-121.57126,347.47,0.72,0.76,2018-11-08,1950,N,VIIRS,n,2,305.62,102.85,D,0
39.74191,-121.61187,367,0.72,0.76,2018-11-08,1950,N,VIIRS,h,2,290.83,25.62,D,0
39.74214,-121.56486,356.74,0.72,0.76,2018-11-08,1950,N,VIIRS,l,2,291.9,86.44,D,0
39.74251,-121.59116,345.88,0.72,0.76,2018-11-08,1950,N,VIIRS,n,2,311.45,76.54,D,0
39.74268,-121.54362,326.19,0.72,0.75,2018-11-08,1950,N,VIIRS,n,2,285.62,90.87,D,0
39.74327,-121.65424,344.95,0.73,0.76,2018-11-08,1950,N,VIIRS,n,2,293.14,13.02,D,0
39.74336,-121.61211,356.62,0.72,0.76,2018-11-08,1950,N,VIIRS,l,2,289.5,37.12,D,0
39.74341,-121.5649,356.72,0.72,0.76,2018-11-08,1950,N,VIIRS,l,2,292.17,76.52,D,0
39.74398,-121.5825,367,0.72,0.76,2018-11-08,1950,N,VIIRS,h,2,303.36,98.07,D,0
39.7447,-121.65522,343.06,0.73,0.76,2018-11-08,1950,N,VIIRS,n,2,291.5,22.32,D,0
39.74485,-121.60307,367,0.72,0.76,2018-11-08,1950,N,VIIRS,h,2,300.03,25.62,D,0
39.74531,-121.58264,367,0.72,0.76,2018-11-08,1950,N,VIIRS,h,2,301.89,79.25,D,0
39.74561,-121.55449,356.78,0.72,0.75,2018-11-08,1950,N,VIIRS,l,2,289.72,80.59,D,0
39.74626,-121.60328,367,0.72,0.76,2018-11-08,1950,N,VIIRS,h,2,299.92,76.54,D,0
39.74646,-121.64467,336.22,0.73,0.76,2018-11-08,1950,N,VIIRS,n,2,289.84,13.02,D,0
39.74678,-121.55465,355.48,0.72,0.76,2018-11-08,1950,N,VIIRS,n,2,291.24,76.52,D,0
39.74682,-121.57401,356.2,0.72,0.76,2018-11-08,1950,N,VIIRS,n,2,297.9,86.44,D,0
39.74733,-121.62358,328.92,0.72,0.76,2018-11-08,1950,N,VIIRS,n,2,284.18,13.97,D,0
39.74793,-121.59387,367,0.72,0.76,2018-11-08,1950,N,VIIRS,h,2,295.57,67.17,D,0
39.74794,-121.64534,334.2,0.73,0.76,2018-11-08,1950,N,VIIRS,n,2,288.61,13.61,D,0
39.74808,-121.5742,367,0.72,0.76,2018-11-08,1950,N,VIIRS,h,2,295.66,79.25,D,0
39.74834,-121.54633,355.74,0.72,0.75,2018-11-08,1950,N,VIIRS,n,2,295.14,80.59,D,0
39.74876,-121.61458,338.59,0.72,0.76,2018-11-08,1950,N,VIIRS,n,2,286.49,25.62,D,0
39.74907,-121.56728,356.88,0.72,0.76,2018-11-08,1950,N,VIIRS,l,2,291.75,86.44,D,0
39.74927,-121.5941,367,0.72,0.76,2018-11-08,1950,N,VIIRS,h,2,295.57,76.54,D,0
39.74945,-121.54651,343.75,0.72,0.75,2018-11-08,1950,N,VIIRS,n,2,299.28,90.87,D,0
39.74957,-121.6354,325.18,0.72,0.76,2018-11-08,1950,N,VIIRS,n,2,286.23,15.88,D,0
39.75019,-121.61487,335.59,0.72,0.76,2018-11-08,1950,N,VIIRS,n,2,286.22,13.97,D,0
39.75031,-121.5674,356.86,0.72,0.76,2018-11-08,1950,N,VIIRS,l,2,291.61,35.91,D,0
39.75079,-121.53901,354.35,0.72,0.75,2018-11-08,1950,N,VIIRS,n,2,288.28,170.54,D,0
39.7508,-121.58527,367,0.72,0.76,2018-11-08,1950,N,VIIRS,h,2,300.26,67.17,D,0
39.751,-121.63599,325.83,0.73,0.76,2018-11-08,1950,N,VIIRS,n,2,287.06,13.61,D,0
39.75166,-121.6059,353.26,0.72,0.76,2018-11-08,1950,N,VIIRS,n,2,292.76,25.62,D,0
39.75173,-121.55933,356.79,0.72,0.75,2018-11-08,1950,N,VIIRS,l,2,289.86,80.59,D,0
39.75191,-121.53905,353.94,0.72,0.75,2018-11-08,1950,N,VIIRS,n,2,290.69,90.87,D,0
39.75211,-121.58546,367,0.72,0.76,2018-11-08,1950,N,VIIRS,h,2,301.26,79.25,D,0
39.75288,-121.55959,356.88,0.72,0.76,2018-11-08,1950,N,VIIRS,l,2,289.56,35.91,D,0
39.75305,-121.60616,350.99,0.72,0.76,2018-11-08,1950,N,VIIRS,n,2,291.48,25.76,D,0
39.75357,-121.577,356.08,0.72,0.76,2018-11-08,1950,N,VIIRS,l,2,295.81,60.22,D,0
39.75464,-121.59698,355.41,0.72,0.76,2018-11-08,1950,N,VIIRS,n,2,300.28,67.17,D,0
39.75484,-121.57715,356.62,0.72,0.76,2018-11-08,1950,N,VIIRS,l,2,298.22,79.25,D,0
39.75502,-121.5495,344.08,0.72,0.75,2018-11-08,1950,N,VIIRS,n,2,293.51,80.59,D,0
39.75577,-121.52728,272.53,0.72,0.75,2018-11-08,1950,N,VIIRS,l,2,304.09,447.8,D,0
39.75597,-121.59726,367,0.72,0.76,2018-11-08,1950,N,VIIRS,h,2,298.48,25.76,D,0
39.75605,-121.56956,356.04,0.72,0.76,2018-11-08,1950,N,VIIRS,l,2,289.75,60.22,D,0
39.75617,-121.54955,355.57,0.72,0.75,2018-11-08,1950,N,VIIRS,n,2,291.37,60.4,D,0
39.75729,-121.56969,356.6,0.72,0.76,2018-11-08,1950,N,VIIRS,l,2,290.75,35.91,D,0
39.75759,-121.58813,351.04,0.72,0.76,2018-11-08,1950,N,VIIRS,n,2,308.51,67.17,D,0
39.75782,-121.54112,356.44,0.72,0.75,2018-11-08,1950,N,VIIRS,n,2,292.42,170.54,D,0
39.75833,-121.56275,352.07,0.72,0.75,2018-11-08,1950,N,VIIRS,n,2,289.87,19.77,D,0
39.75846,-121.60876,341.87,0.72,0.76,2018-11-08,1950,N,VIIRS,n,2,289.43,23.84,D,0
39.75888,-121.58838,350.41,0.72,0.76,2018-11-08,1950,N,VIIRS,n,2,309.65,88.52,D,0
39.75903,-121.54084,356.42,0.72,0.75,2018-11-08,1950,N,VIIRS,n,2,291.01,60.4,D,0
39.75952,-121.56289,350.7,0.72,0.76,2018-11-08,1950,N,VIIRS,n,2,290.72,35.91,D,0
39.75981,-121.6091,337.42,0.72,0.76,2018-11-08,1950,N,VIIRS,n,2,288.97,25.76,D,0
39.76038,-121.57979,367,0.72,0.76,2018-11-08,1950,N,VIIRS,h,2,299.58,60.22,D,0
39.7607,-121.50941,356.74,0.71,0.75,2018-11-08,1950,N,VIIRS,l,2,305.67,309.39,D,0
39.76107,-121.5314,336.15,0.72,0.75,2018-11-08,1950,N,VIIRS,n,2,294.97,170.54,D,0
39.76138,-121.60001,367,0.72,0.76,2018-11-08,1950,N,VIIRS,h,2,293.23,47.87,D,0
39.76151,-121.5098,356.72,0.72,0.75,2018-11-08,1950,N,VIIRS,l,2,307.12,146.96,D,0
39.76162,-121.58003,367,0.72,0.76,2018-11-08,1950,N,VIIRS,h,2,301.74,88.52,D,0
39.76182,-121.55228,367,0.72,0.75,2018-11-08,1950,N,VIIRS,h,2,291.52,19.77,D,0
39.76213,-121.5314,352.45,0.72,0.75,2018-11-08,1950,N,VIIRS,n,2,295.16,99.33,D,0
39.76269,-121.60034,367,0.72,0.76,2018-11-08,1950,N,VIIRS,h,2,295.34,25.76,D,0
39.76296,-121.5524,367,0.72,0.75,2018-11-08,1950,N,VIIRS,h,2,291.65,60.4,D,0
39.76302,-121.57186,367,0.72,0.76,2018-11-08,1950,N,VIIRS,h,2,295.37,60.22,D,0
39.76366,-121.50053,342.45,0.71,0.75,2018-11-08,1950,N,VIIRS,n,2,288.33,229.78,D,0
39.76423,-121.57205,367,0.72,0.76,2018-11-08,1950,N,VIIRS,h,2,296.09,53.81,D,0
39.76432,-121.59119,335.4,0.72,0.76,2018-11-08,1950,N,VIIRS,n,2,302.84,47.87,D,0
39.76443,-121.50089,356.68,0.71,0.75,2018-11-08,1950,N,VIIRS,l,2,289.63,146.96,D,0
39.76518,-121.5654,346.58,0.72,0.75,2018-11-08,1950,N,VIIRS,n,2,294.2,19.77,D,0
39.76524,-121.54205,367,0.72,0.75,2018-11-08,1950,N,VIIRS,h,2,292.88,25.51,D,0
39.76557,-121.59153,344.65,0.72,0.76,2018-11-08,1950,N,VIIRS,n,2,298.07,88.52,D,0
39.76637,-121.56552,345.18,0.72,0.76,2018-11-08,1950,N,VIIRS,n,2,294.13,53.81,D,0
39.76641,-121.54185,367,0.72,0.75,2018-11-08,1950,N,VIIRS,h,2,292.9,60.4,D,0
39.76664,-121.51472,367,0.71,0.75,2018-11-08,1950,N,VIIRS,h,2,295.15,309.39,D,0
39.76708,-121.5829,345.16,0.72,0.76,2018-11-08,1950,N,VIIRS,n,2,312.29,86.31,D,0
39.76777,-121.49068,351.61,0.71,0.75,2018-11-08,1950,N,VIIRS,n,2,288.43,25.8,D,0
39.76811,-121.60303,347.39,0.72,0.76,2018-11-08,1950,N,VIIRS,n,2,289.78,47.87,D,0
39.76827,-121.53297,367,0.72,0.75,2018-11-08,1950,N,VIIRS,h,2,298.23,25.51,D,0
39.7683,-121.5832,347.36,0.72,0.76,2018-11-08,1950,N,VIIRS,n,2,311.19,88.52,D,0
39.7683,-121.55606,345.46,0.72,0.75,2018-11-08,1950,N,VIIRS,n,2,290.77,19.77,D,0
39.76936,-121.53284,367,0.72,0.75,2018-11-08,1950,N,VIIRS,h,2,297.6,99.33,D,0
39.76937,-121.50654,342.55,0.71,0.75,2018-11-08,1950,N,VIIRS,n,2,299.85,229.78,D,0
39.76941,-121.55625,342.24,0.72,0.75,2018-11-08,1950,N,VIIRS,n,2,291.2,13.34,D,0
39.76981,-121.57473,367,0.72,0.76,2018-11-08,1950,N,VIIRS,h,2,296.72,86.31,D,0
39.77021,-121.50674,343.2,0.71,0.75,2018-11-08,1950,N,VIIRS,n,2,297.94,263.83,D,0
39.77059,-121.526,367,0.72,0.75,2018-11-08,1950,N,VIIRS,h,2,298.3,39.99,D,0
39.77097,-121.57504,367,0.72,0.76,2018-11-08,1950,N,VIIRS,h,2,298.07,53.81,D,0
39.771,-121.59438,367,0.72,0.76,2018-11-08,1950,N,VIIRS,h,2,290.7,47.87,D,0
39.77156,-121.52612,367,0.72,0.75,2018-11-08,1950,N,VIIRS,h,2,296.65,99.33,D,0
39.77212,-121.54459,348,0.72,0.75,2018-11-08,1950,N,VIIRS,n,2,289.48,25.51,D,0
39.77216,-121.56768,353.34,0.72,0.75,2018-11-08,1950,N,VIIRS,n,2,293.83,22.81,D,0
39.77316,-121.54478,343.73,0.72,0.75,2018-11-08,1950,N,VIIRS,n,2,289.24,13.34,D,0
39.7733,-121.56796,367,0.72,0.76,2018-11-08,1950,N,VIIRS,h,2,294.11,53.81,D,0
39.77376,-121.58608,353.14,0.72,0.76,2018-11-08,1950,N,VIIRS,n,2,303.26,86.31,D,0
39.77451,-121.56061,345.74,0.72,0.75,2018-11-08,1950,N,VIIRS,n,2,292.06,22.81,D,0
39.77477,-121.60632,325.11,0.72,0.76,2018-11-08,1950,N,VIIRS,n,2,288.32,16.33,D,0
39.77498,-121.62897,337.37,0.72,0.76,2018-11-08,1950,N,VIIRS,n,2,287.05,18.13,D,0
39.77528,-121.53507,352.55,0.72,0.75,2018-11-08,1950,N,VIIRS,n,2,290.58,25.51,D,0
39.77559,-121.56095,346.42,0.72,0.75,2018-11-08,1950,N,VIIRS,n,2,292.25,13.34,D,0
39.77623,-121.48599,367,0.71,0.75,2018-11-08,1950,N,VIIRS,l,2,346.15,398.69,D,0
39.77626,-121.53529,345.65,0.72,0.75,2018-11-08,1950,N,VIIRS,n,2,289.83,15.59,D,0
39.77651,-121.57784,367,0.72,0.76,2018-11-08,1950,N,VIIRS,h,2,298.49,86.31,D,0
39.77699,-121.48605,367,0.71,0.75,2018-11-08,1950,N,VIIRS,l,2,351.52,270.23,D,0
39.77732,-121.64529,325.06,0.72,0.76,2018-11-08,1950,N,VIIRS,n,2,286.58,10.5,D,0
39.7774,-121.52876,367,0.72,0.75,2018-11-08,1950,N,VIIRS,h,2,294.11,39.99,D,0
39.77769,-121.59753,339.14,0.72,0.76,2018-11-08,1950,N,VIIRS,n,2,289.39,16.33,D,0
39.77795,-121.62004,367,0.72,0.76,2018-11-08,1950,N,VIIRS,h,2,290.89,18.13,D,0
39.77835,-121.52892,367,0.72,0.75,2018-11-08,1950,N,VIIRS,h,2,293.72,15.59,D,0
39.77848,-121.54872,345.77,0.72,0.75,2018-11-08,1950,N,VIIRS,n,2,290.69,16.1,D,0
39.77859,-121.50201,367,0.71,0.75,2018-11-08,1950,N,VIIRS,h,2,290.77,43.48,D,0
39.77902,-121.57029,367,0.72,0.75,2018-11-08,1950,N,VIIRS,h,2,293.62,22.81,D,0
39.77923,-121.47697,367,0.71,0.75,2018-11-08,1950,N,VIIRS,l,2,328.47,398.69,D,0
39.77941,-121.50217,355.99,0.71,0.75,2018-11-08,1950,N,VIIRS,n,2,291.2,270.23,D,0
39.77949,-121.54901,348.65,0.72,0.75,2018-11-08,1950,N,VIIRS,n,2,290.73,13.34,D,0
39.77967,-121.52195,367,0.71,0.75,2018-11-08,1950,N,VIIRS,h,2,292.07,39.99,D,0
39.77996,-121.47697,367,0.71,0.75,2018-11-08,1950,N,VIIRS,h,2,336.57,235.88,D,0
39.78012,-121.63684,343.51,0.72,0.76,2018-11-08,1950,N,VIIRS,n,2,287.53,29.85,D,0
39.78045,-121.58926,367,0.72,0.76,2018-11-08,1950,N,VIIRS,h,2,297.77,63.24,D,0
39.78061,-121.52202,355.7,0.72,0.75,2018-11-08,1950,N,VIIRS,n,2,291.11,14.34,D,0
39.78083,-121.61137,355.72,0.72,0.76,2018-11-08,1950,N,VIIRS,n,2,292.37,16.33,D,0
39.78113,-121.56396,346.69,0.72,0.75,2018-11-08,1950,N,VIIRS,n,2,292.27,22.81,D,0
39.78172,-121.53898,342.22,0.72,0.75,2018-11-08,1950,N,VIIRS,n,2,290.19,16.1,D,0
39.78184,-121.49229,208,0.71,0.75,2018-11-08,1950,N,VIIRS,l,2,304.27,117.97,D,0
39.78188,-121.46902,367,0.71,0.75,2018-11-08,1950,N,VIIRS,h,2,305.71,256.8,D,0
39.7822,-121.51438,335.25,0.71,0.75,2018-11-08,1950,N,VIIRS,n,2,289.38,43.48,D,0
39.78254,-121.49261,208,0.71,0.75,2018-11-08,1950,N,VIIRS,l,2,299.36,270.23,D,0
39.78259,-121.46893,367,0.71,0.75,2018-11-08,1950,N,VIIRS,h,2,309.64,235.88,D,0
39.78262,-121.53941,346.82,0.72,0.75,2018-11-08,1950,N,VIIRS,n,2,290.8,15.59,D,0
39.78307,-121.5145,337.05,0.71,0.75,2018-11-08,1950,N,VIIRS,n,2,290.29,14.34,D,0
39.78321,-121.58093,348.41,0.72,0.76,2018-11-08,1950,N,VIIRS,n,2,310.62,63.24,D,0
39.78346,-121.62682,367,0.72,0.76,2018-11-08,1950,N,VIIRS,h,2,290.53,29.85,D,0
39.78382,-121.60238,347.89,0.72,0.76,2018-11-08,1950,N,VIIRS,n,2,290.18,16.33,D,0
39.78417,-121.53161,350.2,0.72,0.75,2018-11-08,1950,N,VIIRS,n,2,291.5,19.07,D,0
39.78456,-121.55364,355.13,0.72,0.75,2018-11-08,1950,N,VIIRS,n,2,292.62,16.1,D,0
39.78507,-121.48257,352.15,0.71,0.75,2018-11-08,1950,N,VIIRS,n,2,322.31,117.97,D,0
39.7851,-121.53184,352.47,0.72,0.75,2018-11-08,1950,N,VIIRS,n,2,291.72,15.59,D,0
39.78572,-121.48285,352.93,0.71,0.75,2018-11-08,1950,N,VIIRS,n,2,317.09,235.88,D,0
39.78583,-121.57307,356.59,0.72,0.75,2018-11-08,1950,N,VIIRS,l,2,298.57,74.21,D,0
39.78611,-121.61881,354.47,0.72,0.76,2018-11-08,1950,N,VIIRS,n,2,297.17,68.66,D,0
39.78659,-121.52435,344.68,0.71,0.75,2018-11-08,1950,N,VIIRS,n,2,291.76,19.07,D,0
39.78706,-121.59264,356.47,0.72,0.76,2018-11-08,1950,N,VIIRS,l,2,290.43,63.24,D,0
39.78751,-121.52444,347.02,0.72,0.75,2018-11-08,1950,N,VIIRS,n,2,291.84,14.34,D,0
39.78787,-121.54368,367,0.72,0.75,2018-11-08,1950,N,VIIRS,h,2,294.77,16.1,D,0
39.7879,-121.49724,348.86,0.71,0.75,2018-11-08,1950,N,VIIRS,n,2,291.04,117.97,D,0
39.78791,-121.56682,347.8,0.72,0.75,2018-11-08,1950,N,VIIRS,n,2,292.89,74.21,D,0
39.7887,-121.47168,367,0.71,0.75,2018-11-08,1950,N,VIIRS,h,2,299.66,81.13,D,0
39.78872,-121.49724,346.11,0.71,0.75,2018-11-08,1950,N,VIIRS,n,2,291,14.76,D,0
39.78899,-121.51713,343.71,0.71,0.75,2018-11-08,1950,N,VIIRS,n,2,291.65,20.04,D,0
39.78941,-121.47156,367,0.71,0.75,2018-11-08,1950,N,VIIRS,h,2,297.76,235.88,D,0
39.78952,-121.60854,367,0.72,0.76,2018-11-08,1950,N,VIIRS,h,2,316.58,68.66,D,0
39.78988,-121.51722,345.54,0.71,0.75,2018-11-08,1950,N,VIIRS,n,2,291.67,14.34,D,0
39.78989,-121.58413,348.56,0.72,0.76,2018-11-08,1950,N,VIIRS,n,2,300.84,63.24,D,0
39.79071,-121.53516,367,0.72,0.75,2018-11-08,1950,N,VIIRS,h,2,295.63,19.07,D,0
39.79078,-121.55816,356.42,0.72,0.75,2018-11-08,1950,N,VIIRS,n,2,292.67,25.27,D,0
39.7911,-121.46448,367,0.71,0.75,2018-11-08,1950,N,VIIRS,h,2,293.42,81.13,D,0
39.79129,-121.48708,367,0.71,0.75,2018-11-08,1950,N,VIIRS,h,2,295.95,117.97,D,0
39.7916,-121.50928,335.92,0.71,0.75,2018-11-08,1950,N,VIIRS,n,2,291.31,20.04,D,0
39.79174,-121.46445,367,0.71,0.75,2018-11-08,1950,N,VIIRS,h,2,292.72,48.84,D,0
39.79207,-121.48695,367,0.71,0.75,2018-11-08,1950,N,VIIRS,h,2,296.09,12.78,D,0
39.79244,-121.50937,340.98,0.71,0.75,2018-11-08,1950,N,VIIRS,n,2,292.02,14.76,D,0
39.79245,-121.57642,356.43,0.72,0.75,2018-11-08,1950,N,VIIRS,n,2,303.28,74.21,D,0
39.79274,-121.45955,367,0.71,0.75,2018-11-08,1950,N,VIIRS,h,2,295.52,12.76,D,0
39.7929,-121.6217,334.65,0.72,0.76,2018-11-08,1950,N,VIIRS,n,2,289.01,68.66,D,0
39.79318,-121.5975,367,0.72,0.76,2018-11-08,1950,N,VIIRS,h,2,295.65,71.46,D,0
39.79334,-121.45957,367,0.71,0.75,2018-11-08,1950,N,VIIRS,h,2,294.92,48.84,D,0
39.79342,-121.52702,367,0.71,0.75,2018-11-08,1950,N,VIIRS,h,2,295.33,19.07,D,0
39.79426,-121.45499,334.46,0.71,0.75,2018-11-08,1950,N,VIIRS,n,2,291.92,12.76,D,0
39.79445,-121.57037,354.32,0.72,0.75,2018-11-08,1950,N,VIIRS,n,2,304,74.21,D,0
39.79474,-121.49983,346.36,0.71,0.75,2018-11-08,1950,N,VIIRS,n,2,295.48,15.73,D,0
39.79486,-121.45494,336.52,0.71,0.75,2018-11-08,1950,N,VIIRS,n,2,292.05,12.67,D,0
39.79513,-121.54507,367,0.72,0.75,2018-11-08,1950,N,VIIRS,h,2,295.08,25.27,D,0
39.79519,-121.47531,346.02,0.71,0.75,2018-11-08,1950,N,VIIRS,n,2,291.28,81.13,D,0
39.79554,-121.49986,348.27,0.71,0.75,2018-11-08,1950,N,VIIRS,n,2,295.65,14.76,D,0
39.79588,-121.5196,367,0.71,0.75,2018-11-08,1950,N,VIIRS,h,2,298.07,20.04,D,0
39.79589,-121.47526,342.19,0.71,0.75,2018-11-08,1950,N,VIIRS,n,2,291.05,12.78,D,0
39.79639,-121.58783,356.42,0.72,0.76,2018-11-08,1950,N,VIIRS,n,2,296,71.46,D,0
39.79652,-121.4482,345.31,0.71,0.75,2018-11-08,1950,N,VIIRS,n,2,292.58,14.46,D,0
39.79658,-121.61059,357.77,0.72,0.76,2018-11-08,1950,N,VIIRS,n,2,299.03,68.66,D,0
39.79707,-121.44817,348.62,0.71,0.75,2018-11-08,1950,N,VIIRS,n,2,292.99,12.67,D,0
39.79725,-121.56199,356.47,0.72,0.75,2018-11-08,1950,N,VIIRS,l,2,293.35,25.27,D,0
39.79771,-121.53728,367,0.72,0.75,2018-11-08,1950,N,VIIRS,h,2,294.33,15.14,D,0
39.79816,-121.48953,343.46,0.71,0.75,2018-11-08,1950,N,VIIRS,n,2,293.6,15.73,D,0
39.7985,-121.51172,367,0.71,0.75,2018-11-08,1950,N,VIIRS,h,2,298.9,20.04,D,0
39.79892,-121.48949,343.21,0.71,0.75,2018-11-08,1950,N,VIIRS,n,2,293.76,12.78,D,0
39.79918,-121.57943,350.57,0.72,0.75,2018-11-08,1950,N,VIIRS,n,2,315.74,82.86,D,0
39.79954,-121.46223,329.99,0.71,0.75,2018-11-08,1950,N,VIIRS,n,2,291.13,12.76,D,0
39.79993,-121.60046,354.49,0.72,0.76,2018-11-08,1950,N,VIIRS,n,2,301.19,71.46,D,0
39.80012,-121.46232,330.14,0.71,0.75,2018-11-08,1950,N,VIIRS,n,2,291.19,12.93,D,0
39.80035,-121.52935,352.85,0.71,0.75,2018-11-08,1950,N,VIIRS,n,2,293.77,15.14,D,0
39.80107,-121.45763,341.68,0.71,0.75,2018-11-08,1950,N,VIIRS,n,2,293.68,12.76,D,0
39.80114,-121.57352,367,0.72,0.75,2018-11-08,1950,N,VIIRS,h,2,303.97,82.86,D,0
39.80146,-121.50281,367,0.71,0.75,2018-11-08,1950,N,VIIRS,h,2,297.39,15.73,D,0
39.80164,-121.45769,342.17,0.71,0.75,2018-11-08,1950,N,VIIRS,n,2,293.81,13.13,D,0
39.80182,-121.47851,326.02,0.71,0.75,2018-11-08,1950,N,VIIRS,n,2,290.79,10.35,D,0
39.80244,-121.5463,333.01,0.72,0.75,2018-11-08,1950,N,VIIRS,n,2,288.02,25.27,D,0
39.8025,-121.47851,326.3,0.71,0.75,2018-11-08,1950,N,VIIRS,n,2,291,12.78,D,0
39.80275,-121.52216,367,0.71,0.75,2018-11-08,1950,N,VIIRS,h,2,297.39,17.29,D,0
39.80294,-121.59138,367,0.72,0.76,2018-11-08,1950,N,VIIRS,h,2,296.46,71.46,D,0
39.80297,-121.45193,350.61,0.71,0.75,2018-11-08,1950,N,VIIRS,n,2,294.79,14.46,D,0
39.80356,-121.45179,349.1,0.71,0.75,2018-11-08,1950,N,VIIRS,n,2,295.1,13.13,D,0
39.80413,-121.56451,357.03,0.72,0.75,2018-11-08,1950,N,VIIRS,n,2,297.99,43.24,D,0
39.80499,-121.49216,338.91,0.71,0.75,2018-11-08,1950,N,VIIRS,n,2,291.51,15.73,D,0
39.80527,-121.53777,334.74,0.72,0.75,2018-11-08,1950,N,VIIRS,n,2,289.28,15.14,D,0
39.8055,-121.44431,349.76,0.71,0.75,2018-11-08,1950,N,VIIRS,n,2,295.01,14.46,D,0
39.80552,-121.51379,367,0.71,0.75,2018-11-08,1950,N,VIIRS,h,2,295.23,17.29,D,0
39.8058,-121.58278,367,0.72,0.75,2018-11-08,1950,N,VIIRS,h,2,297.01,82.86,D,0
39.8061,-121.46564,330.14,0.71,0.75,2018-11-08,1950,N,VIIRS,n,2,293.14,20.16,D,0
39.80614,-121.44391,348.44,0.71,0.75,2018-11-08,1950,N,VIIRS,n,2,295.36,28.4,D,0
39.80667,-121.46576,330.47,0.71,0.75,2018-11-08,1950,N,VIIRS,n,2,293.19,12.93,D,0
39.8074,-121.53137,333.87,0.71,0.75,2018-11-08,1950,N,VIIRS,n,2,290.23,15.14,D,0
39.80804,-121.57603,338.42,0.72,0.75,2018-11-08,1950,N,VIIRS,n,2,287.67,82.86,D,0
39.80815,-121.45947,333.6,0.71,0.75,2018-11-08,1950,N,VIIRS,n,2,293.15,20.16,D,0
39.80815,-121.43634,367,0.71,0.75,2018-11-08,1950,N,VIIRS,h,2,296.69,17.48,D,0
39.80835,-121.48205,328.04,0.71,0.75,2018-11-08,1950,N,VIIRS,n,2,291.14,10.35,D,0
39.8087,-121.43604,367,0.71,0.75,2018-11-08,1950,N,VIIRS,h,2,297.18,28.4,D,0
39.80876,-121.45936,333.65,0.71,0.75,2018-11-08,1950,N,VIIRS,n,2,293,13.13,D,0
39.80887,-121.50368,344.61,0.71,0.75,2018-11-08,1950,N,VIIRS,n,2,290.04,13.01,D,0
39.80933,-121.54879,367,0.72,0.75,2018-11-08,1950,N,VIIRS,h,2,293.55,43.24,D,0
39.80959,-121.52475,351.9,0.71,0.75,2018-11-08,1950,N,VIIRS,n,2,292.6,17.29,D,0
39.81049,-121.47557,340.36,0.71,0.75,2018-11-08,1950,N,VIIRS,n,2,293.97,10.35,D,0
39.81085,-121.42819,346.77,0.71,0.75,2018-11-08,1950,N,VIIRS,n,2,289.82,17.48,D,0
39.81125,-121.45012,349.15,0.71,0.75,2018-11-08,1950,N,VIIRS,n,2,295.68,37.05,D,0
39.81126,-121.42818,349.86,0.71,0.75,2018-11-08,1950,N,VIIRS,n,2,291.15,29.81,D,0
39.81194,-121.44958,353.95,0.71,0.75,2018-11-08,1950,N,VIIRS,n,2,295.65,13.13,D,0
39.81223,-121.54005,367,0.72,0.75,2018-11-08,1950,N,VIIRS,h,2,295.25,48.23,D,0
39.81248,-121.49278,337.15,0.71,0.75,2018-11-08,1950,N,VIIRS,n,2,290.95,13.01,D,0
39.81253,-121.46947,347.01,0.71,0.75,2018-11-08,1950,N,VIIRS,n,2,295.26,20.16,D,0
39.81263,-121.51558,337.31,0.71,0.75,2018-11-08,1950,N,VIIRS,n,2,289.42,17.29,D,0
39.81382,-121.44241,367,0.71,0.75,2018-11-08,1950,N,VIIRS,h,2,297.92,37.05,D,0
39.81435,-121.44218,367,0.71,0.75,2018-11-08,1950,N,VIIRS,h,2,297.55,28.4,D,0
39.81441,-121.53343,340.77,0.71,0.75,2018-11-08,1950,N,VIIRS,n,2,304.53,48.23,D,0
39.81546,-121.48381,351.35,0.71,0.75,2018-11-08,1950,N,VIIRS,n,2,293.55,18.91,D,0
39.81557,-121.55325,326.3,0.72,0.75,2018-11-08,1950,N,VIIRS,n,2,285.64,43.24,D,0
39.81569,-121.43674,354.46,0.71,0.75,2018-11-08,1950,N,VIIRS,n,2,299.25,38.68,D,0
39.81619,-121.4584,350.4,0.71,0.75,2018-11-08,1950,N,VIIRS,n,2,296.62,20.16,D,0
39.8162,-121.43654,355.71,0.71,0.75,2018-11-08,1950,N,VIIRS,n,2,298.1,28.4,D,0
39.81672,-121.50322,342.18,0.71,0.75,2018-11-08,1950,N,VIIRS,n,2,292.22,13.01,D,0
39.81677,-121.52633,339.2,0.71,0.75,2018-11-08,1950,N,VIIRS,n,2,312.33,78.17,D,0
39.81762,-121.43095,352.37,0.71,0.75,2018-11-08,1950,N,VIIRS,n,2,290.9,38.68,D,0
39.81771,-121.47702,367,0.71,0.75,2018-11-08,1950,N,VIIRS,h,2,297.29,18.91,D,0
39.8181,-121.43073,352.61,0.71,0.75,2018-11-08,1950,N,VIIRS,n,2,290.8,29.81,D,0
39.81869,-121.54382,349.74,0.72,0.75,2018-11-08,1950,N,VIIRS,n,2,288.38,48.23,D,0
39.81922,-121.44927,356.59,0.71,0.75,2018-11-08,1950,N,VIIRS,l,2,289.49,37.05,D,0
39.82015,-121.49285,345.82,0.71,0.75,2018-11-08,1950,N,VIIRS,n,2,292.54,13.01,D,0
39.8204,-121.51534,367,0.71,0.75,2018-11-08,1950,N,VIIRS,h,2,297.23,78.17,D,0
39.82075,-121.46784,367,0.71,0.75,2018-11-08,1950,N,VIIRS,h,2,292.38,22.6,D,0
39.82138,-121.53569,353.59,0.71,0.75,2018-11-08,1950,N,VIIRS,n,2,289.33,48.23,D,0
39.82283,-121.48473,349.84,0.71,0.75,2018-11-08,1950,N,VIIRS,n,2,291.76,18.91,D,0
39.82408,-121.52753,357.85,0.71,0.75,2018-11-08,1950,N,VIIRS,l,2,287.79,78.17,D,0
39.82408,-121.50424,346.32,0.71,0.75,2018-11-08,1950,N,VIIRS,n,2,302.15,94.54,D,0
39.8256,-121.47638,367,0.71,0.75,2018-11-08,1950,N,VIIRS,h,2,292.35,18.91,D,0
39.82714,-121.49496,340.52,0.71,0.75,2018-11-08,1950,N,VIIRS,n,2,313.69,94.54,D,0
39.82744,-121.51737,355.78,0.71,0.75,2018-11-08,1950,N,VIIRS,n,2,285.75,78.17,D,0
39.82895,-121.46626,341.23,0.71,0.75,2018-11-08,1950,N,VIIRS,n,2,284.47,22.6,D,0
39.82991,-121.48661,367,0.71,0.75,2018-11-08,1950,N,VIIRS,h,2,300.73,68.72,D,0
39.83292,-121.47749,325.02,0.71,0.75,2018-11-08,1950,N,VIIRS,n,2,283.99,68.72,D,0
39.83366,-121.49852,331.04,0.71,0.75,2018-11-08,1950,N,VIIRS,n,2,283.43,94.54,D,0
39.687,-121.59962,367,0.42,0.45,2018-11-08,2130,N,VIIRS,h,2,298.32,116.02,D,0
39.68744,-121.59473,340.95,0.42,0.45,2018-11-08,2130,N,VIIRS,n,2,291.31,10.13,D,0
39.69118,-121.60025,367,0.42,0.45,2018-11-08,2130,N,VIIRS,h,2,359.52,257.78,D,0
39.6916,-121.59557,350.91,0.42,0.45,2018-11-08,2130,N,VIIRS,n,2,294.72,53.66,D,0
39.69408,-121.61518,341.74,0.42,0.45,2018-11-08,2130,N,VIIRS,n,2,288.82,28.19,D,0
39.69452,-121.61036,351.8,0.42,0.45,2018-11-08,2130,N,VIIRS,n,2,305.66,28.19,D,0
39.69537,-121.60086,367,0.42,0.45,2018-11-08,2130,N,VIIRS,h,2,340.74,257.78,D,0
39.69577,-121.5964,356.06,0.42,0.45,2018-11-08,2130,N,VIIRS,n,2,310.13,53.66,D,0
39.69823,-121.61612,348.06,0.42,0.45,2018-11-08,2130,N,VIIRS,n,2,290.11,170.43,D,0
39.69867,-121.61127,367,0.42,0.45,2018-11-08,2130,N,VIIRS,h,2,329.41,170.43,D,0
39.69955,-121.60159,367,0.42,0.45,2018-11-08,2130,N,VIIRS,l,2,328.06,94.5,D,0
39.69995,-121.59716,352.2,0.42,0.45,2018-11-08,2130,N,VIIRS,n,2,316.21,47.63,D,0
39.7033,-121.60704,351.58,0.42,0.45,2018-11-08,2130,N,VIIRS,n,2,314.23,94.5,D,0
39.70373,-121.60226,355.83,0.42,0.45,2018-11-08,2130,N,VIIRS,n,2,310.68,94.5,D,0
39.70414,-121.59779,350.19,0.42,0.45,2018-11-08,2130,N,VIIRS,l,2,328.24,47.63,D,0
39.70459,-121.5928,367,0.42,0.45,2018-11-08,2130,N,VIIRS,h,2,303.11,47.63,D,0
39.70654,-121.61803,344.18,0.42,0.45,2018-11-08,2130,N,VIIRS,n,2,309.01,105.06,D,0
39.70699,-121.61313,367,0.42,0.45,2018-11-08,2130,N,VIIRS,h,2,349.96,105.06,D,0
39.70745,-121.60796,355.53,0.42,0.45,2018-11-08,2130,N,VIIRS,n,2,306.57,38.7,D,0
39.7079,-121.60305,367,0.42,0.45,2018-11-08,2130,N,VIIRS,h,2,302.26,38.7,D,0
39.70832,-121.59847,355.35,0.42,0.45,2018-11-08,2130,N,VIIRS,n,2,314.46,33.1,D,0
39.70876,-121.59364,367,0.42,0.45,2018-11-08,2130,N,VIIRS,l,2,327.97,33.1,D,0
39.70966,-121.58365,356.27,0.42,0.45,2018-11-08,2130,N,VIIRS,l,2,307.3,53.54,D,0
39.71007,-121.5791,349.9,0.42,0.45,2018-11-08,2130,N,VIIRS,n,2,293.19,24.67,D,0
39.71115,-121.61402,354.47,0.42,0.45,2018-11-08,2130,N,VIIRS,n,2,308.2,105.06,D,0
39.71161,-121.60889,353.94,0.42,0.45,2018-11-08,2130,N,VIIRS,n,2,307.11,38.7,D,0
39.71207,-121.60381,367,0.42,0.45,2018-11-08,2130,N,VIIRS,h,2,303.32,38.7,D,0
39.71249,-121.5992,367,0.42,0.45,2018-11-08,2130,N,VIIRS,h,2,306.07,33.1,D,0
39.71293,-121.5944,367,0.42,0.45,2018-11-08,2130,N,VIIRS,h,2,314.53,33.1,D,0
39.7134,-121.58924,367,0.42,0.45,2018-11-08,2130,N,VIIRS,h,2,313.03,53.54,D,0
39.71384,-121.58443,356.69,0.42,0.45,2018-11-08,2130,N,VIIRS,l,2,313.24,53.54,D,0
39.71426,-121.57983,356.69,0.42,0.45,2018-11-08,2130,N,VIIRS,l,2,302.2,24.67,D,0
39.71486,-121.61973,352.32,0.42,0.45,2018-11-08,2130,N,VIIRS,n,2,307.61,71.07,D,0
39.71531,-121.61482,355.26,0.42,0.45,2018-11-08,2130,N,VIIRS,n,2,305.53,71.07,D,0
39.71577,-121.60977,367,0.42,0.45,2018-11-08,2130,N,VIIRS,h,2,303.33,15.63,D,0
39.71624,-121.6047,353.25,0.42,0.45,2018-11-08,2130,N,VIIRS,n,2,300.28,15.63,D,0
39.71667,-121.59995,367,0.42,0.45,2018-11-08,2130,N,VIIRS,h,2,306.98,12.68,D,0
39.71711,-121.59519,367,0.42,0.45,2018-11-08,2130,N,VIIRS,h,2,301.84,12.68,D,0
39.71756,-121.59025,367,0.42,0.45,2018-11-08,2130,N,VIIRS,h,2,303.51,17.06,D,0
39.718,-121.58539,356.68,0.42,0.45,2018-11-08,2130,N,VIIRS,l,2,304.57,17.06,D,0
39.71843,-121.58062,356.68,0.42,0.45,2018-11-08,2130,N,VIIRS,l,2,296.19,26.13,D,0
39.7193,-121.57111,356.43,0.42,0.45,2018-11-08,2130,N,VIIRS,n,2,296.63,46.8,D,0
39.71949,-121.61556,355.8,0.42,0.45,2018-11-08,2130,N,VIIRS,n,2,309.41,71.07,D,0
39.71994,-121.6106,367,0.42,0.45,2018-11-08,2130,N,VIIRS,h,2,300.52,15.63,D,0
39.72022,-121.56096,347.41,0.42,0.45,2018-11-08,2130,N,VIIRS,n,2,314.37,42.97,D,0
39.7204,-121.60561,353.2,0.42,0.45,2018-11-08,2130,N,VIIRS,n,2,300.56,15.63,D,0
39.72071,-121.55556,367,0.42,0.45,2018-11-08,2130,N,VIIRS,h,2,294.91,42.97,D,0
39.72128,-121.59599,351.59,0.42,0.45,2018-11-08,2130,N,VIIRS,n,2,298.71,12.68,D,0
39.72216,-121.58631,352.22,0.42,0.45,2018-11-08,2130,N,VIIRS,n,2,298.17,17.06,D,0
39.72305,-121.57661,356.47,0.42,0.45,2018-11-08,2130,N,VIIRS,n,2,300.79,26.13,D,0
39.72321,-121.62123,367,0.42,0.45,2018-11-08,2130,N,VIIRS,h,2,299.28,20.89,D,0
39.72338,-121.66537,334.77,0.42,0.45,2018-11-08,2130,N,VIIRS,n,2,288.77,7.3,D,0
39.72348,-121.57185,355.16,0.42,0.45,2018-11-08,2130,N,VIIRS,n,2,302.13,46.8,D,0
39.72366,-121.6163,367,0.42,0.45,2018-11-08,2130,N,VIIRS,h,2,298.79,20.89,D,0
39.72382,-121.66058,367,0.42,0.45,2018-11-08,2130,N,VIIRS,h,2,305.57,18.07,D,0
39.72394,-121.56683,356.63,0.42,0.45,2018-11-08,2130,N,VIIRS,l,2,298.62,46.8,D,0
39.72426,-121.65578,339.45,0.42,0.45,2018-11-08,2130,N,VIIRS,n,2,287.72,18.07,D,0
39.72441,-121.56163,352.98,0.42,0.45,2018-11-08,2130,N,VIIRS,n,2,307.39,42.97,D,0
39.7249,-121.55625,353.38,0.42,0.45,2018-11-08,2130,N,VIIRS,n,2,309.71,42.97,D,0
39.72534,-121.55145,352.26,0.42,0.45,2018-11-08,2130,N,VIIRS,n,2,291.32,31.25,D,0
39.72649,-121.63163,342.45,0.42,0.45,2018-11-08,2130,N,VIIRS,n,2,288.62,14.51,D,0
39.72694,-121.62676,351.33,0.42,0.45,2018-11-08,2130,N,VIIRS,n,2,292.98,14.51,D,0
39.72711,-121.67075,347.17,0.42,0.45,2018-11-08,2130,N,VIIRS,n,2,293.93,9.48,D,0
39.72755,-121.66602,345.98,0.42,0.45,2018-11-08,2130,N,VIIRS,n,2,292.92,9.48,D,0
39.72766,-121.57262,355.2,0.42,0.45,2018-11-08,2130,N,VIIRS,l,2,304.54,137.25,D,0
39.72784,-121.61701,353.88,0.42,0.45,2018-11-08,2130,N,VIIRS,n,2,293.65,20.89,D,0
39.72799,-121.66129,354.16,0.42,0.45,2018-11-08,2130,N,VIIRS,n,2,295.24,19.47,D,0
39.72813,-121.56749,355.92,0.42,0.45,2018-11-08,2130,N,VIIRS,n,2,312.31,137.25,D,0
39.72829,-121.61208,350.65,0.42,0.45,2018-11-08,2130,N,VIIRS,n,2,294.13,28.86,D,0
39.72843,-121.65652,367,0.42,0.45,2018-11-08,2130,N,VIIRS,h,2,303.13,19.47,D,0
39.72862,-121.56213,367,0.42,0.45,2018-11-08,2130,N,VIIRS,h,2,296.15,26.06,D,0
39.72887,-121.65173,336.39,0.42,0.45,2018-11-08,2130,N,VIIRS,n,2,288.63,14.94,D,0
39.72908,-121.55707,354.71,0.42,0.45,2018-11-08,2130,N,VIIRS,n,2,303.45,26.06,D,0
39.72953,-121.55221,357.27,0.42,0.45,2018-11-08,2130,N,VIIRS,l,2,301.53,128.2,D,0
39.72961,-121.59768,350.83,0.42,0.45,2018-11-08,2130,N,VIIRS,n,2,294.8,27.51,D,0
39.72995,-121.54758,352.01,0.42,0.45,2018-11-08,2130,N,VIIRS,n,2,288.51,128.2,D,0
39.73037,-121.54295,346.53,0.42,0.45,2018-11-08,2130,N,VIIRS,n,2,287.33,14.11,D,0
39.73066,-121.63239,344.05,0.42,0.45,2018-11-08,2130,N,VIIRS,n,2,289.84,9.76,D,0
39.73111,-121.62753,352.62,0.42,0.45,2018-11-08,2130,N,VIIRS,n,2,294.69,9.76,D,0
39.73201,-121.61781,367,0.42,0.45,2018-11-08,2130,N,VIIRS,h,2,297.42,33.36,D,0
39.73246,-121.61287,351.54,0.42,0.45,2018-11-08,2130,N,VIIRS,n,2,294.14,39.1,D,0
39.73259,-121.65725,340.09,0.42,0.45,2018-11-08,2130,N,VIIRS,n,2,290.4,19.47,D,0
39.73281,-121.56277,367,0.42,0.45,2018-11-08,2130,N,VIIRS,h,2,292.98,26.06,D,0
39.73303,-121.65247,367,0.42,0.45,2018-11-08,2130,N,VIIRS,h,2,297.66,14.94,D,0
39.73326,-121.55791,367,0.42,0.45,2018-11-08,2130,N,VIIRS,h,2,297.1,26.06,D,0
39.73378,-121.59847,367,0.42,0.45,2018-11-08,2130,N,VIIRS,h,2,293.18,31.2,D,0
39.73422,-121.59368,367,0.42,0.45,2018-11-08,2130,N,VIIRS,h,2,294.54,29.21,D,0
39.73457,-121.54362,358.05,0.42,0.45,2018-11-08,2130,N,VIIRS,l,2,288.27,14.11,D,0
39.73502,-121.53865,358.05,0.42,0.45,2018-11-08,2130,N,VIIRS,l,2,286.1,14.11,D,0
39.73513,-121.58385,357.19,0.42,0.45,2018-11-08,2130,N,VIIRS,l,2,294.74,55.06,D,0
39.73527,-121.62836,353.92,0.42,0.45,2018-11-08,2130,N,VIIRS,n,2,294.66,9.76,D,0
39.73546,-121.53381,355.99,0.42,0.45,2018-11-08,2130,N,VIIRS,n,2,286.81,14.09,D,0
39.73589,-121.66735,342.11,0.42,0.45,2018-11-08,2130,N,VIIRS,n,2,291.35,6.53,D,0
39.73589,-121.52908,357.81,0.42,0.45,2018-11-08,2130,N,VIIRS,n,2,286.56,14.09,D,0
39.73632,-121.66273,342.96,0.42,0.45,2018-11-08,2130,N,VIIRS,n,2,293.56,10.18,D,0
39.73632,-121.52439,354.81,0.42,0.45,2018-11-08,2130,N,VIIRS,n,2,288.57,17.55,D,0
39.73702,-121.56332,367,0.42,0.45,2018-11-08,2130,N,VIIRS,h,2,293.64,29.81,D,0
39.7372,-121.65318,335.19,0.42,0.45,2018-11-08,2130,N,VIIRS,n,2,289.71,9.18,D,0
39.73744,-121.55866,357.19,0.42,0.45,2018-11-08,2130,N,VIIRS,l,2,294.49,29.81,D,0
39.73764,-121.64841,367,0.42,0.45,2018-11-08,2130,N,VIIRS,h,2,294.26,9.18,D,0
39.73796,-121.59924,356.45,0.42,0.45,2018-11-08,2130,N,VIIRS,l,2,301.38,31.2,D,0
39.73809,-121.64362,333.1,0.42,0.45,2018-11-08,2130,N,VIIRS,n,2,287.9,16.18,D,0
39.7384,-121.59447,356.69,0.42,0.45,2018-11-08,2130,N,VIIRS,l,2,302.86,29.21,D,0
39.73875,-121.54436,357.19,0.42,0.45,2018-11-08,2130,N,VIIRS,l,2,293.54,182.61,D,0
39.73885,-121.58958,367,0.42,0.45,2018-11-08,2130,N,VIIRS,h,2,295.07,29.21,D,0
39.73923,-121.53916,354.84,0.42,0.45,2018-11-08,2130,N,VIIRS,n,2,291.19,182.61,D,0
39.7393,-121.58466,367,0.42,0.45,2018-11-08,2130,N,VIIRS,h,2,296.76,55.06,D,0
39.73968,-121.53428,355.68,0.42,0.45,2018-11-08,2130,N,VIIRS,n,2,289.53,114.15,D,0
39.7401,-121.52964,355.19,0.42,0.45,2018-11-08,2130,N,VIIRS,n,2,294.45,114.15,D,0
39.74052,-121.6631,344.05,0.42,0.45,2018-11-08,2130,N,VIIRS,n,2,290.41,10.18,D,0
39.74053,-121.52498,357.19,0.42,0.45,2018-11-08,2130,N,VIIRS,l,2,289.32,128.29,D,0
39.74095,-121.52031,357.19,0.42,0.45,2018-11-08,2130,N,VIIRS,l,2,290.36,128.29,D,0
39.7412,-121.56405,367,0.42,0.45,2018-11-08,2130,N,VIIRS,h,2,295.26,29.81,D,0
39.74138,-121.51568,357.19,0.42,0.45,2018-11-08,2130,N,VIIRS,l,2,291.96,89.24,D,0
39.74139,-121.65372,351.63,0.42,0.45,2018-11-08,2130,N,VIIRS,n,2,294.1,9.18,D,0
39.74163,-121.55939,357.18,0.42,0.45,2018-11-08,2130,N,VIIRS,l,2,292.24,29.81,D,0
39.74183,-121.64902,343.05,0.42,0.45,2018-11-08,2130,N,VIIRS,n,2,290.46,9.18,D,0
39.74213,-121.60001,356.7,0.42,0.45,2018-11-08,2130,N,VIIRS,n,2,306.09,64.85,D,0
39.74226,-121.64429,367,0.42,0.45,2018-11-08,2130,N,VIIRS,h,2,302.52,16.18,D,0
39.74247,-121.55024,367,0.42,0.45,2018-11-08,2130,N,VIIRS,l,2,341.55,475.23,D,0
39.74257,-121.59525,355.23,0.42,0.45,2018-11-08,2130,N,VIIRS,l,2,310.46,100.88,D,0
39.74294,-121.54517,367,0.42,0.45,2018-11-08,2130,N,VIIRS,l,2,345.93,182.61,D,0
39.74302,-121.59039,367,0.42,0.45,2018-11-08,2130,N,VIIRS,h,2,302.79,100.88,D,0
39.74342,-121.53987,367,0.42,0.45,2018-11-08,2130,N,VIIRS,l,2,349.47,182.61,D,0
39.74348,-121.58548,367,0.42,0.45,2018-11-08,2130,N,VIIRS,h,2,299.08,27.19,D,0
39.74387,-121.53497,367,0.42,0.45,2018-11-08,2130,N,VIIRS,l,2,333.31,114.15,D,0
39.74393,-121.58055,367,0.42,0.45,2018-11-08,2130,N,VIIRS,h,2,294.01,27.19,D,0
39.7443,-121.53035,321.55,0.42,0.45,2018-11-08,2130,N,VIIRS,l,2,322.53,114.15,D,0
39.74438,-121.57568,356.1,0.42,0.45,2018-11-08,2130,N,VIIRS,l,2,296.18,41.69,D,0
39.74515,-121.52102,367,0.42,0.45,2018-11-08,2130,N,VIIRS,l,2,332.85,128.29,D,0
39.74516,-121.65875,334.04,0.42,0.45,2018-11-08,2130,N,VIIRS,n,2,289.54,8.24,D,0
39.74537,-121.56495,356.17,0.42,0.45,2018-11-08,2130,N,VIIRS,l,2,292.61,29.98,D,0
39.74556,-121.51648,297.42,0.42,0.45,2018-11-08,2130,N,VIIRS,l,2,322.53,89.24,D,0
39.74558,-121.65419,348.7,0.42,0.45,2018-11-08,2130,N,VIIRS,n,2,292.49,9.95,D,0
39.74582,-121.56006,367,0.42,0.45,2018-11-08,2130,N,VIIRS,h,2,292.56,29.98,D,0
39.74586,-121.60559,367,0.42,0.45,2018-11-08,2130,N,VIIRS,h,2,304.03,64.85,D,0
39.74598,-121.51195,351.52,0.42,0.45,2018-11-08,2130,N,VIIRS,n,2,307.03,89.24,D,0
39.74601,-121.64959,347.03,0.42,0.45,2018-11-08,2130,N,VIIRS,n,2,291.3,9.95,D,0
39.74622,-121.55572,367,0.42,0.45,2018-11-08,2130,N,VIIRS,h,2,293.76,41.19,D,0
39.74644,-121.64493,341.58,0.42,0.45,2018-11-08,2130,N,VIIRS,n,2,289.59,6.53,D,0
39.74688,-121.64024,336.42,0.42,0.45,2018-11-08,2130,N,VIIRS,n,2,288.68,6.53,D,0
39.74712,-121.54592,367,0.42,0.45,2018-11-08,2130,N,VIIRS,l,2,343.51,262.39,D,0
39.74761,-121.54062,367,0.42,0.45,2018-11-08,2130,N,VIIRS,h,2,339.74,262.39,D,0
39.74765,-121.58629,367,0.42,0.45,2018-11-08,2130,N,VIIRS,h,2,298.99,27.19,D,0
39.7481,-121.58136,367,0.42,0.45,2018-11-08,2130,N,VIIRS,h,2,294.7,27.19,D,0
39.74856,-121.57644,367,0.42,0.45,2018-11-08,2130,N,VIIRS,h,2,293.14,41.69,D,0
39.74889,-121.52665,367,0.42,0.45,2018-11-08,2130,N,VIIRS,h,2,330.09,169.87,D,0
39.74903,-121.57137,367,0.42,0.45,2018-11-08,2130,N,VIIRS,h,2,296.03,41.69,D,0
39.74931,-121.52209,367,0.42,0.45,2018-11-08,2130,N,VIIRS,l,2,347.32,169.87,D,0
39.74935,-121.65921,341.23,0.42,0.45,2018-11-08,2130,N,VIIRS,n,2,293.3,8.24,D,0
39.74973,-121.51758,367,0.42,0.45,2018-11-08,2130,N,VIIRS,l,2,367.68,254.61,D,0
39.74976,-121.65475,351.76,0.42,0.45,2018-11-08,2130,N,VIIRS,n,2,298.55,9.95,D,0
39.75014,-121.51307,367,0.42,0.45,2018-11-08,2130,N,VIIRS,l,2,373.66,254.61,D,0
39.75018,-121.65022,341.5,0.42,0.45,2018-11-08,2130,N,VIIRS,n,2,291.31,9.95,D,0
39.75042,-121.55636,367,0.42,0.45,2018-11-08,2130,N,VIIRS,h,2,296.25,41.19,D,0
39.75056,-121.50838,367,0.42,0.45,2018-11-08,2130,N,VIIRS,h,2,346.83,180.95,D,0
39.75062,-121.64558,334.18,0.42,0.45,2018-11-08,2130,N,VIIRS,n,2,290.47,6.53,D,0
39.75085,-121.55163,356.7,0.42,0.45,2018-11-08,2130,N,VIIRS,l,2,299.47,41.19,D,0
39.751,-121.50363,354.77,0.42,0.45,2018-11-08,2130,N,VIIRS,n,2,291.81,180.95,D,0
39.7515,-121.63612,341.05,0.42,0.45,2018-11-08,2130,N,VIIRS,n,2,291.54,12.8,D,0
39.75225,-121.53654,367,0.42,0.45,2018-11-08,2130,N,VIIRS,l,2,328.08,425.75,D,0
39.75228,-121.58216,355.72,0.42,0.45,2018-11-08,2130,N,VIIRS,l,2,303.36,206.78,D,0
39.75274,-121.5772,367,0.42,0.45,2018-11-08,2130,N,VIIRS,h,2,293.96,73.16,D,0
39.75321,-121.57211,367,0.42,0.45,2018-11-08,2130,N,VIIRS,h,2,296.67,73.16,D,0
39.75348,-121.52316,367,0.42,0.45,2018-11-08,2130,N,VIIRS,l,2,325.04,169.87,D,0
39.75354,-121.6596,340.75,0.42,0.45,2018-11-08,2130,N,VIIRS,n,2,287.75,13.59,D,0
39.75389,-121.51865,367,0.42,0.45,2018-11-08,2130,N,VIIRS,h,2,327.17,254.61,D,0
39.75395,-121.65527,351.62,0.42,0.45,2018-11-08,2130,N,VIIRS,n,2,315.18,39.44,D,0
39.7543,-121.51414,367,0.42,0.45,2018-11-08,2130,N,VIIRS,h,2,337.53,254.61,D,0
39.75437,-121.65079,367,0.42,0.45,2018-11-08,2130,N,VIIRS,h,2,309.76,39.44,D,0
39.75465,-121.60238,356.18,0.42,0.45,2018-11-08,2130,N,VIIRS,l,2,312.63,145.75,D,0
39.75475,-121.50934,367,0.42,0.45,2018-11-08,2130,N,VIIRS,h,2,335.14,180.95,D,0
39.7548,-121.64617,349.82,0.42,0.45,2018-11-08,2130,N,VIIRS,n,2,288.99,13.78,D,0
39.75505,-121.5523,367,0.42,0.45,2018-11-08,2130,N,VIIRS,h,2,291.75,30.94,D,0
39.7552,-121.50438,367,0.42,0.45,2018-11-08,2130,N,VIIRS,l,2,353.22,180.95,D,0
39.75523,-121.6415,340.23,0.42,0.45,2018-11-08,2130,N,VIIRS,n,2,288.5,13.78,D,0
39.7555,-121.54732,367,0.42,0.45,2018-11-08,2130,N,VIIRS,h,2,292.3,84.8,D,0
39.75563,-121.49964,348.68,0.42,0.45,2018-11-08,2130,N,VIIRS,n,2,312.23,147.36,D,0
39.75642,-121.53745,367,0.42,0.45,2018-11-08,2130,N,VIIRS,l,2,331.65,84.04,D,0
39.75684,-121.53286,367,0.42,0.45,2018-11-08,2130,N,VIIRS,l,2,328.35,84.04,D,0
39.75726,-121.52833,367,0.42,0.45,2018-11-08,2130,N,VIIRS,h,2,345.32,178.58,D,0
39.75746,-121.61774,355.02,0.42,0.45,2018-11-08,2130,N,VIIRS,n,2,296.67,15.67,D,0
39.75791,-121.61288,355.56,0.42,0.45,2018-11-08,2130,N,VIIRS,n,2,297.73,15.67,D,0
39.75837,-121.60801,367,0.42,0.45,2018-11-08,2130,N,VIIRS,h,2,305.17,46.33,D,0
39.75857,-121.65113,330.92,0.42,0.45,2018-11-08,2130,N,VIIRS,n,2,285.7,39.44,D,0
39.75882,-121.60314,346.87,0.42,0.45,2018-11-08,2130,N,VIIRS,n,2,309.97,46.33,D,0
39.75901,-121.50937,367,0.42,0.45,2018-11-08,2130,N,VIIRS,h,2,332.15,93.8,D,0
39.75946,-121.50449,367,0.42,0.45,2018-11-08,2130,N,VIIRS,l,2,369.85,93.8,D,0
39.75988,-121.49989,367,0.42,0.45,2018-11-08,2130,N,VIIRS,l,2,368.95,197.24,D,0
39.7603,-121.49531,367,0.42,0.46,2018-11-08,2130,N,VIIRS,h,2,355.58,197.24,D,0
39.76058,-121.53854,367,0.42,0.45,2018-11-08,2130,N,VIIRS,h,2,298.47,84.04,D,0
39.76064,-121.58372,356.98,0.42,0.45,2018-11-08,2130,N,VIIRS,l,2,302.44,247.66,D,0
39.7611,-121.57877,367,0.42,0.45,2018-11-08,2130,N,VIIRS,h,2,296.95,41.15,D,0
39.76192,-121.52406,355.97,0.42,0.45,2018-11-08,2130,N,VIIRS,l,2,296.43,178.58,D,0
39.76208,-121.61365,347.46,0.42,0.45,2018-11-08,2130,N,VIIRS,n,2,288.78,15.67,D,0
39.76254,-121.60879,352.18,0.42,0.45,2018-11-08,2130,N,VIIRS,n,2,305.05,46.33,D,0
39.76281,-121.51435,367,0.42,0.45,2018-11-08,2130,N,VIIRS,h,2,308.28,177.77,D,0
39.76299,-121.60391,347.25,0.42,0.45,2018-11-08,2130,N,VIIRS,n,2,305.87,46.33,D,0
39.76327,-121.50942,356.15,0.42,0.45,2018-11-08,2130,N,VIIRS,n,2,304.92,93.8,D,0
39.76344,-121.5991,349.33,0.42,0.45,2018-11-08,2130,N,VIIRS,n,2,312.7,227.43,D,0
39.76371,-121.50462,354.8,0.42,0.45,2018-11-08,2130,N,VIIRS,n,2,306.5,93.8,D,0
39.76413,-121.50008,367,0.42,0.45,2018-11-08,2130,N,VIIRS,l,2,327.69,197.24,D,0
39.76454,-121.49561,367,0.42,0.46,2018-11-08,2130,N,VIIRS,l,2,357.69,197.24,D,0
39.76497,-121.49094,356.76,0.42,0.46,2018-11-08,2130,N,VIIRS,l,2,307.25,130.02,D,0
39.76528,-121.5795,367,0.42,0.45,2018-11-08,2130,N,VIIRS,h,2,302.19,41.15,D,0
39.76565,-121.52972,367,0.42,0.45,2018-11-08,2130,N,VIIRS,h,2,295.97,60.13,D,0
39.76574,-121.57455,367,0.42,0.45,2018-11-08,2130,N,VIIRS,h,2,300.54,41.15,D,0
39.76671,-121.60955,345.21,0.42,0.45,2018-11-08,2130,N,VIIRS,n,2,290.69,60.79,D,0
39.7675,-121.50977,367,0.42,0.45,2018-11-08,2130,N,VIIRS,h,2,298.29,43.44,D,0
39.76762,-121.59985,367,0.42,0.45,2018-11-08,2130,N,VIIRS,l,2,327.07,128.52,D,0
39.76808,-121.59499,367,0.42,0.45,2018-11-08,2130,N,VIIRS,h,2,294.77,128.52,D,0
39.7688,-121.49572,367,0.42,0.46,2018-11-08,2130,N,VIIRS,h,2,328.37,132.28,D,0
39.76922,-121.49116,367,0.42,0.46,2018-11-08,2130,N,VIIRS,l,2,354.22,182.36,D,0
39.76992,-121.57526,367,0.42,0.45,2018-11-08,2130,N,VIIRS,h,2,297.72,66.58,D,0
39.77044,-121.61506,342.1,0.42,0.45,2018-11-08,2130,N,VIIRS,n,2,296.4,25.34,D,0
39.77089,-121.61026,351.65,0.42,0.45,2018-11-08,2130,N,VIIRS,l,2,324.21,60.79,D,0
39.77127,-121.51511,356.68,0.42,0.45,2018-11-08,2130,N,VIIRS,l,2,293.15,68.43,D,0
39.77134,-121.60545,354.28,0.42,0.45,2018-11-08,2130,N,VIIRS,n,2,305.07,60.79,D,0
39.77157,-121.60829,355.29,0.42,0.45,2018-11-08,2130,N,VIIRS,n,2,316.72,121.45,D,0
39.77218,-121.50536,367,0.42,0.45,2018-11-08,2130,N,VIIRS,h,2,295.47,43.44,D,0
39.77243,-121.59861,354.83,0.42,0.45,2018-11-08,2130,N,VIIRS,n,2,304.02,95.22,D,0
39.77261,-121.50063,355.85,0.42,0.45,2018-11-08,2130,N,VIIRS,l,2,303.28,132.28,D,0
39.77271,-121.59082,367,0.42,0.45,2018-11-08,2130,N,VIIRS,h,2,326.27,356.24,D,0
39.7733,-121.58876,367,0.42,0.45,2018-11-08,2130,N,VIIRS,h,2,341.89,150.83,D,0
39.77346,-121.4915,367,0.42,0.46,2018-11-08,2130,N,VIIRS,h,2,327.45,182.36,D,0
39.77365,-121.58093,355.51,0.42,0.45,2018-11-08,2130,N,VIIRS,l,2,307.49,66.58,D,0
39.77387,-121.48705,319.67,0.42,0.46,2018-11-08,2130,N,VIIRS,l,2,320.34,182.36,D,0
39.77417,-121.57884,367,0.42,0.45,2018-11-08,2130,N,VIIRS,h,2,303.16,29.65,D,0
39.77431,-121.48232,367,0.42,0.46,2018-11-08,2130,N,VIIRS,l,2,368.15,275.78,D,0
39.77459,-121.57091,367,0.42,0.45,2018-11-08,2130,N,VIIRS,h,2,300.4,29.32,D,0
39.77463,-121.6156,356.04,0.42,0.45,2018-11-08,2130,N,VIIRS,n,2,315.14,22.03,D,0
39.77476,-121.47736,352.12,0.43,0.46,2018-11-08,2130,N,VIIRS,n,2,316.1,275.78,D,0
39.77492,-121.61843,349.66,0.42,0.45,2018-11-08,2130,N,VIIRS,n,2,306.33,56.59,D,0
39.77534,-121.61368,352.06,0.42,0.45,2018-11-08,2130,N,VIIRS,n,2,313.9,56.59,D,0
39.77597,-121.60133,367,0.42,0.45,2018-11-08,2130,N,VIIRS,l,2,330.8,127.39,D,0
39.77618,-121.60418,367,0.42,0.45,2018-11-08,2130,N,VIIRS,l,2,325.15,121.45,D,0
39.77689,-121.59153,367,0.42,0.45,2018-11-08,2130,N,VIIRS,h,2,301.42,111.72,D,0
39.77705,-121.59444,367,0.42,0.45,2018-11-08,2130,N,VIIRS,h,2,305.49,95.22,D,0
39.7775,-121.63013,367,0.42,0.45,2018-11-08,2130,N,VIIRS,h,2,296.43,15.66,D,0
39.77769,-121.49197,355.56,0.42,0.46,2018-11-08,2130,N,VIIRS,l,2,294.96,28.83,D,0
39.77792,-121.58453,367,0.42,0.45,2018-11-08,2130,N,VIIRS,l,2,325.73,150.83,D,0
39.77794,-121.62552,354.76,0.42,0.45,2018-11-08,2130,N,VIIRS,n,2,297.87,15.66,D,0
39.7781,-121.48753,367,0.42,0.46,2018-11-08,2130,N,VIIRS,h,2,299.09,28.83,D,0
39.77829,-121.62825,356.63,0.42,0.45,2018-11-08,2130,N,VIIRS,n,2,296.31,27.86,D,0
39.77829,-121.57673,367,0.42,0.45,2018-11-08,2130,N,VIIRS,h,2,299.93,186.32,D,0
39.77836,-121.5796,367,0.42,0.45,2018-11-08,2130,N,VIIRS,h,2,304.1,29.65,D,0
39.77839,-121.62077,353.8,0.42,0.45,2018-11-08,2130,N,VIIRS,n,2,299.68,22.03,D,0
39.77853,-121.48283,354.81,0.42,0.46,2018-11-08,2130,N,VIIRS,n,2,310.17,98.11,D,0
39.77877,-121.57166,367,0.42,0.45,2018-11-08,2130,N,VIIRS,h,2,297.69,23.28,D,0
39.7788,-121.57462,367,0.42,0.45,2018-11-08,2130,N,VIIRS,h,2,298.61,29.65,D,0
39.77883,-121.61604,367,0.42,0.45,2018-11-08,2130,N,VIIRS,h,2,300.62,22.03,D,0
39.77927,-121.61134,354.89,0.42,0.45,2018-11-08,2130,N,VIIRS,n,2,297.87,81.9,D,0
39.77944,-121.47305,357.5,0.43,0.46,2018-11-08,2130,N,VIIRS,n,2,310.51,24.6,D,0
39.77972,-121.60665,344.16,0.42,0.45,2018-11-08,2130,N,VIIRS,n,2,292.29,81.9,D,0
39.77994,-121.46771,340.79,0.43,0.46,2018-11-08,2130,N,VIIRS,n,2,295.75,24.6,D,0
39.78108,-121.59225,367,0.42,0.45,2018-11-08,2130,N,VIIRS,l,2,328.29,111.72,D,0
39.78167,-121.59021,367,0.42,0.45,2018-11-08,2130,N,VIIRS,l,2,333.27,182.99,D,0
39.78254,-121.58035,367,0.42,0.45,2018-11-08,2130,N,VIIRS,l,2,327.11,121.76,D,0
39.78275,-121.48101,367,0.43,0.46,2018-11-08,2130,N,VIIRS,h,2,345.76,64.88,D,0
39.78278,-121.48311,367,0.42,0.46,2018-11-08,2130,N,VIIRS,h,2,350.38,98.11,D,0
39.78294,-121.62355,367,0.42,0.45,2018-11-08,2130,N,VIIRS,h,2,301.19,27.86,D,0
39.78295,-121.57238,367,0.42,0.45,2018-11-08,2130,N,VIIRS,h,2,302.06,23.28,D,0
39.78298,-121.57536,367,0.42,0.45,2018-11-08,2130,N,VIIRS,h,2,304.11,121.76,D,0
39.78321,-121.47842,367,0.43,0.46,2018-11-08,2130,N,VIIRS,h,2,299.25,98.11,D,0
39.78358,-121.47151,356.02,0.43,0.46,2018-11-08,2130,N,VIIRS,l,2,300.46,72.56,D,0
39.78365,-121.47374,351.02,0.43,0.46,2018-11-08,2130,N,VIIRS,n,2,295.79,24.6,D,0
39.78411,-121.46875,356.47,0.43,0.46,2018-11-08,2130,N,VIIRS,n,2,304.04,24.6,D,0
39.78618,-121.49053,355.53,0.42,0.46,2018-11-08,2130,N,VIIRS,l,2,299.09,46.86,D,0
39.78659,-121.48589,367,0.43,0.46,2018-11-08,2130,N,VIIRS,h,2,301.18,46.86,D,0
39.78661,-121.48793,367,0.42,0.46,2018-11-08,2130,N,VIIRS,h,2,300.48,31.75,D,0
39.787,-121.48127,367,0.43,0.46,2018-11-08,2130,N,VIIRS,h,2,301.04,64.88,D,0
39.78703,-121.48337,367,0.42,0.46,2018-11-08,2130,N,VIIRS,h,2,303.21,21.32,D,0
39.78719,-121.6235,346.55,0.42,0.45,2018-11-08,2130,N,VIIRS,n,2,296.79,9.64,D,0
39.78739,-121.47677,367,0.43,0.46,2018-11-08,2130,N,VIIRS,h,2,298.19,64.88,D,0
39.78745,-121.47882,367,0.43,0.46,2018-11-08,2130,N,VIIRS,h,2,296.91,21.32,D,0
39.78764,-121.57079,355.5,0.42,0.45,2018-11-08,2130,N,VIIRS,l,2,302.99,52.82,D,0
39.78786,-121.4744,353.18,0.43,0.46,2018-11-08,2130,N,VIIRS,n,2,300.21,13.22,D,0
39.7883,-121.46963,353.34,0.43,0.46,2018-11-08,2130,N,VIIRS,n,2,299.62,13.22,D,0
39.78881,-121.46429,367,0.43,0.46,2018-11-08,2130,N,VIIRS,h,2,301.38,28.3,D,0
39.78963,-121.59622,367,0.42,0.45,2018-11-08,2130,N,VIIRS,l,2,329.94,64.21,D,0
39.79091,-121.58179,367,0.42,0.45,2018-11-08,2130,N,VIIRS,h,2,332.22,304.51,D,0
39.7912,-121.48199,367,0.43,0.46,2018-11-08,2130,N,VIIRS,h,2,299.69,21.67,D,0
39.79124,-121.48407,356.4,0.42,0.46,2018-11-08,2130,N,VIIRS,l,2,301.77,21.32,D,0
39.79259,-121.61059,367,0.42,0.45,2018-11-08,2130,N,VIIRS,h,2,302.54,21.12,D,0
39.793,-121.60603,367,0.42,0.45,2018-11-08,2130,N,VIIRS,h,2,310.15,21.12,D,0
39.79341,-121.60137,354.3,0.42,0.45,2018-11-08,2130,N,VIIRS,n,2,319.25,64.21,D,0
39.79383,-121.59668,367,0.42,0.45,2018-11-08,2130,N,VIIRS,l,2,334.82,64.21,D,0
39.79425,-121.59201,367,0.42,0.45,2018-11-08,2130,N,VIIRS,l,2,329.79,116.44,D,0
39.79467,-121.58733,357.27,0.42,0.45,2018-11-08,2130,N,VIIRS,n,2,307.41,116.44,D,0
39.79606,-121.57164,357.19,0.42,0.45,2018-11-08,2130,N,VIIRS,l,2,299.34,54.75,D,0
39.79716,-121.60696,350.18,0.42,0.45,2018-11-08,2130,N,VIIRS,n,2,295.86,18.56,D,0
39.79758,-121.60222,341.33,0.42,0.45,2018-11-08,2130,N,VIIRS,n,2,316.2,66.83,D,0
39.79801,-121.59742,350.41,0.42,0.45,2018-11-08,2130,N,VIIRS,l,2,327.7,66.83,D,0
39.79844,-121.59267,346.99,0.42,0.45,2018-11-08,2130,N,VIIRS,n,2,320.21,45.44,D,0
39.79886,-121.58797,367,0.42,0.45,2018-11-08,2130,N,VIIRS,l,2,326.31,45.44,D,0
39.79929,-121.58316,355.19,0.42,0.45,2018-11-08,2130,N,VIIRS,n,2,308.48,40.73,D,0
39.79975,-121.57803,356.81,0.42,0.45,2018-11-08,2130,N,VIIRS,l,2,303.28,40.73,D,0
39.80026,-121.5723,355.56,0.42,0.45,2018-11-08,2130,N,VIIRS,n,2,296.31,25.41,D,0
39.80217,-121.5984,350.04,0.42,0.45,2018-11-08,2130,N,VIIRS,n,2,306.82,66.83,D,0
39.80261,-121.59353,367,0.42,0.45,2018-11-08,2130,N,VIIRS,h,2,300.64,45.44,D,0
39.80305,-121.58865,355,0.42,0.45,2018-11-08,2130,N,VIIRS,n,2,291.2,45.44,D,0
39.80349,-121.58379,349.11,0.42,0.45,2018-11-08,2130,N,VIIRS,n,2,302.58,40.73,D,0
39.80394,-121.5787,352.35,0.42,0.45,2018-11-08,2130,N,VIIRS,n,2,314.6,40.73,D,0
39.80445,-121.57294,356.87,0.42,0.45,2018-11-08,2130,N,VIIRS,n,2,289.67,25.41,D,0
39.8049,-121.56799,367,0.42,0.45,2018-11-08,2130,N,VIIRS,h,2,296.76,25.41,D,0
39.80529,-121.56365,356.95,0.42,0.45,2018-11-08,2130,N,VIIRS,l,2,301.5,27.47,D,0
39.80567,-121.55943,355.33,0.42,0.45,2018-11-08,2130,N,VIIRS,n,2,295.92,27.47,D,0
39.80767,-121.58449,340.36,0.42,0.45,2018-11-08,2130,N,VIIRS,n,2,287.44,31.09,D,0
39.80804,-121.43633,346.72,0.43,0.46,2018-11-08,2130,N,VIIRS,n,2,294.73,8.11,D,0
39.80812,-121.57941,348.9,0.42,0.45,2018-11-08,2130,N,VIIRS,n,2,303.1,31.09,D,0
39.80909,-121.5687,350.88,0.42,0.45,2018-11-08,2130,N,VIIRS,n,2,290.32,45.48,D,0
39.80946,-121.56454,208,0.42,0.45,2018-11-08,2130,N,VIIRS,l,2,316.61,172.73,D,0
39.80983,-121.56042,367,0.42,0.45,2018-11-08,2130,N,VIIRS,h,2,329.52,172.73,D,0
39.81021,-121.55621,367,0.42,0.45,2018-11-08,2130,N,VIIRS,h,2,300.94,36.33,D,0
39.8106,-121.55178,354.95,0.42,0.45,2018-11-08,2130,N,VIIRS,n,2,305.37,36.33,D,0
39.81219,-121.43773,343.87,0.43,0.46,2018-11-08,2130,N,VIIRS,n,2,296.56,16.57,D,0
39.81245,-121.53121,355.07,0.42,0.45,2018-11-08,2130,N,VIIRS,n,2,297.24,17.04,D,0
39.81272,-121.43182,350.81,0.43,0.46,2018-11-08,2130,N,VIIRS,n,2,299.49,21.57,D,0
39.81403,-121.5611,347.82,0.42,0.45,2018-11-08,2130,N,VIIRS,n,2,286.68,172.73,D,0
39.81523,-121.5477,352.63,0.42,0.45,2018-11-08,2130,N,VIIRS,n,2,293.99,32.23,D,0
39.81533,-121.45079,340.37,0.43,0.46,2018-11-08,2130,N,VIIRS,n,2,302.37,13.74,D,0
39.81581,-121.44542,353.02,0.43,0.46,2018-11-08,2130,N,VIIRS,n,2,308.47,16.57,D,0
39.81634,-121.43932,367,0.43,0.46,2018-11-08,2130,N,VIIRS,h,2,299.28,16.57,D,0
39.81662,-121.53227,354.71,0.42,0.45,2018-11-08,2130,N,VIIRS,n,2,300.23,17.04,D,0
39.81688,-121.43314,345.05,0.43,0.46,2018-11-08,2130,N,VIIRS,n,2,297.89,21.57,D,0
39.81752,-121.52211,355.4,0.42,0.45,2018-11-08,2130,N,VIIRS,n,2,300.5,124.72,D,0
39.81777,-121.47149,345.26,0.43,0.46,2018-11-08,2130,N,VIIRS,n,2,299.61,11.14,D,0
39.81819,-121.4668,353.48,0.43,0.46,2018-11-08,2130,N,VIIRS,n,2,303.3,7.22,D,0
39.81859,-121.46228,346.43,0.43,0.46,2018-11-08,2130,N,VIIRS,n,2,303.95,7.22,D,0
39.819,-121.45758,349.59,0.43,0.46,2018-11-08,2130,N,VIIRS,n,2,305.06,27.1,D,0
39.81946,-121.45251,349.43,0.43,0.46,2018-11-08,2130,N,VIIRS,n,2,302.5,27.1,D,0
39.81997,-121.44676,344.9,0.43,0.46,2018-11-08,2130,N,VIIRS,n,2,289.55,25.35,D,0
39.82032,-121.53845,367,0.42,0.45,2018-11-08,2130,N,VIIRS,h,2,298.63,26.36,D,0
39.82079,-121.53329,354.42,0.42,0.45,2018-11-08,2130,N,VIIRS,n,2,307.38,26.36,D,0
39.8219,-121.47315,349.21,0.43,0.46,2018-11-08,2130,N,VIIRS,n,2,300.81,11.14,D,0
39.8221,-121.51867,367,0.42,0.45,2018-11-08,2130,N,VIIRS,h,2,303.64,30.06,D,0
39.82232,-121.46844,348.37,0.43,0.46,2018-11-08,2130,N,VIIRS,n,2,300.68,7.22,D,0
39.82251,-121.51408,367,0.42,0.46,2018-11-08,2130,N,VIIRS,h,2,303.73,30.06,D,0
39.82272,-121.46391,350.68,0.43,0.46,2018-11-08,2130,N,VIIRS,n,2,303.48,7.22,D,0
39.82315,-121.45911,367,0.43,0.46,2018-11-08,2130,N,VIIRS,h,2,294.65,27.1,D,0
39.82558,-121.47984,349.75,0.43,0.46,2018-11-08,2130,N,VIIRS,n,2,298.88,9.02,D,0
39.82585,-121.52439,354.73,0.42,0.45,2018-11-08,2130,N,VIIRS,n,2,290.42,133.82,D,0
39.82602,-121.47488,352.4,0.43,0.46,2018-11-08,2130,N,VIIRS,n,2,302.48,9.02,D,0
39.82627,-121.51968,351.68,0.42,0.45,2018-11-08,2130,N,VIIRS,n,2,301.89,30.06,D,0
39.82645,-121.47004,355.8,0.43,0.46,2018-11-08,2130,N,VIIRS,n,2,305.71,15.06,D,0
39.82669,-121.51498,356.27,0.42,0.46,2018-11-08,2130,N,VIIRS,n,2,293.34,30.06,D,0
39.82688,-121.46523,355.1,0.43,0.46,2018-11-08,2130,N,VIIRS,n,2,300.59,15.06,D,0
39.82797,-121.5008,367,0.42,0.46,2018-11-08,2130,N,VIIRS,h,2,326.11,86.4,D,0
39.8284,-121.49591,352.27,0.43,0.46,2018-11-08,2130,N,VIIRS,n,2,308.77,86.4,D,0
39.82885,-121.49092,367,0.43,0.46,2018-11-08,2130,N,VIIRS,h,2,304.07,21.07,D,0
39.8293,-121.48595,367,0.43,0.46,2018-11-08,2130,N,VIIRS,h,2,302.65,21.07,D,0
39.82974,-121.48105,352.68,0.43,0.46,2018-11-08,2130,N,VIIRS,n,2,302.25,9.02,D,0
39.83017,-121.47624,367,0.43,0.46,2018-11-08,2130,N,VIIRS,h,2,298.93,9.02,D,0
39.83061,-121.47135,367,0.43,0.46,2018-11-08,2130,N,VIIRS,h,2,291.84,15.06,D,0
39.83217,-121.50151,355.25,0.42,0.46,2018-11-08,2130,N,VIIRS,n,2,289.62,16.68,D,0
39.83393,-121.48196,348.69,0.43,0.46,2018-11-08,2130,N,VIIRS,n,2,300.95,51.26,D,0
39.68317,-121.55209,357.54,0.41,0.37,2018-11-09,2111,N,VIIRS,n,2,295.69,14.73,D,3
39.68378,-121.54746,325.2,0.41,0.37,2018-11-09,2111,N,VIIRS,n,2,288.42,4.64,D,0
39.68439,-121.54279,332.32,0.41,0.37,2018-11-09,2111,N,VIIRS,n,2,288.6,4.64,D,0
39.68658,-121.5529,347.5,0.41,0.37,2018-11-09,2111,N,VIIRS,n,2,290.36,5.99,D,0
39.68999,-121.55363,343.18,0.41,0.37,2018-11-09,2111,N,VIIRS,n,2,291.84,5.99,D,0
39.69339,-121.55446,332.74,0.41,0.37,2018-11-09,2111,N,VIIRS,n,2,289.59,3.34,D,3
39.694,-121.54986,338.09,0.41,0.37,2018-11-09,2111,N,VIIRS,n,2,292.76,8.41,D,0
39.69619,-121.55983,332.5,0.41,0.37,2018-11-09,2111,N,VIIRS,n,2,288.08,3.34,D,0
39.69687,-121.50144,331.42,0.41,0.37,2018-11-09,2111,N,VIIRS,n,2,291.9,36.69,D,0
39.69748,-121.49672,343.58,0.41,0.37,2018-11-09,2111,N,VIIRS,n,2,316.35,36.69,D,0
39.69776,-121.46778,326.96,0.41,0.37,2018-11-09,2111,N,VIIRS,n,2,283.26,7.2,D,0
39.69812,-121.49192,351.34,0.41,0.37,2018-11-09,2111,N,VIIRS,n,2,308.54,40.24,D,0
39.69835,-121.51678,345.48,0.41,0.37,2018-11-09,2111,N,VIIRS,n,2,294.15,14.74,D,0
39.69874,-121.48715,356.8,0.41,0.37,2018-11-09,2111,N,VIIRS,n,2,299.84,40.24,D,0
39.69899,-121.51196,327.53,0.41,0.37,2018-11-09,2111,N,VIIRS,n,2,286.81,60.79,D,0
39.69935,-121.48251,367,0.41,0.37,2018-11-09,2111,N,VIIRS,h,2,298.89,15.47,D,0
39.69995,-121.47794,337.85,0.41,0.37,2018-11-09,2111,N,VIIRS,n,2,286.56,15.47,D,0
39.70027,-121.50224,349.41,0.41,0.37,2018-11-09,2111,N,VIIRS,n,2,308.09,39.76,D,0
39.70056,-121.47324,348.61,0.41,0.37,2018-11-09,2111,N,VIIRS,n,2,286.02,7.2,D,0
39.70089,-121.49751,347.63,0.41,0.37,2018-11-09,2111,N,VIIRS,n,2,321.04,39.76,D,0
39.70119,-121.46847,357.11,0.41,0.37,2018-11-09,2111,N,VIIRS,l,2,285.43,7.2,D,0
39.70152,-121.49273,352.92,0.41,0.37,2018-11-09,2111,N,VIIRS,n,2,313.67,27.36,D,0
39.70175,-121.51765,335.47,0.41,0.37,2018-11-09,2111,N,VIIRS,n,2,294.84,14.74,D,0
39.70182,-121.46366,344.17,0.41,0.37,2018-11-09,2111,N,VIIRS,n,2,282.68,12.59,D,0
39.70214,-121.48798,367,0.41,0.37,2018-11-09,2111,N,VIIRS,h,2,300.01,27.36,D,0
39.70275,-121.48335,367,0.41,0.37,2018-11-09,2111,N,VIIRS,h,2,298.06,20.88,D,0
39.70303,-121.50793,347.8,0.41,0.37,2018-11-09,2111,N,VIIRS,n,2,314.75,60.79,D,0
39.70337,-121.4787,351.06,0.41,0.37,2018-11-09,2111,N,VIIRS,n,2,307.44,20.88,D,0
39.70367,-121.5031,355.42,0.41,0.37,2018-11-09,2111,N,VIIRS,n,2,303.06,39.76,D,0
39.7043,-121.49829,367,0.41,0.37,2018-11-09,2111,N,VIIRS,h,2,306.08,39.76,D,0
39.70452,-121.52326,325.62,0.41,0.37,2018-11-09,2111,N,VIIRS,n,2,286.31,12.26,D,0
39.70462,-121.46911,367,0.41,0.37,2018-11-09,2111,N,VIIRS,h,2,347.17,308.71,D,0
39.70493,-121.49353,367,0.41,0.37,2018-11-09,2111,N,VIIRS,h,2,301.61,27.36,D,0
39.70515,-121.51849,356.29,0.41,0.37,2018-11-09,2111,N,VIIRS,n,2,301.77,12.26,D,0
39.70526,-121.46425,357.37,0.41,0.37,2018-11-09,2111,N,VIIRS,l,2,287.23,46.24,D,0
39.70555,-121.48882,367,0.41,0.37,2018-11-09,2111,N,VIIRS,h,2,299.03,27.36,D,0
39.70579,-121.51364,367,0.41,0.37,2018-11-09,2111,N,VIIRS,h,2,298.21,9.91,D,0
39.7059,-121.4594,334.76,0.41,0.37,2018-11-09,2111,N,VIIRS,n,2,285.07,46.24,D,0
39.70616,-121.48415,353.54,0.41,0.37,2018-11-09,2111,N,VIIRS,n,2,295.89,20.88,D,0
39.70643,-121.50878,353.78,0.41,0.37,2018-11-09,2111,N,VIIRS,n,2,296.91,9.91,D,0
39.70678,-121.47946,367,0.41,0.37,2018-11-09,2111,N,VIIRS,h,2,296.01,20.88,D,0
39.70707,-121.50393,354.3,0.41,0.37,2018-11-09,2111,N,VIIRS,n,2,296.7,5.51,D,0
39.70731,-121.52872,342.28,0.41,0.37,2018-11-09,2111,N,VIIRS,n,2,292.84,5.78,D,0
39.70742,-121.47457,341.22,0.41,0.37,2018-11-09,2111,N,VIIRS,n,2,309.72,308.71,D,0
39.70771,-121.49912,342.71,0.41,0.37,2018-11-09,2111,N,VIIRS,n,2,295.05,5.51,D,0
39.70793,-121.52402,350.58,0.41,0.37,2018-11-09,2111,N,VIIRS,n,2,292.2,12.26,D,0
39.70808,-121.46959,367,0.41,0.37,2018-11-09,2111,N,VIIRS,l,2,370.78,308.71,D,0
39.70833,-121.49434,349.57,0.41,0.37,2018-11-09,2111,N,VIIRS,n,2,296.23,9.93,D,0
39.70855,-121.51927,355.07,0.41,0.37,2018-11-09,2111,N,VIIRS,n,2,297.22,12.26,D,0
39.70872,-121.46467,355.23,0.41,0.37,2018-11-09,2111,N,VIIRS,n,2,307.63,46.24,D,0
39.70895,-121.48967,349.81,0.41,0.37,2018-11-09,2111,N,VIIRS,n,2,295.92,9.93,D,0
39.70919,-121.51445,351.08,0.41,0.37,2018-11-09,2111,N,VIIRS,n,2,295.86,9.91,D,0
39.70937,-121.45978,333.99,0.41,0.37,2018-11-09,2111,N,VIIRS,n,2,287.41,46.24,D,0
39.70957,-121.48495,353.76,0.41,0.37,2018-11-09,2111,N,VIIRS,n,2,297.36,6.35,D,0
39.70984,-121.50961,344.42,0.41,0.37,2018-11-09,2111,N,VIIRS,n,2,295.05,9.91,D,0
39.71019,-121.48019,350.85,0.41,0.37,2018-11-09,2111,N,VIIRS,n,2,293.56,6.35,D,0
39.71047,-121.50478,342.04,0.41,0.37,2018-11-09,2111,N,VIIRS,n,2,294.74,5.51,D,0
39.71072,-121.52946,327.83,0.41,0.37,2018-11-09,2111,N,VIIRS,n,2,292.95,4.47,D,0
39.71086,-121.47517,355.24,0.41,0.37,2018-11-09,2111,N,VIIRS,n,2,303.25,52.47,D,0
39.71111,-121.49997,336.73,0.41,0.37,2018-11-09,2111,N,VIIRS,n,2,294.56,5.51,D,0
39.71134,-121.52476,349.35,0.41,0.37,2018-11-09,2111,N,VIIRS,n,2,296.05,4.39,D,0
39.71153,-121.47008,367,0.41,0.37,2018-11-09,2111,N,VIIRS,h,2,335.16,52.47,D,0
39.71174,-121.49519,342.06,0.41,0.37,2018-11-09,2111,N,VIIRS,n,2,295.59,9.93,D,0
39.71197,-121.52003,344.15,0.41,0.37,2018-11-09,2111,N,VIIRS,n,2,292.48,4.39,D,0
39.71218,-121.46516,353.72,0.41,0.37,2018-11-09,2111,N,VIIRS,n,2,289.66,52.31,D,0
39.71235,-121.4905,343.14,0.41,0.37,2018-11-09,2111,N,VIIRS,n,2,296.78,9.93,D,0
39.7126,-121.51524,337.98,0.41,0.37,2018-11-09,2111,N,VIIRS,n,2,293.95,4.69,D,0
39.71281,-121.46035,328.82,0.41,0.37,2018-11-09,2111,N,VIIRS,n,2,286.57,52.31,D,0
39.71297,-121.48577,343.34,0.41,0.37,2018-11-09,2111,N,VIIRS,n,2,292.94,6.35,D,0
39.71324,-121.51041,338.96,0.41,0.37,2018-11-09,2111,N,VIIRS,n,2,293.81,4.69,D,0
39.71361,-121.48095,346.92,0.41,0.37,2018-11-09,2111,N,VIIRS,n,2,292.93,6.35,D,0
39.71387,-121.50561,334.5,0.41,0.37,2018-11-09,2111,N,VIIRS,n,2,293.9,4.14,D,0
39.71428,-121.4759,367,0.41,0.37,2018-11-09,2111,N,VIIRS,h,2,300.23,52.47,D,0
39.71451,-121.50079,335.89,0.41,0.37,2018-11-09,2111,N,VIIRS,n,2,294.84,4.14,D,0
39.71475,-121.52553,334.82,0.41,0.37,2018-11-09,2111,N,VIIRS,n,2,294.24,4.39,D,0
39.71496,-121.47075,352.65,0.41,0.37,2018-11-09,2111,N,VIIRS,n,2,300.35,52.47,D,0
39.71514,-121.49601,333.4,0.41,0.37,2018-11-09,2111,N,VIIRS,n,2,294.84,3.88,D,0
39.71538,-121.52078,328.7,0.41,0.37,2018-11-09,2111,N,VIIRS,n,2,292.79,4.39,D,0
39.71576,-121.49131,334.09,0.41,0.37,2018-11-09,2111,N,VIIRS,n,2,293.24,3.88,D,0
39.71601,-121.51602,338.51,0.41,0.37,2018-11-09,2111,N,VIIRS,n,2,294.06,4.69,D,0
39.71638,-121.48655,333.81,0.41,0.37,2018-11-09,2111,N,VIIRS,n,2,291.68,4.35,D,0
39.71703,-121.48166,342.61,0.41,0.37,2018-11-09,2111,N,VIIRS,n,2,295.45,4.35,D,0
39.71728,-121.50643,333.57,0.41,0.37,2018-11-09,2111,N,VIIRS,n,2,293.93,4.14,D,0
39.7177,-121.47662,354.09,0.41,0.37,2018-11-09,2111,N,VIIRS,n,2,298.2,7.3,D,0
39.71817,-121.52629,328.57,0.41,0.37,2018-11-09,2111,N,VIIRS,n,2,291.51,3.58,D,0
39.71838,-121.47147,356.64,0.41,0.37,2018-11-09,2111,N,VIIRS,n,2,298.02,7.3,D,0
39.71854,-121.49686,336.47,0.41,0.37,2018-11-09,2111,N,VIIRS,n,2,295.29,3.88,D,0
39.71879,-121.52154,330.92,0.41,0.37,2018-11-09,2111,N,VIIRS,n,2,293.61,3.58,D,0
39.71902,-121.46664,347.26,0.41,0.37,2018-11-09,2111,N,VIIRS,n,2,302.63,24.8,D,0
39.71917,-121.49211,343.33,0.41,0.37,2018-11-09,2111,N,VIIRS,n,2,294.43,3.88,D,0
39.71979,-121.48737,333.34,0.41,0.37,2018-11-09,2111,N,VIIRS,n,2,292.5,4.35,D,0
39.72005,-121.512,336.3,0.41,0.37,2018-11-09,2111,N,VIIRS,n,2,298.42,8.89,D,0
39.72044,-121.48245,337.33,0.41,0.37,2018-11-09,2111,N,VIIRS,n,2,293.68,4.35,D,0
39.72068,-121.50725,341.67,0.41,0.37,2018-11-09,2111,N,VIIRS,n,2,295.52,10.88,D,0
39.72111,-121.47742,347.46,0.41,0.37,2018-11-09,2111,N,VIIRS,n,2,296.82,7.3,D,0
39.72158,-121.52705,331.23,0.41,0.37,2018-11-09,2111,N,VIIRS,n,2,289.11,3.58,D,0
39.72181,-121.47217,349.2,0.41,0.37,2018-11-09,2111,N,VIIRS,n,2,295.31,7.3,D,0
39.72243,-121.46745,338.27,0.41,0.37,2018-11-09,2111,N,VIIRS,n,2,292.37,24.8,D,0
39.72258,-121.4929,335.31,0.41,0.37,2018-11-09,2111,N,VIIRS,n,2,294.45,12.8,D,0
39.72303,-121.46281,353.93,0.41,0.37,2018-11-09,2111,N,VIIRS,n,2,295.71,24.8,D,0
39.7232,-121.48817,333.05,0.41,0.37,2018-11-09,2111,N,VIIRS,n,2,293.44,4,D,0
39.72365,-121.45812,347.58,0.41,0.37,2018-11-09,2111,N,VIIRS,n,2,292.46,6.99,D,0
39.72385,-121.48325,332.11,0.41,0.37,2018-11-09,2111,N,VIIRS,n,2,292.72,4,D,0
39.72453,-121.47815,339.1,0.41,0.37,2018-11-09,2111,N,VIIRS,n,2,294.65,5.69,D,0
39.72522,-121.47295,349.79,0.41,0.37,2018-11-09,2111,N,VIIRS,n,2,296.84,5.69,D,0
39.72562,-121.523,346.75,0.41,0.37,2018-11-09,2111,N,VIIRS,n,2,293.51,8.92,D,0
39.72586,-121.46811,367,0.41,0.37,2018-11-09,2111,N,VIIRS,h,2,297.12,10.37,D,0
39.72647,-121.46349,339.83,0.41,0.37,2018-11-09,2111,N,VIIRS,n,2,296.11,10.37,D,0
39.72661,-121.48896,334.92,0.41,0.37,2018-11-09,2111,N,VIIRS,n,2,294.64,4,D,0
39.72706,-121.45896,367,0.41,0.37,2018-11-09,2111,N,VIIRS,h,2,302.9,29.04,D,0
39.72764,-121.45451,347.89,0.41,0.37,2018-11-09,2111,N,VIIRS,n,2,298.11,29.04,D,0
39.72861,-121.47388,335.22,0.41,0.37,2018-11-09,2111,N,VIIRS,n,2,294.64,5.69,D,0
39.72928,-121.46888,335.67,0.41,0.37,2018-11-09,2111,N,VIIRS,n,2,294.51,10.37,D,0
39.72988,-121.46429,356.04,0.41,0.37,2018-11-09,2111,N,VIIRS,n,2,300.61,10.37,D,0
39.73046,-121.45983,352.22,0.41,0.37,2018-11-09,2111,N,VIIRS,n,2,299.34,29.04,D,0
39.73163,-121.45086,331.83,0.41,0.37,2018-11-09,2111,N,VIIRS,n,2,290.68,22.02,D,0
39.73269,-121.46966,335.57,0.41,0.37,2018-11-09,2111,N,VIIRS,n,2,293.41,4.65,D,0
39.7333,-121.46505,348.04,0.41,0.37,2018-11-09,2111,N,VIIRS,n,2,296.64,4.65,D,0
39.73344,-121.49045,326.98,0.41,0.37,2018-11-09,2111,N,VIIRS,n,2,294.1,10.57,D,0
39.73386,-121.46066,345.23,0.41,0.37,2018-11-09,2111,N,VIIRS,n,2,297.68,11.79,D,0
39.73443,-121.45632,350.12,0.41,0.37,2018-11-09,2111,N,VIIRS,n,2,306.96,11.79,D,0
39.73502,-121.45181,344.05,0.41,0.37,2018-11-09,2111,N,VIIRS,n,2,301.46,30.3,D,0
39.7367,-121.4659,325.74,0.41,0.37,2018-11-09,2111,N,VIIRS,n,2,293.27,4.65,D,0
39.73727,-121.46152,350.61,0.41,0.37,2018-11-09,2111,N,VIIRS,n,2,298.54,11.79,D,0
39.73783,-121.45717,356.95,0.41,0.37,2018-11-09,2111,N,VIIRS,n,2,300.58,11.79,D,0
39.73841,-121.45271,352.04,0.41,0.37,2018-11-09,2111,N,VIIRS,n,2,304.55,30.3,D,0
39.74013,-121.46657,326.72,0.41,0.37,2018-11-09,2111,N,VIIRS,n,2,292.82,6.87,D,0
39.74068,-121.46228,348.19,0.41,0.37,2018-11-09,2111,N,VIIRS,n,2,296.5,8.08,D,0
39.74125,-121.45792,355.03,0.41,0.37,2018-11-09,2111,N,VIIRS,n,2,300.28,8.08,D,0
39.74183,-121.45347,346.05,0.41,0.37,2018-11-09,2111,N,VIIRS,n,2,297.11,10.61,D,0
39.74286,-121.46535,329.16,0.41,0.37,2018-11-09,2111,N,VIIRS,n,2,292.83,7.21,D,0
39.74343,-121.46101,343.61,0.41,0.37,2018-11-09,2111,N,VIIRS,n,2,296.17,8.72,D,0
39.744,-121.45663,367,0.41,0.37,2018-11-09,2111,N,VIIRS,h,2,299.86,8.72,D,0
39.74411,-121.46301,339.64,0.41,0.37,2018-11-09,2111,N,VIIRS,n,2,295.04,8.08,D,0
39.74467,-121.45865,354.61,0.41,0.37,2018-11-09,2111,N,VIIRS,n,2,298.97,8.08,D,0
39.74525,-121.45419,331.7,0.41,0.37,2018-11-09,2111,N,VIIRS,n,2,289.04,10.61,D,0
39.74686,-121.46164,353.65,0.41,0.37,2018-11-09,2111,N,VIIRS,n,2,297.23,8.72,D,0
39.74744,-121.45724,330.55,0.41,0.37,2018-11-09,2111,N,VIIRS,n,2,287.45,8.72,D,0
39.74973,-121.46657,347.2,0.41,0.37,2018-11-09,2111,N,VIIRS,n,2,296.34,8.06,D,0
39.75031,-121.46211,327.53,0.41,0.37,2018-11-09,2111,N,VIIRS,n,2,288.06,3.63,D,0
39.75255,-121.47196,333.91,0.41,0.37,2018-11-09,2111,N,VIIRS,n,2,293.38,8.06,D,0
39.75317,-121.46716,346.32,0.41,0.37,2018-11-09,2111,N,VIIRS,n,2,294.73,8.06,D,0
39.75595,-121.47285,334.92,0.41,0.37,2018-11-09,2111,N,VIIRS,n,2,292.7,5.64,D,0
39.75657,-121.46803,347.04,0.41,0.37,2018-11-09,2111,N,VIIRS,n,2,293.91,5.64,D,0
39.75689,-121.7328,330.7,0.41,0.37,2018-11-09,2111,N,VIIRS,n,2,287.16,2.31,D,0
39.76027,-121.73364,331.79,0.41,0.37,2018-11-09,2111,N,VIIRS,n,2,288.15,2.31,D,0
39.76061,-121.46403,343.38,0.41,0.37,2018-11-09,2111,N,VIIRS,n,2,299.44,20.21,D,0
39.76401,-121.46494,326.66,0.41,0.37,2018-11-09,2111,N,VIIRS,n,2,294.22,13.03,D,0
39.76431,-121.72956,325.1,0.41,0.37,2018-11-09,2111,N,VIIRS,n,2,285.6,4.83,D,0
39.76465,-121.45998,332.11,0.41,0.37,2018-11-09,2111,N,VIIRS,n,2,301.31,13.03,D,0
39.76741,-121.46583,326.9,0.41,0.37,2018-11-09,2111,N,VIIRS,n,2,291.86,13.03,D,0
39.76807,-121.46075,335.43,0.41,0.37,2018-11-09,2111,N,VIIRS,n,2,297.65,13.03,D,0
39.77211,-121.45672,339.78,0.41,0.37,2018-11-09,2111,N,VIIRS,n,2,302.2,15.55,D,0
39.77235,-121.72169,333.9,0.41,0.37,2018-11-09,2111,N,VIIRS,n,2,286.01,5.17,D,0
39.7755,-121.45773,347.6,0.41,0.37,2018-11-09,2111,N,VIIRS,n,2,296.23,15.55,D,0
39.77954,-121.45367,351.39,0.41,0.37,2018-11-09,2111,N,VIIRS,n,2,306.93,18.2,D,0
39.78164,-121.70445,343.89,0.41,0.37,2018-11-09,2111,N,VIIRS,n,2,291.07,6.69,D,0
39.78296,-121.45449,334.42,0.41,0.37,2018-11-09,2111,N,VIIRS,n,2,293.85,18.2,D,0
39.78334,-121.6653,340.07,0.41,0.37,2018-11-09,2111,N,VIIRS,n,2,287.8,4.25,D,0
39.7836,-121.44952,339.84,0.41,0.37,2018-11-09,2111,N,VIIRS,n,2,302.04,28.15,D,0
39.78505,-121.70511,350.28,0.41,0.37,2018-11-09,2111,N,VIIRS,n,2,290.68,6.69,D,0
39.78568,-121.70046,344.04,0.41,0.37,2018-11-09,2111,N,VIIRS,n,2,290.03,6.69,D,0
39.78753,-121.68647,336.68,0.41,0.37,2018-11-09,2111,N,VIIRS,n,2,290.17,3.53,D,0
39.78815,-121.68179,330.46,0.41,0.37,2018-11-09,2111,N,VIIRS,n,2,287.71,3.53,D,0
39.78945,-121.67206,334.51,0.41,0.37,2018-11-09,2111,N,VIIRS,n,2,290.64,5.21,D,0
39.79011,-121.6671,326.65,0.41,0.37,2018-11-09,2111,N,VIIRS,n,2,287.31,3.46,D,0
39.79821,-121.60592,348.07,0.41,0.37,2018-11-09,2111,N,VIIRS,n,2,298.61,13.38,D,0
39.79883,-121.6012,347.05,0.41,0.37,2018-11-09,2111,N,VIIRS,n,2,296.22,11.49,D,0
39.79912,-121.62556,337.93,0.41,0.37,2018-11-09,2111,N,VIIRS,n,2,295.11,5.46,D,0
39.80008,-121.64482,334.81,0.41,0.37,2018-11-09,2111,N,VIIRS,n,2,286.78,7.97,D,0
39.80066,-121.64036,347.39,0.41,0.37,2018-11-09,2111,N,VIIRS,n,2,291.59,7.76,D,0
39.80099,-121.61145,331.41,0.41,0.37,2018-11-09,2111,N,VIIRS,n,2,292.88,15.23,D,0
39.80127,-121.63578,352.33,0.41,0.37,2018-11-09,2111,N,VIIRS,n,2,293.55,7.76,D,0
39.80161,-121.60675,344.23,0.41,0.37,2018-11-09,2111,N,VIIRS,n,2,309,15.23,D,0
39.80188,-121.63119,340.38,0.41,0.37,2018-11-09,2111,N,VIIRS,n,2,290.11,5.46,D,0
39.80223,-121.60205,350.22,0.41,0.37,2018-11-09,2111,N,VIIRS,n,2,310.42,17.99,D,0
39.8025,-121.62647,348.96,0.41,0.37,2018-11-09,2111,N,VIIRS,n,2,296.23,5.46,D,0
39.80286,-121.59731,350.78,0.41,0.37,2018-11-09,2111,N,VIIRS,n,2,296.21,17.99,D,0
39.80315,-121.6216,344.8,0.41,0.37,2018-11-09,2111,N,VIIRS,n,2,293.32,8.36,D,0
39.80377,-121.61691,336.58,0.41,0.37,2018-11-09,2111,N,VIIRS,n,2,289.24,8.36,D,0
39.80439,-121.61226,341.86,0.41,0.37,2018-11-09,2111,N,VIIRS,n,2,296.49,15.23,D,0
39.805,-121.60757,347.6,0.41,0.37,2018-11-09,2111,N,VIIRS,n,2,297.68,15.23,D,0
39.80562,-121.60288,356.16,0.41,0.37,2018-11-09,2111,N,VIIRS,n,2,303.32,17.99,D,0
39.8059,-121.62731,338.26,0.41,0.37,2018-11-09,2111,N,VIIRS,n,2,286.47,4.4,D,0
39.80626,-121.59813,351.09,0.41,0.37,2018-11-09,2111,N,VIIRS,n,2,297.55,17.99,D,0
39.80653,-121.6225,330.67,0.41,0.37,2018-11-09,2111,N,VIIRS,n,2,287.42,6.11,D,0
39.80779,-121.61304,336.51,0.41,0.37,2018-11-09,2111,N,VIIRS,n,2,291.08,3.91,D,0
39.80841,-121.60835,336.89,0.41,0.37,2018-11-09,2111,N,VIIRS,n,2,293.74,3.91,D,0
39.80903,-121.60366,348,0.41,0.37,2018-11-09,2111,N,VIIRS,n,2,296.56,6.91,D,0
39.80993,-121.62332,330.94,0.41,0.37,2018-11-09,2111,N,VIIRS,n,2,289.89,6.11,D,0
39.81056,-121.61857,341.34,0.41,0.37,2018-11-09,2111,N,VIIRS,n,2,293.72,6.11,D,0
39.81119,-121.61383,343.66,0.41,0.37,2018-11-09,2111,N,VIIRS,n,2,292.25,3.91,D,0
39.81181,-121.60913,331.92,0.41,0.37,2018-11-09,2111,N,VIIRS,n,2,293.59,3.91,D,0
39.81243,-121.60444,328.76,0.41,0.37,2018-11-09,2111,N,VIIRS,n,2,293.55,6.91,D,0
39.81332,-121.62417,347.21,0.41,0.37,2018-11-09,2111,N,VIIRS,n,2,287.81,8.18,D,0
39.81369,-121.59496,332.5,0.41,0.37,2018-11-09,2111,N,VIIRS,n,2,293.33,6.25,D,0
39.81395,-121.6194,347.01,0.41,0.37,2018-11-09,2111,N,VIIRS,n,2,288.9,8.18,D,0
39.81522,-121.60988,351.42,0.41,0.37,2018-11-09,2111,N,VIIRS,n,2,311.26,24.55,D,0
39.81552,-121.44762,330.68,0.41,0.37,2018-11-09,2111,N,VIIRS,n,2,289.82,5.62,D,0
39.81583,-121.60522,367,0.41,0.37,2018-11-09,2111,N,VIIRS,h,2,308.99,23.84,D,0
39.81646,-121.60051,352.25,0.41,0.37,2018-11-09,2111,N,VIIRS,n,2,298.35,23.84,D,0
39.81709,-121.59576,339.89,0.41,0.37,2018-11-09,2111,N,VIIRS,n,2,294.13,14.81,D,0
39.81818,-121.42732,348.31,0.41,0.37,2018-11-09,2111,N,VIIRS,n,2,295.61,7.57,D,0
39.81826,-121.45351,332.45,0.41,0.37,2018-11-09,2111,N,VIIRS,n,2,285.49,5.15,D,0
39.81862,-121.61066,341.47,0.41,0.37,2018-11-09,2111,N,VIIRS,n,2,294.15,24.55,D,0
39.81891,-121.44855,356.58,0.41,0.37,2018-11-09,2111,N,VIIRS,l,2,288.76,5.62,D,0
39.81924,-121.60599,354.35,0.41,0.37,2018-11-09,2111,N,VIIRS,n,2,310.84,23.84,D,0
39.81958,-121.44352,340.89,0.41,0.37,2018-11-09,2111,N,VIIRS,n,2,291.96,5.62,D,0
39.81986,-121.60129,349.42,0.41,0.37,2018-11-09,2111,N,VIIRS,n,2,299.14,23.84,D,0
39.82024,-121.43843,334.42,0.41,0.37,2018-11-09,2111,N,VIIRS,n,2,291.77,3.97,D,0
39.82049,-121.59653,352.85,0.41,0.37,2018-11-09,2111,N,VIIRS,n,2,301.45,14.81,D,0
39.82092,-121.4333,336.39,0.41,0.37,2018-11-09,2111,N,VIIRS,n,2,294.61,3.97,D,0
39.82159,-121.42819,347.76,0.41,0.37,2018-11-09,2111,N,VIIRS,n,2,298.54,7.57,D,0
39.82203,-121.61142,328.72,0.41,0.37,2018-11-09,2111,N,VIIRS,n,2,285.5,4.42,D,0
39.82224,-121.42323,332.74,0.41,0.37,2018-11-09,2111,N,VIIRS,n,2,293.43,7.57,D,0
39.8223,-121.44951,367,0.41,0.37,2018-11-09,2111,N,VIIRS,l,2,368.64,202.75,D,0
39.82264,-121.60675,367,0.41,0.37,2018-11-09,2111,N,VIIRS,h,2,297.78,13.03,D,0
39.82298,-121.44441,367,0.41,0.37,2018-11-09,2111,N,VIIRS,l,2,326.72,202.75,D,0
39.82327,-121.60204,367,0.41,0.37,2018-11-09,2111,N,VIIRS,h,2,305.95,13.03,D,0
39.82364,-121.4394,353.46,0.41,0.37,2018-11-09,2111,N,VIIRS,n,2,305.45,37.31,D,0
39.8239,-121.5973,349.82,0.41,0.37,2018-11-09,2111,N,VIIRS,n,2,300.21,8.95,D,0
39.8243,-121.43433,352.6,0.41,0.37,2018-11-09,2111,N,VIIRS,n,2,308.24,37.31,D,0
39.82441,-121.46026,330.53,0.41,0.37,2018-11-09,2111,N,VIIRS,n,2,288.3,42.51,D,0
39.82497,-121.42924,367,0.41,0.37,2018-11-09,2111,N,VIIRS,h,2,304.92,23.91,D,0
39.82505,-121.45538,341.36,0.41,0.37,2018-11-09,2111,N,VIIRS,n,2,310.73,42.51,D,0
39.82564,-121.42419,353.12,0.41,0.37,2018-11-09,2111,N,VIIRS,n,2,303.53,23.91,D,0
39.82571,-121.45036,352.6,0.41,0.37,2018-11-09,2111,N,VIIRS,n,2,288.9,202.75,D,0
39.82581,-121.58289,335.27,0.41,0.37,2018-11-09,2111,N,VIIRS,n,2,292.59,11.88,D,0
39.82637,-121.4453,325.99,0.41,0.37,2018-11-09,2111,N,VIIRS,n,2,287.88,202.75,D,0
39.82667,-121.60279,341.42,0.41,0.37,2018-11-09,2111,N,VIIRS,n,2,287.59,13.03,D,0
39.8273,-121.59805,334.98,0.41,0.37,2018-11-09,2111,N,VIIRS,n,2,288.35,8.95,D,0
39.82781,-121.46114,349.55,0.41,0.37,2018-11-09,2111,N,VIIRS,n,2,297.44,22.2,D,0
39.82846,-121.45621,333,0.41,0.37,2018-11-09,2111,N,VIIRS,n,2,297.73,22.2,D,0
39.82858,-121.58845,341.69,0.41,0.37,2018-11-09,2111,N,VIIRS,n,2,295.98,11.88,D,0
39.82903,-121.42516,356.09,0.41,0.37,2018-11-09,2111,N,VIIRS,n,2,300.5,23.91,D,0
39.82922,-121.58366,352.91,0.41,0.37,2018-11-09,2111,N,VIIRS,n,2,299.37,11.88,D,0
39.83123,-121.46194,347.57,0.41,0.37,2018-11-09,2111,N,VIIRS,n,2,289.67,22.2,D,0
39.83325,-121.57967,331.08,0.41,0.37,2018-11-09,2111,N,VIIRS,n,2,289.57,4.9,D,0
39.83584,-121.57848,329.48,0.41,0.37,2018-11-09,2111,N,VIIRS,n,2,289.78,4.35,D,0
39.83729,-121.57568,349.03,0.41,0.37,2018-11-09,2111,N,VIIRS,n,2,293.76,4.9,D,0
39.83892,-121.48356,347.22,0.41,0.37,2018-11-09,2111,N,VIIRS,n,2,301.29,21.35,D,0
39.83924,-121.57928,349.01,0.41,0.37,2018-11-09,2111,N,VIIRS,n,2,291.45,4.35,D,0
39.83986,-121.57451,331.93,0.41,0.37,2018-11-09,2111,N,VIIRS,n,2,292.01,4.35,D,0
39.84173,-121.48895,335.41,0.41,0.37,2018-11-09,2111,N,VIIRS,n,2,295.39,23.72,D,0
39.84203,-121.58485,335.71,0.41,0.37,2018-11-09,2111,N,VIIRS,n,2,289.18,2.76,D,0
39.84234,-121.4843,349.16,0.41,0.37,2018-11-09,2111,N,VIIRS,n,2,295.98,21.35,D,0
39.84265,-121.58006,348.88,0.41,0.37,2018-11-09,2111,N,VIIRS,n,2,292.34,4.65,D,0
39.84327,-121.57532,328.91,0.41,0.37,2018-11-09,2111,N,VIIRS,n,2,295.2,4.65,D,0
39.84515,-121.48965,335.59,0.41,0.37,2018-11-09,2111,N,VIIRS,n,2,291.6,4.67,D,0
39.84543,-121.58563,331.86,0.41,0.37,2018-11-09,2111,N,VIIRS,n,2,287.31,2.76,D,0
39.84606,-121.58083,335.64,0.41,0.37,2018-11-09,2111,N,VIIRS,n,2,289.99,4.65,D,0
39.84668,-121.57608,348.26,0.41,0.37,2018-11-09,2111,N,VIIRS,n,2,292.62,4.65,D,0
39.8473,-121.57134,335.17,0.41,0.37,2018-11-09,2111,N,VIIRS,n,2,296.87,4.53,D,0
39.84753,-121.4884,328.68,0.41,0.37,2018-11-09,2111,N,VIIRS,n,2,290.06,7.22,D,0
39.84765,-121.54158,335.17,0.41,0.37,2018-11-09,2111,N,VIIRS,n,2,292.6,16.45,D,0
39.84794,-121.56637,325.88,0.41,0.37,2018-11-09,2111,N,VIIRS,n,2,291.39,4.53,D,0
39.84858,-121.56142,332.3,0.41,0.37,2018-11-09,2111,N,VIIRS,n,2,291.83,5.46,D,0
39.84858,-121.49035,340.16,0.41,0.37,2018-11-09,2111,N,VIIRS,n,2,292.79,4.67,D,0
39.84945,-121.52776,344.06,0.41,0.37,2018-11-09,2111,N,VIIRS,n,2,304.76,25.69,D,0
39.84975,-121.49829,346.89,0.41,0.37,2018-11-09,2111,N,VIIRS,n,2,295.69,8.6,D,0
39.85007,-121.52303,356.14,0.41,0.37,2018-11-09,2111,N,VIIRS,n,2,301.23,24.92,D,0
39.85036,-121.49366,355.25,0.41,0.37,2018-11-09,2111,N,VIIRS,n,2,293.93,7.22,D,0
39.85046,-121.54699,331.55,0.41,0.37,2018-11-09,2111,N,VIIRS,n,2,293.89,9.8,D,0
39.85069,-121.51817,348.39,0.41,0.37,2018-11-09,2111,N,VIIRS,n,2,309.93,24.92,D,0
39.85095,-121.48914,334.36,0.41,0.37,2018-11-09,2111,N,VIIRS,n,2,290.3,7.22,D,0
39.85107,-121.54226,367,0.41,0.37,2018-11-09,2111,N,VIIRS,h,2,294.81,16.45,D,0
39.85133,-121.51326,356.41,0.41,0.37,2018-11-09,2111,N,VIIRS,n,2,306.9,14.21,D,0
39.85134,-121.56723,342.97,0.41,0.37,2018-11-09,2111,N,VIIRS,n,2,295.95,22.79,D,0
39.85168,-121.53756,356.37,0.41,0.37,2018-11-09,2111,N,VIIRS,n,2,299.91,16.45,D,0
39.85196,-121.50841,329.39,0.41,0.37,2018-11-09,2111,N,VIIRS,n,2,292.12,14.21,D,0
39.85197,-121.56234,353.72,0.41,0.37,2018-11-09,2111,N,VIIRS,n,2,310.16,19.57,D,0
39.85228,-121.53298,367,0.41,0.37,2018-11-09,2111,N,VIIRS,h,2,294.33,25.69,D,0
39.85288,-121.52838,351.26,0.41,0.37,2018-11-09,2111,N,VIIRS,n,2,298.05,25.69,D,0
39.8535,-121.52363,338.88,0.41,0.37,2018-11-09,2111,N,VIIRS,n,2,287.46,24.92,D,0
39.85413,-121.51878,346.9,0.41,0.37,2018-11-09,2111,N,VIIRS,n,2,294.38,24.92,D,0
39.85474,-121.56804,367,0.41,0.37,2018-11-09,2111,N,VIIRS,h,2,304.56,22.79,D,0
39.85476,-121.51386,336.68,0.41,0.37,2018-11-09,2111,N,VIIRS,n,2,287.92,14.21,D,0
39.85537,-121.5632,367,0.41,0.37,2018-11-09,2111,N,VIIRS,h,2,298.68,19.57,D,0
39.85601,-121.55831,338.57,0.41,0.37,2018-11-09,2111,N,VIIRS,n,2,293.59,19.57,D,0
39.85664,-121.55339,345.52,0.41,0.37,2018-11-09,2111,N,VIIRS,n,2,293.26,44.69,D,0
39.85727,-121.54861,346.23,0.41,0.37,2018-11-09,2111,N,VIIRS,n,2,290.5,44.69,D,0
39.85941,-121.55919,336.53,0.41,0.37,2018-11-09,2111,N,VIIRS,n,2,288.74,5.15,D,0
39.60194,-121.65932,311.11,0.42,0.38,2018-11-09,949,N,VIIRS,n,2,279.32,2.41,N,0
39.6067,-121.66837,327.84,0.42,0.38,2018-11-09,949,N,VIIRS,n,2,281.44,3.21,N,0
39.60736,-121.67328,306.02,0.42,0.38,2018-11-09,949,N,VIIRS,n,2,279.44,1.37,N,0
39.60819,-121.65291,312.18,0.42,0.38,2018-11-09,949,N,VIIRS,n,2,279.83,1.02,N,0
39.60885,-121.65781,295.94,0.42,0.38,2018-11-09,949,N,VIIRS,n,2,277.8,1.02,N,0
39.6095,-121.66272,313.57,0.42,0.38,2018-11-09,949,N,VIIRS,n,2,279.19,1.93,N,0
39.61075,-121.66061,309.16,0.42,0.38,2018-11-09,949,N,VIIRS,n,2,279.67,1.14,N,0
39.64612,-121.6325,330.6,0.42,0.38,2018-11-09,949,N,VIIRS,n,2,284.8,4.23,N,0
39.64654,-121.66269,311.28,0.42,0.38,2018-11-09,949,N,VIIRS,n,2,281.85,1.22,N,0
39.64999,-121.66191,308.67,0.42,0.38,2018-11-09,949,N,VIIRS,n,2,281.73,1.22,N,0
39.65344,-121.66113,326.17,0.42,0.38,2018-11-09,949,N,VIIRS,n,2,282.38,3.38,N,0
39.65408,-121.66599,308.25,0.42,0.38,2018-11-09,949,N,VIIRS,n,2,282.62,1.79,N,0
39.65473,-121.59016,331.57,0.42,0.38,2018-11-09,949,N,VIIRS,n,2,285.36,2.15,N,0
39.65494,-121.64553,309.03,0.42,0.38,2018-11-09,949,N,VIIRS,n,2,284.6,2.81,N,0
39.65536,-121.59496,339.1,0.42,0.38,2018-11-09,949,N,VIIRS,n,2,288.18,4.51,N,0
39.65601,-121.59988,329.67,0.42,0.38,2018-11-09,949,N,VIIRS,n,2,288.7,4.51,N,0
39.65666,-121.60476,326.89,0.42,0.38,2018-11-09,949,N,VIIRS,n,2,288.02,2.11,N,0
39.65731,-121.60965,304.02,0.42,0.38,2018-11-09,949,N,VIIRS,n,2,284.53,2.11,N,0
39.65753,-121.66521,322.16,0.42,0.38,2018-11-09,949,N,VIIRS,n,2,287.06,1.79,N,0
39.65775,-121.63988,318.34,0.42,0.38,2018-11-09,949,N,VIIRS,n,2,284.14,3.56,N,0
39.65816,-121.67008,311.89,0.42,0.38,2018-11-09,949,N,VIIRS,n,2,286.85,1.79,N,0
39.65816,-121.58932,325.01,0.42,0.38,2018-11-09,949,N,VIIRS,n,2,285.08,27.08,N,0
39.65839,-121.64477,323.53,0.42,0.38,2018-11-09,949,N,VIIRS,n,2,286.4,2.21,N,0
39.65881,-121.59418,355.53,0.42,0.38,2018-11-09,949,N,VIIRS,n,2,297.32,19.22,N,0
39.65903,-121.64966,332.71,0.42,0.38,2018-11-09,949,N,VIIRS,n,2,286.48,2.21,N,0
39.65945,-121.59904,337.79,0.42,0.38,2018-11-09,949,N,VIIRS,n,2,291.73,19.22,N,0
39.6601,-121.60397,304.46,0.42,0.38,2018-11-09,949,N,VIIRS,n,2,284.98,1.75,N,0
39.66075,-121.60884,304.66,0.42,0.38,2018-11-09,949,N,VIIRS,n,2,284.78,1.75,N,0
39.66098,-121.66441,310.07,0.42,0.38,2018-11-09,949,N,VIIRS,n,2,286.75,1.8,N,0
39.66119,-121.63911,345.57,0.42,0.38,2018-11-09,949,N,VIIRS,n,2,288.17,3.56,N,0
39.66161,-121.66926,309.41,0.42,0.38,2018-11-09,949,N,VIIRS,n,2,286.43,1.8,N,0
39.66183,-121.64396,319.59,0.42,0.38,2018-11-09,949,N,VIIRS,n,2,286.2,2.21,N,0
39.66225,-121.59335,348.22,0.42,0.38,2018-11-09,949,N,VIIRS,n,2,315.83,19.22,N,0
39.66248,-121.64883,307.57,0.42,0.38,2018-11-09,949,N,VIIRS,n,2,285.3,2.21,N,0
39.66288,-121.5982,327.06,0.42,0.38,2018-11-09,949,N,VIIRS,n,2,289.73,19.22,N,0
39.66312,-121.73501,324.92,0.42,0.38,2018-11-09,949,N,VIIRS,n,2,285.81,3.75,N,0
39.66312,-121.65373,308.62,0.42,0.38,2018-11-09,949,N,VIIRS,n,2,285.98,1.93,N,0
39.66336,-121.62859,325.83,0.42,0.38,2018-11-09,949,N,VIIRS,n,2,283,2,N,0
39.66354,-121.60314,329.07,0.42,0.38,2018-11-09,949,N,VIIRS,n,2,286.62,1.75,N,0
39.66378,-121.65871,306.58,0.42,0.38,2018-11-09,949,N,VIIRS,n,2,286.39,1.93,N,0
39.66419,-121.60805,315.88,0.42,0.38,2018-11-09,949,N,VIIRS,n,2,285.94,1.75,N,0
39.66464,-121.63829,325.56,0.42,0.38,2018-11-09,949,N,VIIRS,n,2,287.37,3.26,N,0
39.66528,-121.64313,310.28,0.42,0.38,2018-11-09,949,N,VIIRS,n,2,286.19,1.53,N,0
39.66568,-121.59248,328.18,0.42,0.38,2018-11-09,949,N,VIIRS,n,2,288.53,1.53,N,0
39.66592,-121.64805,314.56,0.42,0.38,2018-11-09,949,N,VIIRS,n,2,286.28,1.53,N,0
39.66632,-121.59733,313.39,0.42,0.38,2018-11-09,949,N,VIIRS,n,2,287.66,1.53,N,0
39.66657,-121.73423,339.59,0.42,0.38,2018-11-09,949,N,VIIRS,n,2,286.63,3.75,N,0
39.6668,-121.6278,308.01,0.42,0.38,2018-11-09,949,N,VIIRS,n,2,284.02,2,N,0
39.66722,-121.65787,322.19,0.42,0.38,2018-11-09,949,N,VIIRS,n,2,287.47,1.94,N,0
39.66763,-121.60725,321.42,0.42,0.38,2018-11-09,949,N,VIIRS,n,2,285.33,3.31,N,0
39.66784,-121.58209,342.32,0.42,0.38,2018-11-09,949,N,VIIRS,n,2,287.46,7.42,N,0
39.66787,-121.6628,310.66,0.42,0.38,2018-11-09,949,N,VIIRS,n,2,286.93,4.03,N,0
39.66809,-121.63753,338.34,0.42,0.38,2018-11-09,949,N,VIIRS,n,2,288.97,3.26,N,0
39.66849,-121.587,329.13,0.42,0.38,2018-11-09,949,N,VIIRS,n,2,289.7,7.42,N,0
39.66872,-121.64233,320.73,0.42,0.38,2018-11-09,949,N,VIIRS,n,2,286.72,1.53,N,0
39.66912,-121.59174,307.59,0.42,0.38,2018-11-09,949,N,VIIRS,n,2,286.78,1.53,N,0
39.66936,-121.6472,312.66,0.42,0.38,2018-11-09,949,N,VIIRS,n,2,286.42,1.53,N,0
39.66975,-121.59652,309.82,0.42,0.38,2018-11-09,949,N,VIIRS,n,2,287.62,1.53,N,0
39.67001,-121.65209,306.36,0.42,0.38,2018-11-09,949,N,VIIRS,n,2,286.41,1.94,N,0
39.67003,-121.73344,303.98,0.42,0.38,2018-11-09,949,N,VIIRS,n,2,281.96,1.17,N,0
39.67062,-121.57634,347.28,0.42,0.38,2018-11-09,949,N,VIIRS,n,2,289.76,24.15,N,0
39.67067,-121.65704,331.7,0.42,0.38,2018-11-09,949,N,VIIRS,n,2,287.52,1.94,N,0
39.67128,-121.58129,352.53,0.42,0.38,2018-11-09,949,N,VIIRS,n,2,306,18.51,N,0
39.67152,-121.63668,339.27,0.42,0.38,2018-11-09,949,N,VIIRS,n,2,289.15,3.16,N,0
39.67193,-121.58618,331.01,0.42,0.38,2018-11-09,949,N,VIIRS,n,2,287.09,18.51,N,0
39.67216,-121.64149,316.21,0.42,0.38,2018-11-09,949,N,VIIRS,n,2,286.57,2.41,N,0
39.67256,-121.59093,327.31,0.42,0.38,2018-11-09,949,N,VIIRS,n,2,289.46,2.43,N,0
39.6734,-121.57056,332.57,0.42,0.38,2018-11-09,949,N,VIIRS,n,2,286.09,24.15,N,0
39.67405,-121.57545,343.53,0.42,0.38,2018-11-09,949,N,VIIRS,n,2,309.47,24.15,N,0
39.67471,-121.58043,341.78,0.42,0.38,2018-11-09,949,N,VIIRS,n,2,292.45,18.51,N,0
39.67497,-121.63587,330.25,0.42,0.38,2018-11-09,949,N,VIIRS,n,2,287.52,3.16,N,0
39.67536,-121.58536,353.28,0.42,0.38,2018-11-09,949,N,VIIRS,n,2,293.34,18.51,N,0
39.67561,-121.64071,313.25,0.42,0.38,2018-11-09,949,N,VIIRS,n,2,286.2,2.41,N,0
39.67601,-121.59023,308.89,0.42,0.38,2018-11-09,949,N,VIIRS,n,2,287.99,2.43,N,0
39.6763,-121.72689,335.6,0.42,0.38,2018-11-09,949,N,VIIRS,n,2,285.49,2.86,N,0
39.67682,-121.56965,342.64,0.42,0.38,2018-11-09,949,N,VIIRS,n,2,312.01,24.67,N,0
39.67748,-121.57465,367,0.42,0.38,2018-11-09,949,N,VIIRS,h,2,297.12,24.67,N,0
39.6776,-121.73681,305.88,0.42,0.38,2018-11-09,949,N,VIIRS,n,2,280.99,2.1,N,0
39.67814,-121.57957,334.64,0.42,0.38,2018-11-09,949,N,VIIRS,n,2,289.15,3.65,N,0
39.67842,-121.63512,313.23,0.42,0.38,2018-11-09,949,N,VIIRS,n,2,286.15,1.07,N,0
39.6788,-121.58454,342.25,0.42,0.38,2018-11-09,949,N,VIIRS,n,2,290.14,3.65,N,0
39.67944,-121.58938,323.34,0.42,0.38,2018-11-09,949,N,VIIRS,n,2,288.76,1.99,N,0
39.67975,-121.7261,318.23,0.42,0.38,2018-11-09,949,N,VIIRS,n,2,282.35,2.86,N,0
39.6809,-121.57375,337.35,0.42,0.38,2018-11-09,949,N,VIIRS,n,2,289.71,24.67,N,0
39.68158,-121.57876,338.08,0.42,0.38,2018-11-09,949,N,VIIRS,n,2,292.35,3.65,N,0
39.68186,-121.63428,310.52,0.42,0.38,2018-11-09,949,N,VIIRS,n,2,286.01,1.07,N,0
39.68223,-121.58368,313.33,0.42,0.38,2018-11-09,949,N,VIIRS,n,2,287.4,3.65,N,0
39.68288,-121.58855,309.51,0.42,0.38,2018-11-09,949,N,VIIRS,n,2,287.96,1.99,N,0
39.68501,-121.57789,314.3,0.42,0.38,2018-11-09,949,N,VIIRS,n,2,289.23,1.27,N,0
39.6851,-121.65871,304.88,0.42,0.38,2018-11-09,949,N,VIIRS,n,2,286.25,1.44,N,0
39.68567,-121.58287,313.25,0.42,0.38,2018-11-09,949,N,VIIRS,n,2,288.25,1.27,N,0
39.68843,-121.57701,315.64,0.42,0.38,2018-11-09,949,N,VIIRS,n,2,286.56,1.27,N,0
39.68874,-121.63264,304.28,0.42,0.38,2018-11-09,949,N,VIIRS,n,2,285.96,1,N,0
39.6891,-121.582,313.75,0.42,0.38,2018-11-09,949,N,VIIRS,n,2,288.86,1.27,N,0
39.69186,-121.57618,305.88,0.42,0.38,2018-11-09,949,N,VIIRS,n,2,286.32,2.06,N,0
39.69253,-121.58115,309.95,0.42,0.38,2018-11-09,949,N,VIIRS,n,2,289.02,2.06,N,0
39.69264,-121.66202,327.17,0.42,0.38,2018-11-09,949,N,VIIRS,n,2,286.18,2.65,N,0
39.69414,-121.64655,303.53,0.42,0.38,2018-11-09,949,N,VIIRS,n,2,285.82,1.54,N,0
39.69531,-121.5754,340.53,0.42,0.38,2018-11-09,949,N,VIIRS,n,2,290.77,2.06,N,0
39.69545,-121.55005,304.5,0.42,0.38,2018-11-09,949,N,VIIRS,n,2,285.24,28.74,N,0
39.69596,-121.58025,306.73,0.42,0.38,2018-11-09,949,N,VIIRS,n,2,288.74,2.06,N,0
39.69613,-121.55506,347.74,0.42,0.38,2018-11-09,949,N,VIIRS,n,2,297.06,42.09,N,0
39.69693,-121.64075,305.48,0.42,0.38,2018-11-09,949,N,VIIRS,n,2,285.25,1.91,N,0
39.6981,-121.56977,328.51,0.42,0.38,2018-11-09,949,N,VIIRS,n,2,287.87,2.67,N,0
39.69874,-121.57457,327.08,0.42,0.38,2018-11-09,949,N,VIIRS,n,2,288.07,2.03,N,0
39.6994,-121.57948,305.86,0.42,0.38,2018-11-09,949,N,VIIRS,n,2,287.62,2.03,N,0
39.69955,-121.55416,344.34,0.42,0.38,2018-11-09,949,N,VIIRS,n,2,325.43,42.09,N,0
39.70024,-121.55927,347.42,0.42,0.38,2018-11-09,949,N,VIIRS,n,2,292.24,42.09,N,0
39.70217,-121.57373,314.02,0.42,0.38,2018-11-09,949,N,VIIRS,n,2,286.84,2.03,N,0
39.70231,-121.54836,307.28,0.42,0.38,2018-11-09,949,N,VIIRS,n,2,284.39,6.79,N,0
39.70298,-121.55337,336.63,0.42,0.38,2018-11-09,949,N,VIIRS,n,2,288.38,3.61,N,0
39.70366,-121.5584,340.46,0.42,0.38,2018-11-09,949,N,VIIRS,n,2,289.12,3.61,N,0
39.70375,-121.74614,307.76,0.42,0.38,2018-11-09,949,N,VIIRS,n,2,282.96,1.38,N,0
39.70416,-121.5514,346.47,0.42,0.38,2018-11-09,949,N,VIIRS,n,2,288.09,23.38,N,0
39.70441,-121.75113,306.32,0.42,0.38,2018-11-09,949,N,VIIRS,n,2,284.13,1.38,N,0
39.70482,-121.55648,333.16,0.42,0.38,2018-11-09,949,N,VIIRS,n,2,287.74,2.23,N,0
39.70506,-121.7561,343.22,0.42,0.38,2018-11-09,949,N,VIIRS,n,2,287.22,5.77,N,0
39.70509,-121.54264,306.05,0.42,0.38,2018-11-09,949,N,VIIRS,n,2,284.33,6.79,N,0
39.70547,-121.56147,318.75,0.42,0.38,2018-11-09,949,N,VIIRS,n,2,286.09,2.23,N,0
39.70575,-121.54758,354.18,0.42,0.38,2018-11-09,949,N,VIIRS,n,2,287.51,6.79,N,0
39.7063,-121.5407,310.82,0.42,0.38,2018-11-09,949,N,VIIRS,n,2,284.9,4.61,N,0
39.70642,-121.55259,322.49,0.42,0.38,2018-11-09,949,N,VIIRS,n,2,286.79,3.61,N,0
39.70656,-121.7404,353.09,0.42,0.38,2018-11-09,949,N,VIIRS,n,2,289.05,4.08,N,0
39.70695,-121.54568,342.45,0.42,0.38,2018-11-09,949,N,VIIRS,n,2,305.22,23.38,N,0
39.7071,-121.55762,326.98,0.42,0.38,2018-11-09,949,N,VIIRS,n,2,287.29,3.61,N,0
39.70722,-121.74539,328.98,0.42,0.38,2018-11-09,949,N,VIIRS,n,2,285.46,2.23,N,0
39.7076,-121.55062,309.68,0.42,0.38,2018-11-09,949,N,VIIRS,n,2,286.23,23.38,N,0
39.70787,-121.75037,320.15,0.42,0.38,2018-11-09,949,N,VIIRS,n,2,287.11,2.23,N,0
39.70826,-121.55563,320.41,0.42,0.38,2018-11-09,949,N,VIIRS,n,2,286.76,2.23,N,0
39.70853,-121.75533,321.87,0.42,0.38,2018-11-09,949,N,VIIRS,n,2,285.87,4.75,N,0
39.70872,-121.72976,317.73,0.42,0.38,2018-11-09,949,N,VIIRS,n,2,285.75,2.25,N,0
39.70904,-121.57208,304.68,0.42,0.38,2018-11-09,949,N,VIIRS,n,2,285.17,0.91,N,0
39.70909,-121.53491,316.35,0.42,0.38,2018-11-09,949,N,VIIRS,n,2,286.31,59.76,N,0
39.70938,-121.73475,315.18,0.42,0.38,2018-11-09,949,N,VIIRS,n,2,286.08,4.08,N,0
39.70969,-121.57696,305.3,0.42,0.38,2018-11-09,949,N,VIIRS,n,2,285.96,0.91,N,0
39.70974,-121.53989,367,0.42,0.38,2018-11-09,949,N,VIIRS,h,2,330.21,59.76,N,0
39.71003,-121.73971,315.34,0.42,0.38,2018-11-09,949,N,VIIRS,n,2,285.8,4.08,N,0
39.71003,-121.63255,306.19,0.42,0.38,2018-11-09,949,N,VIIRS,n,2,287.11,1.1,N,0
39.71039,-121.54485,346.51,0.42,0.38,2018-11-09,949,N,VIIRS,n,2,302.3,19.04,N,0
39.71068,-121.74462,310.19,0.42,0.38,2018-11-09,949,N,VIIRS,n,2,286.35,2.23,N,0
39.7108,-121.57507,305.31,0.42,0.38,2018-11-09,949,N,VIIRS,n,2,286,1.16,N,0
39.71104,-121.5499,317,0.42,0.38,2018-11-09,949,N,VIIRS,n,2,286.27,19.04,N,0
39.71133,-121.74958,314.07,0.42,0.38,2018-11-09,949,N,VIIRS,n,2,285.04,2.23,N,0
39.71153,-121.72409,309.58,0.42,0.38,2018-11-09,949,N,VIIRS,n,2,285.97,1.73,N,0
39.7117,-121.55491,310.25,0.42,0.38,2018-11-09,949,N,VIIRS,n,2,286.12,1.43,N,0
39.71219,-121.72906,306.94,0.42,0.38,2018-11-09,949,N,VIIRS,n,2,284.44,1.73,N,0
39.71252,-121.5341,315.64,0.42,0.38,2018-11-09,949,N,VIIRS,n,2,289.18,59.76,N,0
39.71318,-121.53911,367,0.42,0.38,2018-11-09,949,N,VIIRS,h,2,325.81,59.76,N,0
39.71349,-121.73895,307.89,0.42,0.38,2018-11-09,949,N,VIIRS,n,2,286.07,3.1,N,0
39.71383,-121.54404,346.07,0.42,0.38,2018-11-09,949,N,VIIRS,n,2,295.13,19.04,N,0
39.71396,-121.76946,324.12,0.42,0.38,2018-11-09,949,N,VIIRS,n,2,281.08,2.44,N,0
39.71432,-121.71828,311.52,0.42,0.38,2018-11-09,949,N,VIIRS,n,2,286.95,1.5,N,0
39.71449,-121.5491,319.5,0.42,0.38,2018-11-09,949,N,VIIRS,n,2,287.06,19.04,N,0
39.71498,-121.72326,331.14,0.42,0.38,2018-11-09,949,N,VIIRS,n,2,288.43,1.73,N,0
39.71514,-121.55409,311.87,0.42,0.38,2018-11-09,949,N,VIIRS,n,2,286.62,1.43,N,0
39.71545,-121.75375,310.48,0.42,0.38,2018-11-09,949,N,VIIRS,n,2,284.02,2.96,N,0
39.71564,-121.7282,314.54,0.42,0.38,2018-11-09,949,N,VIIRS,n,2,285.39,1.73,N,0
39.71595,-121.53324,351.39,0.42,0.38,2018-11-09,949,N,VIIRS,n,2,293.35,24.66,N,0
39.71661,-121.53827,351.89,0.42,0.38,2018-11-09,949,N,VIIRS,n,2,290.22,24.66,N,0
39.71726,-121.54323,340.12,0.42,0.38,2018-11-09,949,N,VIIRS,n,2,289.07,3.34,N,0
39.71741,-121.66123,303.05,0.42,0.38,2018-11-09,949,N,VIIRS,n,2,284.9,0.78,N,0
39.71778,-121.71752,312.12,0.42,0.38,2018-11-09,949,N,VIIRS,n,2,287.17,1.79,N,0
39.71791,-121.54823,309.36,0.42,0.38,2018-11-09,949,N,VIIRS,n,2,286.02,3.34,N,0
39.71824,-121.65947,308.37,0.42,0.38,2018-11-09,949,N,VIIRS,n,2,285.77,1.41,N,0
39.71832,-121.57836,303.39,0.42,0.38,2018-11-09,949,N,VIIRS,n,2,285.21,0.43,N,0
39.71843,-121.72244,308.21,0.42,0.38,2018-11-09,949,N,VIIRS,n,2,285.81,2.14,N,0
39.71858,-121.55337,308.66,0.42,0.38,2018-11-09,949,N,VIIRS,n,2,286.59,2.42,N,0
39.71888,-121.66437,302.85,0.42,0.38,2018-11-09,949,N,VIIRS,n,2,284.88,1.73,N,0
39.71938,-121.53239,345.75,0.42,0.38,2018-11-09,949,N,VIIRS,n,2,332.32,24.66,N,0
39.72004,-121.53741,321.29,0.42,0.38,2018-11-09,949,N,VIIRS,n,2,286.55,24.66,N,0
39.72059,-121.71185,314.8,0.42,0.38,2018-11-09,949,N,VIIRS,n,2,287.71,1.79,N,0
39.7207,-121.54241,335.25,0.42,0.38,2018-11-09,949,N,VIIRS,n,2,286.82,3.34,N,0
39.72086,-121.66042,305.1,0.42,0.38,2018-11-09,949,N,VIIRS,n,2,285.34,0.78,N,0
39.72123,-121.71671,317.02,0.42,0.38,2018-11-09,949,N,VIIRS,n,2,286.87,1.79,N,0
39.72216,-121.5266,343.73,0.42,0.38,2018-11-09,949,N,VIIRS,n,2,292.7,4.09,N,0
39.72282,-121.53158,348.11,0.42,0.38,2018-11-09,949,N,VIIRS,n,2,293.55,3.25,N,0
39.72321,-121.64302,302.7,0.42,0.38,2018-11-09,949,N,VIIRS,n,2,285.37,2.02,N,0
39.72347,-121.53656,313.82,0.42,0.38,2018-11-09,949,N,VIIRS,n,2,286.38,3.25,N,0
39.72404,-121.71104,315.66,0.42,0.38,2018-11-09,949,N,VIIRS,n,2,286.93,1.59,N,0
39.72413,-121.54162,306.48,0.42,0.38,2018-11-09,949,N,VIIRS,n,2,284.99,1.63,N,0
39.72434,-121.76711,308.13,0.42,0.38,2018-11-09,949,N,VIIRS,n,2,280.94,3.11,N,0
39.72449,-121.65291,303.49,0.42,0.38,2018-11-09,949,N,VIIRS,n,2,285.51,1.86,N,0
39.72455,-121.57178,308.47,0.42,0.38,2018-11-09,949,N,VIIRS,n,2,285.58,1.05,N,0
39.72468,-121.70926,308.44,0.42,0.38,2018-11-09,949,N,VIIRS,n,2,286.28,1.5,N,0
39.72496,-121.52095,323.5,0.42,0.38,2018-11-09,949,N,VIIRS,n,2,285.99,4.09,N,0
39.72514,-121.65783,328.26,0.42,0.38,2018-11-09,949,N,VIIRS,n,2,285.62,1.86,N,0
39.72531,-121.71417,307.47,0.42,0.38,2018-11-09,949,N,VIIRS,n,2,285.83,2.01,N,0
39.7256,-121.52588,327.09,0.42,0.38,2018-11-09,949,N,VIIRS,n,2,288.8,4.09,N,0
39.72625,-121.53082,326.51,0.42,0.38,2018-11-09,949,N,VIIRS,n,2,288.27,3.25,N,0
39.72684,-121.70534,305.11,0.42,0.38,2018-11-09,949,N,VIIRS,n,2,286.41,1.76,N,0
39.72691,-121.53577,313.22,0.42,0.38,2018-11-09,949,N,VIIRS,n,2,286.67,3.25,N,0
39.72748,-121.71016,307.04,0.42,0.38,2018-11-09,949,N,VIIRS,n,2,285.96,1.59,N,0
39.72751,-121.70361,305.5,0.42,0.38,2018-11-09,949,N,VIIRS,n,2,287.02,1.5,N,0
39.72756,-121.54077,315.91,0.42,0.38,2018-11-09,949,N,VIIRS,n,2,286.79,1.63,N,0
39.72774,-121.51521,309.18,0.42,0.38,2018-11-09,949,N,VIIRS,n,2,291.63,28.95,N,0
39.72794,-121.65208,310.82,0.42,0.38,2018-11-09,949,N,VIIRS,n,2,286.37,1.86,N,0
39.72839,-121.5202,349.13,0.42,0.38,2018-11-09,949,N,VIIRS,n,2,312.35,21.89,N,0
39.72858,-121.65704,330.29,0.42,0.38,2018-11-09,949,N,VIIRS,n,2,287.36,1.86,N,0
39.72905,-121.52515,337.64,0.42,0.38,2018-11-09,949,N,VIIRS,n,2,290.43,21.89,N,0
39.72946,-121.63646,310.96,0.42,0.38,2018-11-09,949,N,VIIRS,n,2,285.12,2.28,N,0
39.7297,-121.53011,326.26,0.42,0.38,2018-11-09,949,N,VIIRS,n,2,288.84,2.41,N,0
39.73035,-121.53502,312.32,0.42,0.38,2018-11-09,949,N,VIIRS,n,2,288.23,2.41,N,0
39.73074,-121.64632,314.31,0.42,0.38,2018-11-09,949,N,VIIRS,n,2,288.24,2.41,N,0
39.73096,-121.70285,317.71,0.42,0.38,2018-11-09,949,N,VIIRS,n,2,288.04,1.52,N,0
39.73117,-121.51445,327.1,0.42,0.38,2018-11-09,949,N,VIIRS,n,2,305.27,28.95,N,0
39.73138,-121.65125,322.95,0.42,0.38,2018-11-09,949,N,VIIRS,n,2,288.33,2.11,N,0
39.73143,-121.57017,309.92,0.42,0.38,2018-11-09,949,N,VIIRS,n,2,287.39,1.56,N,0
39.73159,-121.70762,304.19,0.42,0.38,2018-11-09,949,N,VIIRS,n,2,285.33,1.52,N,0
39.73183,-121.51943,341.78,0.42,0.38,2018-11-09,949,N,VIIRS,n,2,292.68,21.89,N,0
39.73193,-121.77055,327.29,0.42,0.38,2018-11-09,949,N,VIIRS,n,2,281.87,2.69,N,0
39.73207,-121.57507,310.31,0.42,0.38,2018-11-09,949,N,VIIRS,n,2,287.32,1.56,N,0
39.73226,-121.63074,306.47,0.42,0.38,2018-11-09,949,N,VIIRS,n,2,285.53,2.28,N,0
39.73236,-121.76888,318.78,0.42,0.38,2018-11-09,949,N,VIIRS,n,2,281.5,4.36,N,0
39.73249,-121.52442,317.93,0.42,0.38,2018-11-09,949,N,VIIRS,n,2,287.52,21.89,N,0
39.7329,-121.63563,341.95,0.42,0.38,2018-11-09,949,N,VIIRS,n,2,292.06,2.28,N,0
39.73296,-121.55489,304.74,0.42,0.38,2018-11-09,949,N,VIIRS,n,2,285.12,1.18,N,0
39.73314,-121.69217,311.59,0.42,0.38,2018-11-09,949,N,VIIRS,n,2,288.01,2.23,N,0
39.73378,-121.6971,324.21,0.42,0.38,2018-11-09,949,N,VIIRS,n,2,289.38,2.23,N,0
39.73396,-121.50878,337.24,0.42,0.38,2018-11-09,949,N,VIIRS,n,2,285.9,16.89,N,0
39.73408,-121.7598,315.05,0.42,0.38,2018-11-09,949,N,VIIRS,n,2,284.11,3.89,N,0
39.73419,-121.64552,323.26,0.42,0.38,2018-11-09,949,N,VIIRS,n,2,289.44,2.41,N,0
39.73442,-121.70209,316.81,0.42,0.38,2018-11-09,949,N,VIIRS,n,2,288.4,1.52,N,0
39.73455,-121.75813,318.51,0.42,0.38,2018-11-09,949,N,VIIRS,n,2,284.45,2.87,N,0
39.73462,-121.51373,353.99,0.42,0.38,2018-11-09,949,N,VIIRS,n,2,297.84,16.89,N,0
39.73483,-121.65044,327.39,0.42,0.38,2018-11-09,949,N,VIIRS,n,2,290.08,2.11,N,0
39.73487,-121.5694,309.06,0.42,0.38,2018-11-09,949,N,VIIRS,n,2,286.61,0.94,N,0
39.73506,-121.62498,306.16,0.42,0.38,2018-11-09,949,N,VIIRS,n,2,286.85,0.99,N,0
39.73527,-121.5187,323.97,0.42,0.38,2018-11-09,949,N,VIIRS,n,2,288.08,1.61,N,0
39.73548,-121.6554,304.12,0.42,0.38,2018-11-09,949,N,VIIRS,n,2,285.71,2.11,N,0
39.73551,-121.57424,309.74,0.42,0.38,2018-11-09,949,N,VIIRS,n,2,287.43,0.94,N,0
39.73571,-121.62989,307.95,0.42,0.38,2018-11-09,949,N,VIIRS,n,2,286.79,2.97,N,0
39.73593,-121.52368,309.94,0.42,0.38,2018-11-09,949,N,VIIRS,n,2,286.67,1.61,N,0
39.73595,-121.6864,327.08,0.42,0.38,2018-11-09,949,N,VIIRS,n,2,290.13,2.91,N,0
39.73635,-121.63482,338.28,0.42,0.38,2018-11-09,949,N,VIIRS,n,2,290.59,2.97,N,0
39.73639,-121.55401,305.55,0.42,0.38,2018-11-09,949,N,VIIRS,n,2,284.21,1.18,N,0
39.73659,-121.52866,310.42,0.42,0.38,2018-11-09,949,N,VIIRS,n,2,287.6,2.6,N,0
39.73661,-121.69148,308.46,0.42,0.38,2018-11-09,949,N,VIIRS,n,2,287.91,1.71,N,0
39.73672,-121.7474,317.45,0.42,0.38,2018-11-09,949,N,VIIRS,n,2,286.75,1.99,N,0
39.73699,-121.63976,313.78,0.42,0.38,2018-11-09,949,N,VIIRS,n,2,288.61,2.66,N,0
39.73725,-121.69647,322.2,0.42,0.38,2018-11-09,949,N,VIIRS,n,2,288.47,1.71,N,0
39.73737,-121.7524,308.94,0.42,0.38,2018-11-09,949,N,VIIRS,n,2,284.94,1.69,N,0
39.7374,-121.50804,346.23,0.42,0.38,2018-11-09,949,N,VIIRS,n,2,301.31,16.89,N,0
39.73763,-121.6447,332.71,0.42,0.38,2018-11-09,949,N,VIIRS,n,2,291.13,2.66,N,0
39.73787,-121.70124,317.45,0.42,0.38,2018-11-09,949,N,VIIRS,n,2,288.38,3.04,N,0
39.73787,-121.61928,306.44,0.42,0.38,2018-11-09,949,N,VIIRS,n,2,285.99,0.99,N,0
39.73802,-121.75741,313.92,0.42,0.38,2018-11-09,949,N,VIIRS,n,2,284.29,1.69,N,0
39.73805,-121.51296,326.3,0.42,0.38,2018-11-09,949,N,VIIRS,n,2,289.24,16.89,N,0
39.73828,-121.64966,318.56,0.42,0.38,2018-11-09,949,N,VIIRS,n,2,288.66,1.7,N,0
39.73831,-121.56864,305.07,0.42,0.38,2018-11-09,949,N,VIIRS,n,2,286.12,0.94,N,0
39.73851,-121.62418,308.58,0.42,0.38,2018-11-09,949,N,VIIRS,n,2,287.77,0.99,N,0
39.7387,-121.51791,312.99,0.42,0.38,2018-11-09,949,N,VIIRS,n,2,287.38,1.61,N,0
39.73877,-121.68078,318.27,0.42,0.38,2018-11-09,949,N,VIIRS,n,2,289.79,2.91,N,0
39.73894,-121.5734,308.59,0.42,0.38,2018-11-09,949,N,VIIRS,n,2,287.42,0.94,N,0
39.73915,-121.62907,315.2,0.42,0.38,2018-11-09,949,N,VIIRS,n,2,287.19,2.97,N,0
39.73936,-121.52289,306.51,0.42,0.38,2018-11-09,949,N,VIIRS,n,2,286.71,1.61,N,0
39.73954,-121.74158,310.14,0.42,0.38,2018-11-09,949,N,VIIRS,n,2,285.01,1.99,N,0
39.73959,-121.57835,307.16,0.42,0.38,2018-11-09,949,N,VIIRS,n,2,286.33,2.12,N,0
39.73979,-121.634,342.34,0.42,0.38,2018-11-09,949,N,VIIRS,n,2,291.03,2.97,N,0
39.74007,-121.69077,311.17,0.42,0.38,2018-11-09,949,N,VIIRS,n,2,288.58,1.71,N,0
39.74017,-121.50225,346.48,0.42,0.38,2018-11-09,949,N,VIIRS,n,2,288.51,87.34,N,0
39.74018,-121.74659,321.55,0.42,0.38,2018-11-09,949,N,VIIRS,n,2,286.27,1.99,N,0
39.74044,-121.63895,332.49,0.42,0.38,2018-11-09,949,N,VIIRS,n,2,291.62,2.66,N,0
39.7407,-121.69564,323.76,0.42,0.38,2018-11-09,949,N,VIIRS,n,2,289.1,1.71,N,0
39.74083,-121.75153,323.31,0.42,0.38,2018-11-09,949,N,VIIRS,n,2,286.32,1.69,N,0
39.74083,-121.50718,344.85,0.42,0.38,2018-11-09,949,N,VIIRS,n,2,292.27,4.58,N,0
39.74109,-121.64391,321.7,0.42,0.38,2018-11-09,949,N,VIIRS,n,2,289.39,2.66,N,0
39.74131,-121.61843,332.94,0.42,0.38,2018-11-09,949,N,VIIRS,n,2,286.56,3.6,N,0
39.74147,-121.75656,315.04,0.42,0.38,2018-11-09,949,N,VIIRS,n,2,285.16,1.69,N,0
39.74148,-121.5121,308.38,0.42,0.38,2018-11-09,949,N,VIIRS,n,2,287.4,4.58,N,0
39.74152,-121.59301,305.47,0.42,0.38,2018-11-09,949,N,VIIRS,n,2,286.86,1.93,N,0
39.74157,-121.67496,310.27,0.42,0.38,2018-11-09,949,N,VIIRS,n,2,287.41,1.23,N,0
39.74173,-121.64886,315.17,0.42,0.38,2018-11-09,949,N,VIIRS,n,2,286.85,1.7,N,0
39.74195,-121.62334,315.93,0.42,0.38,2018-11-09,949,N,VIIRS,n,2,287.28,3.6,N,0
39.74214,-121.5171,311.17,0.42,0.38,2018-11-09,949,N,VIIRS,n,2,286.81,1.36,N,0
39.74216,-121.59792,308.05,0.42,0.38,2018-11-09,949,N,VIIRS,n,2,286.94,2.07,N,0
39.74223,-121.68008,310.67,0.42,0.38,2018-11-09,949,N,VIIRS,n,2,288.62,1.43,N,0
39.74236,-121.73582,310.41,0.42,0.38,2018-11-09,949,N,VIIRS,n,2,285.55,1.69,N,0
39.74238,-121.57262,308.57,0.42,0.38,2018-11-09,949,N,VIIRS,n,2,286.63,1.17,N,0
39.74258,-121.62825,320.07,0.42,0.38,2018-11-09,949,N,VIIRS,n,2,289.41,2.41,N,0
39.74288,-121.68508,315.22,0.42,0.38,2018-11-09,949,N,VIIRS,n,2,288.85,1.43,N,0
39.743,-121.74078,313.28,0.42,0.38,2018-11-09,949,N,VIIRS,n,2,286.03,1.62,N,0
39.74324,-121.63317,339.34,0.42,0.38,2018-11-09,949,N,VIIRS,n,2,293.32,2.41,N,0
39.74346,-121.60782,310.4,0.42,0.38,2018-11-09,949,N,VIIRS,n,2,285.35,2,N,0
39.74353,-121.68999,319.72,0.42,0.38,2018-11-09,949,N,VIIRS,n,2,288.43,1.54,N,0
39.74359,-121.50134,337.35,0.42,0.38,2018-11-09,949,N,VIIRS,n,2,336.18,87.34,N,0
39.74364,-121.74574,317.95,0.42,0.38,2018-11-09,949,N,VIIRS,n,2,285.17,1.62,N,0
39.74388,-121.63813,338.22,0.42,0.38,2018-11-09,949,N,VIIRS,n,2,292.87,2.28,N,0
39.74416,-121.69487,314.75,0.42,0.38,2018-11-09,949,N,VIIRS,n,2,288.3,1.54,N,0
39.74425,-121.50628,332.28,0.42,0.38,2018-11-09,949,N,VIIRS,n,2,289.27,4.58,N,0
39.74428,-121.75069,317.22,0.42,0.38,2018-11-09,949,N,VIIRS,n,2,284.89,2.65,N,0
39.74453,-121.64309,316.14,0.42,0.38,2018-11-09,949,N,VIIRS,n,2,289.13,2.28,N,0
39.74474,-121.6176,329.83,0.42,0.38,2018-11-09,949,N,VIIRS,n,2,288.97,3.6,N,0
39.7449,-121.51121,320.27,0.42,0.38,2018-11-09,949,N,VIIRS,n,2,286.93,4.58,N,0
39.74504,-121.67432,310.15,0.42,0.38,2018-11-09,949,N,VIIRS,n,2,287.37,1.23,N,0
39.74539,-121.6225,334.82,0.42,0.38,2018-11-09,949,N,VIIRS,n,2,291.18,3.6,N,0
39.74556,-121.51622,317.37,0.42,0.38,2018-11-09,949,N,VIIRS,n,2,285.43,1.36,N,0
39.74561,-121.59711,308.1,0.42,0.38,2018-11-09,949,N,VIIRS,n,2,287.12,1.26,N,0
39.74582,-121.73508,312.19,0.42,0.38,2018-11-09,949,N,VIIRS,n,2,285.32,1.69,N,0
39.74582,-121.57182,304.69,0.42,0.38,2018-11-09,949,N,VIIRS,n,2,286.13,1.17,N,0
39.74603,-121.62745,319.92,0.42,0.38,2018-11-09,949,N,VIIRS,n,2,289.47,2.41,N,0
39.74622,-121.52125,309.51,0.42,0.38,2018-11-09,949,N,VIIRS,n,2,284.47,1.36,N,0
39.74625,-121.60205,306.16,0.42,0.38,2018-11-09,949,N,VIIRS,n,2,286.24,1.26,N,0
39.74634,-121.68429,307.45,0.42,0.38,2018-11-09,949,N,VIIRS,n,2,288.26,1.43,N,0
39.74636,-121.49553,343.63,0.42,0.38,2018-11-09,949,N,VIIRS,n,2,294.65,13.76,N,0
39.74646,-121.74005,307.1,0.42,0.38,2018-11-09,949,N,VIIRS,n,2,284.99,1.62,N,0
39.74668,-121.63236,316.45,0.42,0.38,2018-11-09,949,N,VIIRS,n,2,288.43,2.41,N,0
39.74688,-121.52619,331.7,0.42,0.38,2018-11-09,949,N,VIIRS,n,2,285.59,6.44,N,0
39.7469,-121.60697,332.94,0.42,0.38,2018-11-09,949,N,VIIRS,n,2,286.49,2.37,N,0
39.74698,-121.68919,305.46,0.42,0.38,2018-11-09,949,N,VIIRS,n,2,286.99,1.54,N,0
39.74701,-121.5004,347.32,0.42,0.38,2018-11-09,949,N,VIIRS,n,2,293.21,13.76,N,0
39.74733,-121.63732,320.99,0.42,0.38,2018-11-09,949,N,VIIRS,n,2,289.27,2.28,N,0
39.74754,-121.61189,320.5,0.42,0.38,2018-11-09,949,N,VIIRS,n,2,288.26,2.37,N,0
39.74766,-121.50536,320.13,0.42,0.38,2018-11-09,949,N,VIIRS,n,2,285.61,1.17,N,0
39.74798,-121.64231,309.4,0.42,0.38,2018-11-09,949,N,VIIRS,n,2,288.39,2.28,N,0
39.74819,-121.61679,304.5,0.42,0.38,2018-11-09,949,N,VIIRS,n,2,285.47,1.48,N,0
39.74831,-121.51028,316.38,0.42,0.38,2018-11-09,949,N,VIIRS,n,2,284.57,1.17,N,0
39.74839,-121.59137,308.64,0.42,0.38,2018-11-09,949,N,VIIRS,n,2,286.81,2.57,N,0
39.74883,-121.62168,318.52,0.42,0.38,2018-11-09,949,N,VIIRS,n,2,288.83,1.48,N,0
39.74897,-121.51524,308.09,0.42,0.38,2018-11-09,949,N,VIIRS,n,2,282.9,0.99,N,0
39.74915,-121.67859,305.72,0.42,0.38,2018-11-09,949,N,VIIRS,n,2,288.47,1.23,N,0
39.74915,-121.48997,328.54,0.42,0.37,2018-11-09,949,N,VIIRS,n,2,288.63,10.76,N,0
39.74928,-121.73425,322.77,0.42,0.38,2018-11-09,949,N,VIIRS,n,2,286,2.94,N,0
39.74948,-121.62663,321.19,0.42,0.38,2018-11-09,949,N,VIIRS,n,2,289.55,3.54,N,0
39.74964,-121.52026,306.62,0.42,0.38,2018-11-09,949,N,VIIRS,n,2,283.14,0.99,N,0
39.74969,-121.60123,307.43,0.42,0.38,2018-11-09,949,N,VIIRS,n,2,287.7,1.26,N,0
39.74977,-121.49464,353.57,0.42,0.38,2018-11-09,949,N,VIIRS,n,2,294.99,13.76,N,0
39.74992,-121.73916,311.15,0.42,0.38,2018-11-09,949,N,VIIRS,n,2,284.62,1.74,N,0
39.75012,-121.63157,316.31,0.42,0.38,2018-11-09,949,N,VIIRS,n,2,287.93,3.54,N,0
39.7503,-121.52525,304.08,0.42,0.38,2018-11-09,949,N,VIIRS,n,2,282.9,1.34,N,0
39.75034,-121.60615,316.84,0.42,0.38,2018-11-09,949,N,VIIRS,n,2,286.29,2.37,N,0
39.75042,-121.4995,319.05,0.42,0.38,2018-11-09,949,N,VIIRS,n,2,285.58,13.76,N,0
39.75055,-121.74405,308.54,0.42,0.38,2018-11-09,949,N,VIIRS,n,2,282.65,1.74,N,0
39.75055,-121.58076,306.44,0.42,0.38,2018-11-09,949,N,VIIRS,n,2,286.14,2.04,N,0
39.75077,-121.63654,313.98,0.42,0.38,2018-11-09,949,N,VIIRS,n,2,288.32,2.22,N,0
39.75098,-121.61105,322.87,0.42,0.38,2018-11-09,949,N,VIIRS,n,2,287.18,2.37,N,0
39.75108,-121.50443,306.06,0.42,0.38,2018-11-09,949,N,VIIRS,n,2,283.47,1.17,N,0
39.75163,-121.61596,311.37,0.42,0.38,2018-11-09,949,N,VIIRS,n,2,286.29,1.48,N,0
39.75172,-121.50931,304.19,0.42,0.38,2018-11-09,949,N,VIIRS,n,2,282.22,1.17,N,0
39.75197,-121.48453,335.27,0.42,0.37,2018-11-09,949,N,VIIRS,n,2,284.48,52.23,N,0
39.7521,-121.72855,315.94,0.42,0.38,2018-11-09,949,N,VIIRS,n,2,285.6,2.94,N,0
39.75227,-121.62086,321.11,0.42,0.38,2018-11-09,949,N,VIIRS,n,2,288.42,1.48,N,0
39.75238,-121.51426,310.82,0.42,0.38,2018-11-09,949,N,VIIRS,n,2,282.08,0.99,N,0
39.75248,-121.59547,306.68,0.42,0.38,2018-11-09,949,N,VIIRS,n,2,287.11,1.07,N,0
39.75256,-121.48904,352.81,0.42,0.37,2018-11-09,949,N,VIIRS,n,2,299.11,52.23,N,0
39.75261,-121.67786,310.53,0.42,0.38,2018-11-09,949,N,VIIRS,n,2,288.22,1.23,N,0
39.75273,-121.73341,338.53,0.42,0.38,2018-11-09,949,N,VIIRS,n,2,287.08,2.94,N,0
39.75292,-121.62581,321.33,0.42,0.38,2018-11-09,949,N,VIIRS,n,2,288.77,3.54,N,0
39.75313,-121.6004,311.85,0.42,0.38,2018-11-09,949,N,VIIRS,n,2,287.65,1.07,N,0
39.7532,-121.49377,340.42,0.42,0.38,2018-11-09,949,N,VIIRS,n,2,288.74,4.31,N,0
39.75325,-121.68272,307.03,0.42,0.38,2018-11-09,949,N,VIIRS,n,2,285.73,1.23,N,0
39.75337,-121.73833,323.75,0.42,0.38,2018-11-09,949,N,VIIRS,n,2,284.94,1.74,N,0
39.75357,-121.63077,343.48,0.42,0.38,2018-11-09,949,N,VIIRS,n,2,293.21,3.54,N,0
39.75378,-121.60532,317.03,0.42,0.38,2018-11-09,949,N,VIIRS,n,2,288.02,7.71,N,0
39.75384,-121.49864,310.93,0.42,0.38,2018-11-09,949,N,VIIRS,n,2,282.99,4.31,N,0
39.75401,-121.74323,316.97,0.42,0.38,2018-11-09,949,N,VIIRS,n,2,283.8,1.74,N,0
39.75422,-121.47486,301.15,0.42,0.37,2018-11-09,949,N,VIIRS,n,2,285.52,16.32,N,0
39.75442,-121.61022,311.38,0.42,0.38,2018-11-09,949,N,VIIRS,n,2,285.16,7.71,N,0
39.7545,-121.50357,315.83,0.42,0.38,2018-11-09,949,N,VIIRS,n,2,283.46,2.38,N,0
39.75463,-121.58482,306.71,0.42,0.38,2018-11-09,949,N,VIIRS,n,2,286.71,2.69,N,0
39.75481,-121.47934,331.76,0.42,0.37,2018-11-09,949,N,VIIRS,n,2,290.94,16.32,N,0
39.75488,-121.64072,317.93,0.42,0.38,2018-11-09,949,N,VIIRS,n,2,287.54,2.22,N,0
39.75507,-121.61514,319.02,0.42,0.38,2018-11-09,949,N,VIIRS,n,2,288.22,1.71,N,0
39.75539,-121.48368,367,0.42,0.37,2018-11-09,949,N,VIIRS,h,2,329.6,52.23,N,0
39.75553,-121.64575,337.57,0.42,0.38,2018-11-09,949,N,VIIRS,n,2,290.45,2.81,N,0
39.75556,-121.7278,304.46,0.42,0.38,2018-11-09,949,N,VIIRS,n,2,283.85,3.56,N,0
39.75571,-121.62006,316.86,0.42,0.38,2018-11-09,949,N,VIIRS,n,2,288.32,1.71,N,0
39.75592,-121.59465,307.15,0.42,0.38,2018-11-09,949,N,VIIRS,n,2,287.18,1.07,N,0
39.75599,-121.48819,345.04,0.42,0.37,2018-11-09,949,N,VIIRS,n,2,328.19,52.23,N,0
39.75607,-121.67707,311.22,0.42,0.38,2018-11-09,949,N,VIIRS,n,2,287.65,3.01,N,0
39.75615,-121.56951,315.6,0.42,0.38,2018-11-09,949,N,VIIRS,n,2,285.64,1.64,N,0
39.7562,-121.73271,337.82,0.42,0.38,2018-11-09,949,N,VIIRS,n,2,287.57,3.56,N,0
39.7562,-121.65083,303.84,0.42,0.38,2018-11-09,949,N,VIIRS,n,2,286.4,2.81,N,0
39.75636,-121.62498,328.11,0.42,0.38,2018-11-09,949,N,VIIRS,n,2,290.64,4.44,N,0
39.75657,-121.59958,311.34,0.42,0.38,2018-11-09,949,N,VIIRS,n,2,287.46,1.07,N,0
39.75663,-121.49296,333.7,0.42,0.38,2018-11-09,949,N,VIIRS,n,2,288.23,4.31,N,0
39.75669,-121.68187,331.19,0.42,0.38,2018-11-09,949,N,VIIRS,n,2,286.44,3.01,N,0
39.75678,-121.57428,306.98,0.42,0.38,2018-11-09,949,N,VIIRS,n,2,286.22,1.53,N,0
39.75682,-121.73745,339.6,0.42,0.38,2018-11-09,949,N,VIIRS,n,2,286.66,6.8,N,0
39.75702,-121.62996,341.05,0.42,0.38,2018-11-09,949,N,VIIRS,n,2,292,4.44,N,0
39.75722,-121.60451,317.57,0.42,0.38,2018-11-09,949,N,VIIRS,n,2,287.76,7.71,N,0
39.75728,-121.49788,314.52,0.42,0.38,2018-11-09,949,N,VIIRS,n,2,283.66,4.31,N,0
39.75742,-121.57913,309.94,0.42,0.38,2018-11-09,949,N,VIIRS,n,2,287.19,1.53,N,0
39.75761,-121.47384,337.53,0.42,0.37,2018-11-09,949,N,VIIRS,n,2,287.68,129.95,N,0
39.75767,-121.63495,310.63,0.42,0.38,2018-11-09,949,N,VIIRS,n,2,287.78,7.92,N,0
39.75787,-121.60941,333.85,0.42,0.38,2018-11-09,949,N,VIIRS,n,2,289.44,7.71,N,0
39.75821,-121.47834,367,0.42,0.37,2018-11-09,949,N,VIIRS,h,2,341.35,129.95,N,0
39.75833,-121.63995,347.94,0.42,0.38,2018-11-09,949,N,VIIRS,n,2,293.98,7.92,N,0
39.75851,-121.61432,311.65,0.42,0.38,2018-11-09,949,N,VIIRS,n,2,286.87,1.71,N,0
39.75871,-121.5889,312.9,0.42,0.38,2018-11-09,949,N,VIIRS,n,2,286.74,3.17,N,0
39.75881,-121.48283,350.46,0.42,0.37,2018-11-09,949,N,VIIRS,n,2,322.23,37.41,N,0
39.75898,-121.64497,350.08,0.42,0.38,2018-11-09,949,N,VIIRS,n,2,293.89,4.18,N,0
39.75916,-121.61925,322.81,0.42,0.38,2018-11-09,949,N,VIIRS,n,2,289.18,1.71,N,0
39.75936,-121.59383,308.23,0.42,0.38,2018-11-09,949,N,VIIRS,n,2,287.32,2.49,N,0
39.75941,-121.48736,355.67,0.42,0.37,2018-11-09,949,N,VIIRS,n,2,306.24,37.41,N,0
39.75951,-121.6762,338.07,0.42,0.38,2018-11-09,949,N,VIIRS,n,2,291.66,3.01,N,0
39.75965,-121.65009,333.37,0.42,0.38,2018-11-09,949,N,VIIRS,n,2,289.56,4.18,N,0
39.75981,-121.62419,329.44,0.42,0.38,2018-11-09,949,N,VIIRS,n,2,290.05,4.44,N,0
39.76001,-121.59876,338.2,0.42,0.38,2018-11-09,949,N,VIIRS,n,2,290.05,2.49,N,0
39.76006,-121.49216,328.11,0.42,0.38,2018-11-09,949,N,VIIRS,n,2,285.62,1.62,N,0
39.76039,-121.46818,315.91,0.42,0.37,2018-11-09,949,N,VIIRS,n,2,285.63,20.92,N,0
39.76046,-121.62915,352.96,0.42,0.38,2018-11-09,949,N,VIIRS,n,2,294.46,4.44,N,0
39.76066,-121.60368,330.77,0.42,0.38,2018-11-09,949,N,VIIRS,n,2,287.72,3.44,N,0
39.76072,-121.49715,311.93,0.42,0.38,2018-11-09,949,N,VIIRS,n,2,282.82,1.62,N,0
39.76111,-121.63411,348.12,0.42,0.38,2018-11-09,949,N,VIIRS,n,2,294.19,7.92,N,0
39.76125,-121.52779,315.83,0.42,0.38,2018-11-09,949,N,VIIRS,n,2,283.66,1.99,N,0
39.7613,-121.6086,337.14,0.42,0.38,2018-11-09,949,N,VIIRS,n,2,289.61,3.44,N,0
39.7614,-121.50229,308.64,0.42,0.38,2018-11-09,949,N,VIIRS,n,2,281.89,0.79,N,0
39.76162,-121.47736,343.08,0.42,0.37,2018-11-09,949,N,VIIRS,n,2,334.65,129.95,N,0
39.76177,-121.63914,353.45,0.42,0.38,2018-11-09,949,N,VIIRS,n,2,298.04,7.92,N,0
39.76195,-121.61351,319.49,0.42,0.38,2018-11-09,949,N,VIIRS,n,2,286.72,2,N,0
39.76207,-121.50732,308.55,0.42,0.38,2018-11-09,949,N,VIIRS,n,2,282.29,0.79,N,0
39.76223,-121.48195,353.85,0.42,0.37,2018-11-09,949,N,VIIRS,n,2,312.3,37.41,N,0
39.76244,-121.64426,323.4,0.42,0.38,2018-11-09,949,N,VIIRS,n,2,289.22,4.18,N,0
39.76248,-121.72621,315.54,0.42,0.38,2018-11-09,949,N,VIIRS,n,2,283.89,1.06,N,0
39.7626,-121.61843,312.47,0.42,0.38,2018-11-09,949,N,VIIRS,n,2,287.09,2,N,0
39.7628,-121.59301,316.6,0.42,0.38,2018-11-09,949,N,VIIRS,n,2,288.55,2.49,N,0
39.76284,-121.48655,350.19,0.42,0.37,2018-11-09,949,N,VIIRS,n,2,292.66,37.41,N,0
39.76296,-121.67537,335.7,0.42,0.38,2018-11-09,949,N,VIIRS,n,2,290.88,3.03,N,0
39.76326,-121.62339,331.41,0.42,0.38,2018-11-09,949,N,VIIRS,n,2,290.22,4.15,N,0
39.76345,-121.59792,324.39,0.42,0.38,2018-11-09,949,N,VIIRS,n,2,288.64,2.49,N,0
39.76349,-121.49142,316.12,0.42,0.38,2018-11-09,949,N,VIIRS,n,2,282.68,1.62,N,0
39.76359,-121.68021,304.06,0.42,0.38,2018-11-09,949,N,VIIRS,n,2,286.68,3.03,N,0
39.76391,-121.62835,344.36,0.42,0.38,2018-11-09,949,N,VIIRS,n,2,294.07,4.15,N,0
39.7641,-121.60284,314.65,0.42,0.38,2018-11-09,949,N,VIIRS,n,2,286.53,3.44,N,0
39.76417,-121.49646,305.55,0.42,0.38,2018-11-09,949,N,VIIRS,n,2,281.28,1.62,N,0
39.76441,-121.47179,367,0.42,0.37,2018-11-09,949,N,VIIRS,h,2,353.77,92.59,N,0
39.76456,-121.63335,340.9,0.42,0.38,2018-11-09,949,N,VIIRS,n,2,292.91,3.94,N,0
39.76469,-121.52699,317.01,0.42,0.38,2018-11-09,949,N,VIIRS,n,2,285.44,1.97,N,3
39.76475,-121.60777,317.05,0.42,0.38,2018-11-09,949,N,VIIRS,n,2,288.32,3.44,N,0
39.76485,-121.50161,305.75,0.42,0.38,2018-11-09,949,N,VIIRS,n,2,281.41,0.79,N,0
39.76503,-121.47642,351.66,0.42,0.37,2018-11-09,949,N,VIIRS,n,2,317.31,92.59,N,0
39.76523,-121.63846,338.48,0.42,0.38,2018-11-09,949,N,VIIRS,n,2,292.41,3.94,N,0
39.76528,-121.72035,303.14,0.42,0.38,2018-11-09,949,N,VIIRS,n,2,285.67,1.24,N,0
39.7654,-121.61269,327.14,0.42,0.38,2018-11-09,949,N,VIIRS,n,2,290.6,2,N,0
39.76559,-121.5873,305.76,0.42,0.38,2018-11-09,949,N,VIIRS,n,2,285.82,1.64,N,0
39.76565,-121.48107,367,0.42,0.37,2018-11-09,949,N,VIIRS,h,2,298.66,7.01,N,0
39.76593,-121.72536,302.54,0.42,0.38,2018-11-09,949,N,VIIRS,n,2,284.02,1.06,N,0
39.76604,-121.61762,319.98,0.42,0.38,2018-11-09,949,N,VIIRS,n,2,288.54,2,N,0
39.76624,-121.5922,318.1,0.42,0.38,2018-11-09,949,N,VIIRS,n,2,288.11,2.73,N,0
39.76628,-121.48583,321.09,0.42,0.37,2018-11-09,949,N,VIIRS,n,2,283.02,7.01,N,0
39.76669,-121.62257,335.04,0.42,0.38,2018-11-09,949,N,VIIRS,n,2,292.2,4.15,N,0
39.76689,-121.59711,316.46,0.42,0.38,2018-11-09,949,N,VIIRS,n,2,287.7,2.73,N,0
39.76694,-121.49075,311.73,0.42,0.38,2018-11-09,949,N,VIIRS,n,2,282.59,0.89,N,0
39.76723,-121.46645,325.21,0.42,0.37,2018-11-09,949,N,VIIRS,n,2,300.72,112.48,N,0
39.76735,-121.62756,339.56,0.42,0.38,2018-11-09,949,N,VIIRS,n,2,294.02,4.15,N,0
39.76762,-121.49581,305.39,0.42,0.38,2018-11-09,949,N,VIIRS,n,2,281.8,0.89,N,0
39.76782,-121.47087,347.44,0.42,0.37,2018-11-09,949,N,VIIRS,n,2,340.62,92.59,N,0
39.76801,-121.6326,336.39,0.42,0.38,2018-11-09,949,N,VIIRS,n,2,293.02,3.94,N,0
39.76819,-121.60694,323.66,0.42,0.38,2018-11-09,949,N,VIIRS,n,2,288.48,1.98,N,0
39.7683,-121.50089,302.53,0.42,0.38,2018-11-09,949,N,VIIRS,n,2,281.72,0.87,N,0
39.76844,-121.47547,354.06,0.42,0.37,2018-11-09,949,N,VIIRS,n,2,302.45,92.59,N,0
39.76868,-121.63769,322.19,0.42,0.38,2018-11-09,949,N,VIIRS,n,2,290.32,3.94,N,0
39.76874,-121.71961,341.29,0.42,0.38,2018-11-09,949,N,VIIRS,n,2,286.87,2.69,N,0
39.76884,-121.61187,330.48,0.42,0.38,2018-11-09,949,N,VIIRS,n,2,290.3,2.18,N,0
39.76903,-121.58651,308.96,0.42,0.38,2018-11-09,949,N,VIIRS,n,2,285.74,1.64,N,0
39.76907,-121.4802,342.39,0.42,0.37,2018-11-09,949,N,VIIRS,n,2,288.69,7.01,N,0
39.76923,-121.66895,305.33,0.42,0.38,2018-11-09,949,N,VIIRS,n,2,287.49,1.57,N,0
39.76939,-121.7246,304.73,0.42,0.38,2018-11-09,949,N,VIIRS,n,2,283.02,1.12,N,0
39.76949,-121.61683,327.1,0.42,0.38,2018-11-09,949,N,VIIRS,n,2,290.66,2.18,N,0
39.76968,-121.5914,346.78,0.42,0.38,2018-11-09,949,N,VIIRS,n,2,289.16,2.73,N,0
39.76971,-121.48504,312.9,0.42,0.37,2018-11-09,949,N,VIIRS,n,2,282.48,7.01,N,0
39.76986,-121.67373,311.03,0.42,0.38,2018-11-09,949,N,VIIRS,n,2,287.87,0.96,N,0
39.77005,-121.64814,308.14,0.42,0.38,2018-11-09,949,N,VIIRS,n,2,288.85,2.65,N,0
39.77005,-121.46107,326.59,0.42,0.37,2018-11-09,949,N,VIIRS,n,2,291.51,18.25,N,0
39.77014,-121.62178,328.64,0.42,0.38,2018-11-09,949,N,VIIRS,n,2,290.58,2.34,N,0
39.77033,-121.59629,309.06,0.42,0.38,2018-11-09,949,N,VIIRS,n,2,285.95,2.73,N,0
39.77039,-121.49007,315.64,0.42,0.38,2018-11-09,949,N,VIIRS,n,2,282.46,0.89,N,0
39.77049,-121.67859,306.47,0.42,0.38,2018-11-09,949,N,VIIRS,n,2,286.15,0.96,N,0
39.77066,-121.4656,356.27,0.42,0.37,2018-11-09,949,N,VIIRS,n,2,304.01,18.25,N,0
39.77079,-121.62674,326.87,0.42,0.38,2018-11-09,949,N,VIIRS,n,2,290.7,2.34,N,0
39.77098,-121.6012,312.68,0.42,0.38,2018-11-09,949,N,VIIRS,n,2,286.99,1.98,N,0
39.77106,-121.49515,311.26,0.42,0.38,2018-11-09,949,N,VIIRS,n,2,282.49,0.89,N,0
39.77124,-121.46996,356.2,0.42,0.37,2018-11-09,949,N,VIIRS,n,2,309.92,15.66,N,0
39.77147,-121.63183,314.77,0.42,0.38,2018-11-09,949,N,VIIRS,n,2,288.99,1.56,N,0
39.77154,-121.71377,323.06,0.42,0.38,2018-11-09,949,N,VIIRS,n,2,287.19,2.69,N,0
39.77163,-121.60613,319.44,0.42,0.38,2018-11-09,949,N,VIIRS,n,2,289.17,1.98,N,0
39.77174,-121.50018,306.49,0.42,0.38,2018-11-09,949,N,VIIRS,n,2,282.57,0.87,N,0
39.77183,-121.58083,307.81,0.42,0.38,2018-11-09,949,N,VIIRS,n,2,286.08,1.4,N,0
39.77185,-121.47457,354.06,0.42,0.37,2018-11-09,949,N,VIIRS,n,2,296.82,15.66,N,0
39.77216,-121.63705,307.36,0.42,0.38,2018-11-09,949,N,VIIRS,n,2,288.19,1.56,N,0
39.77219,-121.7188,312.94,0.42,0.38,2018-11-09,949,N,VIIRS,n,2,283.67,2.69,N,0
39.77229,-121.61109,313.87,0.42,0.38,2018-11-09,949,N,VIIRS,n,2,287.72,2.18,N,0
39.77248,-121.58572,308.03,0.42,0.38,2018-11-09,949,N,VIIRS,n,2,286.26,1.4,N,0
39.77249,-121.47935,339.98,0.42,0.37,2018-11-09,949,N,VIIRS,n,2,287.81,2.4,N,0
39.77267,-121.66808,319.66,0.42,0.38,2018-11-09,949,N,VIIRS,n,2,288.75,1.57,N,0
39.77284,-121.64227,306.6,0.42,0.38,2018-11-09,949,N,VIIRS,n,2,289.04,1.47,N,0
39.77294,-121.61605,317.17,0.42,0.38,2018-11-09,949,N,VIIRS,n,2,288.81,2.18,N,0
39.77312,-121.59059,331.62,0.42,0.38,2018-11-09,949,N,VIIRS,n,2,289.33,2.19,N,0
39.77315,-121.48427,317.13,0.42,0.37,2018-11-09,949,N,VIIRS,n,2,284.16,2.4,N,0
39.77332,-121.673,305.38,0.42,0.38,2018-11-09,949,N,VIIRS,n,2,287.01,0.96,N,0
39.77346,-121.46021,332.6,0.42,0.37,2018-11-09,949,N,VIIRS,n,2,291.06,18.25,N,0
39.77359,-121.62103,319.78,0.42,0.38,2018-11-09,949,N,VIIRS,n,2,289.52,2.34,N,0
39.77377,-121.5955,319.69,0.42,0.38,2018-11-09,949,N,VIIRS,n,2,287.22,2.19,N,0
39.77382,-121.48929,311.73,0.42,0.38,2018-11-09,949,N,VIIRS,n,2,283.21,1.2,N,0
39.77393,-121.67765,303.99,0.42,0.38,2018-11-09,949,N,VIIRS,n,2,285.91,0.96,N,0
39.77406,-121.46465,356.63,0.42,0.37,2018-11-09,949,N,VIIRS,n,2,305.54,18.25,N,0
39.77425,-121.62602,318.62,0.42,0.38,2018-11-09,949,N,VIIRS,n,2,289.63,2.34,N,0
39.77442,-121.60041,321.74,0.42,0.38,2018-11-09,949,N,VIIRS,n,2,288.74,1.91,N,0
39.7745,-121.49441,309.49,0.42,0.38,2018-11-09,949,N,VIIRS,n,2,282.76,1.2,N,0
39.77466,-121.46912,367,0.42,0.37,2018-11-09,949,N,VIIRS,h,2,298.22,15.66,N,0
39.77493,-121.63116,314.01,0.42,0.38,2018-11-09,949,N,VIIRS,n,2,288.85,1.56,N,0
39.775,-121.71297,313.28,0.42,0.38,2018-11-09,949,N,VIIRS,n,2,285.06,1.88,N,0
39.775,-121.52467,308.97,0.42,0.38,2018-11-09,949,N,VIIRS,n,2,284.17,1.26,N,0
39.77507,-121.60535,326.4,0.42,0.38,2018-11-09,949,N,VIIRS,n,2,288.22,1.91,N,0
39.77518,-121.49945,303.34,0.42,0.38,2018-11-09,949,N,VIIRS,n,2,282.69,1.27,N,0
39.77528,-121.47377,351.92,0.42,0.37,2018-11-09,949,N,VIIRS,n,2,288.97,15.66,N,0
39.77573,-121.61031,311.18,0.42,0.38,2018-11-09,949,N,VIIRS,n,2,287.39,1.8,N,0
39.77592,-121.47858,309.56,0.42,0.37,2018-11-09,949,N,VIIRS,n,2,282.52,2.4,N,0
39.77613,-121.6673,307.99,0.42,0.38,2018-11-09,949,N,VIIRS,n,2,286.42,1.21,N,0
39.77628,-121.64146,308.65,0.42,0.38,2018-11-09,949,N,VIIRS,n,2,289.52,1.47,N,0
39.77639,-121.61533,310.31,0.42,0.38,2018-11-09,949,N,VIIRS,n,2,288.16,1.8,N,0
39.77676,-121.67209,305.9,0.42,0.38,2018-11-09,949,N,VIIRS,n,2,286.34,2.1,N,0
39.77686,-121.45914,339.52,0.42,0.37,2018-11-09,949,N,VIIRS,n,2,298.32,29.36,N,0
39.77705,-121.62033,312.82,0.42,0.38,2018-11-09,949,N,VIIRS,n,2,288.74,1.86,N,0
39.77721,-121.59469,312.44,0.42,0.38,2018-11-09,949,N,VIIRS,n,2,287.06,2.19,N,0
39.77747,-121.46368,356.88,0.42,0.37,2018-11-09,949,N,VIIRS,n,2,311.34,29.36,N,0
39.77771,-121.62536,312.75,0.42,0.38,2018-11-09,949,N,VIIRS,n,2,288.41,1.86,N,0
39.77779,-121.70712,323.97,0.42,0.38,2018-11-09,949,N,VIIRS,n,2,287.9,2.63,N,0
39.7778,-121.51909,315.01,0.42,0.38,2018-11-09,949,N,VIIRS,n,2,284.4,1.28,N,0
39.77786,-121.59961,318.69,0.42,0.38,2018-11-09,949,N,VIIRS,n,2,288.84,1.91,N,0
39.77807,-121.46825,353.43,0.42,0.37,2018-11-09,949,N,VIIRS,n,2,296.48,18.04,N,0
39.77851,-121.60457,314.17,0.42,0.38,2018-11-09,949,N,VIIRS,n,2,286.85,1.91,N,0
39.7787,-121.47295,322.02,0.42,0.37,2018-11-09,949,N,VIIRS,n,2,282.73,18.04,N,0
39.77895,-121.66169,305.43,0.42,0.38,2018-11-09,949,N,VIIRS,n,2,287.05,1.21,N,0
39.77918,-121.60958,316.93,0.42,0.38,2018-11-09,949,N,VIIRS,n,2,288.17,1.8,N,0
39.77925,-121.69108,306.46,0.42,0.38,2018-11-09,949,N,VIIRS,n,2,285.59,2.88,N,0
39.77936,-121.58411,314.09,0.42,0.38,2018-11-09,949,N,VIIRS,n,2,287.25,1.28,N,0
39.77958,-121.66649,311.77,0.42,0.38,2018-11-09,949,N,VIIRS,n,2,285.74,1.21,N,0
39.77991,-121.69611,311.31,0.42,0.38,2018-11-09,949,N,VIIRS,n,2,286.72,2.88,N,0
39.78002,-121.48276,302.41,0.42,0.37,2018-11-09,949,N,VIIRS,n,2,280.31,1.33,N,0
39.78022,-121.67136,333.41,0.42,0.38,2018-11-09,949,N,VIIRS,n,2,288.24,2.1,N,0
39.78027,-121.45822,351.9,0.42,0.37,2018-11-09,949,N,VIIRS,n,2,303.47,29.36,N,0
39.78059,-121.70129,330.72,0.42,0.38,2018-11-09,949,N,VIIRS,n,2,291.02,5.66,N,0
39.78082,-121.6759,302.19,0.42,0.38,2018-11-09,949,N,VIIRS,n,2,287.06,2.1,N,0
39.78087,-121.46273,350.68,0.42,0.37,2018-11-09,949,N,VIIRS,n,2,309.52,29.36,N,0
39.78126,-121.70641,349.73,0.42,0.38,2018-11-09,949,N,VIIRS,n,2,291.33,5.66,N,0
39.78131,-121.59885,314.18,0.42,0.38,2018-11-09,949,N,VIIRS,n,2,287.73,1.42,N,0
39.78149,-121.46736,346.33,0.42,0.37,2018-11-09,949,N,VIIRS,n,2,304.03,18.04,N,0
39.78198,-121.6039,320,0.42,0.38,2018-11-09,949,N,VIIRS,n,2,288.57,1.42,N,0
39.78207,-121.68541,312.05,0.42,0.38,2018-11-09,949,N,VIIRS,n,2,285.59,2.61,N,0
39.78215,-121.57843,310.83,0.42,0.38,2018-11-09,949,N,VIIRS,n,2,286.07,1.28,N,0
39.78239,-121.66084,303.89,0.42,0.38,2018-11-09,949,N,VIIRS,n,2,284.08,1.99,N,0
39.78265,-121.60895,307.68,0.42,0.38,2018-11-09,949,N,VIIRS,n,2,287.97,2.21,N,0
39.78272,-121.69039,326.42,0.42,0.38,2018-11-09,949,N,VIIRS,n,2,286.53,2.88,N,0
39.7828,-121.58332,311.96,0.42,0.38,2018-11-09,949,N,VIIRS,n,2,287.26,1.28,N,0
39.78339,-121.69549,349.14,0.42,0.38,2018-11-09,949,N,VIIRS,n,2,292.1,2.88,N,0
39.78346,-121.48209,321.95,0.42,0.37,2018-11-09,949,N,VIIRS,n,2,281.92,1.33,N,0
39.78365,-121.67041,353.57,0.42,0.38,2018-11-09,949,N,VIIRS,n,2,296.84,6.64,N,0
39.7837,-121.45746,353.8,0.42,0.37,2018-11-09,949,N,VIIRS,n,2,302.59,23.56,N,0
39.78405,-121.70055,340.82,0.42,0.38,2018-11-09,949,N,VIIRS,n,2,290.53,5.66,N,0
39.78426,-121.67503,331.82,0.42,0.38,2018-11-09,949,N,VIIRS,n,2,287.32,6.64,N,0
39.78429,-121.4619,352.75,0.42,0.37,2018-11-09,949,N,VIIRS,n,2,312.75,23.56,N,0
39.78467,-121.51751,305.04,0.42,0.38,2018-11-09,949,N,VIIRS,n,2,283.29,0.64,N,0
39.78476,-121.59811,308.7,0.42,0.38,2018-11-09,949,N,VIIRS,n,2,287.34,1.42,N,0
39.78488,-121.67975,327.76,0.42,0.38,2018-11-09,949,N,VIIRS,n,2,287.09,2.79,N,0
39.78491,-121.46653,341.14,0.42,0.37,2018-11-09,949,N,VIIRS,n,2,292.84,6.53,N,0
39.78518,-121.65505,314.67,0.42,0.38,2018-11-09,949,N,VIIRS,n,2,287.85,2.48,N,0
39.78544,-121.60323,314.87,0.42,0.38,2018-11-09,949,N,VIIRS,n,2,288.72,1.42,N,0
39.78552,-121.68467,331.07,0.42,0.38,2018-11-09,949,N,VIIRS,n,2,286.92,2.79,N,0
39.78559,-121.57763,312.58,0.42,0.38,2018-11-09,949,N,VIIRS,n,2,285.38,1.7,N,0
39.78618,-121.68966,350.12,0.42,0.38,2018-11-09,949,N,VIIRS,n,2,293.5,10.13,N,0
39.78689,-121.58742,307.97,0.42,0.38,2018-11-09,949,N,VIIRS,n,2,286.05,1.29,N,0
39.78691,-121.48139,311.9,0.42,0.37,2018-11-09,949,N,VIIRS,n,2,282.23,1.15,N,0
39.78713,-121.4567,353.3,0.42,0.37,2018-11-09,949,N,VIIRS,n,2,299.53,23.56,N,0
39.7877,-121.67414,324.44,0.42,0.38,2018-11-09,949,N,VIIRS,n,2,286.59,6.64,N,0
39.78772,-121.46113,356.03,0.42,0.37,2018-11-09,949,N,VIIRS,n,2,294.35,23.56,N,0
39.78833,-121.6789,311.94,0.42,0.38,2018-11-09,949,N,VIIRS,n,2,286.07,2.79,N,0
39.78833,-121.46571,305.33,0.42,0.37,2018-11-09,949,N,VIIRS,n,2,281.19,6.53,N,0
39.78865,-121.65433,337.35,0.42,0.38,2018-11-09,949,N,VIIRS,n,2,288.62,4.03,N,0
39.78879,-121.62856,340.44,0.42,0.38,2018-11-09,949,N,VIIRS,n,2,291.91,4.25,N,0
39.78943,-121.6334,318.68,0.42,0.38,2018-11-09,949,N,VIIRS,n,2,291.09,4.25,N,0
39.78968,-121.58171,310.67,0.42,0.38,2018-11-09,949,N,VIIRS,n,2,285.43,1.7,N,0
39.78996,-121.45136,317.71,0.42,0.37,2018-11-09,949,N,VIIRS,n,2,285.76,1.97,N,0
39.79033,-121.58664,310.18,0.42,0.38,2018-11-09,949,N,VIIRS,n,2,287.06,1.29,N,0
39.79033,-121.48055,303.78,0.42,0.37,2018-11-09,949,N,VIIRS,n,2,281.45,1.15,N,0
39.79058,-121.45605,346.69,0.42,0.37,2018-11-09,949,N,VIIRS,n,2,290.57,7.42,N,0
39.7909,-121.61767,315.92,0.42,0.38,2018-11-09,949,N,VIIRS,n,2,291.03,3.68,N,0
39.79099,-121.5916,314.17,0.42,0.38,2018-11-09,949,N,VIIRS,n,2,287.3,1.29,N,0
39.79142,-121.64845,336.26,0.42,0.38,2018-11-09,949,N,VIIRS,n,2,291.56,4.03,N,0
39.79155,-121.62258,332.54,0.42,0.38,2018-11-09,949,N,VIIRS,n,2,293.11,3.68,N,0
39.79209,-121.65348,316.43,0.42,0.38,2018-11-09,949,N,VIIRS,n,2,285.78,4.03,N,0
39.79221,-121.62752,347,0.42,0.38,2018-11-09,949,N,VIIRS,n,2,301.63,20.83,N,0
39.79285,-121.63236,340.92,0.42,0.38,2018-11-09,949,N,VIIRS,n,2,305.07,20.83,N,0
39.79312,-121.58092,312.42,0.42,0.38,2018-11-09,949,N,VIIRS,n,2,286.88,2.21,N,0
39.79348,-121.63718,308.11,0.42,0.38,2018-11-09,949,N,VIIRS,n,2,288.41,16.66,N,0
39.79366,-121.61167,309,0.42,0.38,2018-11-09,949,N,VIIRS,n,2,288.04,2.58,N,0
39.79377,-121.58585,314.26,0.42,0.38,2018-11-09,949,N,VIIRS,n,2,287.22,1.45,N,0
39.79416,-121.6423,314.55,0.42,0.38,2018-11-09,949,N,VIIRS,n,2,288.38,16.66,N,0
39.79432,-121.6167,329.87,0.42,0.38,2018-11-09,949,N,VIIRS,n,2,292.09,3.68,N,0
39.79444,-121.59084,307.03,0.42,0.38,2018-11-09,949,N,VIIRS,n,2,286.73,1.45,N,0
39.79486,-121.64757,356.58,0.42,0.38,2018-11-09,949,N,VIIRS,n,2,296.27,10.24,N,0
39.79498,-121.62167,345.84,0.42,0.38,2018-11-09,949,N,VIIRS,n,2,294.23,3.68,N,0
39.79564,-121.62657,306.52,0.42,0.38,2018-11-09,949,N,VIIRS,n,2,288.43,20.83,N,0
39.79576,-121.60082,308.05,0.42,0.38,2018-11-09,949,N,VIIRS,n,2,287.23,1.34,N,0
39.79628,-121.63142,343.09,0.42,0.38,2018-11-09,949,N,VIIRS,n,2,310.68,20.83,N,0
39.79642,-121.60578,341.56,0.42,0.38,2018-11-09,949,N,VIIRS,n,2,292.61,15.27,N,0
39.79656,-121.58015,316.82,0.42,0.38,2018-11-09,949,N,VIIRS,n,2,287.93,2.21,N,0
39.79692,-121.63632,349.14,0.42,0.38,2018-11-09,949,N,VIIRS,n,2,313.76,16.66,N,0
39.79709,-121.61078,356.94,0.42,0.38,2018-11-09,949,N,VIIRS,n,2,302.42,15.27,N,0
39.79722,-121.58506,324.71,0.42,0.38,2018-11-09,949,N,VIIRS,n,2,287.65,1.45,N,0
39.79761,-121.64147,342.81,0.42,0.38,2018-11-09,949,N,VIIRS,n,2,291.81,16.66,N,0
39.79775,-121.61577,347.11,0.42,0.38,2018-11-09,949,N,VIIRS,n,2,312.12,29.06,N,0
39.79788,-121.59003,307.73,0.42,0.38,2018-11-09,949,N,VIIRS,n,2,287.45,1.45,N,0
39.79832,-121.64683,331.41,0.42,0.38,2018-11-09,949,N,VIIRS,n,2,288.69,10.24,N,0
39.79842,-121.62078,333.56,0.42,0.38,2018-11-09,949,N,VIIRS,n,2,290.59,29.06,N,0
39.79855,-121.59503,308.2,0.42,0.38,2018-11-09,949,N,VIIRS,n,2,288.24,1.34,N,0
39.7992,-121.59995,312.17,0.42,0.38,2018-11-09,949,N,VIIRS,n,2,288.36,1.34,N,0
39.7997,-121.63049,334.54,0.42,0.38,2018-11-09,949,N,VIIRS,n,2,291.65,6.93,N,0
39.80001,-121.57938,314.13,0.42,0.38,2018-11-09,949,N,VIIRS,n,2,287.75,1.78,N,0
39.80037,-121.63556,356.05,0.42,0.38,2018-11-09,949,N,VIIRS,n,2,293.9,7.81,N,0
39.80052,-121.60986,336.83,0.42,0.38,2018-11-09,949,N,VIIRS,n,2,289.94,15.27,N,0
39.80066,-121.58428,316.67,0.42,0.38,2018-11-09,949,N,VIIRS,n,2,287.21,23.23,N,0
39.80108,-121.64086,304.51,0.42,0.38,2018-11-09,949,N,VIIRS,n,2,286.02,7.81,N,0
39.80132,-121.58924,325.06,0.42,0.38,2018-11-09,949,N,VIIRS,n,2,288.94,23.23,N,0
39.80198,-121.59417,316.91,0.42,0.38,2018-11-09,949,N,VIIRS,n,2,288.85,17.82,N,0
39.80263,-121.59906,306.9,0.42,0.38,2018-11-09,949,N,VIIRS,n,2,286.75,17.82,N,0
39.80284,-121.57401,309.77,0.42,0.38,2018-11-09,949,N,VIIRS,n,2,287.86,1.78,N,0
39.80345,-121.57861,317.69,0.42,0.38,2018-11-09,949,N,VIIRS,n,2,287.58,1.78,N,0
39.8041,-121.5835,336.09,0.42,0.38,2018-11-09,949,N,VIIRS,n,2,289.95,23.23,N,0
39.80476,-121.58843,323.51,0.42,0.38,2018-11-09,949,N,VIIRS,n,2,316.55,23.23,N,0
39.80541,-121.59331,352.29,0.42,0.38,2018-11-09,949,N,VIIRS,n,2,304.15,17.82,N,0
39.80564,-121.56841,320.09,0.42,0.38,2018-11-09,949,N,VIIRS,n,2,287.81,7.85,N,0
39.80606,-121.5982,323.97,0.42,0.38,2018-11-09,949,N,VIIRS,n,2,286.04,17.82,N,0
39.80629,-121.5733,354.88,0.42,0.38,2018-11-09,949,N,VIIRS,n,2,292.21,495.56,N,0
39.80672,-121.60312,312.32,0.42,0.38,2018-11-09,949,N,VIIRS,n,2,283.74,3.17,N,0
39.80691,-121.5779,355,0.42,0.38,2018-11-09,949,N,VIIRS,n,2,290.28,495.56,N,0
39.80754,-121.5827,326.88,0.42,0.38,2018-11-09,949,N,VIIRS,n,2,316.36,399.24,N,0
39.8082,-121.58762,334.72,0.42,0.38,2018-11-09,949,N,VIIRS,n,2,320.21,399.24,N,0
39.80836,-121.56227,306.57,0.42,0.38,2018-11-09,949,N,VIIRS,n,2,284.74,7.85,N,0
39.80885,-121.59249,367,0.42,0.38,2018-11-09,949,N,VIIRS,h,2,334.03,44.46,N,0
39.80907,-121.56756,336.51,0.42,0.38,2018-11-09,949,N,VIIRS,n,2,291.57,7.85,N,0
39.8095,-121.59737,342.61,0.42,0.38,2018-11-09,949,N,VIIRS,n,2,289.33,44.46,N,0
39.81015,-121.60229,313.33,0.42,0.38,2018-11-09,949,N,VIIRS,n,2,282.23,1.38,N,0
39.81028,-121.50915,305.71,0.42,0.38,2018-11-09,949,N,VIIRS,n,2,281.86,1.29,N,0
39.81044,-121.42989,300.35,0.42,0.37,2018-11-09,949,N,VIIRS,n,2,283.35,11,N,0
39.81082,-121.6073,302.93,0.42,0.38,2018-11-09,949,N,VIIRS,n,2,278.38,1.38,N,0
39.81107,-121.5561,305.47,0.42,0.38,2018-11-09,949,N,VIIRS,n,2,284.87,2.18,N,0
39.81107,-121.43462,300.84,0.42,0.37,2018-11-09,949,N,VIIRS,n,2,284.28,1.8,N,0
39.81164,-121.58681,367,0.42,0.38,2018-11-09,949,N,VIIRS,h,2,362.98,399.24,N,0
39.81178,-121.56132,315.8,0.42,0.38,2018-11-09,949,N,VIIRS,n,2,286.42,18.76,N,0
39.81229,-121.59167,367,0.42,0.38,2018-11-09,949,N,VIIRS,h,2,296.88,44.46,N,0
39.8125,-121.56664,346.25,0.42,0.38,2018-11-09,949,N,VIIRS,n,2,300.24,18.76,N,0
39.81257,-121.55367,311.27,0.42,0.38,2018-11-09,949,N,VIIRS,n,2,285.96,4.63,N,0
39.81294,-121.59655,340.3,0.42,0.38,2018-11-09,949,N,VIIRS,n,2,286.9,44.46,N,0
39.81319,-121.57181,367,0.42,0.38,2018-11-09,949,N,VIIRS,h,2,342.85,339.24,N,0
39.81324,-121.55885,317.89,0.42,0.38,2018-11-09,949,N,VIIRS,n,2,287.39,4.63,N,0
39.81359,-121.60146,317.52,0.42,0.38,2018-11-09,949,N,VIIRS,n,2,281.84,1.38,N,0
39.81382,-121.55021,304.11,0.42,0.38,2018-11-09,949,N,VIIRS,n,2,283.99,2.18,N,0
39.81388,-121.42917,349.87,0.42,0.37,2018-11-09,949,N,VIIRS,n,2,295.96,11,N,0
39.81392,-121.56413,367,0.42,0.38,2018-11-09,949,N,VIIRS,h,2,301.85,37.74,N,0
39.81426,-121.60648,306.9,0.42,0.38,2018-11-09,949,N,VIIRS,n,2,280.44,1.38,N,0
39.81449,-121.4338,322.09,0.42,0.37,2018-11-09,949,N,VIIRS,n,2,285.16,1.8,N,0
39.81451,-121.55531,318.29,0.42,0.38,2018-11-09,949,N,VIIRS,n,2,286.76,2.18,N,0
39.81461,-121.56951,334.14,0.42,0.38,2018-11-09,949,N,VIIRS,n,2,318.75,37.74,N,0
39.81508,-121.58603,367,0.42,0.38,2018-11-09,949,N,VIIRS,h,2,353.06,1207.12,N,0
39.8151,-121.4383,298.87,0.42,0.37,2018-11-09,949,N,VIIRS,n,2,281.73,1.8,N,0
39.81522,-121.56052,350.14,0.42,0.38,2018-11-09,949,N,VIIRS,n,2,296.96,18.76,N,0
39.8157,-121.44283,302.76,0.42,0.37,2018-11-09,949,N,VIIRS,n,2,280.4,0.88,N,0
39.81573,-121.59087,367,0.42,0.38,2018-11-09,949,N,VIIRS,h,2,291.84,97.35,N,0
39.81593,-121.56583,354.25,0.42,0.38,2018-11-09,949,N,VIIRS,n,2,314.98,18.76,N,0
39.81601,-121.55294,317.81,0.42,0.38,2018-11-09,949,N,VIIRS,n,2,286.25,4.63,N,0
39.81631,-121.4474,302.44,0.42,0.37,2018-11-09,949,N,VIIRS,n,2,280.02,0.88,N,0
39.81638,-121.59574,347.73,0.42,0.38,2018-11-09,949,N,VIIRS,n,2,286.89,97.35,N,0
39.81647,-121.58375,330.22,0.42,0.38,2018-11-09,949,N,VIIRS,n,2,321.02,385.52,N,0
39.81662,-121.57098,367,0.42,0.38,2018-11-09,949,N,VIIRS,h,2,342.12,339.24,N,0
39.81669,-121.55814,351.75,0.42,0.38,2018-11-09,949,N,VIIRS,n,2,295.41,4.63,N,0
39.81693,-121.45213,310.21,0.42,0.37,2018-11-09,949,N,VIIRS,n,2,278.83,1.35,N,0
39.81704,-121.60065,327.7,0.42,0.38,2018-11-09,949,N,VIIRS,n,2,283.89,2.16,N,0
39.81711,-121.58864,326.22,0.42,0.38,2018-11-09,949,N,VIIRS,n,2,315.55,385.52,N,0
39.8173,-121.42829,333.97,0.42,0.37,2018-11-09,949,N,VIIRS,n,2,304.71,23.33,N,0
39.81737,-121.56338,356.82,0.42,0.38,2018-11-09,949,N,VIIRS,n,2,308.28,37.74,N,0
39.81757,-121.45689,303.34,0.42,0.37,2018-11-09,949,N,VIIRS,n,2,279.54,1.35,N,0
39.8177,-121.60564,308.12,0.42,0.38,2018-11-09,949,N,VIIRS,n,2,284.1,2.16,N,0
39.81774,-121.59348,353.4,0.42,0.38,2018-11-09,949,N,VIIRS,n,2,291.08,24.8,N,0
39.81791,-121.43288,352.26,0.42,0.37,2018-11-09,949,N,VIIRS,n,2,304.16,34.17,N,0
39.81805,-121.56866,351.05,0.42,0.38,2018-11-09,949,N,VIIRS,n,2,315.82,37.74,N,0
39.81838,-121.59837,328.22,0.42,0.38,2018-11-09,949,N,VIIRS,n,2,287.12,24.8,N,0
39.81841,-121.51707,304.71,0.42,0.38,2018-11-09,949,N,VIIRS,n,2,281.39,1.62,N,0
39.81852,-121.43742,352.32,0.42,0.37,2018-11-09,949,N,VIIRS,n,2,303.89,34.17,N,0
39.81881,-121.54716,306.23,0.42,0.38,2018-11-09,949,N,VIIRS,n,2,285.53,6.16,N,0
39.81886,-121.46671,303.8,0.42,0.37,2018-11-09,949,N,VIIRS,n,2,280.07,1.25,N,0
39.81903,-121.60333,311.64,0.42,0.38,2018-11-09,949,N,VIIRS,n,2,285.53,2.31,N,0
39.81911,-121.44196,351.63,0.42,0.37,2018-11-09,949,N,VIIRS,n,2,301.04,24.15,N,0
39.81917,-121.5901,367,0.42,0.38,2018-11-09,949,N,VIIRS,h,2,352,97.35,N,0
39.81947,-121.5523,334.52,0.42,0.38,2018-11-09,949,N,VIIRS,n,2,290.05,17.7,N,0
39.81973,-121.44654,355.68,0.42,0.37,2018-11-09,949,N,VIIRS,n,2,293.96,24.15,N,0
39.81982,-121.59495,340.22,0.42,0.38,2018-11-09,949,N,VIIRS,n,2,288.95,97.35,N,0
39.82014,-121.55746,356.25,0.42,0.38,2018-11-09,949,N,VIIRS,n,2,306.39,17.7,N,0
39.82033,-121.53175,305.7,0.42,0.38,2018-11-09,949,N,VIIRS,n,2,282.88,2.11,N,0
39.82034,-121.45109,331.6,0.42,0.37,2018-11-09,949,N,VIIRS,n,2,309.63,73.94,N,0
39.82047,-121.59985,312.6,0.42,0.38,2018-11-09,949,N,VIIRS,n,2,287.01,2.16,N,0
39.82071,-121.42741,321.79,0.42,0.37,2018-11-09,949,N,VIIRS,n,2,290.63,23.33,N,0
39.82082,-121.5627,354.69,0.42,0.38,2018-11-09,949,N,VIIRS,n,2,316.42,27.9,N,0
39.82096,-121.45579,346.4,0.42,0.37,2018-11-09,949,N,VIIRS,n,2,311.44,73.94,N,0
39.82119,-121.5927,346.05,0.42,0.38,2018-11-09,949,N,VIIRS,n,2,291.18,24.8,N,0
39.82133,-121.43202,349.95,0.42,0.37,2018-11-09,949,N,VIIRS,n,2,305.36,34.17,N,0
39.82149,-121.56786,351.47,0.42,0.38,2018-11-09,949,N,VIIRS,n,2,321.1,27.9,N,0
39.82159,-121.46059,319.84,0.42,0.37,2018-11-09,949,N,VIIRS,n,2,281.19,15.74,N,0
39.8216,-121.54144,324.74,0.42,0.38,2018-11-09,949,N,VIIRS,n,2,285.08,6.16,N,0
39.82183,-121.59759,308.86,0.42,0.38,2018-11-09,949,N,VIIRS,n,2,286.68,24.8,N,0
39.82193,-121.43652,340.09,0.42,0.37,2018-11-09,949,N,VIIRS,n,2,284.16,34.17,N,0
39.82213,-121.57279,344.97,0.42,0.38,2018-11-09,949,N,VIIRS,n,2,316.5,48.29,N,0
39.82225,-121.54646,367,0.42,0.38,2018-11-09,949,N,VIIRS,h,2,296.09,6.16,N,0
39.82247,-121.52107,304.38,0.42,0.38,2018-11-09,949,N,VIIRS,n,2,281.78,3.13,N,0
39.82254,-121.44109,329.23,0.42,0.37,2018-11-09,949,N,VIIRS,n,2,282.5,24.15,N,0
39.82274,-121.57738,342.32,0.42,0.38,2018-11-09,949,N,VIIRS,n,2,335.29,48.29,N,0
39.82291,-121.55155,356.72,0.42,0.38,2018-11-09,949,N,VIIRS,n,2,295.36,17.7,N,0
39.82359,-121.55674,355.86,0.42,0.38,2018-11-09,949,N,VIIRS,n,2,312.81,17.7,N,0
39.82376,-121.53088,308.23,0.42,0.38,2018-11-09,949,N,VIIRS,n,2,283.75,7.25,N,0
39.82376,-121.45029,303.56,0.42,0.37,2018-11-09,949,N,VIIRS,n,2,279.66,73.94,N,0
39.824,-121.58707,334.19,0.42,0.38,2018-11-09,949,N,VIIRS,n,2,329.87,159.78,N,0
39.82427,-121.56199,367,0.42,0.38,2018-11-09,949,N,VIIRS,h,2,306.32,27.9,N,0
39.82439,-121.53573,333.19,0.42,0.38,2018-11-09,949,N,VIIRS,n,2,286.63,7.25,N,0
39.82463,-121.59193,336.47,0.42,0.38,2018-11-09,949,N,VIIRS,n,2,288.67,7.76,N,0
39.82493,-121.56711,367,0.42,0.38,2018-11-09,949,N,VIIRS,h,2,303.77,27.9,N,0
39.82501,-121.45969,351.02,0.42,0.37,2018-11-09,949,N,VIIRS,n,2,290.94,15.74,N,0
39.82504,-121.54067,367,0.42,0.38,2018-11-09,949,N,VIIRS,h,2,299.82,20.44,N,0
39.82524,-121.51516,310.44,0.42,0.38,2018-11-09,949,N,VIIRS,n,2,281.12,3.69,N,0
39.82527,-121.59681,301.22,0.42,0.38,2018-11-09,949,N,VIIRS,n,2,286.05,7.76,N,0
39.82557,-121.57198,355.32,0.42,0.38,2018-11-09,949,N,VIIRS,n,2,312.47,48.29,N,0
39.82565,-121.46451,319.87,0.42,0.37,2018-11-09,949,N,VIIRS,n,2,282.2,15.74,N,0
39.8257,-121.54573,356.2,0.42,0.38,2018-11-09,949,N,VIIRS,n,2,302.37,20.44,N,0
39.82589,-121.52016,322.22,0.42,0.38,2018-11-09,949,N,VIIRS,n,2,283.75,3.13,N,0
39.82618,-121.57661,346.73,0.42,0.38,2018-11-09,949,N,VIIRS,n,2,332.39,48.29,N,0
39.82636,-121.55081,367,0.42,0.38,2018-11-09,949,N,VIIRS,h,2,299.57,29.06,N,0
39.82654,-121.52509,341.88,0.42,0.38,2018-11-09,949,N,VIIRS,n,2,287.13,3.13,N,0
39.8268,-121.58136,367,0.42,0.38,2018-11-09,949,N,VIIRS,h,2,347.63,159.78,N,0
39.82703,-121.55598,355.82,0.42,0.38,2018-11-09,949,N,VIIRS,n,2,312.07,29.06,N,0
39.82719,-121.53001,342.08,0.42,0.38,2018-11-09,949,N,VIIRS,n,2,288.08,7.25,N,0
39.82745,-121.58627,342.63,0.42,0.38,2018-11-09,949,N,VIIRS,n,2,294.04,159.78,N,0
39.82772,-121.5613,367,0.42,0.38,2018-11-09,949,N,VIIRS,h,2,303.94,20.09,N,0
39.82783,-121.5349,357.02,0.42,0.38,2018-11-09,949,N,VIIRS,n,2,297.6,7.25,N,0
39.82801,-121.50931,321.81,0.42,0.38,2018-11-09,949,N,VIIRS,n,2,282.67,6.23,N,0
39.82808,-121.59115,310.34,0.42,0.38,2018-11-09,949,N,VIIRS,n,2,286.34,7.76,N,0
39.82838,-121.56631,356.58,0.42,0.38,2018-11-09,949,N,VIIRS,n,2,305.52,20.09,N,0
39.82843,-121.45881,327.99,0.42,0.37,2018-11-09,949,N,VIIRS,n,2,282.1,7.5,N,0
39.82848,-121.53991,367,0.42,0.38,2018-11-09,949,N,VIIRS,h,2,301.83,20.44,N,0
39.82867,-121.51428,349.65,0.42,0.38,2018-11-09,949,N,VIIRS,n,2,289.31,6.23,N,0
39.82901,-121.57115,353.98,0.42,0.38,2018-11-09,949,N,VIIRS,n,2,309.86,40.66,N,0
39.82905,-121.46356,352.96,0.42,0.37,2018-11-09,949,N,VIIRS,n,2,287.97,7.5,N,0
39.82915,-121.54501,355.91,0.42,0.38,2018-11-09,949,N,VIIRS,n,2,306.65,20.44,N,0
39.82932,-121.51924,347.76,0.42,0.38,2018-11-09,949,N,VIIRS,n,2,292.05,15.47,N,0
39.82962,-121.57585,349.38,0.42,0.38,2018-11-09,949,N,VIIRS,n,2,327.43,40.66,N,0
39.82969,-121.46836,324.07,0.42,0.38,2018-11-09,949,N,VIIRS,n,2,280.44,6.36,N,0
39.82981,-121.55007,355.24,0.42,0.38,2018-11-09,949,N,VIIRS,n,2,318.04,29.06,N,0
39.82996,-121.52419,367,0.42,0.38,2018-11-09,949,N,VIIRS,h,2,300.23,15.47,N,0
39.83014,-121.49857,319.99,0.42,0.38,2018-11-09,949,N,VIIRS,n,2,280.35,5.81,N,0
39.83025,-121.58057,352.4,0.42,0.38,2018-11-09,949,N,VIIRS,n,2,310.54,17.65,N,0
39.83034,-121.47325,333.64,0.42,0.38,2018-11-09,949,N,VIIRS,n,2,283.31,6.36,N,0
39.83047,-121.55521,356.47,0.42,0.38,2018-11-09,949,N,VIIRS,n,2,315.46,29.06,N,0
39.83061,-121.52917,355.23,0.42,0.38,2018-11-09,949,N,VIIRS,n,2,304.49,26.6,N,0
39.83079,-121.5035,346.06,0.42,0.38,2018-11-09,949,N,VIIRS,n,2,284.27,5.81,N,0
39.83089,-121.58546,329.56,0.42,0.38,2018-11-09,949,N,VIIRS,n,2,286.77,17.65,N,0
39.83099,-121.47815,335.42,0.42,0.38,2018-11-09,949,N,VIIRS,n,2,281.7,3.71,N,0
39.83116,-121.56047,367,0.42,0.38,2018-11-09,949,N,VIIRS,h,2,300.42,20.09,N,0
39.83126,-121.53412,354.52,0.42,0.38,2018-11-09,949,N,VIIRS,n,2,307.5,26.6,N,0
39.83144,-121.50849,347.82,0.42,0.38,2018-11-09,949,N,VIIRS,n,2,289.04,6.23,N,0
39.83163,-121.48309,316.55,0.42,0.38,2018-11-09,949,N,VIIRS,n,2,278.61,3.71,N,0
39.83181,-121.5655,367,0.42,0.38,2018-11-09,949,N,VIIRS,h,2,306.19,20.09,N,0
39.83192,-121.53913,367,0.42,0.38,2018-11-09,949,N,VIIRS,h,2,305.23,22.24,N,0
39.8321,-121.51348,352.94,0.42,0.38,2018-11-09,949,N,VIIRS,n,2,290.48,6.23,N,0
39.83228,-121.488,311.13,0.42,0.38,2018-11-09,949,N,VIIRS,n,2,279.16,11.15,N,0
39.83244,-121.57024,351.53,0.42,0.38,2018-11-09,949,N,VIIRS,n,2,316.47,40.66,N,0
39.83259,-121.54424,367,0.42,0.38,2018-11-09,949,N,VIIRS,h,2,303.28,22.24,N,0
39.83275,-121.51843,367,0.42,0.38,2018-11-09,949,N,VIIRS,h,2,296.32,15.47,N,0
39.83293,-121.4929,349.01,0.42,0.38,2018-11-09,949,N,VIIRS,n,2,285.66,11.15,N,0
39.83306,-121.57497,348.06,0.42,0.38,2018-11-09,949,N,VIIRS,n,2,322.5,40.66,N,0
39.83325,-121.54932,367,0.42,0.38,2018-11-09,949,N,VIIRS,h,2,304.04,19.73,N,0
39.8334,-121.52341,367,0.42,0.38,2018-11-09,949,N,VIIRS,h,2,300.84,15.47,N,0
39.83358,-121.49783,346.01,0.42,0.38,2018-11-09,949,N,VIIRS,n,2,287.62,17,N,0
39.83369,-121.57976,338.08,0.42,0.38,2018-11-09,949,N,VIIRS,n,2,291.35,17.65,N,0
39.83392,-121.55444,355.95,0.42,0.38,2018-11-09,949,N,VIIRS,n,2,308.46,19.73,N,0
39.83406,-121.52841,355.62,0.42,0.38,2018-11-09,949,N,VIIRS,n,2,307.46,26.6,N,0
39.83422,-121.50272,354.3,0.42,0.38,2018-11-09,949,N,VIIRS,n,2,294.44,17,N,0
39.8346,-121.55965,333.84,0.42,0.38,2018-11-09,949,N,VIIRS,n,2,289.96,6.32,N,0
39.83471,-121.53339,367,0.42,0.38,2018-11-09,949,N,VIIRS,h,2,304.71,26.6,N,0
39.83488,-121.50768,367,0.42,0.38,2018-11-09,949,N,VIIRS,h,2,298.61,53.14,N,0
39.83505,-121.48221,329.88,0.42,0.38,2018-11-09,949,N,VIIRS,n,2,279.35,3.71,N,0
39.83524,-121.5646,353.59,0.42,0.38,2018-11-09,949,N,VIIRS,n,2,291.55,6.32,N,0
39.83537,-121.53838,367,0.42,0.38,2018-11-09,949,N,VIIRS,h,2,305.41,22.24,N,0
39.83553,-121.51269,367,0.42,0.38,2018-11-09,949,N,VIIRS,h,2,299.25,53.14,N,0
39.83571,-121.48715,350.4,0.42,0.38,2018-11-09,949,N,VIIRS,n,2,288.2,11.15,N,0
39.83586,-121.56929,331.54,0.42,0.38,2018-11-09,949,N,VIIRS,n,2,288.02,3.58,N,0
39.83603,-121.54345,367,0.42,0.38,2018-11-09,949,N,VIIRS,h,2,301.56,22.24,N,0
39.83619,-121.51765,355.82,0.42,0.38,2018-11-09,949,N,VIIRS,n,2,303.19,218.64,N,0
39.83636,-121.49214,356.78,0.42,0.38,2018-11-09,949,N,VIIRS,n,2,303.68,11.15,N,0
39.83649,-121.57405,335.25,0.42,0.38,2018-11-09,949,N,VIIRS,n,2,286.99,3.58,N,0
39.8367,-121.54857,356.74,0.42,0.38,2018-11-09,949,N,VIIRS,n,2,303.67,19.73,N,0
39.83684,-121.52261,348.72,0.42,0.38,2018-11-09,949,N,VIIRS,n,2,310.68,218.64,N,0
39.83701,-121.49707,352.25,0.42,0.38,2018-11-09,949,N,VIIRS,n,2,297.56,17,N,0
39.83736,-121.55371,348.9,0.42,0.38,2018-11-09,949,N,VIIRS,n,2,292.93,19.73,N,0
39.83749,-121.52764,328.74,0.42,0.38,2018-11-09,949,N,VIIRS,n,2,320.36,536.92,N,0
39.83766,-121.50196,348.73,0.42,0.38,2018-11-09,949,N,VIIRS,n,2,298.65,17,N,0
39.83815,-121.53265,354,0.42,0.38,2018-11-09,949,N,VIIRS,n,2,310.52,536.92,N,0
39.83831,-121.50692,355.77,0.42,0.38,2018-11-09,949,N,VIIRS,n,2,307.55,53.14,N,0
39.83898,-121.51196,367,0.42,0.38,2018-11-09,949,N,VIIRS,h,2,332.71,53.14,N,0
39.83914,-121.48635,351.08,0.42,0.38,2018-11-09,949,N,VIIRS,n,2,313.51,68.63,N,0
39.83948,-121.54278,367,0.42,0.38,2018-11-09,949,N,VIIRS,h,2,337.62,258.66,N,0
39.8398,-121.49139,330.53,0.42,0.38,2018-11-09,949,N,VIIRS,n,2,321.23,68.63,N,0
39.84015,-121.54793,344.36,0.42,0.38,2018-11-09,949,N,VIIRS,n,2,290.41,6.5,N,0
39.84027,-121.52183,367,0.42,0.38,2018-11-09,949,N,VIIRS,h,2,362.12,218.64,N,0
39.84047,-121.49643,367,0.42,0.38,2018-11-09,949,N,VIIRS,h,2,339.03,497.4,N,0
39.84082,-121.55302,313.26,0.42,0.38,2018-11-09,949,N,VIIRS,n,2,286.24,6.5,N,0
39.84111,-121.50134,367,0.42,0.38,2018-11-09,949,N,VIIRS,h,2,350.6,497.4,N,0
39.84227,-121.53702,367,0.42,0.38,2018-11-09,949,N,VIIRS,h,2,357.85,258.66,N,0
39.84242,-121.51126,367,0.42,0.38,2018-11-09,949,N,VIIRS,h,2,346.06,356.04,N,0
39.84257,-121.48557,349.35,0.42,0.38,2018-11-09,949,N,VIIRS,n,2,284.09,68.63,N,0
39.84294,-121.54221,367,0.42,0.38,2018-11-09,949,N,VIIRS,h,2,292.88,258.66,N,0
39.84306,-121.51617,355.48,0.42,0.38,2018-11-09,949,N,VIIRS,n,2,299.47,15.22,N,0
39.84324,-121.49066,367,0.42,0.38,2018-11-09,949,N,VIIRS,h,2,329.12,68.63,N,0
39.84362,-121.54736,334.69,0.42,0.38,2018-11-09,949,N,VIIRS,n,2,287.6,6.5,N,0
39.84371,-121.52106,355.95,0.42,0.38,2018-11-09,949,N,VIIRS,n,2,287.13,15.22,N,0
39.84428,-121.55238,307.84,0.42,0.38,2018-11-09,949,N,VIIRS,n,2,286.06,6.5,N,0
39.84437,-121.52605,335.66,0.42,0.38,2018-11-09,949,N,VIIRS,n,2,307.46,73.7,N,0
39.84492,-121.55733,302.01,0.42,0.38,2018-11-09,949,N,VIIRS,n,2,285.44,1.71,N,0
39.84504,-121.53114,367,0.42,0.38,2018-11-09,949,N,VIIRS,h,2,332.17,73.7,N,0
39.84522,-121.50565,339.31,0.42,0.38,2018-11-09,949,N,VIIRS,n,2,329.61,356.04,N,0
39.84572,-121.53635,347.94,0.42,0.38,2018-11-09,949,N,VIIRS,n,2,302.67,17.48,N,0
39.84587,-121.51061,344.12,0.42,0.38,2018-11-09,949,N,VIIRS,n,2,286.21,356.04,N,0
39.8464,-121.54155,328.52,0.42,0.38,2018-11-09,949,N,VIIRS,n,2,286.06,17.48,N,0
39.84652,-121.5155,327.29,0.42,0.38,2018-11-09,949,N,VIIRS,n,2,283.98,15.22,N,0
39.84668,-121.48988,317.33,0.42,0.38,2018-11-09,949,N,VIIRS,n,2,281.52,2.59,N,0
39.84707,-121.54668,312.8,0.42,0.38,2018-11-09,949,N,VIIRS,n,2,286.14,1.03,N,0
39.84716,-121.52032,318.06,0.42,0.38,2018-11-09,949,N,VIIRS,n,2,282.9,15.22,N,0
39.84736,-121.49508,367,0.42,0.38,2018-11-09,949,N,VIIRS,h,2,329.14,45.63,N,0
39.84772,-121.55166,310.86,0.42,0.38,2018-11-09,949,N,VIIRS,n,2,285.13,1.03,N,0
39.84782,-121.52534,324.97,0.42,0.38,2018-11-09,949,N,VIIRS,n,2,282.86,73.7,N,0
39.84802,-121.50009,344.04,0.42,0.38,2018-11-09,949,N,VIIRS,n,2,288.15,45.63,N,0
39.84837,-121.55652,303.23,0.42,0.38,2018-11-09,949,N,VIIRS,n,2,284.62,0.82,N,0
39.84849,-121.53043,327.44,0.42,0.38,2018-11-09,949,N,VIIRS,n,2,283.44,73.7,N,0
39.84867,-121.50507,323.98,0.42,0.38,2018-11-09,949,N,VIIRS,n,2,284.34,1.93,N,0
39.84917,-121.53569,317.79,0.42,0.38,2018-11-09,949,N,VIIRS,n,2,284.31,17.48,N,0
39.84933,-121.51003,303.27,0.42,0.38,2018-11-09,949,N,VIIRS,n,2,283.09,1.93,N,0
39.84985,-121.54086,305.8,0.42,0.38,2018-11-09,949,N,VIIRS,n,2,284.99,17.48,N,0
39.8501,-121.48904,300.72,0.42,0.38,2018-11-09,949,N,VIIRS,n,2,279.47,2.59,N,0
39.85051,-121.54588,304.98,0.42,0.38,2018-11-09,949,N,VIIRS,n,2,286,1.03,N,0
39.85079,-121.49427,311.53,0.42,0.38,2018-11-09,949,N,VIIRS,n,2,281.19,45.63,N,0
39.85116,-121.55081,304.43,0.42,0.38,2018-11-09,949,N,VIIRS,n,2,285.1,1.03,N,0
39.8518,-121.55567,298.69,0.42,0.38,2018-11-09,949,N,VIIRS,n,2,284.89,0.82,N,0
39.85194,-121.52976,301.73,0.42,0.38,2018-11-09,949,N,VIIRS,n,2,282.89,1.46,N,0
39.8533,-121.54015,299.3,0.42,0.38,2018-11-09,949,N,VIIRS,n,2,285.03,1.16,N,0
39.67742,-121.56441,323.81,0.7,0.75,2018-11-10,1110,N,VIIRS,n,2,281.52,3.75,N,0
39.68492,-121.51767,308.26,0.7,0.75,2018-11-10,1110,N,VIIRS,n,2,281.6,6.93,N,0
39.68544,-121.47601,367,0.7,0.75,2018-11-10,1110,N,VIIRS,h,2,284.31,31.88,N,0
39.68557,-121.47317,333.23,0.7,0.75,2018-11-10,1110,N,VIIRS,n,2,282.65,19.03,N,0
39.68583,-121.49719,314.55,0.7,0.75,2018-11-10,1110,N,VIIRS,n,2,281.29,6.07,N,0
39.68591,-121.50031,306.67,0.7,0.75,2018-11-10,1110,N,VIIRS,n,2,281.24,18.29,N,0
39.68784,-121.48319,367,0.7,0.75,2018-11-10,1110,N,VIIRS,h,2,290.84,31.88,N,0
39.68808,-121.4808,367,0.7,0.75,2018-11-10,1110,N,VIIRS,h,2,291.49,29.1,N,0
39.68832,-121.55327,298.33,0.7,0.75,2018-11-10,1110,N,VIIRS,n,2,280.95,1.64,N,0
39.68874,-121.50607,330.45,0.7,0.75,2018-11-10,1110,N,VIIRS,n,2,282.79,6.07,N,0
39.68909,-121.50984,339.55,0.7,0.75,2018-11-10,1110,N,VIIRS,n,2,283.34,7.57,N,0
39.6901,-121.48994,367,0.7,0.75,2018-11-10,1110,N,VIIRS,h,2,286.21,18.29,N,0
39.69019,-121.4872,367,0.7,0.75,2018-11-10,1110,N,VIIRS,h,2,288.27,29.1,N,0
39.69036,-121.46783,321.44,0.7,0.75,2018-11-10,1110,N,VIIRS,n,2,281.51,13.07,N,0
39.69057,-121.4651,295.01,0.7,0.75,2018-11-10,1110,N,VIIRS,n,2,280.15,19.03,N,0
39.69196,-121.51587,341.03,0.7,0.75,2018-11-10,1110,N,VIIRS,n,2,284.48,6.93,N,0
39.69213,-121.51894,320.9,0.7,0.75,2018-11-10,1110,N,VIIRS,n,2,282.69,7.57,N,0
39.69293,-121.4755,367,0.7,0.75,2018-11-10,1110,N,VIIRS,h,2,288.23,16.43,N,0
39.69304,-121.49876,349.52,0.7,0.75,2018-11-10,1110,N,VIIRS,n,2,287.74,18.29,N,0
39.69306,-121.49596,349.59,0.7,0.75,2018-11-10,1110,N,VIIRS,n,2,286.81,13.6,N,0
39.69315,-121.47296,367,0.7,0.75,2018-11-10,1110,N,VIIRS,h,2,291,19.03,N,0
39.69348,-121.5687,295.97,0.69,0.75,2018-11-10,1110,N,VIIRS,n,2,279.96,1.44,N,0
39.69506,-121.48188,333.27,0.7,0.75,2018-11-10,1110,N,VIIRS,n,2,284.88,16.43,N,0
39.69535,-121.47967,338.91,0.7,0.75,2018-11-10,1110,N,VIIRS,n,2,284.85,29.1,N,0
39.69561,-121.50374,342.28,0.7,0.75,2018-11-10,1110,N,VIIRS,n,2,287.13,13.6,N,0
39.69587,-121.50721,343.39,0.7,0.75,2018-11-10,1110,N,VIIRS,n,2,287.29,7.57,N,0
39.69721,-121.48831,347.21,0.7,0.75,2018-11-10,1110,N,VIIRS,n,2,286.19,5.52,N,0
39.69727,-121.48553,330.83,0.7,0.75,2018-11-10,1110,N,VIIRS,n,2,284.5,29.1,N,0
39.69743,-121.55767,296.52,0.7,0.75,2018-11-10,1110,N,VIIRS,n,2,281.34,1.44,N,0
39.69764,-121.46664,310.81,0.7,0.75,2018-11-10,1110,N,VIIRS,n,2,279.88,13.07,N,0
39.69767,-121.46344,318.7,0.7,0.75,2018-11-10,1110,N,VIIRS,n,2,280.24,100.65,N,0
39.69896,-121.51397,306.94,0.7,0.75,2018-11-10,1110,N,VIIRS,n,2,281.52,7.01,N,0
39.69924,-121.44847,297.4,0.7,0.75,2018-11-10,1110,N,VIIRS,n,2,279.68,2.83,N,0
39.69925,-121.51734,295.21,0.7,0.75,2018-11-10,1110,N,VIIRS,n,2,280.18,7.57,N,0
39.69992,-121.49361,312.43,0.7,0.75,2018-11-10,1110,N,VIIRS,n,2,281.59,13.6,N,0
39.69996,-121.47362,367,0.7,0.75,2018-11-10,1110,N,VIIRS,h,2,287.91,16.43,N,0
39.70004,-121.49679,304.69,0.7,0.75,2018-11-10,1110,N,VIIRS,n,2,281.31,5.52,N,0
39.70005,-121.47071,342.65,0.7,0.75,2018-11-10,1110,N,VIIRS,n,2,283.74,100.65,N,0
39.70147,-121.45513,345.35,0.7,0.75,2018-11-10,1110,N,VIIRS,n,2,283.08,82.58,N,0
39.70161,-121.45212,314.46,0.7,0.75,2018-11-10,1110,N,VIIRS,n,2,280.07,36.44,N,0
39.70219,-121.48029,310.49,0.7,0.75,2018-11-10,1110,N,VIIRS,n,2,281.22,16.43,N,0
39.70231,-121.47761,316.03,0.7,0.75,2018-11-10,1110,N,VIIRS,n,2,281.29,19.3,N,0
39.70279,-121.50505,295.52,0.7,0.75,2018-11-10,1110,N,VIIRS,n,2,281.11,2.77,N,0
39.70369,-121.46181,339.35,0.7,0.75,2018-11-10,1110,N,VIIRS,n,2,311.51,82.58,N,0
39.70435,-121.48677,295.48,0.7,0.75,2018-11-10,1110,N,VIIRS,n,2,280.04,5.52,N,0
39.70449,-121.48426,296.23,0.7,0.75,2018-11-10,1110,N,VIIRS,n,2,279.45,19.3,N,0
39.70587,-121.46513,367,0.7,0.75,2018-11-10,1110,N,VIIRS,h,2,297.62,100.65,N,0
39.70596,-121.46862,367,0.7,0.75,2018-11-10,1110,N,VIIRS,h,2,285.82,53.38,N,0
39.70824,-121.47237,331.84,0.7,0.75,2018-11-10,1110,N,VIIRS,n,2,280.18,19.3,N,0
39.70862,-121.47661,303.96,0.7,0.75,2018-11-10,1110,N,VIIRS,n,2,279.27,53.38,N,0
39.70917,-121.45525,312.21,0.7,0.75,2018-11-10,1110,N,VIIRS,n,2,280.23,82.58,N,0
39.70931,-121.45228,297.32,0.7,0.75,2018-11-10,1110,N,VIIRS,n,2,279.61,7.44,N,0
39.71111,-121.46109,367,0.7,0.75,2018-11-10,1110,N,VIIRS,h,2,290.07,53.38,N,0
39.7112,-121.45805,344.42,0.7,0.75,2018-11-10,1110,N,VIIRS,n,2,282.79,7.44,N,0
39.71339,-121.46474,342.77,0.7,0.75,2018-11-10,1110,N,VIIRS,n,2,282.35,5.11,N,0
39.71362,-121.46862,319.64,0.7,0.75,2018-11-10,1110,N,VIIRS,n,2,280.94,53.38,N,0
39.7168,-121.4752,300.21,0.7,0.75,2018-11-10,1110,N,VIIRS,n,2,279.54,5.11,N,0
39.71772,-121.45793,299.6,0.7,0.75,2018-11-10,1110,N,VIIRS,n,2,279.02,1.92,N,0
39.71777,-121.48112,295.16,0.7,0.75,2018-11-10,1110,N,VIIRS,n,2,278.71,3.66,N,0
39.72021,-121.46541,302.89,0.7,0.75,2018-11-10,1110,N,VIIRS,n,2,281.69,1.92,N,0
39.72037,-121.46275,305.48,0.7,0.75,2018-11-10,1110,N,VIIRS,n,2,281.6,5.11,N,0
39.72251,-121.46928,307.45,0.7,0.75,2018-11-10,1110,N,VIIRS,n,2,280.82,5.11,N,0
39.72261,-121.47263,303.19,0.7,0.75,2018-11-10,1110,N,VIIRS,n,2,279.79,2.51,N,0
39.73072,-121.45097,329.52,0.7,0.75,2018-11-10,1110,N,VIIRS,n,2,282.87,7.68,N,0
39.74522,-121.44856,303.8,0.7,0.75,2018-11-10,1110,N,VIIRS,n,2,281.57,3.55,N,0
39.7471,-121.45423,333.45,0.7,0.75,2018-11-10,1110,N,VIIRS,n,2,282.84,5.48,N,0
39.74852,-121.45855,311.31,0.7,0.75,2018-11-10,1110,N,VIIRS,n,2,280.96,5.48,N,0
39.74985,-121.46251,303.5,0.7,0.75,2018-11-10,1110,N,VIIRS,n,2,281.04,4.07,N,0
39.75134,-121.46703,307.71,0.7,0.75,2018-11-10,1110,N,VIIRS,n,2,280.9,4.07,N,0
39.75801,-121.46408,335.7,0.7,0.75,2018-11-10,1110,N,VIIRS,n,2,283.39,4.07,N,0
39.77887,-121.7112,295.15,0.68,0.74,2018-11-10,1110,N,VIIRS,n,2,280.52,1.1,N,0
39.78663,-121.68979,300.21,0.68,0.74,2018-11-10,1110,N,VIIRS,n,2,281.7,2.21,N,0
39.78728,-121.66846,295.94,0.68,0.74,2018-11-10,1110,N,VIIRS,n,2,281.27,1.84,N,0
39.78759,-121.69181,304.8,0.68,0.74,2018-11-10,1110,N,VIIRS,n,2,282.36,1.59,N,0
39.78865,-121.69599,298.78,0.68,0.74,2018-11-10,1110,N,VIIRS,n,2,281.72,3.57,N,0
39.78907,-121.67337,300.62,0.68,0.74,2018-11-10,1110,N,VIIRS,n,2,281.37,1.72,N,0
39.78962,-121.69796,295.01,0.68,0.74,2018-11-10,1110,N,VIIRS,n,2,281.1,1.59,N,0
39.79097,-121.67989,304.19,0.68,0.74,2018-11-10,1110,N,VIIRS,n,2,281.44,2.21,N,0
39.79209,-121.68253,304.01,0.68,0.74,2018-11-10,1110,N,VIIRS,n,2,281.24,1.72,N,0
39.7933,-121.68707,312.36,0.68,0.74,2018-11-10,1110,N,VIIRS,n,2,282.1,2.21,N,0
39.79429,-121.68922,300.16,0.68,0.74,2018-11-10,1110,N,VIIRS,n,2,281.52,2,N,0
39.80087,-121.64024,306.26,0.68,0.74,2018-11-10,1110,N,VIIRS,n,2,283.99,2.27,N,0
39.80256,-121.64539,295.61,0.68,0.74,2018-11-10,1110,N,VIIRS,n,2,281.22,2.28,N,0
39.80352,-121.62527,296.85,0.69,0.74,2018-11-10,1110,N,VIIRS,n,2,282.54,3.96,N,0
39.80589,-121.63248,319.95,0.69,0.74,2018-11-10,1110,N,VIIRS,n,2,284.76,3.39,N,0
39.80753,-121.63749,310.81,0.68,0.74,2018-11-10,1110,N,VIIRS,n,2,283.41,3.39,N,0
39.82108,-121.60957,300.59,0.69,0.74,2018-11-10,1110,N,VIIRS,n,2,281.52,2.59,N,0
39.82452,-121.43369,308.4,0.7,0.75,2018-11-10,1110,N,VIIRS,n,2,278.66,2.78,N,0
39.82562,-121.43758,316.85,0.7,0.75,2018-11-10,1110,N,VIIRS,n,2,279.34,5.67,N,0
39.82924,-121.44791,313.1,0.7,0.75,2018-11-10,1110,N,VIIRS,n,2,278.79,2.78,N,0
39.82988,-121.45067,305.21,0.7,0.75,2018-11-10,1110,N,VIIRS,n,2,279.3,6.68,N,0
39.83609,-121.58305,297.71,0.69,0.74,2018-11-10,1110,N,VIIRS,n,2,280.02,1.74,N,0
39.83868,-121.47636,309.43,0.7,0.75,2018-11-10,1110,N,VIIRS,n,2,278.35,30.6,N,0
39.8389,-121.47836,325.48,0.7,0.75,2018-11-10,1110,N,VIIRS,n,2,278.72,29.57,N,0
39.84115,-121.48381,334.51,0.7,0.75,2018-11-10,1110,N,VIIRS,n,2,290.55,30.6,N,0
39.84118,-121.48535,343.92,0.7,0.75,2018-11-10,1110,N,VIIRS,n,2,297.89,73.99,N,0
39.84248,-121.58235,307.06,0.69,0.74,2018-11-10,1110,N,VIIRS,n,2,279.85,2.57,N,0
39.84267,-121.58002,305.83,0.69,0.74,2018-11-10,1110,N,VIIRS,n,2,279.78,1.75,N,0
39.84309,-121.4912,367,0.7,0.75,2018-11-10,1110,N,VIIRS,h,2,284.37,73.99,N,0
39.84317,-121.48986,367,0.7,0.75,2018-11-10,1110,N,VIIRS,h,2,291.08,29.18,N,0
39.84499,-121.49535,295.98,0.69,0.75,2018-11-10,1110,N,VIIRS,n,2,279.57,29.18,N,0
39.84776,-121.48076,303.77,0.7,0.75,2018-11-10,1110,N,VIIRS,n,2,277.87,30.6,N,0
39.84901,-121.57914,303.06,0.69,0.74,2018-11-10,1110,N,VIIRS,n,2,277.86,1.92,N,0
39.84925,-121.57694,309.1,0.69,0.74,2018-11-10,1110,N,VIIRS,n,2,278.35,1.75,N,0
39.84962,-121.53448,301.57,0.69,0.74,2018-11-10,1110,N,VIIRS,n,2,280.89,9.57,N,0
39.84987,-121.53301,319.22,0.69,0.74,2018-11-10,1110,N,VIIRS,n,2,281.59,5.4,N,0
39.84995,-121.48734,330.5,0.7,0.75,2018-11-10,1110,N,VIIRS,n,2,280.88,29.18,N,0
39.85135,-121.53976,318.65,0.69,0.74,2018-11-10,1110,N,VIIRS,n,2,281.71,5.75,N,0
39.85157,-121.53813,317.2,0.69,0.74,2018-11-10,1110,N,VIIRS,n,2,280.96,5.4,N,0
39.85169,-121.51556,304.96,0.69,0.74,2018-11-10,1110,N,VIIRS,n,2,279.95,5.94,N,0
39.85169,-121.49258,306.39,0.69,0.75,2018-11-10,1110,N,VIIRS,n,2,280.62,29.18,N,0
39.8518,-121.51789,317.83,0.69,0.74,2018-11-10,1110,N,VIIRS,n,2,280.97,5.88,N,0
39.85363,-121.5468,322.05,0.69,0.74,2018-11-10,1110,N,VIIRS,n,2,281.46,5.75,N,0
39.85376,-121.54473,331.32,0.69,0.74,2018-11-10,1110,N,VIIRS,n,2,283.15,6.51,N,0
39.85406,-121.52483,332.05,0.69,0.74,2018-11-10,1110,N,VIIRS,n,2,282.46,9.57,N,0
39.85412,-121.5229,329.11,0.69,0.74,2018-11-10,1110,N,VIIRS,n,2,282.2,5.94,N,0
39.85597,-121.53072,356.11,0.69,0.74,2018-11-10,1110,N,VIIRS,n,2,284.47,9.57,N,0
39.85612,-121.52892,356.69,0.69,0.74,2018-11-10,1110,N,VIIRS,n,2,283.68,10.04,N,0
39.8564,-121.55532,302.27,0.69,0.74,2018-11-10,1110,N,VIIRS,n,2,279.38,3.29,N,0
39.85645,-121.55283,321.82,0.69,0.74,2018-11-10,1110,N,VIIRS,n,2,280.9,6.51,N,0
39.85782,-121.53637,312.07,0.69,0.74,2018-11-10,1110,N,VIIRS,n,2,279.81,5.75,N,0
39.85801,-121.53462,319.71,0.69,0.74,2018-11-10,1110,N,VIIRS,n,2,280.13,10.04,N,0
39.8604,-121.54432,316.91,0.69,0.74,2018-11-10,1110,N,VIIRS,n,2,281.08,5.75,N,0
39.86047,-121.54204,301.09,0.69,0.74,2018-11-10,1110,N,VIIRS,n,2,279.54,2.02,N,0
39.86328,-121.55316,298.57,0.69,0.74,2018-11-10,1110,N,VIIRS,n,2,279.02,3.29,N,0
39.86337,-121.5508,300.5,0.69,0.74,2018-11-10,1110,N,VIIRS,n,2,278.54,2.02,N,0
39.68317,-121.50666,336.8,0.41,0.37,2018-11-10,2053,N,VIIRS,n,2,289.73,4.16,D,0
39.68347,-121.56637,334.32,0.41,0.37,2018-11-10,2053,N,VIIRS,n,2,289.99,4.33,D,0
39.6841,-121.52171,331.1,0.41,0.37,2018-11-10,2053,N,VIIRS,n,2,294.76,9.93,D,0
39.68472,-121.4772,337.93,0.41,0.37,2018-11-10,2053,N,VIIRS,n,2,289.78,13.07,D,0
39.68494,-121.51694,344.1,0.41,0.37,2018-11-10,2053,N,VIIRS,n,2,292.24,7.77,D,0
39.68643,-121.48781,353.18,0.41,0.37,2018-11-10,2053,N,VIIRS,n,2,295.14,20.66,D,0
39.68655,-121.50756,345.83,0.41,0.37,2018-11-10,2053,N,VIIRS,n,2,295.51,20.26,D,0
39.68728,-121.48286,353.86,0.41,0.37,2018-11-10,2053,N,VIIRS,n,2,299.38,20.66,D,0
39.68736,-121.50291,355.85,0.41,0.37,2018-11-10,2053,N,VIIRS,n,2,306.83,20.26,D,0
39.68765,-121.56264,342.35,0.41,0.37,2018-11-10,2053,N,VIIRS,n,2,293.35,4.33,D,0
39.68811,-121.47801,367,0.41,0.37,2018-11-10,2053,N,VIIRS,h,2,297.5,13.07,D,0
39.68818,-121.49816,350.73,0.41,0.37,2018-11-10,2053,N,VIIRS,n,2,292.34,8.31,D,0
39.68847,-121.55795,336.77,0.41,0.37,2018-11-10,2053,N,VIIRS,n,2,289.38,6.51,D,3
39.68894,-121.47321,354.09,0.41,0.37,2018-11-10,2053,N,VIIRS,n,2,293.66,13.07,D,0
39.68899,-121.49345,343.44,0.41,0.37,2018-11-10,2053,N,VIIRS,n,2,291.62,8.31,D,0
39.68913,-121.51309,340.26,0.41,0.37,2018-11-10,2053,N,VIIRS,n,2,291.27,7.77,D,0
39.68977,-121.46842,337.9,0.41,0.37,2018-11-10,2053,N,VIIRS,n,2,288.69,4.32,D,0
39.6898,-121.4887,346.15,0.41,0.37,2018-11-10,2053,N,VIIRS,n,2,290.92,5.66,D,0
39.69074,-121.50382,355.27,0.41,0.37,2018-11-10,2053,N,VIIRS,n,2,298.47,20.26,D,0
39.69103,-121.56362,346.82,0.41,0.37,2018-11-10,2053,N,VIIRS,n,2,292.06,6.35,D,0
39.69233,-121.47404,337.44,0.41,0.37,2018-11-10,2053,N,VIIRS,n,2,297.22,22.45,D,0
39.6932,-121.48959,337.71,0.41,0.37,2018-11-10,2053,N,VIIRS,n,2,290.93,5.66,D,0
39.69333,-121.5093,334.51,0.41,0.37,2018-11-10,2053,N,VIIRS,n,2,290.43,4,D,0
39.69654,-121.47008,349.33,0.41,0.37,2018-11-10,2053,N,VIIRS,n,2,294.11,63.3,D,0
39.70071,-121.46636,329.5,0.41,0.37,2018-11-10,2053,N,VIIRS,n,2,289.64,7.47,D,0
39.70233,-121.45696,346.37,0.41,0.37,2018-11-10,2053,N,VIIRS,n,2,299.91,16.98,D,0
39.70314,-121.45224,346.65,0.41,0.37,2018-11-10,2053,N,VIIRS,n,2,304.81,96.12,D,0
39.70486,-121.46278,326.22,0.41,0.37,2018-11-10,2053,N,VIIRS,n,2,291.87,16.98,D,0
39.70567,-121.45812,344.64,0.41,0.37,2018-11-10,2053,N,VIIRS,n,2,309.79,16.98,D,0
39.70819,-121.46401,328.69,0.41,0.37,2018-11-10,2053,N,VIIRS,n,2,290.53,18.42,D,0
39.70898,-121.4594,336.9,0.41,0.37,2018-11-10,2053,N,VIIRS,l,2,308.48,18.42,D,0
39.71151,-121.46527,327.28,0.41,0.37,2018-11-10,2053,N,VIIRS,n,2,287.99,18.42,D,0
39.71231,-121.46061,337.23,0.41,0.37,2018-11-10,2053,N,VIIRS,n,2,291.92,18.42,D,0
39.71907,-121.46237,347.6,0.41,0.37,2018-11-10,2053,N,VIIRS,n,2,292.93,6.3,D,0
39.72325,-121.45852,333.54,0.41,0.37,2018-11-10,2053,N,VIIRS,n,2,290.16,4.59,D,0
39.72408,-121.4537,347.07,0.41,0.37,2018-11-10,2053,N,VIIRS,n,2,291.56,4.59,D,0
39.72748,-121.45442,332.69,0.41,0.37,2018-11-10,2053,N,VIIRS,n,2,289.26,4.59,D,0
39.72792,-121.45257,346.7,0.41,0.37,2018-11-10,2053,N,VIIRS,n,2,292.64,15.24,D,0
39.72831,-121.44953,353.68,0.41,0.37,2018-11-10,2053,N,VIIRS,n,2,300.08,30.6,D,0
39.72847,-121.63191,331.92,0.41,0.37,2018-11-10,2053,N,VIIRS,n,2,293.4,6.77,D,0
39.72877,-121.4477,335.06,0.41,0.37,2018-11-10,2053,N,VIIRS,n,2,295.97,16.01,D,0
39.73185,-121.63286,330.54,0.41,0.37,2018-11-10,2053,N,VIIRS,n,2,289.04,2.96,D,0
39.73217,-121.44848,351.7,0.41,0.37,2018-11-10,2053,N,VIIRS,n,2,296.76,16.01,D,0
39.73557,-121.44927,338.63,0.41,0.37,2018-11-10,2053,N,VIIRS,n,2,295.48,8.08,D,0
39.73895,-121.45013,333.77,0.41,0.37,2018-11-10,2053,N,VIIRS,n,2,289.3,8.08,D,0
39.74231,-121.45107,334.92,0.41,0.37,2018-11-10,2053,N,VIIRS,n,2,290.67,9.2,D,0
39.74567,-121.45206,345.31,0.41,0.37,2018-11-10,2053,N,VIIRS,n,2,293.8,9.2,D,0
39.74899,-121.45323,347.14,0.41,0.37,2018-11-10,2053,N,VIIRS,n,2,293.5,7.08,D,0
39.75141,-121.45957,326.74,0.41,0.37,2018-11-10,2053,N,VIIRS,n,2,291.03,3.49,D,0
39.75229,-121.45454,335.76,0.41,0.37,2018-11-10,2053,N,VIIRS,n,2,288.64,7.08,D,0
39.75473,-121.46078,342.73,0.41,0.37,2018-11-10,2053,N,VIIRS,n,2,293.53,10.44,D,0
39.77341,-121.72044,326.22,0.41,0.37,2018-11-10,2053,N,VIIRS,n,2,293.1,1.57,D,0
39.77735,-121.45245,327.02,0.41,0.37,2018-11-10,2053,N,VIIRS,n,2,291.34,2.8,D,0
39.78772,-121.69939,334.59,0.41,0.37,2018-11-10,2053,N,VIIRS,n,2,293.61,3.14,D,0
39.78851,-121.67435,342.36,0.41,0.37,2018-11-10,2053,N,VIIRS,n,2,293.75,19.26,D,0
39.78857,-121.69448,367,0.41,0.37,2018-11-10,2053,N,VIIRS,h,2,306.03,12.4,D,0
39.78941,-121.68964,329.18,0.41,0.37,2018-11-10,2053,N,VIIRS,n,2,292.82,12.4,D,0
39.7901,-121.66521,326.61,0.41,0.37,2018-11-10,2053,N,VIIRS,n,2,295,13.04,D,0
39.79025,-121.68477,342.57,0.41,0.37,2018-11-10,2053,N,VIIRS,n,2,297.26,9.86,D,0
39.79087,-121.66074,330.86,0.41,0.37,2018-11-10,2053,N,VIIRS,n,2,295.69,13.04,D,0
39.79108,-121.67995,356.81,0.41,0.37,2018-11-10,2053,N,VIIRS,n,2,310.59,9.86,D,0
39.79109,-121.70043,287.15,0.41,0.37,2018-11-10,2053,N,VIIRS,l,2,294.89,20.87,D,0
39.79189,-121.67525,352.32,0.41,0.37,2018-11-10,2053,N,VIIRS,n,2,317.79,19.26,D,0
39.79194,-121.69552,351.45,0.41,0.37,2018-11-10,2053,N,VIIRS,l,2,327.23,36.14,D,0
39.79279,-121.69061,332.53,0.41,0.37,2018-11-10,2053,N,VIIRS,n,2,295.17,36.14,D,0
39.79346,-121.66624,346.62,0.41,0.37,2018-11-10,2053,N,VIIRS,n,2,296.09,13.04,D,0
39.79447,-121.68087,339.97,0.41,0.37,2018-11-10,2053,N,VIIRS,n,2,291.29,9.07,D,0
39.79469,-121.69444,355.95,0.41,0.37,2018-11-10,2053,N,VIIRS,n,2,296.54,19.17,D,0
39.79529,-121.67613,367,0.41,0.37,2018-11-10,2053,N,VIIRS,h,2,333.34,46.76,D,0
39.79609,-121.67149,331.03,0.41,0.37,2018-11-10,2053,N,VIIRS,n,2,293.44,46.76,D,0
39.79687,-121.66703,340.08,0.41,0.37,2018-11-10,2053,N,VIIRS,n,2,289.6,3.46,D,0
39.80387,-121.64224,341.87,0.41,0.37,2018-11-10,2053,N,VIIRS,n,2,294.88,13.16,D,0
39.80433,-121.64444,325.61,0.41,0.37,2018-11-10,2053,N,VIIRS,n,2,288.73,4.6,D,0
39.8052,-121.63937,353.49,0.41,0.37,2018-11-10,2053,N,VIIRS,n,2,297.64,15.14,D,0
39.8065,-121.62739,333.41,0.41,0.37,2018-11-10,2053,N,VIIRS,n,2,291,3.76,D,0
39.80692,-121.62932,340.85,0.41,0.37,2018-11-10,2053,N,VIIRS,n,2,291.69,4.91,D,0
39.80811,-121.63839,337.44,0.41,0.37,2018-11-10,2053,N,VIIRS,n,2,288.62,10.33,D,0
39.81997,-121.61123,336.45,0.41,0.37,2018-11-10,2053,N,VIIRS,n,2,290.71,4.02,D,0
39.82442,-121.44527,347.07,0.41,0.37,2018-11-10,2053,N,VIIRS,n,2,291.52,7.35,D,0
39.82494,-121.42181,345.3,0.41,0.37,2018-11-10,2053,N,VIIRS,n,2,296.58,10.08,D,0
39.82701,-121.45064,342.07,0.41,0.37,2018-11-10,2053,N,VIIRS,n,2,307.3,46.99,D,0
39.82779,-121.44613,354.25,0.41,0.37,2018-11-10,2053,N,VIIRS,n,2,298.11,25,D,0
39.82858,-121.44156,334.62,0.41,0.37,2018-11-10,2053,N,VIIRS,n,2,290.24,25,D,0
39.82937,-121.43697,353.49,0.41,0.37,2018-11-10,2053,N,VIIRS,n,2,303.49,26.88,D,0
39.8296,-121.4561,351.87,0.41,0.37,2018-11-10,2053,N,VIIRS,n,2,300.26,46.99,D,0
39.83015,-121.43242,353.49,0.41,0.37,2018-11-10,2053,N,VIIRS,n,2,315.73,26.88,D,0
39.83038,-121.45155,343.22,0.41,0.37,2018-11-10,2053,N,VIIRS,n,2,304.21,46.99,D,0
39.83092,-121.42793,367,0.41,0.37,2018-11-10,2053,N,VIIRS,h,2,301.44,16.77,D,0
39.83138,-121.46628,350.62,0.41,0.37,2018-11-10,2053,N,VIIRS,n,2,290.53,7.86,D,0
39.83168,-121.42348,329.96,0.41,0.37,2018-11-10,2053,N,VIIRS,n,2,289.66,16.77,D,0
39.8317,-121.58463,347.81,0.41,0.37,2018-11-10,2053,N,VIIRS,n,2,294.82,10.5,D,0
39.83195,-121.44241,350.85,0.41,0.37,2018-11-10,2053,N,VIIRS,n,2,296.58,25,D,0
39.83217,-121.46166,348.42,0.41,0.37,2018-11-10,2053,N,VIIRS,n,2,290.18,7.86,D,0
39.83274,-121.43781,367,0.41,0.37,2018-11-10,2053,N,VIIRS,h,2,293.79,26.88,D,0
39.83296,-121.45708,330.59,0.41,0.37,2018-11-10,2053,N,VIIRS,n,2,287.74,8.73,D,0
39.83352,-121.43327,342.74,0.41,0.37,2018-11-10,2053,N,VIIRS,n,2,294.15,26.88,D,0
39.83573,-121.48057,331.68,0.41,0.37,2018-11-10,2053,N,VIIRS,n,2,292.97,7.8,D,0
39.83591,-121.58083,337.91,0.41,0.37,2018-11-10,2053,N,VIIRS,n,2,291.14,5.66,D,0
39.83909,-121.48151,333.79,0.41,0.37,2018-11-10,2053,N,VIIRS,n,2,290.72,6.78,D,0
39.84245,-121.4825,343.36,0.41,0.37,2018-11-10,2053,N,VIIRS,n,2,292.27,6.78,D,0
39.84496,-121.48831,334.83,0.41,0.37,2018-11-10,2053,N,VIIRS,n,2,293.22,17.6,D,0
39.8458,-121.48348,345.36,0.41,0.37,2018-11-10,2053,N,VIIRS,n,2,312.5,17.6,D,0
39.84831,-121.48936,332.46,0.41,0.37,2018-11-10,2053,N,VIIRS,n,2,289.51,17.6,D,0
39.84916,-121.48449,329.3,0.41,0.37,2018-11-10,2053,N,VIIRS,n,2,287.79,17.6,D,0
39.85257,-121.52576,335.76,0.41,0.37,2018-11-10,2053,N,VIIRS,n,2,291.11,16.98,D,0
39.85415,-121.49635,332.39,0.41,0.37,2018-11-10,2053,N,VIIRS,n,2,288.66,4.79,D,0
39.85418,-121.51646,346.46,0.41,0.37,2018-11-10,2053,N,VIIRS,n,2,306.77,22.16,D,0
39.85499,-121.51181,347.82,0.41,0.37,2018-11-10,2053,N,VIIRS,n,2,292.36,12.55,D,0
39.85506,-121.53173,354.64,0.41,0.37,2018-11-10,2053,N,VIIRS,n,2,297.32,16.98,D,0
39.8559,-121.52692,350.77,0.41,0.37,2018-11-10,2053,N,VIIRS,n,2,298.54,16.98,D,0
39.85672,-121.52219,353.8,0.41,0.37,2018-11-10,2053,N,VIIRS,n,2,294.29,22.16,D,0
39.85674,-121.54241,345.7,0.41,0.37,2018-11-10,2053,N,VIIRS,n,2,294.31,8.18,D,0
39.85752,-121.51755,347.74,0.41,0.37,2018-11-10,2053,N,VIIRS,n,2,287.64,22.16,D,0
39.85839,-121.53289,337.48,0.41,0.37,2018-11-10,2053,N,VIIRS,n,2,285.8,7.8,D,0
39.8593,-121.54801,351.44,0.41,0.37,2018-11-10,2053,N,VIIRS,n,2,293.83,9.32,D,0
39.86012,-121.54331,346.17,0.41,0.37,2018-11-10,2053,N,VIIRS,n,2,290.52,8.18,D,0
39.86105,-121.55827,329.79,0.41,0.37,2018-11-10,2053,N,VIIRS,n,2,293.19,5,D,0
39.86186,-121.55361,341.42,0.41,0.37,2018-11-10,2053,N,VIIRS,n,2,291.23,7.77,D,0
39.66442,-121.73625,299.75,0.45,0.47,2018-11-10,930,N,VIIRS,n,2,279.37,0.87,N,0
39.68051,-121.57256,325.15,0.44,0.46,2018-11-10,930,N,VIIRS,n,2,281.99,11.07,N,0
39.68476,-121.57163,367,0.44,0.46,2018-11-10,930,N,VIIRS,h,2,291.14,11.07,N,0
39.68674,-121.49771,298.74,0.43,0.46,2018-11-10,930,N,VIIRS,n,2,282.09,1,N,0
39.6872,-121.50281,300.53,0.43,0.46,2018-11-10,930,N,VIIRS,n,2,281.92,1,N,0
39.68764,-121.50766,300.99,0.44,0.46,2018-11-10,930,N,VIIRS,n,2,281.75,1.02,N,0
39.68765,-121.5556,309.39,0.44,0.46,2018-11-10,930,N,VIIRS,n,2,282.16,1.73,N,3
39.68808,-121.51245,299.88,0.44,0.46,2018-11-10,930,N,VIIRS,n,2,282.26,1.02,N,0
39.68854,-121.51758,300.9,0.44,0.46,2018-11-10,930,N,VIIRS,n,2,283.09,1.22,N,0
39.68857,-121.56584,300.45,0.44,0.46,2018-11-10,930,N,VIIRS,n,2,280.92,1.63,N,0
39.68902,-121.57082,348.92,0.44,0.46,2018-11-10,930,N,VIIRS,n,2,288.64,3.08,N,0
39.68948,-121.48039,326.99,0.43,0.46,2018-11-10,930,N,VIIRS,n,2,291.46,23.36,N,0
39.6895,-121.57616,295.35,0.44,0.46,2018-11-10,930,N,VIIRS,n,2,280.66,3.08,N,0
39.69002,-121.48634,367,0.43,0.46,2018-11-10,930,N,VIIRS,h,2,294.97,26.43,N,0
39.69049,-121.49152,342.41,0.43,0.46,2018-11-10,930,N,VIIRS,n,2,287.7,26.43,N,0
39.69095,-121.49653,332.59,0.43,0.46,2018-11-10,930,N,VIIRS,n,2,313.18,51.35,N,0
39.69143,-121.50175,354.24,0.43,0.46,2018-11-10,930,N,VIIRS,n,2,308.98,51.35,N,0
39.69188,-121.50673,326.17,0.44,0.46,2018-11-10,930,N,VIIRS,n,2,308.85,72.02,N,0
39.69231,-121.51146,337.9,0.44,0.46,2018-11-10,930,N,VIIRS,n,2,305.17,72.02,N,0
39.69276,-121.51641,344.66,0.44,0.46,2018-11-10,930,N,VIIRS,n,2,296.29,22.05,N,0
39.6933,-121.57022,310.23,0.44,0.46,2018-11-10,930,N,VIIRS,n,2,282.26,3.08,N,0
39.69368,-121.47912,367,0.43,0.46,2018-11-10,930,N,VIIRS,h,2,291.16,23.36,N,0
39.69423,-121.48513,367,0.43,0.46,2018-11-10,930,N,VIIRS,h,2,291.11,26.43,N,0
39.69471,-121.49045,356.74,0.43,0.46,2018-11-10,930,N,VIIRS,n,2,297.05,26.43,N,0
39.69515,-121.49525,367,0.43,0.46,2018-11-10,930,N,VIIRS,h,2,295.74,51.35,N,0
39.69564,-121.50063,367,0.43,0.46,2018-11-10,930,N,VIIRS,h,2,295.74,51.35,N,0
39.69611,-121.50576,367,0.44,0.46,2018-11-10,930,N,VIIRS,h,2,329.74,72.02,N,0
39.69654,-121.5105,367,0.44,0.46,2018-11-10,930,N,VIIRS,h,2,307.54,72.02,N,0
39.69698,-121.51534,346.25,0.44,0.46,2018-11-10,930,N,VIIRS,n,2,291.16,22.05,N,0
39.69737,-121.47232,321.26,0.43,0.46,2018-11-10,930,N,VIIRS,n,2,282.17,7.47,N,0
39.69744,-121.52036,302.96,0.44,0.46,2018-11-10,930,N,VIIRS,n,2,281.99,22.05,N,0
39.69789,-121.47796,367,0.43,0.46,2018-11-10,930,N,VIIRS,h,2,293.03,7.47,N,0
39.69843,-121.4839,331.82,0.43,0.46,2018-11-10,930,N,VIIRS,n,2,286.82,2.89,N,0
39.69893,-121.4894,339.26,0.43,0.46,2018-11-10,930,N,VIIRS,n,2,287.22,2.89,N,0
39.69939,-121.49441,313.41,0.43,0.46,2018-11-10,930,N,VIIRS,n,2,283.67,1.31,N,0
39.69987,-121.4996,321.26,0.43,0.46,2018-11-10,930,N,VIIRS,n,2,283.16,1.31,N,0
39.70033,-121.50472,327.67,0.44,0.46,2018-11-10,930,N,VIIRS,n,2,286.93,2.33,N,0
39.70078,-121.50954,325.68,0.44,0.46,2018-11-10,930,N,VIIRS,n,2,286.77,2.33,N,0
39.70115,-121.46651,316.99,0.43,0.46,2018-11-10,930,N,VIIRS,n,2,280.73,2.74,N,0
39.70121,-121.51434,326.65,0.44,0.46,2018-11-10,930,N,VIIRS,n,2,286.07,1.46,N,0
39.70163,-121.47172,347.3,0.43,0.46,2018-11-10,930,N,VIIRS,n,2,287.18,7.47,N,0
39.70167,-121.51926,296.25,0.44,0.46,2018-11-10,930,N,VIIRS,n,2,281.17,1.46,N,0
39.70212,-121.47707,328.43,0.43,0.46,2018-11-10,930,N,VIIRS,n,2,285.16,7.47,N,0
39.70263,-121.48266,306.41,0.43,0.46,2018-11-10,930,N,VIIRS,n,2,282,2.89,N,0
39.70315,-121.48829,305.02,0.43,0.46,2018-11-10,930,N,VIIRS,n,2,281.45,2.89,N,0
39.70363,-121.49359,298.28,0.43,0.46,2018-11-10,930,N,VIIRS,n,2,283.1,1.31,N,0
39.70411,-121.49873,302.91,0.43,0.46,2018-11-10,930,N,VIIRS,n,2,282,1.31,N,0
39.70456,-121.50371,298.43,0.44,0.46,2018-11-10,930,N,VIIRS,n,2,281.95,2.33,N,0
39.70497,-121.46124,297.56,0.43,0.46,2018-11-10,930,N,VIIRS,n,2,280.62,18.88,N,0
39.70545,-121.51342,299.67,0.44,0.46,2018-11-10,930,N,VIIRS,n,2,282.12,1.46,N,0
39.70545,-121.46645,367,0.43,0.46,2018-11-10,930,N,VIIRS,h,2,290.06,18.88,N,0
39.70592,-121.47153,316.89,0.43,0.46,2018-11-10,930,N,VIIRS,n,2,282.22,2.13,N,0
39.70638,-121.47649,307.8,0.43,0.46,2018-11-10,930,N,VIIRS,n,2,281.05,2.13,N,0
39.70686,-121.48167,297.86,0.43,0.46,2018-11-10,930,N,VIIRS,n,2,280.4,0.8,N,0
39.70934,-121.46185,329.58,0.43,0.46,2018-11-10,930,N,VIIRS,n,2,281.79,18.88,N,0
39.7097,-121.5126,299.17,0.44,0.46,2018-11-10,930,N,VIIRS,n,2,281.26,1.38,N,0
39.70981,-121.46696,344.37,0.43,0.46,2018-11-10,930,N,VIIRS,n,2,298.25,18.88,N,0
39.71025,-121.47175,308.2,0.43,0.46,2018-11-10,930,N,VIIRS,n,2,282.46,2.13,N,0
39.71067,-121.47624,301.97,0.43,0.46,2018-11-10,930,N,VIIRS,n,2,280.44,2.13,N,0
39.7111,-121.48093,298.45,0.43,0.46,2018-11-10,930,N,VIIRS,n,2,279.99,0.8,N,0
39.71367,-121.46204,302.91,0.43,0.46,2018-11-10,930,N,VIIRS,n,2,279.51,5.6,N,0
39.71412,-121.46693,338.36,0.43,0.46,2018-11-10,930,N,VIIRS,n,2,282.96,5.6,N,0
39.71456,-121.47168,299.88,0.43,0.46,2018-11-10,930,N,VIIRS,n,2,281.56,2.34,N,0
39.71836,-121.46616,347.93,0.43,0.46,2018-11-10,930,N,VIIRS,n,2,287.36,5.6,N,0
39.72207,-121.45967,319.45,0.43,0.46,2018-11-10,930,N,VIIRS,n,2,282.14,4.68,N,0
39.72258,-121.46516,327.64,0.43,0.46,2018-11-10,930,N,VIIRS,n,2,284.56,4.68,N,0
39.72573,-121.45274,303.84,0.43,0.46,2018-11-10,930,N,VIIRS,n,2,280.73,1.48,N,0
39.72626,-121.4584,349.36,0.43,0.46,2018-11-10,930,N,VIIRS,n,2,287.62,4.68,N,0
39.72985,-121.45069,306.17,0.43,0.46,2018-11-10,930,N,VIIRS,n,2,281.9,2.1,N,0
39.7304,-121.45661,315.46,0.43,0.46,2018-11-10,930,N,VIIRS,n,2,283.44,3.92,N,0
39.73399,-121.44903,313.55,0.43,0.46,2018-11-10,930,N,VIIRS,n,2,283.09,2.1,N,0
39.73451,-121.45448,337.18,0.43,0.46,2018-11-10,930,N,VIIRS,n,2,285.54,3.92,N,0
39.73867,-121.4529,327.86,0.43,0.46,2018-11-10,930,N,VIIRS,n,2,284.64,3.24,N,0
39.74119,-121.44987,296.25,0.43,0.46,2018-11-10,930,N,VIIRS,n,2,280.92,0.89,N,0
39.7417,-121.45565,335.95,0.43,0.46,2018-11-10,930,N,VIIRS,n,2,285.37,3.46,N,0
39.74289,-121.45203,325.93,0.43,0.46,2018-11-10,930,N,VIIRS,n,2,283.55,3.24,N,0
39.74351,-121.4585,320.75,0.43,0.46,2018-11-10,930,N,VIIRS,n,2,283.99,3.24,N,0
39.74593,-121.4548,329.03,0.43,0.46,2018-11-10,930,N,VIIRS,n,2,284.6,3.46,N,0
39.74657,-121.4622,312.63,0.43,0.46,2018-11-10,930,N,VIIRS,n,2,282.79,3.46,N,0
39.74778,-121.45808,337.68,0.43,0.46,2018-11-10,930,N,VIIRS,n,2,284.73,3.05,N,0
39.7485,-121.46564,307.07,0.43,0.46,2018-11-10,930,N,VIIRS,n,2,282.21,4.54,N,0
39.7509,-121.46254,350.51,0.43,0.46,2018-11-10,930,N,VIIRS,n,2,286.69,4.64,N,0
39.75147,-121.46901,303.57,0.43,0.46,2018-11-10,930,N,VIIRS,n,2,282.87,2.45,N,0
39.75217,-121.45888,299.84,0.43,0.46,2018-11-10,930,N,VIIRS,n,2,281.04,3.05,N,0
39.75281,-121.46558,343.18,0.43,0.46,2018-11-10,930,N,VIIRS,n,2,287.71,4.54,N,0
39.75521,-121.46254,328.85,0.43,0.46,2018-11-10,930,N,VIIRS,n,2,284.05,4.64,N,0
39.7557,-121.46804,306.14,0.43,0.46,2018-11-10,930,N,VIIRS,n,2,284.21,2.45,N,0
39.75946,-121.46183,331.96,0.43,0.46,2018-11-10,930,N,VIIRS,n,2,286.21,3.42,N,0
39.76371,-121.46119,326.88,0.43,0.46,2018-11-10,930,N,VIIRS,n,2,286.76,3.42,N,0
39.76796,-121.46046,333.97,0.43,0.46,2018-11-10,930,N,VIIRS,n,2,285.28,2.4,N,0
39.77174,-121.45454,298.88,0.43,0.46,2018-11-10,930,N,VIIRS,n,2,282.03,2.4,N,0
39.77254,-121.72308,301.24,0.45,0.47,2018-11-10,930,N,VIIRS,n,2,279.75,1.66,N,0
39.77348,-121.72065,304.34,0.45,0.47,2018-11-10,930,N,VIIRS,n,2,280.44,0.88,N,0
39.77594,-121.45328,355.05,0.43,0.46,2018-11-10,930,N,VIIRS,n,2,290.62,11.39,N,0
39.77636,-121.45795,326.29,0.43,0.46,2018-11-10,930,N,VIIRS,n,2,283.46,11.39,N,0
39.78448,-121.69621,307.79,0.45,0.47,2018-11-10,930,N,VIIRS,n,2,281.46,1.94,N,0
39.78612,-121.66531,343.68,0.44,0.46,2018-11-10,930,N,VIIRS,n,2,285.83,4.37,N,0
39.78651,-121.66974,306.82,0.44,0.46,2018-11-10,930,N,VIIRS,n,2,283.96,4.37,N,0
39.78733,-121.67899,306.16,0.45,0.47,2018-11-10,930,N,VIIRS,n,2,281.81,1.29,N,0
39.7878,-121.68436,298.06,0.45,0.47,2018-11-10,930,N,VIIRS,n,2,281.87,2.71,N,0
39.78829,-121.68997,336.43,0.45,0.47,2018-11-10,930,N,VIIRS,n,2,284.7,2.71,N,0
39.7888,-121.69578,318.13,0.45,0.47,2018-11-10,930,N,VIIRS,n,2,283.62,4.92,N,0
39.7904,-121.66438,316.41,0.44,0.46,2018-11-10,930,N,VIIRS,n,2,282.84,4.37,N,0
39.79079,-121.66879,335.03,0.44,0.46,2018-11-10,930,N,VIIRS,n,2,287.03,4.37,N,0
39.79162,-121.67815,300.06,0.45,0.47,2018-11-10,930,N,VIIRS,n,2,281.77,1.29,N,0
39.79258,-121.68911,324.16,0.45,0.47,2018-11-10,930,N,VIIRS,n,2,284.01,2.71,N,0
39.79508,-121.66792,339.76,0.44,0.46,2018-11-10,930,N,VIIRS,n,2,287.32,6.43,N,0
39.79548,-121.67236,301.39,0.44,0.46,2018-11-10,930,N,VIIRS,n,2,282.61,4.02,N,0
39.79557,-121.62431,297.58,0.44,0.46,2018-11-10,930,N,VIIRS,n,2,284.59,0.78,N,0
39.79757,-121.64677,296.69,0.44,0.46,2018-11-10,930,N,VIIRS,n,2,282.37,0.67,N,0
39.79982,-121.6231,317.53,0.44,0.46,2018-11-10,930,N,VIIRS,n,2,286.12,3.54,N,0
39.8013,-121.63976,308.45,0.44,0.46,2018-11-10,930,N,VIIRS,n,2,284.48,2.08,N,0
39.80188,-121.64634,302.13,0.44,0.46,2018-11-10,930,N,VIIRS,n,2,281.95,2.08,N,0
39.80261,-121.60561,302.26,0.44,0.46,2018-11-10,930,N,VIIRS,n,2,285.72,2.04,N,0
39.8036,-121.61672,308.61,0.44,0.46,2018-11-10,930,N,VIIRS,n,2,285.35,3.54,N,0
39.80407,-121.62204,339.3,0.44,0.46,2018-11-10,930,N,VIIRS,n,2,289.64,3.54,N,0
39.80452,-121.62701,296.5,0.44,0.46,2018-11-10,930,N,VIIRS,n,2,283.93,2.06,N,0
39.80502,-121.63265,326.52,0.44,0.46,2018-11-10,930,N,VIIRS,n,2,286.1,2.06,N,0
39.8056,-121.63918,321.21,0.44,0.46,2018-11-10,930,N,VIIRS,n,2,286.21,2.08,N,0
39.80687,-121.60462,295.83,0.44,0.46,2018-11-10,930,N,VIIRS,n,2,284.71,1.4,N,0
39.80786,-121.61568,301.59,0.44,0.46,2018-11-10,930,N,VIIRS,n,2,285.17,4.57,N,0
39.80833,-121.62099,325.96,0.44,0.46,2018-11-10,930,N,VIIRS,n,2,288.26,4.57,N,0
39.80879,-121.62607,300.76,0.44,0.46,2018-11-10,930,N,VIIRS,n,2,284.61,1.88,N,0
39.81212,-121.61474,340.42,0.44,0.46,2018-11-10,930,N,VIIRS,n,2,287.12,4.57,N,0
39.81259,-121.61993,333.59,0.44,0.46,2018-11-10,930,N,VIIRS,n,2,285.93,4.57,N,0
39.81591,-121.60846,297.53,0.44,0.46,2018-11-10,930,N,VIIRS,n,2,284.54,1.8,N,0
39.81639,-121.61389,337,0.44,0.46,2018-11-10,930,N,VIIRS,n,2,286.66,3.55,N,0
39.81685,-121.61899,338.8,0.44,0.46,2018-11-10,930,N,VIIRS,n,2,286.71,3.55,N,0
39.82067,-121.61306,310.47,0.44,0.46,2018-11-10,930,N,VIIRS,n,2,282.31,3.55,N,0
39.82078,-121.42529,313.44,0.43,0.46,2018-11-10,930,N,VIIRS,n,2,282.05,2.6,N,0
39.82113,-121.61813,313.97,0.44,0.46,2018-11-10,930,N,VIIRS,n,2,283.72,3.55,N,0
39.82159,-121.4341,295.25,0.43,0.46,2018-11-10,930,N,VIIRS,n,2,280.54,1.44,N,0
39.8224,-121.44273,298.58,0.43,0.46,2018-11-10,930,N,VIIRS,n,2,279.59,5.31,N,0
39.8228,-121.44711,350.78,0.43,0.46,2018-11-10,930,N,VIIRS,n,2,282.5,5.31,N,0
39.82321,-121.45148,350.52,0.43,0.46,2018-11-10,930,N,VIIRS,n,2,282.72,7.91,N,0
39.82364,-121.45608,302.23,0.43,0.46,2018-11-10,930,N,VIIRS,n,2,279.81,7.91,N,0
39.82455,-121.41959,296.29,0.43,0.46,2018-11-10,930,N,VIIRS,n,2,280.54,1,N,0
39.82494,-121.61221,304.37,0.44,0.46,2018-11-10,930,N,VIIRS,n,2,279.78,1.09,N,0
39.82498,-121.42419,311.76,0.43,0.46,2018-11-10,930,N,VIIRS,n,2,281.99,2.99,N,0
39.82539,-121.42857,298.29,0.43,0.46,2018-11-10,930,N,VIIRS,n,2,280.49,2.99,N,0
39.82541,-121.61734,310.35,0.44,0.46,2018-11-10,930,N,VIIRS,n,2,282.08,1.09,N,0
39.82579,-121.43285,342.56,0.43,0.46,2018-11-10,930,N,VIIRS,n,2,286.73,11.1,N,0
39.82619,-121.43717,356.79,0.43,0.46,2018-11-10,930,N,VIIRS,n,2,291.32,11.1,N,0
39.82661,-121.4417,355.75,0.43,0.46,2018-11-10,930,N,VIIRS,n,2,291.18,29.04,N,0
39.82703,-121.44626,342.21,0.43,0.46,2018-11-10,930,N,VIIRS,n,2,298.7,29.04,N,0
39.82745,-121.45069,348.42,0.43,0.46,2018-11-10,930,N,VIIRS,n,2,303.87,44.24,N,0
39.82787,-121.45523,351.42,0.43,0.46,2018-11-10,930,N,VIIRS,n,2,289.4,44.24,N,0
39.8283,-121.45993,345.96,0.43,0.46,2018-11-10,930,N,VIIRS,n,2,285.08,4.99,N,0
39.82875,-121.46479,327.16,0.43,0.46,2018-11-10,930,N,VIIRS,n,2,282.47,4.99,N,0
39.82919,-121.4231,304.58,0.43,0.46,2018-11-10,930,N,VIIRS,n,2,278.77,2.99,N,0
39.82922,-121.46976,305.48,0.44,0.46,2018-11-10,930,N,VIIRS,n,2,278.43,2.26,N,0
39.82959,-121.42736,354.96,0.43,0.46,2018-11-10,930,N,VIIRS,n,2,284.59,2.99,N,0
39.82999,-121.43166,352.36,0.43,0.46,2018-11-10,930,N,VIIRS,n,2,284.76,11.1,N,0
39.8304,-121.43609,318.79,0.43,0.46,2018-11-10,930,N,VIIRS,n,2,280.26,11.1,N,0
39.83083,-121.44067,351.97,0.43,0.46,2018-11-10,930,N,VIIRS,n,2,284.1,29.04,N,0
39.8311,-121.58428,335.04,0.44,0.46,2018-11-10,930,N,VIIRS,n,2,284.24,4.87,N,0
39.83126,-121.44537,318.12,0.43,0.46,2018-11-10,930,N,VIIRS,n,2,277.56,29.04,N,0
39.83157,-121.58943,297.35,0.44,0.46,2018-11-10,930,N,VIIRS,n,2,281.47,0.88,N,0
39.83257,-121.45933,305.21,0.43,0.46,2018-11-10,930,N,VIIRS,n,2,279.97,4.99,N,0
39.83302,-121.46418,302.54,0.43,0.46,2018-11-10,930,N,VIIRS,n,2,279.4,4.99,N,0
39.83916,-121.4838,349.1,0.44,0.46,2018-11-10,930,N,VIIRS,n,2,281.51,9.06,N,0
39.83963,-121.58263,301.89,0.44,0.46,2018-11-10,930,N,VIIRS,n,2,281.68,1.42,N,0
39.83968,-121.48942,324.04,0.44,0.46,2018-11-10,930,N,VIIRS,n,2,279.36,22.15,N,0
39.84341,-121.48306,334.17,0.44,0.46,2018-11-10,930,N,VIIRS,n,2,279.47,9.06,N,0
39.8439,-121.58186,307.68,0.44,0.46,2018-11-10,930,N,VIIRS,n,2,279.92,1.42,N,0
39.84394,-121.48882,355.56,0.44,0.46,2018-11-10,930,N,VIIRS,n,2,294.32,22.15,N,0
39.84818,-121.58109,300.41,0.44,0.46,2018-11-10,930,N,VIIRS,n,2,278.71,1.91,N,0
39.84819,-121.48808,355.44,0.44,0.46,2018-11-10,930,N,VIIRS,n,2,285.56,4.85,N,0
39.84878,-121.49429,295.54,0.44,0.46,2018-11-10,930,N,VIIRS,n,2,281.85,4.85,N,0
39.85014,-121.55536,316.7,0.44,0.46,2018-11-10,930,N,VIIRS,n,2,281.14,6.17,N,0
39.85059,-121.56023,346.23,0.44,0.46,2018-11-10,930,N,VIIRS,n,2,287.14,6.17,N,0
39.8508,-121.51596,338.4,0.44,0.46,2018-11-10,930,N,VIIRS,n,2,281.85,4.96,N,0
39.85127,-121.52099,326.92,0.44,0.46,2018-11-10,930,N,VIIRS,n,2,282.12,8.64,N,0
39.85143,-121.49184,306.94,0.44,0.46,2018-11-10,930,N,VIIRS,n,2,279.38,1.89,N,0
39.85147,-121.56985,295.59,0.44,0.46,2018-11-10,930,N,VIIRS,n,2,281.88,2.36,N,0
39.85177,-121.52637,331.95,0.44,0.46,2018-11-10,930,N,VIIRS,n,2,284.68,8.64,N,0
39.85234,-121.53246,353.83,0.44,0.46,2018-11-10,930,N,VIIRS,n,2,287.04,9.72,N,0
39.85292,-121.53863,328.22,0.44,0.46,2018-11-10,930,N,VIIRS,n,2,282.91,9.72,N,0
39.85303,-121.49349,299.81,0.44,0.46,2018-11-10,930,N,VIIRS,n,2,279.65,4.85,N,0
39.8534,-121.51446,339.86,0.44,0.46,2018-11-10,930,N,VIIRS,n,2,283.22,13.58,N,0
39.85343,-121.54408,342.39,0.44,0.46,2018-11-10,930,N,VIIRS,n,2,284.37,6.2,N,0
39.85383,-121.51946,367,0.44,0.46,2018-11-10,930,N,VIIRS,h,2,290.87,13.58,N,0
39.85392,-121.54935,302.37,0.44,0.46,2018-11-10,930,N,VIIRS,n,2,283.01,6.2,N,0
39.85429,-121.52472,343.46,0.44,0.46,2018-11-10,930,N,VIIRS,n,2,284.54,10.67,N,0
39.85439,-121.55447,322.97,0.44,0.46,2018-11-10,930,N,VIIRS,n,2,282.12,2.79,N,0
39.85466,-121.51087,305.11,0.44,0.46,2018-11-10,930,N,VIIRS,n,2,280.79,4.96,N,0
39.85479,-121.53039,341.62,0.44,0.46,2018-11-10,930,N,VIIRS,n,2,285.99,10.67,N,0
39.85483,-121.5592,344.45,0.44,0.46,2018-11-10,930,N,VIIRS,n,2,286.84,2.79,N,0
39.85513,-121.51592,341.82,0.44,0.46,2018-11-10,930,N,VIIRS,n,2,285.5,4.96,N,0
39.85528,-121.56402,300.96,0.44,0.46,2018-11-10,930,N,VIIRS,n,2,281.69,1.15,N,0
39.85533,-121.53667,341.04,0.44,0.46,2018-11-10,930,N,VIIRS,n,2,282.83,9.42,N,0
39.8556,-121.521,351.55,0.44,0.46,2018-11-10,930,N,VIIRS,n,2,285.28,8.64,N,0
39.85575,-121.56913,297.55,0.44,0.46,2018-11-10,930,N,VIIRS,n,2,279.93,1.15,N,0
39.8558,-121.5421,339.21,0.44,0.46,2018-11-10,930,N,VIIRS,n,2,283.18,9.42,N,0
39.85625,-121.54725,342.91,0.44,0.46,2018-11-10,930,N,VIIRS,n,2,286.47,6.01,N,0
39.85665,-121.5322,330.05,0.44,0.46,2018-11-10,930,N,VIIRS,n,2,281.75,9.72,N,0
39.85669,-121.55238,312.38,0.44,0.46,2018-11-10,930,N,VIIRS,n,2,281.05,6.01,N,0
39.85713,-121.55729,298.53,0.44,0.46,2018-11-10,930,N,VIIRS,n,2,281,1.64,N,0
39.85768,-121.54321,337.79,0.44,0.46,2018-11-10,930,N,VIIRS,n,2,284.57,6.2,N,0
39.85815,-121.54831,341.93,0.44,0.46,2018-11-10,930,N,VIIRS,n,2,284.79,6.2,N,0
39.85863,-121.55339,299.29,0.44,0.46,2018-11-10,930,N,VIIRS,n,2,279.54,2.79,N,0
39.85908,-121.55824,312.71,0.44,0.46,2018-11-10,930,N,VIIRS,n,2,282.53,2.79,N,0
39.8605,-121.54623,344.25,0.44,0.46,2018-11-10,930,N,VIIRS,n,2,282.01,6.01,N,0
39.86138,-121.55627,307.8,0.44,0.46,2018-11-10,930,N,VIIRS,n,2,281.48,1.64,N,0
39.64452,-121.63075,311.79,0.41,0.6,2018-11-11,1052,N,VIIRS,n,2,282.96,1.08,N,0
39.67474,-121.50688,310.19,0.41,0.61,2018-11-11,1052,N,VIIRS,n,2,284.07,13.84,N,0
39.67493,-121.48602,305.55,0.41,0.61,2018-11-11,1052,N,VIIRS,n,2,281.75,1.5,N,3
39.67624,-121.51221,355.55,0.41,0.61,2018-11-11,1052,N,VIIRS,n,2,294.91,13.84,N,0
39.67756,-121.51694,367,0.41,0.61,2018-11-11,1052,N,VIIRS,h,2,295.08,13.73,N,0
39.67876,-121.49964,306.85,0.41,0.61,2018-11-11,1052,N,VIIRS,n,2,281.69,6.55,N,0
39.67884,-121.52151,326.81,0.41,0.61,2018-11-11,1052,N,VIIRS,n,2,284.73,13.73,N,0
39.67901,-121.47897,367,0.41,0.61,2018-11-11,1052,N,VIIRS,h,2,284.94,6.07,N,3
39.68018,-121.50474,367,0.41,0.61,2018-11-11,1052,N,VIIRS,h,2,294.35,13.84,N,0
39.68036,-121.48378,345.08,0.41,0.61,2018-11-11,1052,N,VIIRS,n,2,286.23,8.32,N,0
39.68168,-121.48846,367,0.41,0.61,2018-11-11,1052,N,VIIRS,h,2,292.65,8.32,N,0
39.68169,-121.51012,367,0.41,0.61,2018-11-11,1052,N,VIIRS,h,2,294.2,13.84,N,0
39.68295,-121.49303,334.73,0.41,0.61,2018-11-11,1052,N,VIIRS,n,2,284.84,5.34,N,0
39.68309,-121.51511,367,0.41,0.61,2018-11-11,1052,N,VIIRS,h,2,293.14,13.73,N,0
39.68356,-121.47362,314.85,0.41,0.61,2018-11-11,1052,N,VIIRS,n,2,284.02,6.07,N,0
39.68428,-121.49776,325.94,0.41,0.61,2018-11-11,1052,N,VIIRS,n,2,284.84,5.34,N,0
39.68438,-121.51968,314.94,0.41,0.61,2018-11-11,1052,N,VIIRS,n,2,284.84,13.73,N,0
39.68488,-121.47833,367,0.41,0.61,2018-11-11,1052,N,VIIRS,h,2,289.82,6.07,N,0
39.68566,-121.50267,343.36,0.41,0.61,2018-11-11,1052,N,VIIRS,n,2,286.68,4.21,N,0
39.68568,-121.52432,317.35,0.41,0.61,2018-11-11,1052,N,VIIRS,n,2,283.95,4.58,N,0
39.68611,-121.4827,327.41,0.41,0.61,2018-11-11,1052,N,VIIRS,n,2,284.18,8.32,N,0
39.68713,-121.50796,314.37,0.41,0.61,2018-11-11,1052,N,VIIRS,n,2,282.27,4.21,N,0
39.6872,-121.48661,299.88,0.41,0.61,2018-11-11,1052,N,VIIRS,n,2,283.15,8.32,N,0
39.6881,-121.46819,340.25,0.41,0.61,2018-11-11,1052,N,VIIRS,n,2,285.32,2.1,N,0
39.6885,-121.49124,303.74,0.41,0.61,2018-11-11,1052,N,VIIRS,n,2,283.59,5.34,N,0
39.68863,-121.51331,323.91,0.41,0.61,2018-11-11,1052,N,VIIRS,n,2,282.77,3.42,N,0
39.6894,-121.47284,310.15,0.41,0.61,2018-11-11,1052,N,VIIRS,n,2,283.66,3.63,N,0
39.694,-121.46767,296.3,0.41,0.61,2018-11-11,1052,N,VIIRS,n,2,282.76,2.1,N,0
39.69698,-121.45663,295.36,0.42,0.61,2018-11-11,1052,N,VIIRS,n,2,282.49,2.3,N,0
39.69989,-121.4454,333.01,0.42,0.61,2018-11-11,1052,N,VIIRS,n,2,284.05,3.49,N,0
39.70106,-121.44958,328.98,0.42,0.61,2018-11-11,1052,N,VIIRS,n,2,286.62,2.3,N,0
39.7022,-121.45367,309.19,0.42,0.61,2018-11-11,1052,N,VIIRS,n,2,284.59,2.3,N,0
39.70335,-121.45779,299.4,0.41,0.61,2018-11-11,1052,N,VIIRS,n,2,283.71,1.07,N,0
39.70451,-121.46197,304.07,0.41,0.61,2018-11-11,1052,N,VIIRS,n,2,283.24,1.07,N,0
39.7057,-121.4662,295.07,0.41,0.61,2018-11-11,1052,N,VIIRS,n,2,281.6,0.87,N,0
39.70621,-121.44635,337.77,0.42,0.61,2018-11-11,1052,N,VIIRS,n,2,285.4,8.51,N,0
39.70723,-121.44996,367,0.42,0.61,2018-11-11,1052,N,VIIRS,h,2,288.7,8.51,N,0
39.70826,-121.45364,367,0.41,0.61,2018-11-11,1052,N,VIIRS,h,2,294.31,14.13,N,0
39.70929,-121.45737,349.28,0.41,0.61,2018-11-11,1052,N,VIIRS,n,2,288.6,14.13,N,0
39.70959,-121.44695,296.08,0.41,0.61,2018-11-11,1052,N,VIIRS,n,2,282.38,4.84,N,0
39.71037,-121.46123,299.85,0.41,0.61,2018-11-11,1052,N,VIIRS,n,2,283.4,2.09,N,0
39.71065,-121.45067,367,0.41,0.61,2018-11-11,1052,N,VIIRS,h,2,289.73,4.84,N,0
39.71153,-121.46541,308.18,0.41,0.61,2018-11-11,1052,N,VIIRS,n,2,282.79,2.09,N,0
39.71174,-121.45451,327.97,0.41,0.61,2018-11-11,1052,N,VIIRS,n,2,285.31,7.07,N,0
39.71409,-121.46277,298.91,0.41,0.61,2018-11-11,1052,N,VIIRS,n,2,281.74,0.74,N,0
39.71978,-121.46147,295.1,0.41,0.61,2018-11-11,1052,N,VIIRS,n,2,283,0.74,N,0
39.71981,-121.45168,320.63,0.41,0.61,2018-11-11,1052,N,VIIRS,n,2,281.62,2.35,N,0
39.72276,-121.45058,353.98,0.41,0.61,2018-11-11,1052,N,VIIRS,n,2,286.23,4.21,N,0
39.72417,-121.45557,296.23,0.41,0.61,2018-11-11,1052,N,VIIRS,n,2,282.24,4.21,N,0
39.72448,-121.44672,309.34,0.41,0.61,2018-11-11,1052,N,VIIRS,n,2,282.56,2.35,N,0
39.72594,-121.452,336.55,0.41,0.61,2018-11-11,1052,N,VIIRS,n,2,285.12,2.35,N,0
39.72768,-121.44654,314.69,0.41,0.61,2018-11-11,1052,N,VIIRS,n,2,283.18,3.71,N,0
39.72918,-121.44189,328.45,0.42,0.61,2018-11-11,1052,N,VIIRS,n,2,283.39,1.58,N,0
39.73077,-121.44765,308.09,0.41,0.61,2018-11-11,1052,N,VIIRS,n,2,282.37,2.8,N,0
39.73204,-121.44056,321.55,0.41,0.61,2018-11-11,1052,N,VIIRS,n,2,283.14,1.28,N,0
39.73372,-121.4465,305.93,0.41,0.61,2018-11-11,1052,N,VIIRS,n,2,281.84,1.28,N,0
39.73505,-121.44125,297.74,0.42,0.61,2018-11-11,1052,N,VIIRS,n,2,281.66,1.58,N,0
39.73946,-121.44534,297.65,0.41,0.61,2018-11-11,1052,N,VIIRS,n,2,281.35,1.28,N,0
39.74082,-121.45016,301.68,0.41,0.61,2018-11-11,1052,N,VIIRS,n,2,281.91,1.48,N,0
39.74493,-121.44325,313.91,0.41,0.61,2018-11-11,1052,N,VIIRS,n,2,280.74,15.94,N,0
39.74628,-121.44807,321.68,0.41,0.61,2018-11-11,1052,N,VIIRS,n,2,282.23,34.23,N,0
39.7505,-121.44157,348.87,0.41,0.61,2018-11-11,1052,N,VIIRS,n,2,290.49,15.94,N,0
39.7517,-121.44579,354.35,0.41,0.61,2018-11-11,1052,N,VIIRS,n,2,308.88,34.23,N,0
39.75258,-121.44892,367,0.41,0.61,2018-11-11,1052,N,VIIRS,h,2,291.14,34.23,N,0
39.75341,-121.45187,356.01,0.41,0.61,2018-11-11,1052,N,VIIRS,n,2,288.5,12.92,N,0
39.75423,-121.45477,356.47,0.41,0.61,2018-11-11,1052,N,VIIRS,n,2,286.83,12.92,N,0
39.75507,-121.45776,329.4,0.41,0.61,2018-11-11,1052,N,VIIRS,n,2,285.47,5.84,N,0
39.75598,-121.46095,333.13,0.41,0.61,2018-11-11,1052,N,VIIRS,n,2,286.15,5.84,N,0
39.75709,-121.46489,307.98,0.41,0.61,2018-11-11,1052,N,VIIRS,n,2,283.84,3.5,N,0
39.75714,-121.44363,305.97,0.41,0.61,2018-11-11,1052,N,VIIRS,n,2,281.23,3.98,N,0
39.758,-121.44666,344.35,0.41,0.61,2018-11-11,1052,N,VIIRS,n,2,285.03,3.98,N,0
39.75879,-121.44945,367,0.41,0.61,2018-11-11,1052,N,VIIRS,h,2,286.71,8.79,N,0
39.75954,-121.45212,350.8,0.41,0.61,2018-11-11,1052,N,VIIRS,n,2,285.52,8.79,N,0
39.76038,-121.45509,308.99,0.41,0.61,2018-11-11,1052,N,VIIRS,n,2,283.28,4.61,N,0
39.78721,-121.67375,305,0.4,0.6,2018-11-11,1052,N,VIIRS,n,2,282.34,3.11,N,0
39.78728,-121.67877,350.55,0.4,0.6,2018-11-11,1052,N,VIIRS,n,2,286.37,17.46,N,0
39.78767,-121.70143,299.88,0.4,0.6,2018-11-11,1052,N,VIIRS,n,2,282.12,0.85,N,0
39.78877,-121.67944,338.03,0.4,0.6,2018-11-11,1052,N,VIIRS,n,2,285.77,3.11,N,0
39.789,-121.70193,302.6,0.4,0.6,2018-11-11,1052,N,VIIRS,n,2,280.35,2.53,N,0
39.78998,-121.68385,312.58,0.4,0.6,2018-11-11,1052,N,VIIRS,n,2,283.99,2.5,N,0
39.79062,-121.66441,296.07,0.4,0.6,2018-11-11,1052,N,VIIRS,n,2,282.93,1.2,N,0
39.79101,-121.67079,295.1,0.4,0.6,2018-11-11,1052,N,VIIRS,n,2,282.93,2.18,N,0
39.79113,-121.68804,303.59,0.4,0.6,2018-11-11,1052,N,VIIRS,n,2,283.58,2.5,N,0
39.79195,-121.69538,308.25,0.4,0.6,2018-11-11,1052,N,VIIRS,n,2,284.63,2.48,N,0
39.79222,-121.69199,299.14,0.4,0.6,2018-11-11,1052,N,VIIRS,n,2,284.1,2.13,N,0
39.79265,-121.67661,313.25,0.4,0.6,2018-11-11,1052,N,VIIRS,n,2,282.84,17.46,N,0
39.79269,-121.67197,297.55,0.4,0.6,2018-11-11,1052,N,VIIRS,n,2,283.2,10.75,N,0
39.79306,-121.69934,313.87,0.4,0.6,2018-11-11,1052,N,VIIRS,n,2,283.21,2.48,N,0
39.7933,-121.69592,327.07,0.4,0.6,2018-11-11,1052,N,VIIRS,n,2,287.21,2.13,N,0
39.79399,-121.68137,341.84,0.4,0.6,2018-11-11,1052,N,VIIRS,n,2,314.34,17.46,N,0
39.79417,-121.67738,354.61,0.4,0.6,2018-11-11,1052,N,VIIRS,n,2,290.46,10.75,N,0
39.79417,-121.66074,298.74,0.4,0.6,2018-11-11,1052,N,VIIRS,n,2,281.81,4.69,N,0
39.79517,-121.68557,367,0.4,0.6,2018-11-11,1052,N,VIIRS,h,2,300.81,29.69,N,0
39.79517,-121.40656,295.76,0.42,0.61,2018-11-11,1052,N,VIIRS,n,2,278.88,2.45,N,0
39.79543,-121.68195,351.27,0.4,0.6,2018-11-11,1052,N,VIIRS,n,2,317.37,48.3,N,0
39.79576,-121.66138,305.57,0.4,0.6,2018-11-11,1052,N,VIIRS,n,2,282.38,1.2,N,0
39.79617,-121.64653,313.12,0.4,0.6,2018-11-11,1052,N,VIIRS,n,2,284.5,4.29,N,0
39.7962,-121.41022,299.71,0.42,0.61,2018-11-11,1052,N,VIIRS,n,2,279.75,2.45,N,0
39.79622,-121.66805,326.98,0.4,0.6,2018-11-11,1052,N,VIIRS,n,2,284.95,4.69,N,0
39.79629,-121.68958,334.22,0.4,0.6,2018-11-11,1052,N,VIIRS,n,2,286.61,29.69,N,0
39.79655,-121.68607,367,0.4,0.6,2018-11-11,1052,N,VIIRS,h,2,293.65,48.3,N,0
39.79718,-121.65015,367,0.4,0.6,2018-11-11,1052,N,VIIRS,h,2,288.23,6.01,N,0
39.79719,-121.41376,295.16,0.41,0.61,2018-11-11,1052,N,VIIRS,n,2,280.18,7.71,N,0
39.79734,-121.69331,321.62,0.4,0.6,2018-11-11,1052,N,VIIRS,n,2,286.61,2.48,N,0
39.79762,-121.68996,332.35,0.4,0.6,2018-11-11,1052,N,VIIRS,n,2,286.46,5.34,N,0
39.79784,-121.669,367,0.4,0.6,2018-11-11,1052,N,VIIRS,h,2,290.73,10.75,N,0
39.79803,-121.67447,367,0.4,0.6,2018-11-11,1052,N,VIIRS,h,2,295.54,6.78,N,0
39.79806,-121.41687,297.64,0.41,0.61,2018-11-11,1052,N,VIIRS,n,2,280.47,7.71,N,0
39.79824,-121.65392,313.62,0.4,0.6,2018-11-11,1052,N,VIIRS,n,2,281.98,6.01,N,0
39.79866,-121.69373,307.89,0.4,0.6,2018-11-11,1052,N,VIIRS,n,2,283.39,5.34,N,0
39.7991,-121.39895,301.4,0.42,0.61,2018-11-11,1052,N,VIIRS,n,2,279.9,1.65,N,0
39.79936,-121.67922,325.98,0.4,0.6,2018-11-11,1052,N,VIIRS,n,2,284.18,6.78,N,0
39.79949,-121.67504,367,0.4,0.6,2018-11-11,1052,N,VIIRS,h,2,289.25,10.75,N,0
39.80013,-121.40263,320,0.42,0.61,2018-11-11,1052,N,VIIRS,n,2,281.11,2.45,N,0
39.80115,-121.40629,329.83,0.42,0.61,2018-11-11,1052,N,VIIRS,n,2,281.99,2.45,N,0
39.80155,-121.64437,352.57,0.4,0.6,2018-11-11,1052,N,VIIRS,n,2,289.24,9.86,N,0
39.80219,-121.40997,351.35,0.41,0.61,2018-11-11,1052,N,VIIRS,n,2,284.19,7.71,N,0
39.80254,-121.64791,367,0.4,0.6,2018-11-11,1052,N,VIIRS,h,2,294.36,27,N,0
39.8032,-121.41362,367,0.41,0.61,2018-11-11,1052,N,VIIRS,h,2,284.27,7.71,N,0
39.80329,-121.67191,306.98,0.4,0.6,2018-11-11,1052,N,VIIRS,n,2,281.97,6.78,N,0
39.80359,-121.65163,367,0.4,0.6,2018-11-11,1052,N,VIIRS,h,2,289.94,27,N,0
39.80424,-121.41735,342.82,0.41,0.61,2018-11-11,1052,N,VIIRS,n,2,282.2,9.72,N,0
39.80427,-121.39578,296.71,0.42,0.61,2018-11-11,1052,N,VIIRS,n,2,280.15,2.3,N,0
39.80528,-121.39938,320.29,0.42,0.61,2018-11-11,1052,N,VIIRS,n,2,283.08,39.88,N,0
39.80531,-121.42113,315.54,0.41,0.61,2018-11-11,1052,N,VIIRS,n,2,281.06,9.72,N,0
39.80598,-121.6388,316.93,0.4,0.6,2018-11-11,1052,N,VIIRS,n,2,286.04,9.86,N,0
39.80631,-121.42471,297.66,0.41,0.61,2018-11-11,1052,N,VIIRS,n,2,281.71,1.99,N,0
39.80636,-121.40325,367,0.42,0.61,2018-11-11,1052,N,VIIRS,h,2,291.93,39.88,N,0
39.80694,-121.64224,367,0.4,0.6,2018-11-11,1052,N,VIIRS,h,2,292.97,9.86,N,0
39.80794,-121.64581,353.26,0.4,0.6,2018-11-11,1052,N,VIIRS,n,2,306.34,27,N,0
39.80885,-121.39745,301.16,0.42,0.61,2018-11-11,1052,N,VIIRS,n,2,280.18,10.07,N,0
39.80899,-121.64956,367,0.4,0.6,2018-11-11,1052,N,VIIRS,h,2,292.63,27,N,0
39.80952,-121.63007,367,0.4,0.6,2018-11-11,1052,N,VIIRS,h,2,288.77,6.31,N,0
39.80959,-121.41483,354.07,0.41,0.61,2018-11-11,1052,N,VIIRS,n,2,333.89,366.55,N,0
39.80992,-121.40119,338.06,0.41,0.61,2018-11-11,1052,N,VIIRS,n,2,284.43,107.22,N,0
39.8105,-121.63358,336.43,0.4,0.6,2018-11-11,1052,N,VIIRS,n,2,287.49,6.31,N,0
39.81057,-121.41833,352.38,0.41,0.61,2018-11-11,1052,N,VIIRS,n,2,284.83,366.55,N,0
39.81096,-121.39805,307.92,0.42,0.61,2018-11-11,1052,N,VIIRS,n,2,279.85,39.88,N,0
39.81142,-121.63684,348.53,0.4,0.6,2018-11-11,1052,N,VIIRS,n,2,288.44,3.7,N,0
39.81151,-121.42168,310.57,0.41,0.61,2018-11-11,1052,N,VIIRS,n,2,282.46,32.36,N,0
39.81239,-121.64029,296.74,0.4,0.6,2018-11-11,1052,N,VIIRS,n,2,283.01,3.7,N,0
39.81249,-121.42519,299.11,0.41,0.61,2018-11-11,1052,N,VIIRS,n,2,282.51,32.36,N,0
39.81302,-121.41209,367,0.41,0.61,2018-11-11,1052,N,VIIRS,h,2,344.76,223.43,N,0
39.81397,-121.41544,354.54,0.41,0.61,2018-11-11,1052,N,VIIRS,n,2,301.16,136.96,N,0
39.81484,-121.41196,367,0.41,0.61,2018-11-11,1052,N,VIIRS,h,2,339.79,366.55,N,0
39.8149,-121.4187,367,0.41,0.61,2018-11-11,1052,N,VIIRS,h,2,288.06,136.96,N,0
39.81541,-121.39918,310.8,0.41,0.61,2018-11-11,1052,N,VIIRS,n,2,279.68,107.22,N,0
39.81593,-121.42229,310.45,0.41,0.61,2018-11-11,1052,N,VIIRS,n,2,282.85,35.5,N,0
39.81672,-121.41868,367,0.41,0.61,2018-11-11,1052,N,VIIRS,h,2,291.66,32.36,N,0
39.81711,-121.42646,299.56,0.41,0.61,2018-11-11,1052,N,VIIRS,n,2,282.87,35.5,N,0
39.81719,-121.40544,339.62,0.41,0.61,2018-11-11,1052,N,VIIRS,n,2,303.99,223.43,N,0
39.81733,-121.39921,305.85,0.42,0.61,2018-11-11,1052,N,VIIRS,n,2,279.85,5.35,N,0
39.81779,-121.42252,311.13,0.41,0.61,2018-11-11,1052,N,VIIRS,n,2,283.34,32.36,N,0
39.81809,-121.40862,327.59,0.41,0.61,2018-11-11,1052,N,VIIRS,n,2,320.55,223.43,N,0
39.81818,-121.40224,332.7,0.41,0.61,2018-11-11,1052,N,VIIRS,n,2,282.41,5,N,0
39.819,-121.41182,334.57,0.41,0.61,2018-11-11,1052,N,VIIRS,n,2,322.06,136.96,N,0
39.81903,-121.40529,335.84,0.41,0.61,2018-11-11,1052,N,VIIRS,n,2,284.52,5,N,0
39.81913,-121.42735,298.72,0.41,0.61,2018-11-11,1052,N,VIIRS,n,2,282.45,2.77,N,0
39.81989,-121.40836,351.63,0.41,0.61,2018-11-11,1052,N,VIIRS,n,2,301.52,36.13,N,0
39.82083,-121.41171,345.44,0.41,0.61,2018-11-11,1052,N,VIIRS,n,2,303.95,36.13,N,0
39.82109,-121.41915,367,0.41,0.61,2018-11-11,1052,N,VIIRS,h,2,298.69,35.5,N,0
39.82162,-121.39971,299.63,0.41,0.61,2018-11-11,1052,N,VIIRS,n,2,279.37,1.29,N,0
39.82185,-121.41538,343.99,0.41,0.61,2018-11-11,1052,N,VIIRS,n,2,324.74,38.58,N,0
39.82243,-121.40253,303.21,0.41,0.61,2018-11-11,1052,N,VIIRS,n,2,280.41,1.17,N,0
39.82255,-121.42429,316.16,0.41,0.61,2018-11-11,1052,N,VIIRS,n,2,283.6,35.5,N,0
39.82307,-121.41975,367,0.41,0.61,2018-11-11,1052,N,VIIRS,h,2,288.66,38.58,N,0
39.82325,-121.40543,299.35,0.41,0.61,2018-11-11,1052,N,VIIRS,n,2,280.95,1.17,N,0
39.8235,-121.39962,300.2,0.41,0.61,2018-11-11,1052,N,VIIRS,n,2,280.07,5,N,0
39.82417,-121.40868,299.63,0.41,0.61,2018-11-11,1052,N,VIIRS,n,2,281.44,5.99,N,0
39.82429,-121.40244,299.59,0.41,0.61,2018-11-11,1052,N,VIIRS,n,2,280.94,5,N,0
39.82455,-121.43133,297.51,0.41,0.61,2018-11-11,1052,N,VIIRS,n,2,281.28,3.57,N,0
39.82472,-121.42571,328,0.41,0.61,2018-11-11,1052,N,VIIRS,n,2,282.67,7.4,N,0
39.8252,-121.41229,349.12,0.41,0.61,2018-11-11,1052,N,VIIRS,n,2,285.98,5.99,N,0
39.82603,-121.40866,297.74,0.41,0.61,2018-11-11,1052,N,VIIRS,n,2,282.67,36.13,N,0
39.82647,-121.41676,367,0.41,0.61,2018-11-11,1052,N,VIIRS,h,2,293.32,11.42,N,0
39.82678,-121.45493,295.11,0.41,0.61,2018-11-11,1052,N,VIIRS,n,2,278.73,1.27,N,0
39.82682,-121.43332,296.68,0.41,0.61,2018-11-11,1052,N,VIIRS,n,2,280.54,7.4,N,0
39.82706,-121.41235,367,0.41,0.61,2018-11-11,1052,N,VIIRS,h,2,286.75,38.58,N,0
39.82821,-121.42285,367,0.41,0.61,2018-11-11,1052,N,VIIRS,h,2,289.44,11.42,N,0
39.82841,-121.4449,314.31,0.41,0.61,2018-11-11,1052,N,VIIRS,n,2,280.41,4.8,N,0
39.82841,-121.41724,356.55,0.41,0.61,2018-11-11,1052,N,VIIRS,n,2,287.76,38.58,N,0
39.8287,-121.44011,300.46,0.41,0.61,2018-11-11,1052,N,VIIRS,n,2,279.35,3.81,N,0
39.82976,-121.46565,297.43,0.41,0.61,2018-11-11,1052,N,VIIRS,n,2,277.37,0.51,N,0
39.83018,-121.45113,353.97,0.41,0.61,2018-11-11,1052,N,VIIRS,n,2,283.04,4.8,N,0
39.83031,-121.4459,335.55,0.41,0.61,2018-11-11,1052,N,VIIRS,n,2,281.85,3.81,N,0
39.83032,-121.42414,367,0.41,0.61,2018-11-11,1052,N,VIIRS,h,2,287.44,7.4,N,0
39.83033,-121.43034,332.78,0.41,0.61,2018-11-11,1052,N,VIIRS,n,2,281.39,4.81,N,0
39.8318,-121.45683,344.15,0.41,0.61,2018-11-11,1052,N,VIIRS,n,2,282.05,9.06,N,0
39.83199,-121.452,355.73,0.41,0.61,2018-11-11,1052,N,VIIRS,n,2,282.93,5.56,N,0
39.83226,-121.43713,315.98,0.41,0.61,2018-11-11,1052,N,VIIRS,n,2,279.42,4.81,N,0
39.8324,-121.43168,367,0.41,0.61,2018-11-11,1052,N,VIIRS,h,2,284.48,7.4,N,0
39.83349,-121.42017,327.36,0.41,0.61,2018-11-11,1052,N,VIIRS,n,2,283.66,11.42,N,0
39.83351,-121.45747,317.32,0.41,0.61,2018-11-11,1052,N,VIIRS,n,2,279,5.56,N,0
39.83393,-121.44302,318.59,0.41,0.61,2018-11-11,1052,N,VIIRS,n,2,279.67,2.13,N,0
39.83422,-121.43825,300.98,0.41,0.61,2018-11-11,1052,N,VIIRS,n,2,278.82,3.81,N,0
39.83551,-121.44858,306.07,0.41,0.61,2018-11-11,1052,N,VIIRS,n,2,278.57,2.13,N,0
39.83571,-121.428,333.24,0.41,0.61,2018-11-11,1052,N,VIIRS,n,2,282.03,4.81,N,0
39.83772,-121.43504,310.23,0.41,0.61,2018-11-11,1052,N,VIIRS,n,2,279.3,4.81,N,0
39.8388,-121.48147,295.43,0.41,0.61,2018-11-11,1052,N,VIIRS,n,2,276.04,0.76,N,0
39.83998,-121.48563,315.2,0.41,0.61,2018-11-11,1052,N,VIIRS,n,2,275.87,1.88,N,0
39.84037,-121.48222,303.55,0.41,0.61,2018-11-11,1052,N,VIIRS,n,2,275.87,5.43,N,0
39.84151,-121.48631,312.16,0.41,0.61,2018-11-11,1052,N,VIIRS,n,2,276.35,5.43,N,0
39.84255,-121.49007,299.75,0.41,0.61,2018-11-11,1052,N,VIIRS,n,2,277.68,16.14,N,0
39.8454,-121.48347,367,0.41,0.61,2018-11-11,1052,N,VIIRS,h,2,282.37,13.03,N,0
39.84577,-121.47997,305.48,0.41,0.61,2018-11-11,1052,N,VIIRS,n,2,277.5,5.43,N,0
39.8465,-121.48736,367,0.41,0.61,2018-11-11,1052,N,VIIRS,h,2,285.46,13.03,N,0
39.84692,-121.48412,367,0.41,0.61,2018-11-11,1052,N,VIIRS,h,2,285.73,5.43,N,0
39.84752,-121.49092,356.31,0.41,0.61,2018-11-11,1052,N,VIIRS,n,2,280.95,19.53,N,0
39.84798,-121.48796,352.51,0.41,0.61,2018-11-11,1052,N,VIIRS,n,2,296.84,16.14,N,0
39.84896,-121.49151,327.52,0.41,0.61,2018-11-11,1052,N,VIIRS,n,2,280.21,16.14,N,0
39.85183,-121.50617,306.97,0.41,0.61,2018-11-11,1052,N,VIIRS,n,2,280.51,2.63,N,0
39.85196,-121.48532,354.71,0.41,0.61,2018-11-11,1052,N,VIIRS,n,2,285.53,13.03,N,0
39.85205,-121.5026,296.25,0.41,0.61,2018-11-11,1052,N,VIIRS,n,2,280.63,2.45,N,0
39.85299,-121.51029,316.98,0.41,0.61,2018-11-11,1052,N,VIIRS,n,2,281.15,2.63,N,0
39.85302,-121.4891,367,0.41,0.61,2018-11-11,1052,N,VIIRS,h,2,286.67,19.53,N,0
39.85317,-121.50668,343.16,0.41,0.61,2018-11-11,1052,N,VIIRS,n,2,283.83,2.45,N,0
39.85345,-121.48598,334.11,0.41,0.61,2018-11-11,1052,N,VIIRS,n,2,281,3.73,N,0
39.85371,-121.53412,297.36,0.41,0.6,2018-11-11,1052,N,VIIRS,n,2,282.2,1.38,N,0
39.85397,-121.53125,300.18,0.41,0.6,2018-11-11,1052,N,VIIRS,n,2,282.2,9.29,N,0
39.85433,-121.51083,299.22,0.41,0.61,2018-11-11,1052,N,VIIRS,n,2,281.19,3.27,N,0
39.8547,-121.53757,314.36,0.41,0.6,2018-11-11,1052,N,VIIRS,n,2,284.05,1.38,N,0
39.85492,-121.53468,325.49,0.41,0.6,2018-11-11,1052,N,VIIRS,n,2,283.91,9.29,N,0
39.85555,-121.51934,334.09,0.41,0.6,2018-11-11,1052,N,VIIRS,n,2,284.04,4.31,N,0
39.85557,-121.51532,315,0.41,0.61,2018-11-11,1052,N,VIIRS,n,2,282.84,3.27,N,0
39.85593,-121.53831,323.78,0.41,0.6,2018-11-11,1052,N,VIIRS,n,2,284.78,6.61,N,0
39.85596,-121.54203,297.15,0.41,0.6,2018-11-11,1052,N,VIIRS,n,2,283.01,2,N,0
39.85608,-121.4999,324.12,0.41,0.61,2018-11-11,1052,N,VIIRS,n,2,281.45,3.68,N,0
39.85674,-121.52352,351.38,0.41,0.6,2018-11-11,1052,N,VIIRS,n,2,291.77,19.19,N,0
39.85681,-121.51983,337.12,0.41,0.6,2018-11-11,1052,N,VIIRS,n,2,285.15,15.64,N,0
39.85719,-121.50382,334.17,0.41,0.61,2018-11-11,1052,N,VIIRS,n,2,283.77,2.63,N,0
39.85753,-121.5007,334.89,0.41,0.61,2018-11-11,1052,N,VIIRS,n,2,283.08,2.25,N,0
39.85784,-121.52743,367,0.41,0.6,2018-11-11,1052,N,VIIRS,h,2,287.75,19.19,N,0
39.85796,-121.52396,367,0.41,0.6,2018-11-11,1052,N,VIIRS,h,2,297.72,15.64,N,0
39.85828,-121.50768,308.97,0.41,0.61,2018-11-11,1052,N,VIIRS,n,2,281.29,2.63,N,0
39.85861,-121.54801,297.19,0.41,0.6,2018-11-11,1052,N,VIIRS,n,2,283.19,2.16,N,0
39.85861,-121.5046,316.65,0.41,0.61,2018-11-11,1052,N,VIIRS,n,2,281.78,2.25,N,0
39.85892,-121.53125,367,0.41,0.6,2018-11-11,1052,N,VIIRS,h,2,292.35,14.16,N,0
39.85903,-121.52785,351.76,0.41,0.6,2018-11-11,1052,N,VIIRS,n,2,286.33,9.29,N,0
39.85996,-121.55289,303.18,0.41,0.6,2018-11-11,1052,N,VIIRS,n,2,283.14,2.16,N,0
39.86008,-121.53533,350.49,0.41,0.6,2018-11-11,1052,N,VIIRS,n,2,287.15,14.16,N,0
39.86012,-121.53174,367,0.41,0.6,2018-11-11,1052,N,VIIRS,h,2,289.55,9.29,N,0
39.86051,-121.51558,308.38,0.41,0.6,2018-11-11,1052,N,VIIRS,n,2,281.86,4.31,N,0
39.86132,-121.53609,328.04,0.41,0.6,2018-11-11,1052,N,VIIRS,n,2,284.06,6.61,N,0
39.86139,-121.53998,347.47,0.41,0.6,2018-11-11,1052,N,VIIRS,n,2,286.74,6.92,N,0
39.8627,-121.5411,351.14,0.41,0.6,2018-11-11,1052,N,VIIRS,n,2,287.55,6.61,N,0
39.8628,-121.54495,346.77,0.41,0.6,2018-11-11,1052,N,VIIRS,n,2,286.12,6.92,N,0
39.86407,-121.5461,333,0.41,0.6,2018-11-11,1052,N,VIIRS,n,2,284.77,2.16,N,0
39.8642,-121.54991,314.19,0.41,0.6,2018-11-11,1052,N,VIIRS,n,2,283.91,2.53,N,0
39.86546,-121.55109,300.01,0.41,0.6,2018-11-11,1052,N,VIIRS,n,2,282.67,2.16,N,0
39.86565,-121.55503,302.22,0.41,0.6,2018-11-11,1052,N,VIIRS,n,2,281.69,2.53,N,0
39.64515,-121.63163,341.33,0.42,0.45,2018-11-11,2034,N,VIIRS,n,2,299.09,4.48,D,0
39.65932,-121.50683,325.21,0.41,0.45,2018-11-11,2034,N,VIIRS,n,2,290.3,52.23,D,0
39.66031,-121.50227,331.98,0.41,0.45,2018-11-11,2034,N,VIIRS,n,2,292.05,52.23,D,0
39.66222,-121.51348,327.82,0.41,0.45,2018-11-11,2034,N,VIIRS,n,2,290.38,5.49,D,3
39.66431,-121.50389,343.68,0.41,0.45,2018-11-11,2034,N,VIIRS,n,2,311.56,52.23,D,0
39.66525,-121.51952,329.71,0.41,0.45,2018-11-11,2034,N,VIIRS,n,2,290.74,74.94,D,0
39.66589,-121.73775,336.98,0.42,0.45,2018-11-11,2034,N,VIIRS,n,2,294.62,6.19,D,0
39.67138,-121.51132,356.29,0.41,0.45,2018-11-11,2034,N,VIIRS,n,2,299.9,131.57,D,0
39.67336,-121.5022,346.31,0.41,0.45,2018-11-11,2034,N,VIIRS,n,2,307.53,51.04,D,0
39.67439,-121.4975,354.13,0.41,0.45,2018-11-11,2034,N,VIIRS,n,2,298.6,51.04,D,0
39.67442,-121.51732,354.92,0.41,0.45,2018-11-11,2034,N,VIIRS,n,2,297.66,6.9,D,0
39.67543,-121.49266,347.79,0.41,0.45,2018-11-11,2034,N,VIIRS,n,2,297.69,19.91,D,0
39.67546,-121.51248,328.65,0.41,0.45,2018-11-11,2034,N,VIIRS,n,2,294.15,12.1,D,0
39.67645,-121.50796,355.46,0.41,0.45,2018-11-11,2034,N,VIIRS,n,2,299.56,12.1,D,0
39.67744,-121.50341,367,0.41,0.45,2018-11-11,2034,N,VIIRS,h,2,305.67,36.17,D,0
39.67843,-121.49881,326.41,0.41,0.45,2018-11-11,2034,N,VIIRS,n,2,290.89,36.17,D,0
39.67848,-121.5186,343.85,0.41,0.45,2018-11-11,2034,N,VIIRS,n,2,294.58,6.9,D,0
39.67852,-121.47845,343.36,0.41,0.45,2018-11-11,2034,N,VIIRS,n,2,294.93,8.85,D,3
39.67948,-121.49401,343.68,0.41,0.45,2018-11-11,2034,N,VIIRS,n,2,291.96,10.18,D,0
39.67965,-121.47322,351.31,0.41,0.45,2018-11-11,2034,N,VIIRS,n,2,303.77,27.74,D,0
39.68054,-121.48914,345.24,0.41,0.45,2018-11-11,2034,N,VIIRS,n,2,294,10.18,D,0
39.68075,-121.46814,340.04,0.41,0.45,2018-11-11,2034,N,VIIRS,n,2,292.54,27.74,D,0
39.68159,-121.48428,356.27,0.41,0.45,2018-11-11,2034,N,VIIRS,n,2,298.61,6.91,D,0
39.68252,-121.50001,356.47,0.41,0.45,2018-11-11,2034,N,VIIRS,n,2,313.51,36.17,D,0
39.68267,-121.47927,347.13,0.41,0.45,2018-11-11,2034,N,VIIRS,n,2,293.9,6.91,D,0
39.68354,-121.49525,353.11,0.41,0.45,2018-11-11,2034,N,VIIRS,n,2,301.1,10.18,D,0
39.68378,-121.47417,367,0.41,0.45,2018-11-11,2034,N,VIIRS,h,2,300.65,15.78,D,0
39.68459,-121.49045,345.68,0.41,0.45,2018-11-11,2034,N,VIIRS,n,2,294.49,10.18,D,0
39.68487,-121.46911,347.51,0.41,0.45,2018-11-11,2034,N,VIIRS,n,2,295.72,15.78,D,0
39.68565,-121.48553,328.96,0.41,0.45,2018-11-11,2034,N,VIIRS,n,2,291.7,6.91,D,0
39.68599,-121.46394,353.08,0.41,0.45,2018-11-11,2034,N,VIIRS,n,2,294.35,43.06,D,0
39.68659,-121.50122,339.78,0.41,0.45,2018-11-11,2034,N,VIIRS,n,2,293.16,4.53,D,0
39.68763,-121.49639,333.71,0.41,0.45,2018-11-11,2034,N,VIIRS,n,2,292.86,5.97,D,0
39.689,-121.47004,344.97,0.41,0.45,2018-11-11,2034,N,VIIRS,n,2,298.19,15.78,D,0
39.69012,-121.46484,350.11,0.41,0.45,2018-11-11,2034,N,VIIRS,n,2,315.11,43.06,D,0
39.69426,-121.46574,336.67,0.41,0.45,2018-11-11,2034,N,VIIRS,n,2,292.52,3.32,D,0
39.70626,-121.45023,339.89,0.41,0.45,2018-11-11,2034,N,VIIRS,n,2,296.29,18.2,D,0
39.70728,-121.44547,339.57,0.41,0.45,2018-11-11,2034,N,VIIRS,n,2,297.92,18.2,D,0
39.70903,-121.45747,340.6,0.41,0.45,2018-11-11,2034,N,VIIRS,n,2,294.9,4.92,D,0
39.71004,-121.45277,367,0.41,0.45,2018-11-11,2034,N,VIIRS,h,2,298.57,18.2,D,0
39.71795,-121.4562,351.45,0.41,0.45,2018-11-11,2034,N,VIIRS,n,2,299.67,6.67,D,0
39.71898,-121.45146,340.96,0.41,0.45,2018-11-11,2034,N,VIIRS,n,2,294.84,6.67,D,0
39.72312,-121.45226,349.64,0.41,0.45,2018-11-11,2034,N,VIIRS,n,2,302.49,20.14,D,0
39.72421,-121.44716,350.27,0.41,0.45,2018-11-11,2034,N,VIIRS,n,2,299.43,9.37,D,0
39.7285,-121.44728,342.2,0.41,0.45,2018-11-11,2034,N,VIIRS,n,2,294.67,9.37,D,0
39.72951,-121.44254,346.19,0.41,0.45,2018-11-11,2034,N,VIIRS,n,2,294.93,9.37,D,0
39.73199,-121.44474,340.25,0.41,0.45,2018-11-11,2034,N,VIIRS,n,2,294.08,5.4,D,0
39.73296,-121.44032,337.71,0.41,0.45,2018-11-11,2034,N,VIIRS,n,2,292.45,5.4,D,0
39.73368,-121.44322,343.59,0.41,0.45,2018-11-11,2034,N,VIIRS,n,2,295.35,4.28,D,0
39.73613,-121.44556,326.25,0.41,0.45,2018-11-11,2034,N,VIIRS,n,2,291.01,5.4,D,0
39.73782,-121.44405,329.51,0.41,0.45,2018-11-11,2034,N,VIIRS,n,2,291.21,4.28,D,0
39.74428,-121.44785,339.62,0.41,0.45,2018-11-11,2034,N,VIIRS,n,2,294.02,7.92,D,0
39.7453,-121.44319,338.42,0.41,0.45,2018-11-11,2034,N,VIIRS,n,2,292.6,7.92,D,0
39.74937,-121.44437,367,0.41,0.45,2018-11-11,2034,N,VIIRS,h,2,300.21,15.99,D,0
39.75042,-121.43956,325.21,0.41,0.45,2018-11-11,2034,N,VIIRS,n,2,290.24,5.94,D,0
39.75451,-121.44064,342.9,0.41,0.45,2018-11-11,2034,N,VIIRS,n,2,291.35,5.94,D,0
39.75965,-121.43684,343.33,0.41,0.45,2018-11-11,2034,N,VIIRS,n,2,291.97,6.29,D,0
39.76229,-121.44455,329.6,0.41,0.45,2018-11-11,2034,N,VIIRS,n,2,291.45,6.29,D,0
39.76365,-121.43836,350.59,0.41,0.45,2018-11-11,2034,N,VIIRS,n,2,293.17,6.29,D,0
39.76871,-121.43491,353.89,0.41,0.45,2018-11-11,2034,N,VIIRS,n,2,293.55,15.37,D,0
39.76973,-121.45005,349.9,0.41,0.45,2018-11-11,2034,N,VIIRS,n,2,298.09,28.63,D,0
39.76981,-121.42986,354.72,0.41,0.45,2018-11-11,2034,N,VIIRS,n,2,300.61,15.37,D,0
39.77087,-121.42503,343.84,0.41,0.45,2018-11-11,2034,N,VIIRS,n,2,289.23,18.23,D,0
39.77254,-121.43713,331.88,0.41,0.45,2018-11-11,2034,N,VIIRS,n,2,293.49,15.37,D,0
39.77482,-121.44649,347.98,0.41,0.45,2018-11-11,2034,N,VIIRS,n,2,291.99,8.28,D,0
39.77489,-121.42639,367,0.41,0.45,2018-11-11,2034,N,VIIRS,h,2,297.2,18.23,D,0
39.77589,-121.42176,353.34,0.41,0.45,2018-11-11,2034,N,VIIRS,n,2,302.05,18.23,D,0
39.77618,-121.44025,326.14,0.41,0.45,2018-11-11,2034,N,VIIRS,n,2,289.42,6.57,D,0
39.77689,-121.4172,342.32,0.41,0.45,2018-11-11,2034,N,VIIRS,n,2,289.14,10.57,D,0
39.77884,-121.42802,335.68,0.41,0.45,2018-11-11,2034,N,VIIRS,n,2,290.48,6.98,D,0
39.77984,-121.42343,349.63,0.41,0.45,2018-11-11,2034,N,VIIRS,n,2,292.88,6.98,D,0
39.78081,-121.41899,356.18,0.41,0.45,2018-11-11,2034,N,VIIRS,l,2,293.68,11.06,D,0
39.7818,-121.41438,353.47,0.41,0.45,2018-11-11,2034,N,VIIRS,n,2,294.66,11.06,D,0
39.78287,-121.40949,337.06,0.4,0.45,2018-11-11,2034,N,VIIRS,n,2,288.75,16.08,D,0
39.78511,-121.43887,340.55,0.41,0.45,2018-11-11,2034,N,VIIRS,n,2,290.7,3.88,D,0
39.78562,-121.41666,348.44,0.41,0.45,2018-11-11,2034,N,VIIRS,n,2,289.88,11.06,D,0
39.78672,-121.41161,355.65,0.4,0.45,2018-11-11,2034,N,VIIRS,n,2,296.5,16.08,D,0
39.78786,-121.40633,352.99,0.4,0.45,2018-11-11,2034,N,VIIRS,n,2,295.85,16.08,D,0
39.78891,-121.44124,330.13,0.41,0.45,2018-11-11,2034,N,VIIRS,n,2,290.2,3.88,D,0
39.78896,-121.40126,367,0.4,0.45,2018-11-11,2034,N,VIIRS,h,2,294.69,9.74,D,0
39.79,-121.39648,350.54,0.4,0.45,2018-11-11,2034,N,VIIRS,n,2,292.67,9.74,D,0
39.79172,-121.4084,348.69,0.4,0.45,2018-11-11,2034,N,VIIRS,n,2,292.83,7.48,D,0
39.79278,-121.44329,367,0.41,0.45,2018-11-11,2034,N,VIIRS,h,2,294.96,16.41,D,0
39.7928,-121.40339,356.29,0.4,0.45,2018-11-11,2034,N,VIIRS,n,2,294.79,12.04,D,0
39.79385,-121.39859,367,0.4,0.45,2018-11-11,2034,N,VIIRS,h,2,305.34,12.04,D,0
39.794,-121.43769,348.73,0.41,0.45,2018-11-11,2034,N,VIIRS,n,2,295.7,15.7,D,0
39.79664,-121.40559,325.32,0.4,0.45,2018-11-11,2034,N,VIIRS,n,2,290.01,12.04,D,0
39.79673,-121.66592,325.39,0.42,0.45,2018-11-11,2034,N,VIIRS,n,2,291.35,3.5,D,0
39.79694,-121.68515,310.88,0.42,0.45,2018-11-11,2034,N,VIIRS,l,2,324.42,60.88,D,0
39.7973,-121.68889,325.48,0.42,0.45,2018-11-11,2034,N,VIIRS,n,2,295.53,39.71,D,0
39.79767,-121.40082,347.01,0.4,0.45,2018-11-11,2034,N,VIIRS,n,2,293.08,12.04,D,0
39.79781,-121.44003,367,0.41,0.45,2018-11-11,2034,N,VIIRS,h,2,294.21,15.7,D,0
39.79802,-121.68012,354.38,0.42,0.45,2018-11-11,2034,N,VIIRS,n,2,305.41,60.88,D,0
39.79822,-121.66501,338.42,0.42,0.45,2018-11-11,2034,N,VIIRS,n,2,291.27,3.63,D,0
39.79844,-121.68375,367,0.42,0.45,2018-11-11,2034,N,VIIRS,h,2,340.69,46.77,D,0
39.79871,-121.39601,338.67,0.4,0.45,2018-11-11,2034,N,VIIRS,n,2,290.01,13.82,D,0
39.79885,-121.43522,356.68,0.41,0.45,2018-11-11,2034,N,VIIRS,n,2,294.4,15.7,D,0
39.79955,-121.67879,342.29,0.42,0.45,2018-11-11,2034,N,VIIRS,n,2,295.92,46.77,D,0
39.8,-121.67101,345.44,0.42,0.45,2018-11-11,2034,N,VIIRS,n,2,293.31,7.24,D,0
39.80058,-121.67416,335.35,0.42,0.45,2018-11-11,2034,N,VIIRS,n,2,293,6.9,D,0
39.80085,-121.66705,332.36,0.42,0.45,2018-11-11,2034,N,VIIRS,n,2,290.05,3.5,D,0
39.80153,-121.66986,347.81,0.42,0.45,2018-11-11,2034,N,VIIRS,n,2,293.4,6.9,D,0
39.80245,-121.68542,326.89,0.42,0.45,2018-11-11,2034,N,VIIRS,n,2,287.59,46.77,D,0
39.80262,-121.43771,340.23,0.41,0.45,2018-11-11,2034,N,VIIRS,n,2,309.11,36.55,D,0
39.80372,-121.43262,335.35,0.41,0.45,2018-11-11,2034,N,VIIRS,n,2,291.1,12.56,D,0
39.80661,-121.43918,337.29,0.41,0.45,2018-11-11,2034,N,VIIRS,n,2,287.88,36.55,D,0
39.80727,-121.62428,338.46,0.41,0.45,2018-11-11,2034,N,VIIRS,n,2,290.53,2.88,D,0
39.80763,-121.39455,348.4,0.4,0.45,2018-11-11,2034,N,VIIRS,n,2,292.61,13.8,D,0
39.80765,-121.43439,343.67,0.41,0.45,2018-11-11,2034,N,VIIRS,n,2,289.39,12.56,D,0
39.8093,-121.40676,331.08,0.4,0.45,2018-11-11,2034,N,VIIRS,n,2,286.57,8.67,D,0
39.80953,-121.62669,336.89,0.41,0.45,2018-11-11,2034,N,VIIRS,n,2,289.64,4.28,D,0
39.81044,-121.40145,350.5,0.4,0.45,2018-11-11,2034,N,VIIRS,n,2,292.46,135.89,D,0
39.81046,-121.64923,340.86,0.41,0.45,2018-11-11,2034,N,VIIRS,n,2,292.15,8.19,D,0
39.81164,-121.39589,367,0.4,0.45,2018-11-11,2034,N,VIIRS,h,2,348.03,135.89,D,0
39.81165,-121.64382,352.78,0.41,0.45,2018-11-11,2034,N,VIIRS,n,2,296.23,8.19,D,0
39.8129,-121.39005,340.04,0.4,0.44,2018-11-11,2034,N,VIIRS,n,2,286.99,55.05,D,0
39.81291,-121.63815,351.69,0.41,0.45,2018-11-11,2034,N,VIIRS,n,2,292.58,16.94,D,0
39.81421,-121.63228,341.41,0.41,0.45,2018-11-11,2034,N,VIIRS,n,2,294.66,16.94,D,0
39.81434,-121.40332,342.82,0.4,0.45,2018-11-11,2034,N,VIIRS,n,2,290.47,135.89,D,0
39.81681,-121.39188,348.06,0.4,0.44,2018-11-11,2034,N,VIIRS,n,2,297.31,55.05,D,0
39.81935,-121.40007,357.08,0.4,0.45,2018-11-11,2034,N,VIIRS,n,2,305.69,14.74,D,0
39.82184,-121.4085,330.87,0.4,0.45,2018-11-11,2034,N,VIIRS,n,2,291.2,14.74,D,0
39.82188,-121.38824,338.61,0.4,0.44,2018-11-11,2034,N,VIIRS,n,2,285.96,73.3,D,0
39.82306,-121.4028,367,0.4,0.45,2018-11-11,2034,N,VIIRS,h,2,301.9,14.74,D,0
39.82439,-121.39661,356.46,0.4,0.44,2018-11-11,2034,N,VIIRS,n,2,302.74,73.3,D,0
39.8268,-121.40544,347.19,0.4,0.45,2018-11-11,2034,N,VIIRS,n,2,297.74,15.54,D,0
39.82808,-121.39945,339.79,0.4,0.44,2018-11-11,2034,N,VIIRS,n,2,308.33,37.01,D,0
39.82863,-121.41698,342.62,0.4,0.45,2018-11-11,2034,N,VIIRS,n,2,291.49,5.26,D,0
39.82955,-121.4127,354.79,0.4,0.45,2018-11-11,2034,N,VIIRS,n,2,293.7,15.54,D,0
39.83051,-121.44829,330.83,0.41,0.45,2018-11-11,2034,N,VIIRS,n,2,288.9,3.22,D,0
39.83066,-121.40749,339.39,0.4,0.45,2018-11-11,2034,N,VIIRS,n,2,295.83,15.54,D,0
39.83143,-121.444,332.74,0.41,0.45,2018-11-11,2034,N,VIIRS,n,2,288.76,3.22,D,0
39.83182,-121.42216,339.96,0.4,0.45,2018-11-11,2034,N,VIIRS,n,2,313.85,42.55,D,0
39.83188,-121.40182,339.07,0.4,0.44,2018-11-11,2034,N,VIIRS,n,2,292.08,37.01,D,0
39.83269,-121.41813,340.84,0.4,0.45,2018-11-11,2034,N,VIIRS,n,2,295.66,42.55,D,0
39.83271,-121.45811,339.25,0.41,0.45,2018-11-11,2034,N,VIIRS,n,2,288.68,21.98,D,0
39.83364,-121.45381,367,0.41,0.45,2018-11-11,2034,N,VIIRS,h,2,300.11,21.98,D,0
39.83457,-121.44942,344.94,0.41,0.45,2018-11-11,2034,N,VIIRS,n,2,288.97,6.59,D,0
39.83552,-121.445,332.9,0.41,0.45,2018-11-11,2034,N,VIIRS,n,2,288.2,6.59,D,0
39.8359,-121.42318,350.82,0.4,0.45,2018-11-11,2034,N,VIIRS,n,2,302.71,42.55,D,0
39.83815,-121.58297,345.05,0.41,0.45,2018-11-11,2034,N,VIIRS,n,2,291.13,7,D,0
39.84753,-121.48114,338.28,0.41,0.45,2018-11-11,2034,N,VIIRS,n,2,288.38,4.32,D,0
39.85714,-121.49643,350.44,0.41,0.45,2018-11-11,2034,N,VIIRS,n,2,293.84,9.01,D,0
39.85857,-121.5294,354.46,0.41,0.45,2018-11-11,2034,N,VIIRS,n,2,303.77,21.8,D,0
39.8588,-121.50856,336.38,0.41,0.45,2018-11-11,2034,N,VIIRS,n,2,292.15,8.68,D,0
39.8596,-121.5247,351.44,0.41,0.45,2018-11-11,2034,N,VIIRS,n,2,305.54,21.8,D,0
39.86061,-121.52003,340.92,0.41,0.45,2018-11-11,2034,N,VIIRS,n,2,291.21,7.31,D,0
39.86145,-121.53602,345.33,0.41,0.45,2018-11-11,2034,N,VIIRS,n,2,296.16,18.21,D,0
39.86248,-121.53129,367,0.41,0.45,2018-11-11,2034,N,VIIRS,h,2,291.98,21.8,D,0
39.86351,-121.54642,341.87,0.41,0.45,2018-11-11,2034,N,VIIRS,n,2,293.8,14.19,D,0
39.86352,-121.52657,329.22,0.41,0.45,2018-11-11,2034,N,VIIRS,n,2,288.81,21.8,D,0
39.86452,-121.54181,334.66,0.41,0.45,2018-11-11,2034,N,VIIRS,n,2,292.06,5.16,D,0
39.86559,-121.55677,329.65,0.41,0.45,2018-11-11,2034,N,VIIRS,n,2,300.59,17.68,D,0
39.86657,-121.55225,346.1,0.41,0.45,2018-11-11,2034,N,VIIRS,n,2,296,14.19,D,0
39.64418,-121.63297,300.28,0.39,0.6,2018-11-11,911,N,VIIRS,n,2,281.46,0.64,N,0
39.66127,-121.6401,295.95,0.39,0.6,2018-11-11,911,N,VIIRS,n,2,283.71,0.51,N,0
39.67678,-121.504,308.14,0.39,0.59,2018-11-11,911,N,VIIRS,n,2,282.32,2.68,N,0
39.67699,-121.50816,346.77,0.39,0.59,2018-11-11,911,N,VIIRS,n,2,286.71,8.72,N,0
39.67722,-121.51245,340.43,0.39,0.59,2018-11-11,911,N,VIIRS,n,2,285.64,8.72,N,0
39.67745,-121.51715,367,0.39,0.59,2018-11-11,911,N,VIIRS,h,2,297.57,18.65,N,0
39.6777,-121.52192,327.67,0.39,0.59,2018-11-11,911,N,VIIRS,n,2,283.09,18.65,N,0
39.68107,-121.47946,354.34,0.39,0.59,2018-11-11,911,N,VIIRS,n,2,290.41,7.98,N,0
39.68132,-121.48425,334.33,0.39,0.59,2018-11-11,911,N,VIIRS,n,2,285.4,7.98,N,0
39.68156,-121.48901,322.86,0.39,0.59,2018-11-11,911,N,VIIRS,n,2,284.61,3.43,N,0
39.68181,-121.49387,296.34,0.39,0.59,2018-11-11,911,N,VIIRS,n,2,283.31,3.43,N,0
39.68205,-121.49854,308.31,0.39,0.59,2018-11-11,911,N,VIIRS,n,2,282.92,4.34,N,0
39.68228,-121.50298,351.97,0.39,0.59,2018-11-11,911,N,VIIRS,n,2,287.7,4.34,N,0
39.6825,-121.50718,355.03,0.39,0.59,2018-11-11,911,N,VIIRS,n,2,291.85,8.31,N,0
39.68271,-121.51139,367,0.39,0.59,2018-11-11,911,N,VIIRS,h,2,294.83,8.31,N,0
39.68294,-121.51596,352.49,0.39,0.59,2018-11-11,911,N,VIIRS,n,2,299.19,11.93,N,0
39.68319,-121.5208,353.27,0.39,0.59,2018-11-11,911,N,VIIRS,n,2,288.61,11.93,N,0
39.68623,-121.47203,346.42,0.39,0.59,2018-11-11,911,N,VIIRS,n,2,288.37,8.21,N,0
39.68648,-121.47687,334.29,0.39,0.59,2018-11-11,911,N,VIIRS,n,2,288.28,7.98,N,0
39.68675,-121.48212,319.15,0.39,0.59,2018-11-11,911,N,VIIRS,n,2,285.27,7.98,N,0
39.68705,-121.48786,311.09,0.39,0.59,2018-11-11,911,N,VIIRS,n,2,284.21,3.43,N,0
39.68729,-121.49268,367,0.39,0.59,2018-11-11,911,N,VIIRS,h,2,288.9,3.43,N,0
39.68753,-121.49726,332.63,0.39,0.59,2018-11-11,911,N,VIIRS,n,2,286.05,4.34,N,0
39.68777,-121.50184,325.32,0.39,0.59,2018-11-11,911,N,VIIRS,n,2,285.65,4.34,N,0
39.68821,-121.51032,308.14,0.39,0.59,2018-11-11,911,N,VIIRS,n,2,282.36,8.31,N,0
39.68843,-121.51466,310.21,0.39,0.59,2018-11-11,911,N,VIIRS,n,2,283.72,11.93,N,0
39.69069,-121.55891,314.02,0.39,0.59,2018-11-11,911,N,VIIRS,n,2,283.68,1.53,N,0
39.69093,-121.56365,305.79,0.39,0.59,2018-11-11,911,N,VIIRS,n,2,284.27,2.37,N,0
39.69138,-121.46456,295.53,0.39,0.59,2018-11-11,911,N,VIIRS,n,2,284.43,6.66,N,0
39.69164,-121.46956,367,0.39,0.59,2018-11-11,911,N,VIIRS,h,2,293.23,6.66,N,0
39.69191,-121.47464,315.55,0.39,0.59,2018-11-11,911,N,VIIRS,n,2,284.13,10.04,N,0
39.69632,-121.45325,305.62,0.39,0.59,2018-11-11,911,N,VIIRS,n,2,282.89,1.15,N,0
39.69658,-121.45807,304.6,0.39,0.59,2018-11-11,911,N,VIIRS,n,2,284.22,1.15,N,0
39.70158,-121.44799,338.61,0.38,0.59,2018-11-11,911,N,VIIRS,n,2,285.33,4.65,N,0
39.70185,-121.45319,327.56,0.39,0.59,2018-11-11,911,N,VIIRS,n,2,286.95,7.24,N,0
39.70212,-121.45826,344.77,0.39,0.59,2018-11-11,911,N,VIIRS,n,2,286.98,7.24,N,0
39.70237,-121.46306,296.28,0.39,0.59,2018-11-11,911,N,VIIRS,n,2,283.61,1.56,N,0
39.70262,-121.4677,295.81,0.39,0.59,2018-11-11,911,N,VIIRS,n,2,283.23,1.56,N,0
39.70718,-121.44933,320.75,0.38,0.59,2018-11-11,911,N,VIIRS,n,2,284.76,4.65,N,0
39.7072,-121.45266,367,0.39,0.59,2018-11-11,911,N,VIIRS,h,2,291,12.87,N,0
39.70744,-121.45793,355.48,0.39,0.59,2018-11-11,911,N,VIIRS,n,2,289.23,5.68,N,0
39.70747,-121.45478,367,0.39,0.59,2018-11-11,911,N,VIIRS,h,2,293.76,7.24,N,0
39.70768,-121.46301,313.19,0.39,0.59,2018-11-11,911,N,VIIRS,n,2,285.3,5.68,N,0
39.70774,-121.46,329.51,0.39,0.59,2018-11-11,911,N,VIIRS,n,2,287.37,7.24,N,0
39.70789,-121.46745,298.12,0.39,0.59,2018-11-11,911,N,VIIRS,n,2,282.96,1.62,N,0
39.708,-121.46484,305.47,0.39,0.59,2018-11-11,911,N,VIIRS,n,2,284.8,1.56,N,0
39.71306,-121.45985,321.09,0.39,0.59,2018-11-11,911,N,VIIRS,n,2,284.5,5.68,N,0
39.7131,-121.45663,301.51,0.39,0.59,2018-11-11,911,N,VIIRS,n,2,283.83,1.55,N,0
39.71337,-121.46159,314.12,0.39,0.59,2018-11-11,911,N,VIIRS,n,2,283.95,1.55,N,0
39.71853,-121.45847,339.97,0.39,0.59,2018-11-11,911,N,VIIRS,n,2,287.06,3.05,N,0
39.71859,-121.45568,305.7,0.39,0.59,2018-11-11,911,N,VIIRS,n,2,284.19,1.55,N,0
39.71875,-121.46318,300.98,0.39,0.59,2018-11-11,911,N,VIIRS,n,2,284.79,3.05,N,0
39.71882,-121.46012,341.32,0.39,0.59,2018-11-11,911,N,VIIRS,n,2,288.15,1.55,N,0
39.72374,-121.45165,333.45,0.39,0.59,2018-11-11,911,N,VIIRS,n,2,285.42,3.92,N,0
39.72398,-121.45658,325.67,0.39,0.59,2018-11-11,911,N,VIIRS,n,2,286.74,3.05,N,0
39.724,-121.45349,342.43,0.39,0.59,2018-11-11,911,N,VIIRS,n,2,287.72,2.64,N,0
39.72427,-121.45851,309.46,0.39,0.59,2018-11-11,911,N,VIIRS,n,2,284.96,2.64,N,0
39.72907,-121.445,300.41,0.38,0.59,2018-11-11,911,N,VIIRS,n,2,282.35,2.36,N,0
39.7291,-121.44775,333.44,0.39,0.59,2018-11-11,911,N,VIIRS,n,2,285.36,2.22,N,0
39.72932,-121.44962,325.56,0.39,0.59,2018-11-11,911,N,VIIRS,n,2,284.69,2.64,N,0
39.73451,-121.44531,327.65,0.39,0.59,2018-11-11,911,N,VIIRS,n,2,284.63,2.22,N,0
39.73473,-121.44981,302.2,0.39,0.59,2018-11-11,911,N,VIIRS,n,2,283.26,3.78,N,0
39.74018,-121.44801,327.73,0.39,0.59,2018-11-11,911,N,VIIRS,n,2,284.91,2.16,N,0
39.74567,-121.44713,322.16,0.39,0.59,2018-11-11,911,N,VIIRS,n,2,282.57,2.16,N,0
39.74593,-121.45242,313.68,0.39,0.59,2018-11-11,911,N,VIIRS,n,2,283.83,2.16,N,0
39.75117,-121.44668,297.74,0.39,0.59,2018-11-11,911,N,VIIRS,n,2,280.98,1.73,N,0
39.75158,-121.45506,328.86,0.39,0.59,2018-11-11,911,N,VIIRS,n,2,285.42,1.73,N,0
39.75201,-121.46389,303.37,0.39,0.59,2018-11-11,911,N,VIIRS,n,2,283.46,3.26,N,0
39.75725,-121.45773,313.72,0.39,0.59,2018-11-11,911,N,VIIRS,n,2,285.56,1.73,N,0
39.77298,-121.44028,298.83,0.39,0.59,2018-11-11,911,N,VIIRS,n,2,279.65,1.4,N,0
39.77353,-121.45129,313.41,0.39,0.59,2018-11-11,911,N,VIIRS,n,2,284.05,4.03,N,0
39.77876,-121.44524,304.24,0.39,0.59,2018-11-11,911,N,VIIRS,n,2,282.98,1.4,N,0
39.77904,-121.45083,348.49,0.39,0.59,2018-11-11,911,N,VIIRS,n,2,287.99,4.03,N,0
39.78584,-121.69982,296.99,0.4,0.6,2018-11-11,911,N,VIIRS,n,2,281.91,2.38,N,0
39.78964,-121.66295,301.94,0.4,0.6,2018-11-11,911,N,VIIRS,n,2,285.38,1.3,N,0
39.79061,-121.68272,320.94,0.4,0.6,2018-11-11,911,N,VIIRS,n,2,284.47,2.49,N,0
39.79087,-121.68804,297.59,0.4,0.6,2018-11-11,911,N,VIIRS,n,2,284.46,1.68,N,0
39.79115,-121.69369,295.11,0.4,0.6,2018-11-11,911,N,VIIRS,n,2,283.87,1.68,N,0
39.79142,-121.69942,341.01,0.4,0.6,2018-11-11,911,N,VIIRS,n,2,284.95,2.38,N,0
39.7952,-121.66231,347.51,0.4,0.6,2018-11-11,911,N,VIIRS,n,2,288.29,4,N,0
39.79538,-121.66576,322.33,0.4,0.6,2018-11-11,911,N,VIIRS,n,2,287.08,4,N,0
39.79554,-121.66911,310.94,0.4,0.6,2018-11-11,911,N,VIIRS,n,2,285.67,4.09,N,0
39.79572,-121.67273,334.1,0.4,0.6,2018-11-11,911,N,VIIRS,n,2,287.8,4.09,N,0
39.79593,-121.6769,347.95,0.4,0.6,2018-11-11,911,N,VIIRS,n,2,286.5,8.53,N,0
39.79616,-121.68169,350.62,0.4,0.6,2018-11-11,911,N,VIIRS,n,2,289.46,8.53,N,0
39.79642,-121.68699,354.01,0.4,0.6,2018-11-11,911,N,VIIRS,n,2,287.89,5.79,N,0
39.79671,-121.69293,333.84,0.4,0.6,2018-11-11,911,N,VIIRS,n,2,286.98,5.79,N,0
39.79965,-121.63917,295.54,0.39,0.6,2018-11-11,911,N,VIIRS,n,2,283.1,4.99,N,0
39.8,-121.64623,367,0.39,0.6,2018-11-11,911,N,VIIRS,h,2,289.53,4.99,N,0
39.80031,-121.65246,340.36,0.4,0.6,2018-11-11,911,N,VIIRS,n,2,287.99,10.98,N,0
39.80111,-121.66851,313.53,0.4,0.6,2018-11-11,911,N,VIIRS,n,2,286.06,4.09,N,0
39.80129,-121.67207,338.61,0.4,0.6,2018-11-11,911,N,VIIRS,n,2,287.94,4.09,N,0
39.80149,-121.67619,367,0.4,0.6,2018-11-11,911,N,VIIRS,h,2,287.72,8.53,N,0
39.80524,-121.63908,336.49,0.39,0.6,2018-11-11,911,N,VIIRS,n,2,288.78,14.39,N,0
39.80558,-121.64594,324.73,0.39,0.6,2018-11-11,911,N,VIIRS,n,2,309.13,14.39,N,0
39.80589,-121.65198,367,0.4,0.6,2018-11-11,911,N,VIIRS,h,2,292.72,16.55,N,0
39.80613,-121.65687,295.18,0.4,0.6,2018-11-11,911,N,VIIRS,n,2,282.53,16.55,N,0
39.81043,-121.6311,312.21,0.39,0.6,2018-11-11,911,N,VIIRS,n,2,284.84,4.35,N,0
39.8108,-121.63855,330.55,0.39,0.6,2018-11-11,911,N,VIIRS,n,2,288.2,14.39,N,0
39.81115,-121.64529,322.6,0.39,0.6,2018-11-11,911,N,VIIRS,n,2,286.47,14.39,N,0
39.81144,-121.65121,299.02,0.4,0.6,2018-11-11,911,N,VIIRS,n,2,281.14,16.55,N,0
39.82077,-121.41288,334.78,0.38,0.59,2018-11-11,911,N,VIIRS,n,2,283.62,15.61,N,0
39.82104,-121.41847,319.41,0.38,0.59,2018-11-11,911,N,VIIRS,n,2,284.2,15.61,N,0
39.82126,-121.42311,296.52,0.38,0.59,2018-11-11,911,N,VIIRS,n,2,284.16,11.42,N,0
39.82137,-121.41411,367,0.38,0.59,2018-11-11,911,N,VIIRS,h,2,285.72,6.46,N,0
39.82165,-121.41936,316.53,0.38,0.59,2018-11-11,911,N,VIIRS,n,2,284.44,3.07,N,0
39.82188,-121.42368,296.51,0.38,0.59,2018-11-11,911,N,VIIRS,n,2,283.99,3.07,N,0
39.82302,-121.44514,298.11,0.39,0.59,2018-11-11,911,N,VIIRS,n,2,280.67,0.52,N,0
39.82632,-121.41344,345.99,0.38,0.59,2018-11-11,911,N,VIIRS,n,2,291.27,15.61,N,0
39.82653,-121.41784,367,0.38,0.59,2018-11-11,911,N,VIIRS,h,2,303.02,15.61,N,0
39.82662,-121.40896,295.1,0.38,0.59,2018-11-11,911,N,VIIRS,n,2,284.08,14.76,N,0
39.82673,-121.42172,367,0.38,0.59,2018-11-11,911,N,VIIRS,h,2,289.06,11.42,N,0
39.8269,-121.42535,320.18,0.38,0.59,2018-11-11,911,N,VIIRS,n,2,283.48,11.42,N,0
39.82691,-121.41436,339.21,0.38,0.59,2018-11-11,911,N,VIIRS,n,2,295.03,14.76,N,0
39.82707,-121.42881,295.26,0.39,0.59,2018-11-11,911,N,VIIRS,n,2,282.02,2.53,N,0
39.82713,-121.4185,367,0.38,0.59,2018-11-11,911,N,VIIRS,h,2,298.98,25.21,N,0
39.82734,-121.42224,367,0.38,0.59,2018-11-11,911,N,VIIRS,h,2,289.69,25.21,N,0
39.82742,-121.4359,296.82,0.39,0.59,2018-11-11,911,N,VIIRS,n,2,281.5,0.97,N,0
39.82752,-121.42579,319.79,0.38,0.59,2018-11-11,911,N,VIIRS,n,2,283.02,16.37,N,0
39.82759,-121.43963,295.97,0.39,0.59,2018-11-11,911,N,VIIRS,n,2,280.69,0.97,N,0
39.82771,-121.42924,297.37,0.38,0.59,2018-11-11,911,N,VIIRS,n,2,281.93,16.37,N,0
39.82778,-121.44352,304.25,0.39,0.59,2018-11-11,911,N,VIIRS,n,2,280.7,8.09,N,0
39.8279,-121.43273,295.96,0.39,0.59,2018-11-11,911,N,VIIRS,n,2,281.79,11.53,N,0
39.82796,-121.4473,367,0.39,0.59,2018-11-11,911,N,VIIRS,h,2,289.78,8.09,N,0
39.82809,-121.43633,299.58,0.39,0.59,2018-11-11,911,N,VIIRS,n,2,281.45,11.53,N,0
39.82814,-121.45097,343.69,0.39,0.59,2018-11-11,911,N,VIIRS,n,2,282.71,9.04,N,0
39.82829,-121.44011,296.12,0.39,0.59,2018-11-11,911,N,VIIRS,n,2,280.49,4.18,N,0
39.82832,-121.45473,325.44,0.39,0.59,2018-11-11,911,N,VIIRS,n,2,280.9,9.04,N,0
39.8285,-121.44403,312.78,0.39,0.59,2018-11-11,911,N,VIIRS,n,2,281.5,4.18,N,0
39.82851,-121.45867,329.5,0.39,0.59,2018-11-11,911,N,VIIRS,n,2,280.33,4.99,N,0
39.8287,-121.44777,367,0.39,0.59,2018-11-11,911,N,VIIRS,h,2,293.11,10.72,N,0
39.8289,-121.45147,355.6,0.39,0.59,2018-11-11,911,N,VIIRS,n,2,283.21,10.72,N,0
39.8291,-121.45527,344.03,0.39,0.59,2018-11-11,911,N,VIIRS,n,2,281.95,5.56,N,0
39.82931,-121.45924,340.09,0.39,0.59,2018-11-11,911,N,VIIRS,n,2,280.75,5.56,N,0
39.83204,-121.41716,310.77,0.38,0.59,2018-11-11,911,N,VIIRS,n,2,284.96,5.28,N,0
39.83221,-121.42068,347.99,0.38,0.59,2018-11-11,911,N,VIIRS,n,2,292.79,22.16,N,0
39.83237,-121.4241,367,0.38,0.59,2018-11-11,911,N,VIIRS,h,2,293.56,22.16,N,0
39.83253,-121.42741,351.66,0.39,0.59,2018-11-11,911,N,VIIRS,n,2,295.95,17.88,N,0
39.83262,-121.41776,298.23,0.38,0.59,2018-11-11,911,N,VIIRS,n,2,284.31,25.21,N,0
39.8327,-121.43089,367,0.39,0.59,2018-11-11,911,N,VIIRS,h,2,290.12,17.88,N,0
39.83281,-121.42124,350.63,0.38,0.59,2018-11-11,911,N,VIIRS,n,2,294.66,25.21,N,0
39.83288,-121.43452,367,0.39,0.59,2018-11-11,911,N,VIIRS,h,2,293.48,14.81,N,0
39.83299,-121.42461,367,0.38,0.59,2018-11-11,911,N,VIIRS,h,2,289.67,16.37,N,0
39.83307,-121.43826,320.82,0.39,0.59,2018-11-11,911,N,VIIRS,n,2,281.05,14.81,N,0
39.83317,-121.42793,353.78,0.38,0.59,2018-11-11,911,N,VIIRS,n,2,298.68,16.37,N,0
39.83326,-121.44225,307.37,0.39,0.59,2018-11-11,911,N,VIIRS,n,2,279.72,5.09,N,0
39.83335,-121.4314,367,0.39,0.59,2018-11-11,911,N,VIIRS,h,2,288.98,11.53,N,0
39.83345,-121.44624,342.66,0.39,0.59,2018-11-11,911,N,VIIRS,n,2,282.12,5.09,N,0
39.83355,-121.43503,367,0.39,0.59,2018-11-11,911,N,VIIRS,h,2,293.18,11.53,N,0
39.83364,-121.45024,367,0.39,0.59,2018-11-11,911,N,VIIRS,h,2,289.17,11.07,N,0
39.83375,-121.4388,304.72,0.39,0.59,2018-11-11,911,N,VIIRS,n,2,279.9,4.18,N,0
39.83384,-121.4543,344.53,0.39,0.59,2018-11-11,911,N,VIIRS,n,2,282.82,11.07,N,0
39.83397,-121.44277,308.95,0.39,0.59,2018-11-11,911,N,VIIRS,n,2,279.97,4.18,N,0
39.83404,-121.45838,349.44,0.39,0.59,2018-11-11,911,N,VIIRS,n,2,282.84,7.81,N,0
39.83418,-121.44678,321.58,0.39,0.59,2018-11-11,911,N,VIIRS,n,2,280.71,10.72,N,0
39.8344,-121.45084,367,0.39,0.59,2018-11-11,911,N,VIIRS,h,2,285.17,10.72,N,0
39.83462,-121.45494,329.74,0.39,0.59,2018-11-11,911,N,VIIRS,n,2,281.22,5.56,N,0
39.83484,-121.45905,316.81,0.39,0.59,2018-11-11,911,N,VIIRS,n,2,279.97,5.56,N,0
39.83601,-121.48094,302.34,0.39,0.59,2018-11-11,911,N,VIIRS,n,2,277.57,1.01,N,0
39.83802,-121.42638,297.1,0.39,0.59,2018-11-11,911,N,VIIRS,n,2,281.4,17.88,N,0
39.84084,-121.48459,311.81,0.39,0.59,2018-11-11,911,N,VIIRS,n,2,277.7,1.26,N,0
39.84111,-121.49024,297.07,0.39,0.59,2018-11-11,911,N,VIIRS,n,2,278.24,1.26,N,0
39.84539,-121.58083,296.07,0.39,0.6,2018-11-11,911,N,VIIRS,n,2,282.96,0.39,N,0
39.8461,-121.47878,295.52,0.39,0.59,2018-11-11,911,N,VIIRS,n,2,278.63,5.65,N,0
39.84635,-121.48393,336.63,0.39,0.59,2018-11-11,911,N,VIIRS,n,2,287.09,39.59,N,0
39.84664,-121.49001,367,0.39,0.59,2018-11-11,911,N,VIIRS,h,2,288.29,39.59,N,0
39.85187,-121.48338,318.2,0.39,0.59,2018-11-11,911,N,VIIRS,n,2,286.31,39.59,N,0
39.85215,-121.48911,367,0.39,0.59,2018-11-11,911,N,VIIRS,h,2,300.73,39.59,N,0
39.85248,-121.49612,314.5,0.39,0.59,2018-11-11,911,N,VIIRS,n,2,281.27,22.06,N,0
39.85277,-121.50214,350.27,0.39,0.59,2018-11-11,911,N,VIIRS,n,2,284.21,22.06,N,0
39.85302,-121.50742,331.36,0.39,0.59,2018-11-11,911,N,VIIRS,n,2,283.3,7.63,N,0
39.85347,-121.51669,305.99,0.39,0.59,2018-11-11,911,N,VIIRS,n,2,281.6,1.32,N,0
39.85368,-121.52107,299.56,0.39,0.59,2018-11-11,911,N,VIIRS,n,2,281.07,1.32,N,0
39.85392,-121.52603,315.93,0.39,0.59,2018-11-11,911,N,VIIRS,n,2,283.08,3.52,N,0
39.85421,-121.53203,319.93,0.39,0.59,2018-11-11,911,N,VIIRS,n,2,283.17,3.52,N,0
39.85452,-121.53867,367,0.39,0.59,2018-11-11,911,N,VIIRS,h,2,289.08,9.81,N,0
39.85826,-121.50091,356.27,0.39,0.59,2018-11-11,911,N,VIIRS,n,2,285.27,6.16,N,0
39.85855,-121.50692,301.16,0.39,0.59,2018-11-11,911,N,VIIRS,n,2,281.48,2.46,N,0
39.85883,-121.51257,316.46,0.39,0.59,2018-11-11,911,N,VIIRS,n,2,283.41,2.46,N,0
39.85907,-121.51753,312.66,0.39,0.59,2018-11-11,911,N,VIIRS,n,2,283.23,1.88,N,0
39.8593,-121.52245,306.32,0.39,0.59,2018-11-11,911,N,VIIRS,n,2,283.21,1.88,N,0
39.85955,-121.52764,330.2,0.39,0.59,2018-11-11,911,N,VIIRS,n,2,284.24,6.08,N,0
39.8598,-121.53284,367,0.39,0.59,2018-11-11,911,N,VIIRS,h,2,287.25,6.08,N,0
39.86005,-121.53783,336.66,0.39,0.59,2018-11-11,911,N,VIIRS,n,2,286.84,4.16,N,0
39.86026,-121.54227,344.31,0.39,0.59,2018-11-11,911,N,VIIRS,n,2,287.01,4.16,N,0
39.86048,-121.54677,318.54,0.39,0.59,2018-11-11,911,N,VIIRS,n,2,284.6,2.97,N,0
39.8607,-121.5513,334.64,0.39,0.59,2018-11-11,911,N,VIIRS,n,2,285.37,2.97,N,0
39.8609,-121.55565,331.73,0.39,0.59,2018-11-11,911,N,VIIRS,n,2,284.35,4.64,N,0
39.86577,-121.54114,301.45,0.39,0.59,2018-11-11,911,N,VIIRS,n,2,282.05,4.16,N,0
39.86599,-121.54575,309.74,0.39,0.59,2018-11-11,911,N,VIIRS,n,2,282.96,2.97,N,0
39.86621,-121.55017,319.62,0.39,0.59,2018-11-11,911,N,VIIRS,n,2,284.22,2.97,N,0
39.86641,-121.55444,331.11,0.39,0.59,2018-11-11,911,N,VIIRS,n,2,284.39,4.64,N,0
39.63014,-121.50842,340.28,0.48,0.48,2018-11-12,1033,N,VIIRS,n,2,285.43,22.71,N,0
39.63142,-121.51393,341.43,0.48,0.48,2018-11-12,1033,N,VIIRS,n,2,299.27,49.21,N,0
39.63264,-121.51916,307.52,0.48,0.48,2018-11-12,1033,N,VIIRS,n,2,284.27,49.21,N,0
39.63287,-121.50008,300.49,0.48,0.48,2018-11-12,1033,N,VIIRS,n,2,284.28,38.31,N,0
39.63345,-121.48247,324.54,0.48,0.48,2018-11-12,1033,N,VIIRS,n,2,282.89,3.74,N,0
39.6343,-121.50618,311.86,0.48,0.48,2018-11-12,1033,N,VIIRS,n,2,293.21,38.31,N,0
39.63471,-121.48788,354.61,0.48,0.48,2018-11-12,1033,N,VIIRS,n,2,293.45,21.63,N,0
39.63565,-121.51199,367,0.48,0.48,2018-11-12,1033,N,VIIRS,h,2,351.22,110.28,N,0
39.63585,-121.49275,344.59,0.48,0.48,2018-11-12,1033,N,VIIRS,n,2,287.02,21.63,N,3
39.63687,-121.51725,317.14,0.48,0.48,2018-11-12,1033,N,VIIRS,n,2,284.84,110.28,N,0
39.63706,-121.49796,300.39,0.48,0.48,2018-11-12,1033,N,VIIRS,n,2,284.23,38.31,N,0
39.63796,-121.48174,343.74,0.48,0.48,2018-11-12,1033,N,VIIRS,n,2,288.08,8.31,N,0
39.6392,-121.48708,311.85,0.48,0.48,2018-11-12,1033,N,VIIRS,n,2,286.49,7.07,N,0
39.63939,-121.52805,319.85,0.48,0.48,2018-11-12,1033,N,VIIRS,n,2,284.99,4.02,N,0
39.63985,-121.50998,367,0.48,0.48,2018-11-12,1033,N,VIIRS,h,2,336.94,110.28,N,0
39.64113,-121.51549,338.32,0.48,0.48,2018-11-12,1033,N,VIIRS,n,2,287.69,110.28,N,0
39.64121,-121.47561,336.23,0.48,0.48,2018-11-12,1033,N,VIIRS,n,2,283.93,8.31,N,0
39.64233,-121.52061,301.1,0.48,0.48,2018-11-12,1033,N,VIIRS,n,2,283.64,4.02,N,0
39.64248,-121.48106,340.89,0.48,0.48,2018-11-12,1033,N,VIIRS,n,2,289.06,8.31,N,0
39.64266,-121.50195,334.51,0.48,0.48,2018-11-12,1033,N,VIIRS,n,2,287.02,9.96,N,0
39.64306,-121.54383,346.96,0.48,0.48,2018-11-12,1033,N,VIIRS,n,2,285.55,27.75,N,0
39.64363,-121.52624,344.53,0.48,0.48,2018-11-12,1033,N,VIIRS,n,2,289.69,4.02,N,0
39.64365,-121.4861,311.86,0.48,0.48,2018-11-12,1033,N,VIIRS,n,2,284.62,7.07,N,0
39.64406,-121.50794,343.56,0.48,0.48,2018-11-12,1033,N,VIIRS,n,2,295.32,6.98,N,0
39.64423,-121.54888,300.26,0.48,0.48,2018-11-12,1033,N,VIIRS,n,2,284.03,27.75,N,0
39.64471,-121.49064,304.83,0.48,0.48,2018-11-12,1033,N,VIIRS,n,2,284.73,7.07,N,0
39.64492,-121.53175,315.21,0.48,0.48,2018-11-12,1033,N,VIIRS,n,2,285.71,2.57,N,0
39.6454,-121.51373,343.38,0.48,0.48,2018-11-12,1033,N,VIIRS,n,2,289.33,6.98,N,0
39.64574,-121.49505,323.7,0.48,0.48,2018-11-12,1033,N,VIIRS,n,2,286.31,9.96,N,0
39.64576,-121.47502,330.45,0.48,0.48,2018-11-12,1033,N,VIIRS,n,2,287.56,31.89,N,0
39.64613,-121.53696,310.39,0.48,0.48,2018-11-12,1033,N,VIIRS,n,2,284.44,2.57,N,0
39.64658,-121.51881,326.59,0.48,0.48,2018-11-12,1033,N,VIIRS,n,2,285.55,3.42,N,0
39.64697,-121.48027,344.54,0.48,0.48,2018-11-12,1033,N,VIIRS,n,2,291.09,31.89,N,0
39.64732,-121.54207,341.75,0.48,0.48,2018-11-12,1033,N,VIIRS,n,2,297.62,27.75,N,0
39.64787,-121.52437,336.96,0.48,0.48,2018-11-12,1033,N,VIIRS,n,2,287.17,3.42,N,0
39.64804,-121.48483,311.46,0.48,0.48,2018-11-12,1033,N,VIIRS,n,2,285.15,2.13,N,0
39.6483,-121.50609,303.75,0.48,0.48,2018-11-12,1033,N,VIIRS,n,2,283.93,6.98,N,0
39.64849,-121.54713,351.79,0.48,0.48,2018-11-12,1033,N,VIIRS,n,2,302.54,27.75,N,0
39.64904,-121.48912,301.11,0.48,0.48,2018-11-12,1033,N,VIIRS,n,2,284.43,2.13,N,0
39.64919,-121.53004,296.7,0.48,0.48,2018-11-12,1033,N,VIIRS,n,2,284.22,0.95,N,0
39.64962,-121.51177,341.87,0.48,0.48,2018-11-12,1033,N,VIIRS,n,2,289.78,6.98,N,0
39.65022,-121.47408,321.55,0.48,0.48,2018-11-12,1033,N,VIIRS,n,2,284.89,31.89,N,0
39.65038,-121.53516,306.75,0.48,0.48,2018-11-12,1033,N,VIIRS,n,2,285.9,0.95,N,0
39.65084,-121.51701,296.39,0.48,0.48,2018-11-12,1033,N,VIIRS,n,2,283.93,3.42,N,0
39.65137,-121.47906,341.49,0.48,0.48,2018-11-12,1033,N,VIIRS,n,2,314.29,31.89,N,0
39.65155,-121.5402,329.45,0.48,0.48,2018-11-12,1033,N,VIIRS,n,2,288.99,3.82,N,0
39.65211,-121.52249,300.27,0.48,0.48,2018-11-12,1033,N,VIIRS,n,2,284.09,3.42,N,0
39.65238,-121.48337,316.08,0.48,0.48,2018-11-12,1033,N,VIIRS,n,2,286.38,2.13,N,0
39.65263,-121.5046,302.5,0.48,0.48,2018-11-12,1033,N,VIIRS,n,2,283.41,3.78,N,0
39.65276,-121.54539,338.81,0.48,0.48,2018-11-12,1033,N,VIIRS,n,2,288.66,3.82,N,0
39.65332,-121.48743,299.17,0.48,0.48,2018-11-12,1033,N,VIIRS,n,2,284.51,2.13,N,0
39.65345,-121.52827,302.99,0.48,0.48,2018-11-12,1033,N,VIIRS,n,2,284.41,0.95,N,0
39.65385,-121.50989,339.98,0.48,0.48,2018-11-12,1033,N,VIIRS,n,2,289.04,3.78,N,0
39.65461,-121.47284,298.22,0.48,0.48,2018-11-12,1033,N,VIIRS,n,2,283.74,21.26,N,0
39.65463,-121.53339,302.41,0.48,0.48,2018-11-12,1033,N,VIIRS,n,2,285.84,0.95,N,0
39.65505,-121.51502,327.46,0.48,0.48,2018-11-12,1033,N,VIIRS,n,2,285.1,4.03,N,0
39.65547,-121.49666,296.22,0.48,0.48,2018-11-12,1033,N,VIIRS,n,2,283.92,1.57,N,0
39.65573,-121.47768,353.18,0.48,0.48,2018-11-12,1033,N,VIIRS,n,2,303.68,21.26,N,0
39.65582,-121.53849,299.95,0.48,0.48,2018-11-12,1033,N,VIIRS,n,2,284.73,3.82,N,0
39.65631,-121.52045,307.68,0.48,0.48,2018-11-12,1033,N,VIIRS,n,2,284.95,4.03,N,0
39.65673,-121.482,320.71,0.48,0.48,2018-11-12,1033,N,VIIRS,n,2,287.03,6.52,N,0
39.65688,-121.50275,304.97,0.48,0.48,2018-11-12,1033,N,VIIRS,n,2,284.94,3.78,N,0
39.65761,-121.52607,351.39,0.48,0.48,2018-11-12,1033,N,VIIRS,n,2,292.58,18.34,N,0
39.65771,-121.48618,300.46,0.48,0.48,2018-11-12,1033,N,VIIRS,n,2,284.76,6.52,N,0
39.65808,-121.50797,339.01,0.48,0.48,2018-11-12,1033,N,VIIRS,n,2,288.68,3.78,N,0
39.65886,-121.53148,307.75,0.48,0.48,2018-11-12,1033,N,VIIRS,n,2,286.06,18.34,N,0
39.65926,-121.51302,329.29,0.48,0.48,2018-11-12,1033,N,VIIRS,n,2,284.25,4.03,N,3
39.65992,-121.47559,341.1,0.48,0.48,2018-11-12,1033,N,VIIRS,n,2,292.59,21.26,N,0
39.6605,-121.51839,297,0.48,0.48,2018-11-12,1033,N,VIIRS,n,2,284.73,4.03,N,0
39.66103,-121.48034,338.69,0.48,0.48,2018-11-12,1033,N,VIIRS,n,2,288.26,6.52,N,0
39.66177,-121.5239,352.86,0.48,0.48,2018-11-12,1033,N,VIIRS,n,2,290.83,18.34,N,0
39.66206,-121.48476,301.56,0.48,0.48,2018-11-12,1033,N,VIIRS,n,2,283.98,6.52,N,0
39.6623,-121.50599,295.34,0.48,0.48,2018-11-12,1033,N,VIIRS,n,2,283.38,0.68,N,0
39.66305,-121.47237,323.96,0.48,0.48,2018-11-12,1033,N,VIIRS,n,2,284.34,18.37,N,0
39.66398,-121.47289,318.59,0.48,0.48,2018-11-12,1033,N,VIIRS,n,2,289.98,18.54,N,0
39.66424,-121.47737,346.69,0.48,0.48,2018-11-12,1033,N,VIIRS,n,2,300.29,18.37,N,0
39.66515,-121.47791,342.96,0.48,0.48,2018-11-12,1033,N,VIIRS,n,2,291.19,7.8,N,0
39.66536,-121.48212,310.73,0.48,0.48,2018-11-12,1033,N,VIIRS,n,2,284.95,1.67,N,0
39.66605,-121.52221,304.78,0.48,0.48,2018-11-12,1033,N,VIIRS,n,2,285.17,0.95,N,3
39.66624,-121.48262,309.64,0.48,0.48,2018-11-12,1033,N,VIIRS,n,2,285.18,7.8,N,0
39.6664,-121.48653,300.97,0.48,0.48,2018-11-12,1033,N,VIIRS,n,2,284,1.67,N,0
39.66655,-121.50416,297.04,0.48,0.48,2018-11-12,1033,N,VIIRS,n,2,283.76,0.68,N,0
39.66728,-121.48711,301.6,0.48,0.48,2018-11-12,1033,N,VIIRS,n,2,284.22,1.07,N,0
39.66734,-121.52778,297.71,0.48,0.48,2018-11-12,1033,N,VIIRS,n,2,284.15,0.95,N,0
39.66749,-121.4911,302.32,0.48,0.48,2018-11-12,1033,N,VIIRS,n,2,283.86,1.11,N,0
39.66818,-121.47427,347.56,0.48,0.48,2018-11-12,1033,N,VIIRS,n,2,289.03,18.37,N,0
39.66837,-121.49183,299.43,0.48,0.48,2018-11-12,1033,N,VIIRS,n,2,283.09,1.07,N,3
39.66859,-121.53323,304.62,0.48,0.48,2018-11-12,1033,N,VIIRS,n,2,284.51,1.2,N,0
39.66912,-121.47482,344.25,0.48,0.48,2018-11-12,1033,N,VIIRS,n,2,288.34,7.8,N,0
39.66943,-121.47953,310.04,0.48,0.48,2018-11-12,1033,N,VIIRS,n,2,285.74,1.67,N,0
39.67034,-121.4801,312.06,0.48,0.48,2018-11-12,1033,N,VIIRS,n,2,286.08,7.8,N,0
39.67057,-121.48435,307.45,0.48,0.48,2018-11-12,1033,N,VIIRS,n,2,285.64,1.67,N,0
39.67147,-121.48499,307.15,0.48,0.48,2018-11-12,1033,N,VIIRS,n,2,285.76,1.07,N,3
39.67165,-121.52626,310.41,0.48,0.48,2018-11-12,1033,N,VIIRS,n,2,285.87,0.95,N,0
39.67224,-121.47165,301.81,0.48,0.48,2018-11-12,1033,N,VIIRS,n,2,283.07,3.12,N,3
39.67291,-121.53172,301.51,0.48,0.48,2018-11-12,1033,N,VIIRS,n,2,284.79,1.2,N,0
39.67356,-121.47718,300.75,0.48,0.48,2018-11-12,1033,N,VIIRS,n,2,284.18,2.46,N,0
39.67452,-121.47797,305.52,0.48,0.48,2018-11-12,1033,N,VIIRS,n,2,284.58,2.02,N,0
39.67535,-121.46494,338.41,0.48,0.48,2018-11-12,1033,N,VIIRS,n,2,284.22,3.12,N,0
39.67639,-121.46579,342.49,0.48,0.48,2018-11-12,1033,N,VIIRS,n,2,285.36,6.68,N,0
39.67661,-121.47028,306.79,0.48,0.48,2018-11-12,1033,N,VIIRS,n,2,283.87,3.12,N,0
39.67731,-121.49303,303.25,0.48,0.48,2018-11-12,1033,N,VIIRS,n,2,284.27,0.79,N,0
39.67763,-121.47115,300.15,0.48,0.48,2018-11-12,1033,N,VIIRS,n,2,284.04,2.02,N,3
39.6782,-121.49392,305.44,0.48,0.48,2018-11-12,1033,N,VIIRS,n,2,284.79,1.68,N,0
39.67955,-121.52225,303.34,0.48,0.48,2018-11-12,1033,N,VIIRS,n,2,285.49,1.12,N,0
39.67977,-121.46382,314.04,0.48,0.48,2018-11-12,1033,N,VIIRS,n,2,284.56,1.04,N,0
39.68103,-121.46918,302.27,0.48,0.48,2018-11-12,1033,N,VIIRS,n,2,285.31,1.04,N,0
39.68166,-121.49164,298.65,0.48,0.48,2018-11-12,1033,N,VIIRS,n,2,284.62,0.79,N,0
39.68427,-121.46301,305.16,0.48,0.48,2018-11-12,1033,N,VIIRS,n,2,284.97,1.04,N,0
39.6855,-121.46826,295.31,0.48,0.48,2018-11-12,1033,N,VIIRS,n,2,284.27,1.04,N,0
39.70777,-121.44343,300.51,0.48,0.48,2018-11-12,1033,N,VIIRS,n,2,281.16,14.81,N,0
39.70888,-121.44814,356.42,0.48,0.48,2018-11-12,1033,N,VIIRS,n,2,288.22,14.81,N,0
39.71,-121.4529,335.53,0.48,0.48,2018-11-12,1033,N,VIIRS,n,2,285.12,5.93,N,0
39.71112,-121.45772,317.38,0.48,0.48,2018-11-12,1033,N,VIIRS,n,2,285.18,5.93,N,0
39.71181,-121.44068,317.91,0.48,0.48,2018-11-12,1033,N,VIIRS,n,2,284.37,58.44,N,0
39.71231,-121.46275,300.38,0.48,0.48,2018-11-12,1033,N,VIIRS,n,2,283.94,1.43,N,0
39.71296,-121.44557,332.32,0.48,0.48,2018-11-12,1033,N,VIIRS,n,2,315.71,58.44,N,0
39.71415,-121.45061,355.72,0.48,0.48,2018-11-12,1033,N,VIIRS,n,2,292.03,9.09,N,0
39.71537,-121.45587,332.06,0.48,0.48,2018-11-12,1033,N,VIIRS,n,2,284.42,9.09,N,0
39.71665,-121.46131,297.45,0.48,0.48,2018-11-12,1033,N,VIIRS,n,2,282.53,2.92,N,0
39.71845,-121.44899,314.89,0.48,0.48,2018-11-12,1033,N,VIIRS,n,2,282.72,9.09,N,0
39.71973,-121.45445,332.91,0.48,0.48,2018-11-12,1033,N,VIIRS,n,2,286.37,9.09,N,0
39.72153,-121.44213,308.03,0.48,0.48,2018-11-12,1033,N,VIIRS,n,2,283.44,4.73,N,0
39.72293,-121.44811,328,0.48,0.48,2018-11-12,1033,N,VIIRS,n,2,285.45,4.91,N,0
39.72618,-121.44202,347.55,0.48,0.48,2018-11-12,1033,N,VIIRS,n,2,288.46,4.73,N,0
39.72929,-121.43529,298.96,0.48,0.48,2018-11-12,1033,N,VIIRS,n,2,283.74,1.42,N,0
39.73079,-121.44172,303.33,0.48,0.48,2018-11-12,1033,N,VIIRS,n,2,284.87,1.42,N,0
39.7338,-121.43456,302.47,0.48,0.48,2018-11-12,1033,N,VIIRS,n,2,283.63,1.42,N,0
39.73525,-121.44078,317.77,0.48,0.48,2018-11-12,1033,N,VIIRS,n,2,285.6,1.42,N,0
39.73965,-121.43961,302.95,0.48,0.48,2018-11-12,1033,N,VIIRS,n,2,283.68,1.21,N,0
39.74106,-121.44566,301.06,0.48,0.48,2018-11-12,1033,N,VIIRS,n,2,282.12,1.18,N,0
39.7454,-121.44418,313.62,0.48,0.48,2018-11-12,1033,N,VIIRS,n,2,283.07,1.18,N,0
39.74847,-121.43728,310.12,0.48,0.48,2018-11-12,1033,N,VIIRS,n,2,283.18,1.23,N,0
39.74976,-121.44281,301.92,0.48,0.48,2018-11-12,1033,N,VIIRS,n,2,283.34,2.01,N,0
39.75293,-121.43635,312.11,0.48,0.48,2018-11-12,1033,N,VIIRS,n,2,285.12,1.23,N,0
39.75733,-121.43517,311.74,0.48,0.48,2018-11-12,1033,N,VIIRS,n,2,284.48,1.26,N,0
39.76037,-121.42809,313.88,0.48,0.48,2018-11-12,1033,N,VIIRS,n,2,283,1.26,N,0
39.7617,-121.43385,299.12,0.48,0.48,2018-11-12,1033,N,VIIRS,n,2,284.31,1.26,N,0
39.76325,-121.42641,323.26,0.48,0.48,2018-11-12,1033,N,VIIRS,n,2,283.35,4.9,N,0
39.76342,-121.46133,324.66,0.48,0.48,2018-11-12,1033,N,VIIRS,n,2,284.94,3,N,0
39.76352,-121.42152,307.19,0.48,0.48,2018-11-12,1033,N,VIIRS,n,2,282.41,5.75,N,0
39.76454,-121.43185,296.75,0.48,0.48,2018-11-12,1033,N,VIIRS,n,2,283.2,2.05,N,0
39.76477,-121.42691,310.59,0.48,0.48,2018-11-12,1033,N,VIIRS,n,2,283.08,6.93,N,0
39.76635,-121.41972,340.95,0.48,0.48,2018-11-12,1033,N,VIIRS,n,2,285.03,4.9,N,0
39.76765,-121.4252,330.63,0.48,0.48,2018-11-12,1033,N,VIIRS,n,2,284.07,4.9,N,0
39.76789,-121.42019,348.84,0.48,0.48,2018-11-12,1033,N,VIIRS,n,2,287.47,5.75,N,0
39.76917,-121.4257,342.66,0.48,0.48,2018-11-12,1033,N,VIIRS,n,2,286.68,6.93,N,0
39.77069,-121.41828,352.4,0.48,0.48,2018-11-12,1033,N,VIIRS,n,2,289.57,7.68,N,0
39.77201,-121.42384,343.51,0.48,0.48,2018-11-12,1033,N,VIIRS,n,2,288.1,7.68,N,0
39.77222,-121.41868,349.67,0.48,0.48,2018-11-12,1033,N,VIIRS,n,2,289.53,5.46,N,0
39.7735,-121.42423,318.35,0.48,0.48,2018-11-12,1033,N,VIIRS,n,2,282.39,3.18,N,0
39.77369,-121.41112,314.93,0.48,0.48,2018-11-12,1033,N,VIIRS,n,2,281.99,3.1,N,0
39.774,-121.40614,324.94,0.48,0.48,2018-11-12,1033,N,VIIRS,n,2,282.02,2.62,N,0
39.77499,-121.41663,322.29,0.48,0.48,2018-11-12,1033,N,VIIRS,n,2,283.26,7.68,N,0
39.77525,-121.41151,327.06,0.48,0.48,2018-11-12,1033,N,VIIRS,n,2,283.46,5.46,N,0
39.77651,-121.41698,304.02,0.48,0.48,2018-11-12,1033,N,VIIRS,n,2,281.29,5.46,N,0
39.77679,-121.40446,331.81,0.48,0.48,2018-11-12,1033,N,VIIRS,n,2,283.36,4.77,N,0
39.77803,-121.40966,339,0.48,0.48,2018-11-12,1033,N,VIIRS,n,2,284.89,4.77,N,0
39.77925,-121.41485,296.54,0.48,0.48,2018-11-12,1033,N,VIIRS,n,2,280.79,1.31,N,0
39.78112,-121.40292,332.52,0.48,0.48,2018-11-12,1033,N,VIIRS,n,2,284.38,4.77,N,0
39.7823,-121.40788,315.67,0.48,0.48,2018-11-12,1033,N,VIIRS,n,2,283.21,4.77,N,0
39.7842,-121.3961,310.85,0.48,0.48,2018-11-12,1033,N,VIIRS,n,2,281.98,32.76,N,0
39.78543,-121.40131,349.77,0.48,0.48,2018-11-12,1033,N,VIIRS,n,2,285.91,4.59,N,0
39.78656,-121.40612,313.88,0.48,0.48,2018-11-12,1033,N,VIIRS,n,2,282.08,4.59,N,0
39.78725,-121.38918,326.49,0.48,0.48,2018-11-12,1033,N,VIIRS,n,2,286.71,32.76,N,0
39.7885,-121.39447,351.08,0.48,0.48,2018-11-12,1033,N,VIIRS,n,2,293.07,32.76,N,0
39.78967,-121.39943,302.52,0.48,0.48,2018-11-12,1033,N,VIIRS,n,2,281.52,4.59,N,0
39.79144,-121.38704,330.61,0.48,0.48,2018-11-12,1033,N,VIIRS,n,2,289.17,12.64,N,0
39.79225,-121.45005,334.91,0.48,0.48,2018-11-12,1033,N,VIIRS,n,2,287.56,6.22,N,0
39.79265,-121.39219,342.39,0.48,0.48,2018-11-12,1033,N,VIIRS,n,2,290.43,12.64,N,0
39.79434,-121.43907,297.05,0.48,0.48,2018-11-12,1033,N,VIIRS,n,2,282.22,1.04,N,0
39.79504,-121.69865,302.43,0.46,0.47,2018-11-12,1033,N,VIIRS,n,2,282.44,1.76,N,0
39.79654,-121.44843,305.38,0.48,0.48,2018-11-12,1033,N,VIIRS,n,2,284.85,1.5,N,0
39.79683,-121.39005,304.71,0.48,0.48,2018-11-12,1033,N,VIIRS,n,2,281.99,12.64,N,0
39.79787,-121.45407,299.26,0.48,0.48,2018-11-12,1033,N,VIIRS,n,2,282.22,1.5,N,0
39.79797,-121.39485,338.82,0.48,0.48,2018-11-12,1033,N,VIIRS,n,2,282.91,6.36,N,0
39.79818,-121.69228,300.62,0.46,0.47,2018-11-12,1033,N,VIIRS,n,2,283.28,4.08,N,0
39.79898,-121.67577,299.05,0.47,0.47,2018-11-12,1033,N,VIIRS,n,2,282.53,5.01,N,0
39.7993,-121.69713,331.69,0.46,0.47,2018-11-12,1033,N,VIIRS,n,2,283.08,4.17,N,0
39.79958,-121.44147,300.18,0.48,0.48,2018-11-12,1033,N,VIIRS,n,2,283.41,1.04,N,0
39.80021,-121.68108,341.38,0.47,0.47,2018-11-12,1033,N,VIIRS,n,2,288.92,5.01,N,0
39.80112,-121.38835,301.06,0.48,0.48,2018-11-12,1033,N,VIIRS,n,2,279.37,78.82,N,0
39.80133,-121.68595,304.63,0.47,0.47,2018-11-12,1033,N,VIIRS,n,2,284.36,4.08,N,0
39.80175,-121.6677,302.09,0.47,0.47,2018-11-12,1033,N,VIIRS,n,2,283.44,1.2,N,0
39.80218,-121.39281,319.08,0.48,0.48,2018-11-12,1033,N,VIIRS,n,2,281.36,7.77,N,0
39.80241,-121.69064,335.95,0.46,0.47,2018-11-12,1033,N,VIIRS,n,2,285.64,4.08,N,0
39.80322,-121.67415,313.95,0.47,0.47,2018-11-12,1033,N,VIIRS,n,2,285.64,9.08,N,0
39.80325,-121.39738,332.65,0.48,0.48,2018-11-12,1033,N,VIIRS,n,2,284.01,7.77,N,0
39.80353,-121.69552,328.36,0.46,0.47,2018-11-12,1033,N,VIIRS,n,2,282.64,4.17,N,0
39.80445,-121.38257,310.15,0.48,0.48,2018-11-12,1033,N,VIIRS,n,2,286.08,78.82,N,0
39.80446,-121.67953,349.21,0.47,0.47,2018-11-12,1033,N,VIIRS,n,2,299.81,9.08,N,0
39.80551,-121.38708,333.89,0.48,0.48,2018-11-12,1033,N,VIIRS,n,2,312.18,78.82,N,0
39.80557,-121.68437,300.09,0.47,0.47,2018-11-12,1033,N,VIIRS,n,2,284.06,11.58,N,0
39.8059,-121.66568,310.3,0.47,0.47,2018-11-12,1033,N,VIIRS,n,2,283.88,1.2,N,0
39.80655,-121.39149,330.44,0.48,0.48,2018-11-12,1033,N,VIIRS,n,2,281.89,7.77,N,0
39.8075,-121.67268,324.59,0.47,0.47,2018-11-12,1033,N,VIIRS,n,2,285.6,9.08,N,0
39.80762,-121.39604,296.57,0.48,0.48,2018-11-12,1033,N,VIIRS,n,2,280.57,7.77,N,0
39.80886,-121.38137,338.27,0.48,0.48,2018-11-12,1033,N,VIIRS,n,2,280.38,19.34,N,0
39.80995,-121.38602,367,0.48,0.48,2018-11-12,1033,N,VIIRS,h,2,287.4,19.34,N,0
39.81015,-121.66411,305.22,0.47,0.47,2018-11-12,1033,N,VIIRS,n,2,283.25,3.34,N,0
39.81063,-121.64603,299.69,0.47,0.48,2018-11-12,1033,N,VIIRS,n,2,282.55,1.01,N,0
39.81102,-121.39056,311.5,0.48,0.48,2018-11-12,1033,N,VIIRS,n,2,281.16,8.4,N,0
39.81173,-121.6508,303.14,0.47,0.47,2018-11-12,1033,N,VIIRS,n,2,280.88,1.01,N,0
39.81176,-121.67114,338.21,0.47,0.47,2018-11-12,1033,N,VIIRS,n,2,288.48,7.59,N,0
39.81183,-121.63119,295.55,0.47,0.48,2018-11-12,1033,N,VIIRS,n,2,284.36,31.55,N,0
39.81254,-121.63477,312.51,0.47,0.48,2018-11-12,1033,N,VIIRS,n,2,285.91,45.44,N,0
39.81285,-121.6356,314.83,0.47,0.48,2018-11-12,1033,N,VIIRS,n,2,285.79,15.97,N,0
39.81321,-121.37996,306.44,0.48,0.48,2018-11-12,1033,N,VIIRS,n,2,279.07,19.34,N,0
39.81356,-121.63914,306.81,0.47,0.48,2018-11-12,1033,N,VIIRS,n,2,284.45,2.17,N,0
39.81386,-121.64001,304.61,0.47,0.48,2018-11-12,1033,N,VIIRS,n,2,284.01,15.97,N,0
39.81434,-121.38477,356.61,0.48,0.48,2018-11-12,1033,N,VIIRS,n,2,304.45,19.34,N,0
39.81462,-121.64361,306.92,0.47,0.47,2018-11-12,1033,N,VIIRS,n,2,283.2,2.17,N,0
39.8149,-121.64455,307.33,0.47,0.48,2018-11-12,1033,N,VIIRS,n,2,283.44,1.1,N,0
39.81502,-121.62493,301.23,0.47,0.48,2018-11-12,1033,N,VIIRS,n,2,284.33,31.55,N,0
39.81542,-121.38936,333.26,0.48,0.48,2018-11-12,1033,N,VIIRS,n,2,282.89,8.4,N,0
39.81573,-121.64833,311.5,0.47,0.47,2018-11-12,1033,N,VIIRS,n,2,283.44,1.58,N,0
39.81581,-121.62897,326.87,0.47,0.48,2018-11-12,1033,N,VIIRS,n,2,308.82,45.44,N,0
39.81601,-121.64935,307.37,0.47,0.47,2018-11-12,1033,N,VIIRS,n,2,282.82,1.1,N,0
39.81615,-121.62985,338.95,0.47,0.48,2018-11-12,1033,N,VIIRS,n,2,312.63,31.55,N,0
39.81643,-121.39368,295.73,0.48,0.48,2018-11-12,1033,N,VIIRS,n,2,280.6,8.4,N,0
39.81688,-121.63351,356.66,0.47,0.48,2018-11-12,1033,N,VIIRS,n,2,293.83,45.44,N,0
39.81718,-121.63435,341.7,0.47,0.48,2018-11-12,1033,N,VIIRS,n,2,291.54,15.97,N,0
39.81866,-121.38319,320.43,0.48,0.48,2018-11-12,1033,N,VIIRS,n,2,282.77,23.13,N,0
39.81976,-121.38787,354.74,0.48,0.48,2018-11-12,1033,N,VIIRS,n,2,302.02,21.28,N,0
39.82014,-121.62769,355.52,0.47,0.48,2018-11-12,1033,N,VIIRS,n,2,294.32,11.58,N,0
39.82047,-121.62856,354.02,0.47,0.48,2018-11-12,1033,N,VIIRS,n,2,293.83,20.52,N,0
39.82077,-121.39217,296.57,0.48,0.48,2018-11-12,1033,N,VIIRS,n,2,279.52,21.28,N,0
39.82122,-121.63228,299.18,0.47,0.48,2018-11-12,1033,N,VIIRS,n,2,284.72,11.58,N,0
39.82397,-121.38589,352.91,0.48,0.48,2018-11-12,1033,N,VIIRS,n,2,291.63,21.28,N,0
39.82498,-121.39018,298.84,0.48,0.48,2018-11-12,1033,N,VIIRS,n,2,277.99,21.28,N,0
39.82876,-121.4063,308.6,0.48,0.48,2018-11-12,1033,N,VIIRS,n,2,283.83,2.36,N,0
39.82914,-121.38794,330.74,0.48,0.48,2018-11-12,1033,N,VIIRS,n,2,282.66,4.82,N,0
39.82986,-121.41098,316.86,0.48,0.48,2018-11-12,1033,N,VIIRS,n,2,283.72,2.86,N,0
39.83015,-121.39223,325.61,0.48,0.48,2018-11-12,1033,N,VIIRS,n,2,282.04,22.02,N,0
39.83116,-121.39653,367,0.48,0.48,2018-11-12,1033,N,VIIRS,h,2,286.48,22.02,N,0
39.83123,-121.41683,324.98,0.48,0.48,2018-11-12,1033,N,VIIRS,n,2,284.09,2.86,N,0
39.8317,-121.45889,340.9,0.48,0.48,2018-11-12,1033,N,VIIRS,n,2,283.33,7.77,N,0
39.83213,-121.40067,348.34,0.48,0.48,2018-11-12,1033,N,VIIRS,n,2,286.57,11.13,N,0
39.83283,-121.42371,313.13,0.48,0.48,2018-11-12,1033,N,VIIRS,n,2,281.85,3.12,N,0
39.83285,-121.58309,296.43,0.47,0.48,2018-11-12,1033,N,VIIRS,n,2,285.12,0.45,N,0
39.83313,-121.44502,338.81,0.48,0.48,2018-11-12,1033,N,VIIRS,n,2,283.42,4.16,N,0
39.83315,-121.40504,337.3,0.48,0.48,2018-11-12,1033,N,VIIRS,n,2,287.27,11.13,N,0
39.83422,-121.40961,367,0.48,0.48,2018-11-12,1033,N,VIIRS,h,2,290.26,6.97,N,0
39.83426,-121.38979,353.22,0.48,0.48,2018-11-12,1033,N,VIIRS,n,2,290,22.02,N,0
39.83453,-121.45105,336.27,0.48,0.48,2018-11-12,1033,N,VIIRS,n,2,283.63,9.19,N,0
39.83534,-121.39442,354.52,0.48,0.48,2018-11-12,1033,N,VIIRS,n,2,295.86,22.02,N,0
39.83548,-121.41504,317.09,0.48,0.48,2018-11-12,1033,N,VIIRS,n,2,283.43,6.97,N,0
39.8359,-121.45689,356.38,0.48,0.48,2018-11-12,1033,N,VIIRS,n,2,287.11,9.19,N,0
39.83641,-121.399,354.68,0.48,0.48,2018-11-12,1033,N,VIIRS,n,2,286.75,11.13,N,0
39.8371,-121.422,349.91,0.48,0.48,2018-11-12,1033,N,VIIRS,n,2,287.02,10.31,N,0
39.83751,-121.40369,367,0.48,0.48,2018-11-12,1033,N,VIIRS,h,2,289.74,11.13,N,0
39.8386,-121.40835,308.77,0.48,0.48,2018-11-12,1033,N,VIIRS,n,2,282.77,6.97,N,0
39.84551,-121.47814,307.38,0.48,0.48,2018-11-12,1033,N,VIIRS,n,2,279.66,1.44,N,0
39.84671,-121.48328,309.99,0.48,0.48,2018-11-12,1033,N,VIIRS,n,2,280.7,3.17,N,0
39.85324,-121.49131,353.16,0.47,0.48,2018-11-12,1033,N,VIIRS,n,2,292.85,31.58,N,0
39.85429,-121.49583,300.61,0.47,0.48,2018-11-12,1033,N,VIIRS,n,2,283.95,31.58,N,0
39.85649,-121.48531,319.93,0.47,0.48,2018-11-12,1033,N,VIIRS,n,2,281.46,82.93,N,0
39.85761,-121.49012,315.04,0.47,0.48,2018-11-12,1033,N,VIIRS,n,2,294.69,31.58,N,0
39.85868,-121.49471,339,0.47,0.48,2018-11-12,1033,N,VIIRS,n,2,288.05,31.58,N,0
39.85884,-121.51537,305.17,0.47,0.48,2018-11-12,1033,N,VIIRS,n,2,285.42,6.16,N,0
39.85937,-121.53763,296.66,0.47,0.48,2018-11-12,1033,N,VIIRS,n,2,285.67,1.38,N,0
39.85979,-121.49944,311.72,0.47,0.48,2018-11-12,1033,N,VIIRS,n,2,284.91,6,N,0
39.86003,-121.5205,335.61,0.47,0.48,2018-11-12,1033,N,VIIRS,n,2,288.01,27.16,N,0
39.86089,-121.50419,352.36,0.47,0.48,2018-11-12,1033,N,VIIRS,n,2,288.36,6,N,0
39.86118,-121.52544,338.81,0.47,0.48,2018-11-12,1033,N,VIIRS,n,2,288.61,27.16,N,0
39.86197,-121.50882,302.37,0.47,0.48,2018-11-12,1033,N,VIIRS,n,2,285.55,6.16,N,0
39.86199,-121.48891,303.99,0.47,0.48,2018-11-12,1033,N,VIIRS,n,2,280.35,1.88,N,0
39.86237,-121.53058,338.28,0.47,0.48,2018-11-12,1033,N,VIIRS,n,2,287.72,5.33,N,0
39.86306,-121.51352,346.34,0.47,0.48,2018-11-12,1033,N,VIIRS,n,2,292.81,6.16,N,0
39.86308,-121.4936,316.54,0.47,0.48,2018-11-12,1033,N,VIIRS,n,2,282.7,1.88,N,0
39.86366,-121.53611,307.31,0.47,0.48,2018-11-12,1033,N,VIIRS,n,2,286.38,5.33,N,0
39.86416,-121.49828,296.32,0.47,0.48,2018-11-12,1033,N,VIIRS,n,2,282.8,23.19,N,0
39.86427,-121.51872,349.76,0.47,0.48,2018-11-12,1033,N,VIIRS,n,2,308.46,27.16,N,0
39.86496,-121.54171,304.55,0.47,0.48,2018-11-12,1033,N,VIIRS,n,2,285.52,3.2,N,0
39.86525,-121.50293,349.33,0.47,0.48,2018-11-12,1033,N,VIIRS,n,2,297.5,23.19,N,0
39.86551,-121.52409,367,0.47,0.48,2018-11-12,1033,N,VIIRS,h,2,296.92,27.16,N,0
39.86624,-121.54725,344.59,0.47,0.48,2018-11-12,1033,N,VIIRS,n,2,289.78,3.2,N,0
39.8663,-121.50747,354.35,0.47,0.48,2018-11-12,1033,N,VIIRS,n,2,292.55,13.58,N,0
39.86678,-121.52956,295.08,0.47,0.48,2018-11-12,1033,N,VIIRS,n,2,284.54,5.33,N,0
39.86738,-121.51211,320.59,0.47,0.48,2018-11-12,1033,N,VIIRS,n,2,285.78,13.58,N,0
39.86757,-121.55297,319.13,0.47,0.48,2018-11-12,1033,N,VIIRS,n,2,286.17,4.71,N,0
39.86932,-121.54048,326.4,0.47,0.48,2018-11-12,1033,N,VIIRS,n,2,286.96,3.2,N,0
39.87054,-121.54575,306.62,0.47,0.48,2018-11-12,1033,N,VIIRS,n,2,284.96,3.2,N,0
39.87185,-121.55143,337.42,0.47,0.48,2018-11-12,1033,N,VIIRS,n,2,287.48,4.71,N,0
39.62653,-121.51363,342.88,0.36,0.57,2018-11-12,2015,N,VIIRS,n,2,290.11,13.89,D,0
39.62754,-121.50977,356.57,0.35,0.57,2018-11-12,2015,N,VIIRS,l,2,308.48,38.18,D,0
39.63253,-121.51221,336.18,0.35,0.57,2018-11-12,2015,N,VIIRS,n,2,290.43,14.18,D,0
39.63382,-121.48286,355.2,0.35,0.57,2018-11-12,2015,N,VIIRS,n,2,301.75,23.53,D,0
39.63461,-121.4827,355,0.35,0.57,2018-11-12,2015,N,VIIRS,n,2,301.48,24.64,D,0
39.63507,-121.4782,356.16,0.35,0.57,2018-11-12,2015,N,VIIRS,l,2,294.08,16.61,D,0
39.6358,-121.47811,356.57,0.35,0.57,2018-11-12,2015,N,VIIRS,l,2,296.53,20.5,D,0
39.63638,-121.51902,356.75,0.36,0.57,2018-11-12,2015,N,VIIRS,l,2,293.51,18.18,D,0
39.64057,-121.47871,356.95,0.35,0.57,2018-11-12,2015,N,VIIRS,l,2,296.51,15.09,D,0
39.6413,-121.47856,357.39,0.35,0.57,2018-11-12,2015,N,VIIRS,l,2,295.34,15.41,D,0
39.64604,-121.47929,353.42,0.35,0.57,2018-11-12,2015,N,VIIRS,n,2,296.39,15.09,D,0
39.64673,-121.47926,356.41,0.35,0.57,2018-11-12,2015,N,VIIRS,n,2,295.64,15.41,D,0
39.64731,-121.47453,357.56,0.35,0.57,2018-11-12,2015,N,VIIRS,l,2,305.64,15.09,D,0
39.64797,-121.47448,356.75,0.35,0.57,2018-11-12,2015,N,VIIRS,l,2,306.94,15.41,D,0
39.65105,-121.48161,343.85,0.35,0.57,2018-11-12,2015,N,VIIRS,n,2,289.33,5.41,D,0
39.65257,-121.47591,344.3,0.35,0.57,2018-11-12,2015,N,VIIRS,n,2,289.1,5.41,D,0
39.6641,-121.47485,345.3,0.35,0.57,2018-11-12,2015,N,VIIRS,n,2,292.48,6.59,D,0
39.66502,-121.47135,345.83,0.35,0.57,2018-11-12,2015,N,VIIRS,n,2,292.49,4.79,D,0
39.666,-121.46769,345.32,0.35,0.57,2018-11-12,2015,N,VIIRS,n,2,292.03,4.79,D,0
39.6704,-121.47227,335.88,0.35,0.57,2018-11-12,2015,N,VIIRS,n,2,289.65,4.79,D,0
39.67138,-121.46856,328.83,0.35,0.57,2018-11-12,2015,N,VIIRS,n,2,287.65,5.6,D,3
39.67892,-121.4613,353.81,0.35,0.57,2018-11-12,2015,N,VIIRS,n,2,293.39,6.24,D,0
39.7053,-121.44637,356.08,0.35,0.57,2018-11-12,2015,N,VIIRS,n,2,291.91,9.24,D,0
39.70638,-121.44227,357.13,0.35,0.57,2018-11-12,2015,N,VIIRS,l,2,304.62,40.76,D,0
39.70742,-121.4383,367,0.35,0.57,2018-11-12,2015,N,VIIRS,h,2,304.85,40.76,D,0
39.70844,-121.43446,332.22,0.35,0.57,2018-11-12,2015,N,VIIRS,n,2,289.96,63.19,D,0
39.7097,-121.45095,335.37,0.35,0.57,2018-11-12,2015,N,VIIRS,n,2,290.28,9.24,D,0
39.71074,-121.44701,347.96,0.35,0.57,2018-11-12,2015,N,VIIRS,n,2,292.98,40.76,D,0
39.71285,-121.43899,357.31,0.35,0.57,2018-11-12,2015,N,VIIRS,n,2,322.22,63.19,D,0
39.71546,-121.45034,367,0.35,0.57,2018-11-12,2015,N,VIIRS,h,2,294.75,6.75,D,0
39.71655,-121.44619,367,0.35,0.57,2018-11-12,2015,N,VIIRS,h,2,292.94,6.75,D,0
39.7217,-121.44791,331.41,0.35,0.57,2018-11-12,2015,N,VIIRS,n,2,290.4,6.75,D,0
39.72285,-121.44351,357.09,0.35,0.57,2018-11-12,2015,N,VIIRS,l,2,293.68,14.67,D,0
39.72966,-121.4389,357.27,0.35,0.57,2018-11-12,2015,N,VIIRS,l,2,294.04,11.16,D,0
39.73067,-121.43504,355.65,0.35,0.57,2018-11-12,2015,N,VIIRS,n,2,294,8.11,D,0
39.73611,-121.43562,349.52,0.35,0.57,2018-11-12,2015,N,VIIRS,n,2,291.26,8.11,D,0
39.75314,-121.43458,333.15,0.35,0.57,2018-11-12,2015,N,VIIRS,n,2,290.39,4.15,D,0
39.75327,-121.43676,338.59,0.35,0.57,2018-11-12,2015,N,VIIRS,n,2,291.25,11.43,D,0
39.75838,-121.43589,348.12,0.35,0.57,2018-11-12,2015,N,VIIRS,n,2,290.73,4.15,D,0
39.7594,-121.43197,335.62,0.35,0.57,2018-11-12,2015,N,VIIRS,n,2,290.53,7.32,D,0
39.772,-121.40495,330.91,0.35,0.57,2018-11-12,2015,N,VIIRS,n,2,289.69,6.18,D,0
39.77231,-121.40733,330.85,0.35,0.57,2018-11-12,2015,N,VIIRS,n,2,289.01,7.23,D,0
39.78579,-121.39861,335.11,0.35,0.57,2018-11-12,2015,N,VIIRS,n,2,288.41,3.69,D,0
39.78691,-121.39439,330.48,0.35,0.57,2018-11-12,2015,N,VIIRS,n,2,289.33,3.95,D,0
39.78796,-121.39046,330.68,0.35,0.56,2018-11-12,2015,N,VIIRS,n,2,291.44,3.95,D,0
39.78894,-121.38673,338.57,0.35,0.56,2018-11-12,2015,N,VIIRS,n,2,289.79,3.01,D,0
39.7937,-121.38979,325.92,0.35,0.56,2018-11-12,2015,N,VIIRS,n,2,286.97,3.01,D,0
39.79478,-121.38575,327.55,0.35,0.56,2018-11-12,2015,N,VIIRS,n,2,288.52,3.01,D,0
39.80101,-121.38327,337.19,0.35,0.56,2018-11-12,2015,N,VIIRS,n,2,290.68,3.71,D,0
39.8074,-121.38018,325.16,0.35,0.56,2018-11-12,2015,N,VIIRS,n,2,287.65,3.71,D,0
39.81233,-121.3826,367,0.35,0.56,2018-11-12,2015,N,VIIRS,h,2,292.43,6.68,D,0
39.81717,-121.38536,367,0.35,0.56,2018-11-12,2015,N,VIIRS,h,2,291.69,6.68,D,0
39.81839,-121.38073,336.68,0.35,0.56,2018-11-12,2015,N,VIIRS,n,2,288.54,11.32,D,0
39.82179,-121.38896,348.79,0.35,0.56,2018-11-12,2015,N,VIIRS,n,2,288.42,6.96,D,0
39.82305,-121.38416,356.51,0.35,0.56,2018-11-12,2015,N,VIIRS,l,2,289.64,10.66,D,0
39.83036,-121.44118,325.46,0.35,0.57,2018-11-12,2015,N,VIIRS,n,2,287.25,8.14,D,0
39.83218,-121.43425,325.08,0.35,0.57,2018-11-12,2015,N,VIIRS,n,2,287.82,25.76,D,0
39.83274,-121.38965,339.56,0.35,0.56,2018-11-12,2015,N,VIIRS,n,2,291.04,23.85,D,0
39.83397,-121.38496,367,0.35,0.56,2018-11-12,2015,N,VIIRS,h,2,292.28,15.78,D,0
39.83452,-121.40413,346.81,0.35,0.56,2018-11-12,2015,N,VIIRS,n,2,292.69,9.64,D,0
39.83561,-121.44244,357.08,0.35,0.57,2018-11-12,2015,N,VIIRS,l,2,288.5,8.14,D,0
39.83592,-121.39877,367,0.35,0.56,2018-11-12,2015,N,VIIRS,h,2,302.17,23.85,D,0
39.83628,-121.41865,345.91,0.35,0.56,2018-11-12,2015,N,VIIRS,n,2,293.08,8.32,D,0
39.83655,-121.43887,347.69,0.35,0.57,2018-11-12,2015,N,VIIRS,n,2,287.57,25.76,D,0
39.8369,-121.45882,349.35,0.35,0.57,2018-11-12,2015,N,VIIRS,n,2,286,8.99,D,0
39.83706,-121.3944,354.96,0.35,0.56,2018-11-12,2015,N,VIIRS,n,2,304.66,23.85,D,0
39.8371,-121.41553,347.81,0.35,0.56,2018-11-12,2015,N,VIIRS,n,2,292.01,8.32,D,0
39.83746,-121.43542,338.48,0.35,0.57,2018-11-12,2015,N,VIIRS,n,2,301.81,25.76,D,0
39.83785,-121.4552,357.26,0.35,0.57,2018-11-12,2015,N,VIIRS,l,2,288.18,13.77,D,0
39.8381,-121.41174,332.09,0.35,0.56,2018-11-12,2015,N,VIIRS,n,2,290.63,9.8,D,0
39.83819,-121.39011,350.57,0.35,0.56,2018-11-12,2015,N,VIIRS,n,2,287.85,15.78,D,0
39.83833,-121.43211,342.48,0.35,0.57,2018-11-12,2015,N,VIIRS,n,2,314.89,53.61,D,0
39.83918,-121.42883,357.08,0.35,0.57,2018-11-12,2015,N,VIIRS,l,2,295.12,53.61,D,0
39.83935,-121.40695,354.32,0.35,0.56,2018-11-12,2015,N,VIIRS,n,2,294.15,9.8,D,0
39.84003,-121.4256,345.08,0.35,0.57,2018-11-12,2015,N,VIIRS,n,2,290.97,9.36,D,0
39.84047,-121.40268,357.08,0.35,0.56,2018-11-12,2015,N,VIIRS,l,2,289.3,16.61,D,0
39.84087,-121.42238,332.62,0.35,0.56,2018-11-12,2015,N,VIIRS,n,2,289.72,9.36,D,0
39.84171,-121.41918,367,0.35,0.56,2018-11-12,2015,N,VIIRS,h,2,296.3,8.32,D,0
39.84209,-121.48166,329.45,0.35,0.57,2018-11-12,2015,N,VIIRS,n,2,286.75,2.29,D,0
39.85679,-121.4894,332.85,0.35,0.57,2018-11-12,2015,N,VIIRS,n,2,291.37,3.84,D,0
39.85694,-121.489,338.56,0.35,0.57,2018-11-12,2015,N,VIIRS,n,2,291.93,4.74,D,0
39.86176,-121.49174,347.52,0.35,0.57,2018-11-12,2015,N,VIIRS,n,2,289.37,12.39,D,0
39.86191,-121.49138,342,0.35,0.57,2018-11-12,2015,N,VIIRS,n,2,289.68,12.65,D,0
39.86383,-121.52596,337.49,0.35,0.57,2018-11-12,2015,N,VIIRS,n,2,290.6,4.09,D,0
39.86386,-121.50484,333.5,0.35,0.57,2018-11-12,2015,N,VIIRS,n,2,291.34,9.82,D,0
39.86407,-121.50455,331.41,0.35,0.57,2018-11-12,2015,N,VIIRS,n,2,290.69,10.32,D,0
39.8653,-121.49947,357.66,0.35,0.57,2018-11-12,2015,N,VIIRS,l,2,299.2,9.82,D,0
39.86546,-121.4992,356.91,0.35,0.57,2018-11-12,2015,N,VIIRS,l,2,300.07,10.32,D,0
39.86621,-121.51708,329.56,0.35,0.57,2018-11-12,2015,N,VIIRS,n,2,292.17,4.73,D,0
39.86695,-121.53531,332.13,0.35,0.57,2018-11-12,2015,N,VIIRS,n,2,291.65,4.64,D,0
39.86735,-121.51278,356.7,0.35,0.57,2018-11-12,2015,N,VIIRS,l,2,295.75,4.73,D,0
39.86811,-121.53098,338.8,0.35,0.57,2018-11-12,2015,N,VIIRS,n,2,293.52,4.64,D,0
39.86869,-121.50775,354.52,0.35,0.57,2018-11-12,2015,N,VIIRS,n,2,292.42,7.28,D,0
39.86927,-121.5266,331.82,0.35,0.57,2018-11-12,2015,N,VIIRS,n,2,291.55,4.09,D,0
39.87011,-121.50241,342.87,0.35,0.57,2018-11-12,2015,N,VIIRS,n,2,288.11,7.28,D,0
39.87041,-121.52233,326.3,0.35,0.57,2018-11-12,2015,N,VIIRS,n,2,290.31,4.09,D,0
39.87105,-121.541,341.23,0.35,0.57,2018-11-12,2015,N,VIIRS,n,2,289.73,7.08,D,0
39.87147,-121.51834,331.05,0.35,0.57,2018-11-12,2015,N,VIIRS,n,2,289.6,4.73,D,0
39.87345,-121.53197,330.49,0.35,0.57,2018-11-12,2015,N,VIIRS,n,2,288.65,4.8,D,0
39.87402,-121.55095,328.4,0.35,0.57,2018-11-12,2015,N,VIIRS,n,2,289.27,6.05,D,0
39.62558,-121.51359,332.13,0.46,0.63,2018-11-12,2156,N,VIIRS,n,2,290.18,11.13,D,0
39.6258,-121.50778,356.61,0.46,0.63,2018-11-12,2156,N,VIIRS,l,2,299.6,11.13,D,0
39.62608,-121.50043,331.34,0.46,0.63,2018-11-12,2156,N,VIIRS,n,2,287.18,13.12,D,0
39.63707,-121.5238,332.31,0.46,0.63,2018-11-12,2156,N,VIIRS,n,2,290.8,7.92,D,0
39.64322,-121.51829,347.55,0.46,0.63,2018-11-12,2156,N,VIIRS,n,2,291.59,7.86,D,0
39.6434,-121.51337,334.84,0.46,0.63,2018-11-12,2156,N,VIIRS,n,2,290.37,13.64,D,0
39.6449,-121.4741,339.28,0.46,0.63,2018-11-12,2156,N,VIIRS,n,2,292.25,10.78,D,0
39.64915,-121.5182,357.25,0.46,0.63,2018-11-12,2156,N,VIIRS,l,2,292.36,7.86,D,0
39.65078,-121.47601,357.3,0.46,0.63,2018-11-12,2156,N,VIIRS,l,2,294.97,10.78,D,0
39.6606,-121.529,326.57,0.46,0.63,2018-11-12,2156,N,VIIRS,n,2,288.28,3.23,D,0
39.66083,-121.52316,325.24,0.46,0.63,2018-11-12,2156,N,VIIRS,n,2,288.2,4.68,D,0
39.66606,-121.47211,329.74,0.46,0.63,2018-11-12,2156,N,VIIRS,n,2,289.34,2.92,D,0
39.67836,-121.46045,344.71,0.46,0.64,2018-11-12,2156,N,VIIRS,n,2,292.98,7.4,D,0
39.70269,-121.44573,356.14,0.46,0.64,2018-11-12,2156,N,VIIRS,l,2,295.03,22.11,D,0
39.70286,-121.44096,345.78,0.46,0.64,2018-11-12,2156,N,VIIRS,n,2,291.42,95.16,D,0
39.70303,-121.43607,356.14,0.46,0.64,2018-11-12,2156,N,VIIRS,l,2,292.76,95.16,D,0
39.70872,-121.44367,348.22,0.46,0.64,2018-11-12,2156,N,VIIRS,n,2,293.84,22.11,D,0
39.7089,-121.43878,208,0.46,0.64,2018-11-12,2156,N,VIIRS,l,2,309.63,95.16,D,0
39.70927,-121.42807,353.79,0.46,0.64,2018-11-12,2156,N,VIIRS,n,2,289.03,127.29,D,0
39.71421,-121.45687,327.36,0.46,0.64,2018-11-12,2156,N,VIIRS,n,2,290.45,4.58,D,0
39.71439,-121.4518,328.27,0.46,0.64,2018-11-12,2156,N,VIIRS,n,2,290.23,4.58,D,0
39.71458,-121.44668,329.78,0.46,0.64,2018-11-12,2156,N,VIIRS,n,2,289.77,5.97,D,0
39.71476,-121.44154,333.52,0.46,0.64,2018-11-12,2156,N,VIIRS,n,2,288.87,5.97,D,0
39.71495,-121.43631,334.09,0.46,0.64,2018-11-12,2156,N,VIIRS,n,2,287.94,9.6,D,0
39.72053,-121.44699,343.52,0.46,0.64,2018-11-12,2156,N,VIIRS,n,2,292.09,5.97,D,0
39.72675,-121.43958,331.6,0.46,0.64,2018-11-12,2156,N,VIIRS,n,2,289.76,4.29,D,0
39.77199,-121.40693,326.98,0.46,0.64,2018-11-12,2156,N,VIIRS,n,2,288.9,5.68,D,0
39.79057,-121.38723,329.86,0.47,0.64,2018-11-12,2156,N,VIIRS,n,2,288.34,6.06,D,0
39.79433,-121.3886,332.24,0.47,0.64,2018-11-12,2156,N,VIIRS,n,2,289.81,10.16,D,0
39.80048,-121.38412,345.31,0.47,0.64,2018-11-12,2156,N,VIIRS,n,2,291.43,14.1,D,0
39.80658,-121.38078,356.92,0.47,0.64,2018-11-12,2156,N,VIIRS,l,2,292.07,18.95,D,0
39.80877,-121.37944,328.97,0.47,0.64,2018-11-12,2156,N,VIIRS,n,2,286.68,8.95,D,0
39.81458,-121.38424,332.85,0.47,0.64,2018-11-12,2156,N,VIIRS,n,2,287.09,11.37,D,0
39.82057,-121.38412,367,0.47,0.64,2018-11-12,2156,N,VIIRS,h,2,293.92,6.02,D,0
39.82645,-121.38699,327.76,0.47,0.64,2018-11-12,2156,N,VIIRS,n,2,285.69,6.02,D,0
39.8266,-121.38283,332.08,0.47,0.64,2018-11-12,2156,N,VIIRS,n,2,286.52,6.02,D,0
39.83061,-121.4383,356.71,0.46,0.64,2018-11-12,2156,N,VIIRS,l,2,293.11,30.98,D,0
39.83089,-121.43045,332.93,0.46,0.64,2018-11-12,2156,N,VIIRS,n,2,287.45,30.98,D,0
39.83651,-121.44009,341.8,0.46,0.64,2018-11-12,2156,N,VIIRS,n,2,299.74,30.98,D,0
39.83677,-121.43269,356.67,0.46,0.64,2018-11-12,2156,N,VIIRS,l,2,296.45,30.98,D,0
39.83712,-121.42328,339.43,0.46,0.64,2018-11-12,2156,N,VIIRS,n,2,290.12,18.69,D,0
39.83742,-121.41481,367,0.46,0.64,2018-11-12,2156,N,VIIRS,h,2,296.55,18.69,D,0
39.83762,-121.40935,367,0.46,0.64,2018-11-12,2156,N,VIIRS,h,2,295.14,16.13,D,0
39.83778,-121.40495,354.86,0.46,0.64,2018-11-12,2156,N,VIIRS,n,2,293.15,16.13,D,0
39.83793,-121.40052,367,0.46,0.64,2018-11-12,2156,N,VIIRS,h,2,295,18.72,D,0
39.8381,-121.39586,367,0.47,0.64,2018-11-12,2156,N,VIIRS,h,2,293.58,18.72,D,0
39.83827,-121.39119,367,0.47,0.64,2018-11-12,2156,N,VIIRS,h,2,291.45,20.39,D,0
39.84294,-121.42722,367,0.46,0.64,2018-11-12,2156,N,VIIRS,h,2,292.39,9.5,D,0
39.84326,-121.41866,327.27,0.46,0.64,2018-11-12,2156,N,VIIRS,n,2,289.11,9.5,D,0
39.85852,-121.48912,340.7,0.46,0.64,2018-11-12,2156,N,VIIRS,n,2,287.96,7.77,D,0
39.86397,-121.50248,330.62,0.46,0.63,2018-11-12,2156,N,VIIRS,n,2,289.35,6.88,D,0
39.86413,-121.4983,349.35,0.46,0.64,2018-11-12,2156,N,VIIRS,n,2,291.88,17.33,D,0
39.86835,-121.54305,342.55,0.46,0.63,2018-11-12,2156,N,VIIRS,n,2,289.9,9.4,D,0
39.86855,-121.53796,351.34,0.46,0.63,2018-11-12,2156,N,VIIRS,n,2,291.13,16.79,D,0
39.86896,-121.52745,329.6,0.46,0.63,2018-11-12,2156,N,VIIRS,n,2,289.78,12.64,D,0
39.86917,-121.52207,356.71,0.46,0.63,2018-11-12,2156,N,VIIRS,l,2,297.4,12.64,D,0
39.86938,-121.51643,356.81,0.46,0.63,2018-11-12,2156,N,VIIRS,l,2,298.9,16.21,D,0
39.86958,-121.51128,330.49,0.46,0.63,2018-11-12,2156,N,VIIRS,n,2,289.7,16.21,D,0
39.86991,-121.50277,331.64,0.46,0.63,2018-11-12,2156,N,VIIRS,n,2,287.47,6.88,D,0
39.87171,-121.54588,329.11,0.46,0.63,2018-11-12,2156,N,VIIRS,n,2,287.49,8.44,D,0
39.87188,-121.54086,356.98,0.46,0.63,2018-11-12,2156,N,VIIRS,l,2,291.38,8.44,D,0
39.87239,-121.52553,351.44,0.46,0.63,2018-11-12,2156,N,VIIRS,n,2,290.04,30.28,D,0
39.87258,-121.51984,356.98,0.46,0.63,2018-11-12,2156,N,VIIRS,l,2,308.55,30.28,D,0
39.87278,-121.51381,336.76,0.46,0.63,2018-11-12,2156,N,VIIRS,n,2,288.67,30.65,D,0
39.87503,-121.52406,354.11,0.46,0.63,2018-11-12,2156,N,VIIRS,n,2,292.31,24.8,D,0
39.87526,-121.51817,356.98,0.46,0.63,2018-11-12,2156,N,VIIRS,l,2,293.48,35.73,D,0
39.63546,-121.48476,367,0.69,0.74,2018-11-12,852,N,VIIRS,h,2,285.92,14.65,N,0
39.63556,-121.49614,316.91,0.69,0.74,2018-11-12,852,N,VIIRS,n,2,283.65,14.65,N,0
39.63567,-121.50967,308.4,0.69,0.74,2018-11-12,852,N,VIIRS,n,2,283.85,88.15,N,0
39.63574,-121.51803,297.67,0.69,0.74,2018-11-12,852,N,VIIRS,n,2,283.06,48.58,N,0
39.63697,-121.48124,367,0.69,0.74,2018-11-12,852,N,VIIRS,h,2,286.21,16.8,N,0
39.63714,-121.49319,345.71,0.69,0.74,2018-11-12,852,N,VIIRS,n,2,287.04,11.89,N,3
39.63725,-121.50151,296.27,0.69,0.74,2018-11-12,852,N,VIIRS,n,2,282.39,11.89,N,0
39.63734,-121.50797,350.12,0.69,0.74,2018-11-12,852,N,VIIRS,n,2,284.52,15.15,N,0
39.63744,-121.51568,338.18,0.69,0.74,2018-11-12,852,N,VIIRS,n,2,284.12,15.15,N,0
39.63756,-121.52453,300.24,0.69,0.74,2018-11-12,852,N,VIIRS,n,2,283.41,6.76,N,0
39.64241,-121.48009,367,0.69,0.74,2018-11-12,852,N,VIIRS,h,2,293.86,14.65,N,0
39.64254,-121.49522,322.08,0.69,0.74,2018-11-12,852,N,VIIRS,n,2,286.61,14.65,N,0
39.64261,-121.50349,347.84,0.69,0.74,2018-11-12,852,N,VIIRS,n,2,287.19,88.15,N,0
39.64267,-121.51009,367,0.69,0.74,2018-11-12,852,N,VIIRS,h,2,323.55,88.15,N,0
39.64275,-121.51874,351.97,0.69,0.74,2018-11-12,852,N,VIIRS,n,2,286.65,48.58,N,0
39.64282,-121.52676,333.14,0.69,0.74,2018-11-12,852,N,VIIRS,n,2,286.88,48.58,N,0
39.64289,-121.53507,306.08,0.69,0.74,2018-11-12,852,N,VIIRS,n,2,284.36,3.6,N,0
39.64296,-121.54472,304.09,0.69,0.75,2018-11-12,852,N,VIIRS,n,2,284.02,3.6,N,0
39.64936,-121.47597,308.39,0.69,0.74,2018-11-12,852,N,VIIRS,n,2,284.31,5.31,N,0
39.64967,-121.5105,325.89,0.69,0.74,2018-11-12,852,N,VIIRS,n,2,286.03,5.31,N,0
39.64975,-121.51941,318.48,0.69,0.74,2018-11-12,852,N,VIIRS,n,2,285.36,4.07,N,0
39.64982,-121.52678,314.36,0.69,0.74,2018-11-12,852,N,VIIRS,n,2,284.89,4.07,N,0
39.6499,-121.53578,308.03,0.69,0.74,2018-11-12,852,N,VIIRS,n,2,285.46,4.86,N,0
39.64998,-121.54554,338.67,0.69,0.75,2018-11-12,852,N,VIIRS,n,2,288.33,4.86,N,0
39.65007,-121.55576,301.09,0.69,0.75,2018-11-12,852,N,VIIRS,n,2,284.68,5.62,N,0
39.65633,-121.47479,303.02,0.69,0.74,2018-11-12,852,N,VIIRS,n,2,284.01,5.31,N,0
39.65659,-121.50246,310.18,0.69,0.74,2018-11-12,852,N,VIIRS,n,2,285.58,5.31,N,0
39.65668,-121.51162,303.93,0.69,0.74,2018-11-12,852,N,VIIRS,n,2,284.4,5.31,N,0
39.65676,-121.52,314.53,0.69,0.74,2018-11-12,852,N,VIIRS,n,2,285.14,4.07,N,0
39.65683,-121.52743,329.17,0.69,0.74,2018-11-12,852,N,VIIRS,n,2,286.75,4.07,N,0
39.65691,-121.53642,298.02,0.69,0.74,2018-11-12,852,N,VIIRS,n,2,284.58,4.86,N,0
39.66327,-121.46964,301.21,0.69,0.74,2018-11-12,852,N,VIIRS,n,2,284.04,4.03,N,0
39.66336,-121.47893,356.56,0.69,0.74,2018-11-12,852,N,VIIRS,n,2,288.6,11.19,N,0
39.6636,-121.50363,302.59,0.69,0.74,2018-11-12,852,N,VIIRS,n,2,283.62,4.54,N,0
39.66376,-121.52083,312.67,0.69,0.74,2018-11-12,852,N,VIIRS,n,2,284.15,4.27,N,0
39.66392,-121.53652,296.55,0.69,0.74,2018-11-12,852,N,VIIRS,n,2,284.3,2.86,N,0
39.67023,-121.46825,311.43,0.69,0.74,2018-11-12,852,N,VIIRS,n,2,282.93,4.03,N,0
39.67031,-121.47591,337.68,0.69,0.74,2018-11-12,852,N,VIIRS,n,2,287.84,4.03,N,0
39.67041,-121.48518,301.21,0.69,0.74,2018-11-12,852,N,VIIRS,n,2,284.85,11.19,N,0
39.67083,-121.52811,325.53,0.69,0.74,2018-11-12,852,N,VIIRS,n,2,285.96,4.27,N,0
39.67093,-121.53695,301.13,0.69,0.74,2018-11-12,852,N,VIIRS,n,2,284.08,2.86,N,0
39.6771,-121.45706,297.97,0.69,0.74,2018-11-12,852,N,VIIRS,n,2,281.99,5.56,N,0
39.6772,-121.46699,367,0.69,0.74,2018-11-12,852,N,VIIRS,h,2,289.53,16.45,N,0
39.6775,-121.49461,301.37,0.69,0.74,2018-11-12,852,N,VIIRS,n,2,283.28,2.47,N,0
39.67775,-121.51867,309.56,0.69,0.74,2018-11-12,852,N,VIIRS,n,2,284.24,2.84,N,0
39.68199,-121.47018,299.88,0.69,0.74,2018-11-12,852,N,VIIRS,n,2,284.49,1.5,N,0
39.70979,-121.44939,367,0.69,0.74,2018-11-12,852,N,VIIRS,h,2,292.58,18.5,N,0
39.70986,-121.45969,318.06,0.69,0.74,2018-11-12,852,N,VIIRS,n,2,283.76,28.37,N,0
39.71186,-121.44585,352.71,0.69,0.74,2018-11-12,852,N,VIIRS,n,2,287.14,24.97,N,0
39.71199,-121.45598,367,0.69,0.74,2018-11-12,852,N,VIIRS,h,2,289.95,24.97,N,0
39.71679,-121.45157,321.88,0.69,0.74,2018-11-12,852,N,VIIRS,n,2,283.81,18.5,N,0
39.71885,-121.44702,300.62,0.69,0.74,2018-11-12,852,N,VIIRS,n,2,282.6,1.58,N,0
39.71896,-121.45544,296.09,0.69,0.74,2018-11-12,852,N,VIIRS,n,2,283.22,1.58,N,0
39.72374,-121.44822,319.76,0.69,0.74,2018-11-12,852,N,VIIRS,n,2,284.78,5.83,N,0
39.72577,-121.44234,310.06,0.69,0.74,2018-11-12,852,N,VIIRS,n,2,284.19,1.58,N,0
39.72587,-121.45053,307.83,0.69,0.74,2018-11-12,852,N,VIIRS,n,2,284.07,1.58,N,0
39.73068,-121.44234,346.84,0.69,0.74,2018-11-12,852,N,VIIRS,n,2,288.35,5.83,N,0
39.73269,-121.43825,337.62,0.69,0.74,2018-11-12,852,N,VIIRS,n,2,286.4,3.84,N,0
39.73277,-121.44497,314.63,0.69,0.74,2018-11-12,852,N,VIIRS,n,2,285.6,3.84,N,0
39.73764,-121.43966,317.6,0.69,0.74,2018-11-12,852,N,VIIRS,n,2,284.4,2.97,N,0
39.73769,-121.4465,301.95,0.69,0.74,2018-11-12,852,N,VIIRS,n,2,284.31,1.67,N,0
39.73972,-121.44258,309.88,0.69,0.74,2018-11-12,852,N,VIIRS,n,2,284.53,3.84,N,0
39.74466,-121.44512,295.83,0.69,0.74,2018-11-12,852,N,VIIRS,n,2,282.81,1.67,N,0
39.75163,-121.44391,306.32,0.69,0.74,2018-11-12,852,N,VIIRS,n,2,284.36,3.47,N,0
39.7585,-121.43243,297.74,0.69,0.74,2018-11-12,852,N,VIIRS,n,2,282.59,1.81,N,0
39.76537,-121.42161,295.54,0.69,0.74,2018-11-12,852,N,VIIRS,n,2,281.71,4.83,N,0
39.77232,-121.42045,343.25,0.69,0.74,2018-11-12,852,N,VIIRS,n,2,285.22,4.83,N,0
39.77242,-121.42933,307.17,0.69,0.74,2018-11-12,852,N,VIIRS,n,2,281.22,4.83,N,0
39.7792,-121.41203,306.25,0.69,0.74,2018-11-12,852,N,VIIRS,n,2,281.21,3.09,N,0
39.78472,-121.40047,305.47,0.69,0.74,2018-11-12,852,N,VIIRS,n,2,282.65,2.98,N,0
39.78478,-121.41291,306.58,0.69,0.74,2018-11-12,852,N,VIIRS,n,2,281.29,4.05,N,0
39.78606,-121.40202,313.38,0.68,0.74,2018-11-12,852,N,VIIRS,n,2,283.18,3.09,N,0
39.7889,-121.68964,306.06,0.71,0.75,2018-11-12,852,N,VIIRS,n,2,281.18,1.35,N,0
39.79163,-121.39227,325.41,0.68,0.74,2018-11-12,852,N,VIIRS,n,2,282.3,2.98,N,0
39.79169,-121.4025,311.75,0.69,0.74,2018-11-12,852,N,VIIRS,n,2,282.84,2.98,N,0
39.79293,-121.39439,329.93,0.68,0.74,2018-11-12,852,N,VIIRS,n,2,283.46,5.71,N,0
39.7931,-121.68745,302.15,0.71,0.75,2018-11-12,852,N,VIIRS,n,2,280.24,1.21,N,0
39.79861,-121.39584,298.09,0.68,0.74,2018-11-12,852,N,VIIRS,n,2,281.71,1.89,N,0
39.80009,-121.67023,302.63,0.71,0.75,2018-11-12,852,N,VIIRS,n,2,283.77,2.44,N,0
39.80016,-121.68716,296.93,0.71,0.75,2018-11-12,852,N,VIIRS,n,2,282.32,1.45,N,0
39.8002,-121.69851,305.4,0.71,0.75,2018-11-12,852,N,VIIRS,n,2,281.47,1.45,N,0
39.80279,-121.6656,302.12,0.7,0.75,2018-11-12,852,N,VIIRS,n,2,282.01,1.7,N,0
39.80284,-121.67088,304.03,0.71,0.75,2018-11-12,852,N,VIIRS,n,2,284.35,1.7,N,0
39.8029,-121.67786,303.03,0.71,0.75,2018-11-12,852,N,VIIRS,n,2,282.74,1.98,N,0
39.80301,-121.68927,297.63,0.71,0.75,2018-11-12,852,N,VIIRS,n,2,282.52,1.98,N,0
39.80311,-121.69949,304.76,0.71,0.75,2018-11-12,852,N,VIIRS,n,2,280.72,2.6,N,0
39.80671,-121.38236,302.6,0.68,0.74,2018-11-12,852,N,VIIRS,n,2,279.41,2.3,N,0
39.80714,-121.66937,319.72,0.71,0.75,2018-11-12,852,N,VIIRS,n,2,285.31,2.44,N,0
39.80717,-121.67624,302.3,0.71,0.75,2018-11-12,852,N,VIIRS,n,2,283.81,2.44,N,0
39.80726,-121.69743,299.65,0.71,0.75,2018-11-12,852,N,VIIRS,n,2,279.96,1.45,N,0
39.80988,-121.66978,315.81,0.71,0.75,2018-11-12,852,N,VIIRS,n,2,284.87,2.52,N,0
39.81254,-121.39579,325.28,0.68,0.74,2018-11-12,852,N,VIIRS,n,2,281.76,8.47,N,0
39.81365,-121.38103,299.28,0.68,0.74,2018-11-12,852,N,VIIRS,n,2,279.7,2.3,N,0
39.81387,-121.39905,318.28,0.68,0.74,2018-11-12,852,N,VIIRS,n,2,280.76,2.3,N,0
39.81952,-121.39824,356.59,0.68,0.74,2018-11-12,852,N,VIIRS,n,2,283.21,8.47,N,0
39.82061,-121.38179,300.91,0.68,0.74,2018-11-12,852,N,VIIRS,n,2,279.18,13.75,N,0
39.82096,-121.40839,351.69,0.68,0.74,2018-11-12,852,N,VIIRS,n,2,283.12,13.75,N,0
39.82637,-121.38332,367,0.68,0.74,2018-11-12,852,N,VIIRS,h,2,280.83,21.68,N,0
39.82656,-121.40965,355.87,0.68,0.74,2018-11-12,852,N,VIIRS,n,2,284.61,19.98,N,0
39.82663,-121.4184,297.52,0.69,0.74,2018-11-12,852,N,VIIRS,n,2,281.56,19.98,N,0
39.82765,-121.38777,367,0.68,0.74,2018-11-12,852,N,VIIRS,h,2,288.97,13.75,N,0
39.82798,-121.41246,325.28,0.68,0.74,2018-11-12,852,N,VIIRS,n,2,283.32,13.75,N,0
39.82807,-121.41927,304.99,0.68,0.74,2018-11-12,852,N,VIIRS,n,2,281.88,7.56,N,0
39.8334,-121.39264,355.77,0.68,0.74,2018-11-12,852,N,VIIRS,n,2,286.38,21.68,N,0
39.83353,-121.41051,354.79,0.68,0.74,2018-11-12,852,N,VIIRS,n,2,286.5,19.98,N,0
39.83359,-121.41763,367,0.69,0.74,2018-11-12,852,N,VIIRS,h,2,288.19,19.98,N,0
39.83364,-121.42311,367,0.69,0.74,2018-11-12,852,N,VIIRS,h,2,288.15,19.78,N,0
39.83368,-121.42838,319.97,0.69,0.74,2018-11-12,852,N,VIIRS,n,2,281.43,19.78,N,0
39.83384,-121.44721,299.09,0.69,0.74,2018-11-12,852,N,VIIRS,n,2,280.35,4.82,N,0
39.83389,-121.45409,318.96,0.69,0.74,2018-11-12,852,N,VIIRS,n,2,281.6,4.82,N,0
39.83395,-121.46104,367,0.69,0.74,2018-11-12,852,N,VIIRS,h,2,285.32,20.93,N,0
39.83473,-121.39641,367,0.68,0.74,2018-11-12,852,N,VIIRS,h,2,289.75,17.21,N,0
39.83494,-121.41196,333.18,0.68,0.74,2018-11-12,852,N,VIIRS,n,2,284.09,17.21,N,0
39.83503,-121.41851,367,0.68,0.74,2018-11-12,852,N,VIIRS,h,2,289.4,24.83,N,0
39.8351,-121.42383,367,0.69,0.74,2018-11-12,852,N,VIIRS,h,2,286.99,24.83,N,0
39.83517,-121.42908,318.5,0.69,0.74,2018-11-12,852,N,VIIRS,n,2,280.62,11.97,N,0
39.83541,-121.44821,303.94,0.69,0.74,2018-11-12,852,N,VIIRS,n,2,280.57,2.32,N,0
39.8355,-121.45534,334.51,0.69,0.74,2018-11-12,852,N,VIIRS,n,2,282.29,10.18,N,0
39.83559,-121.46242,353.06,0.69,0.74,2018-11-12,852,N,VIIRS,n,2,282.98,10.18,N,0
39.8406,-121.42133,329.01,0.69,0.74,2018-11-12,852,N,VIIRS,n,2,281.89,4.08,N,0
39.84065,-121.42679,323.8,0.69,0.74,2018-11-12,852,N,VIIRS,n,2,281.56,4.08,N,0
39.84113,-121.48499,319.87,0.69,0.74,2018-11-12,852,N,VIIRS,n,2,278.5,3.96,N,0
39.8429,-121.48706,325.5,0.69,0.74,2018-11-12,852,N,VIIRS,n,2,279.88,4.65,N,0
39.84811,-121.48468,320.72,0.69,0.74,2018-11-12,852,N,VIIRS,n,2,279.84,3.96,N,0
39.84822,-121.49864,315.89,0.69,0.74,2018-11-12,852,N,VIIRS,n,2,280.69,8.82,N,0
39.8551,-121.48421,342.12,0.69,0.74,2018-11-12,852,N,VIIRS,n,2,281.13,34.02,N,0
39.85522,-121.49918,367,0.69,0.74,2018-11-12,852,N,VIIRS,h,2,293.23,24.48,N,0
39.85532,-121.51057,301.69,0.69,0.75,2018-11-12,852,N,VIIRS,n,2,283.01,24.48,N,0
39.85538,-121.51857,296.77,0.69,0.75,2018-11-12,852,N,VIIRS,n,2,283.41,10.93,N,0
39.86219,-121.49567,367,0.69,0.74,2018-11-12,852,N,VIIRS,h,2,284.88,24.48,N,0
39.86232,-121.51124,328.37,0.69,0.75,2018-11-12,852,N,VIIRS,n,2,285.47,24.48,N,0
39.86241,-121.52171,367,0.69,0.75,2018-11-12,852,N,VIIRS,h,2,292.77,10.93,N,0
39.86249,-121.53095,316.55,0.7,0.75,2018-11-12,852,N,VIIRS,n,2,286.31,10.93,N,0
39.86256,-121.53897,322.33,0.7,0.75,2018-11-12,852,N,VIIRS,n,2,286.16,4.01,N,0
39.86263,-121.54682,299.23,0.7,0.75,2018-11-12,852,N,VIIRS,n,2,285.08,4.01,N,0
39.86963,-121.54589,320.17,0.7,0.75,2018-11-12,852,N,VIIRS,n,2,285.18,4.24,N,0
39.86969,-121.55327,332.12,0.7,0.75,2018-11-12,852,N,VIIRS,n,2,286.75,7.8,N,0
39.62176,-121.50761,345.49,0.45,0.39,2018-11-13,1014,N,VIIRS,n,2,265.63,12.08,N,0
39.62873,-121.50529,340.19,0.45,0.39,2018-11-13,1014,N,VIIRS,n,2,263.55,6.45,N,0
39.63181,-121.48221,297.6,0.45,0.39,2018-11-13,1014,N,VIIRS,n,2,258.18,1.56,N,0
39.63219,-121.504,343.13,0.45,0.39,2018-11-13,1014,N,VIIRS,n,2,262.43,6.45,N,0
39.63363,-121.48055,324.7,0.45,0.39,2018-11-13,1014,N,VIIRS,n,2,260.44,3.53,N,0
39.63402,-121.50194,325.86,0.45,0.39,2018-11-13,1014,N,VIIRS,n,2,259.87,1.86,N,0
39.63439,-121.4763,302.03,0.45,0.39,2018-11-13,1014,N,VIIRS,n,2,258.78,1.81,N,0
39.63535,-121.48141,316.86,0.45,0.39,2018-11-13,1014,N,VIIRS,n,2,260.82,1.56,N,0
39.63565,-121.50274,326.58,0.45,0.39,2018-11-13,1014,N,VIIRS,n,2,260.08,3.89,N,0
39.63717,-121.47967,304.1,0.45,0.39,2018-11-13,1014,N,VIIRS,n,2,259.69,1.24,N,0
39.63747,-121.5006,303.77,0.45,0.39,2018-11-13,1014,N,VIIRS,n,2,258.87,1.86,N,0
39.63976,-121.47382,296.22,0.45,0.39,2018-11-13,1014,N,VIIRS,n,2,259.48,1.24,N,0
39.64237,-121.4681,302.35,0.45,0.39,2018-11-13,1014,N,VIIRS,n,2,258.9,3.79,N,0
39.64333,-121.47308,328.21,0.45,0.39,2018-11-13,1014,N,VIIRS,n,2,261.06,6.24,N,0
39.64594,-121.46733,343.95,0.45,0.39,2018-11-13,1014,N,VIIRS,n,2,261.81,3.79,N,0
39.64689,-121.47231,349.27,0.45,0.39,2018-11-13,1014,N,VIIRS,n,2,267.61,6.24,N,0
39.64787,-121.47739,297.97,0.45,0.39,2018-11-13,1014,N,VIIRS,n,2,261.12,6.24,N,0
39.6495,-121.46653,318.13,0.45,0.39,2018-11-13,1014,N,VIIRS,n,2,260.48,3.5,N,0
39.65044,-121.47149,348.01,0.45,0.39,2018-11-13,1014,N,VIIRS,n,2,269.66,6.47,N,0
39.65141,-121.4765,302.99,0.45,0.39,2018-11-13,1014,N,VIIRS,n,2,261.74,6.47,N,0
39.65398,-121.47058,306.71,0.45,0.39,2018-11-13,1014,N,VIIRS,n,2,261.18,6.47,N,0
39.65995,-121.46304,305.93,0.45,0.39,2018-11-13,1014,N,VIIRS,n,2,261.47,2,N,0
39.66088,-121.4679,325.78,0.45,0.39,2018-11-13,1014,N,VIIRS,n,2,263.91,2.37,N,0
39.66181,-121.47279,297.48,0.45,0.39,2018-11-13,1014,N,VIIRS,n,2,263.59,2.37,N,0
39.6624,-121.45642,295.09,0.45,0.39,2018-11-13,1014,N,VIIRS,n,2,260.72,10.63,N,0
39.66336,-121.4615,331.31,0.45,0.39,2018-11-13,1014,N,VIIRS,n,2,267.27,10.63,N,0
39.66429,-121.46634,351.29,0.45,0.39,2018-11-13,1014,N,VIIRS,n,2,274.47,15.78,N,0
39.66521,-121.47118,311.47,0.45,0.39,2018-11-13,1014,N,VIIRS,n,2,264.58,15.78,N,0
39.66673,-121.45971,337.54,0.45,0.39,2018-11-13,1014,N,VIIRS,n,2,264.2,10.63,N,0
39.6677,-121.46478,356.41,0.45,0.39,2018-11-13,1014,N,VIIRS,n,2,273.08,15.78,N,0
39.66861,-121.46957,322.75,0.45,0.39,2018-11-13,1014,N,VIIRS,n,2,264.78,15.78,N,0
39.67012,-121.45806,297.65,0.45,0.39,2018-11-13,1014,N,VIIRS,n,2,262.23,1.53,N,0
39.67109,-121.46314,302.36,0.45,0.39,2018-11-13,1014,N,VIIRS,n,2,263.04,1.94,N,0
39.67619,-121.45101,315.55,0.45,0.39,2018-11-13,1014,N,VIIRS,n,2,263.11,7.02,N,0
39.67716,-121.45606,343.71,0.45,0.39,2018-11-13,1014,N,VIIRS,n,2,266.8,7.02,N,0
39.67977,-121.45031,331,0.45,0.39,2018-11-13,1014,N,VIIRS,n,2,265.57,7.02,N,0
39.68073,-121.45535,347.22,0.45,0.39,2018-11-13,1014,N,VIIRS,n,2,271.33,7.02,N,0
39.68169,-121.46037,312.15,0.45,0.39,2018-11-13,1014,N,VIIRS,n,2,265.57,2.62,N,0
39.70504,-121.42713,306.13,0.45,0.39,2018-11-13,1014,N,VIIRS,n,2,270.17,2.96,N,0
39.706,-121.43221,345.02,0.45,0.39,2018-11-13,1014,N,VIIRS,n,2,276,7.07,N,0
39.70692,-121.43709,299.33,0.45,0.39,2018-11-13,1014,N,VIIRS,n,2,269.05,7.07,N,0
39.70843,-121.42544,300.21,0.45,0.39,2018-11-13,1014,N,VIIRS,n,2,270.86,1.8,N,0
39.70941,-121.4306,354.27,0.45,0.39,2018-11-13,1014,N,VIIRS,n,2,277.51,6.07,N,0
39.71034,-121.43552,336.36,0.45,0.39,2018-11-13,1014,N,VIIRS,n,2,272.86,6.07,N,0
39.71126,-121.44038,297.96,0.45,0.39,2018-11-13,1014,N,VIIRS,n,2,269.42,1.92,N,0
39.71218,-121.44526,298.96,0.45,0.39,2018-11-13,1014,N,VIIRS,n,2,269.28,1.92,N,0
39.71283,-121.42907,296.04,0.45,0.39,2018-11-13,1014,N,VIIRS,n,2,269.98,6.07,N,0
39.71312,-121.45019,298.52,0.45,0.39,2018-11-13,1014,N,VIIRS,n,2,268.65,1.79,N,0
39.71376,-121.43399,330.33,0.45,0.39,2018-11-13,1014,N,VIIRS,n,2,273.08,6.07,N,0
39.71471,-121.43896,327.52,0.45,0.39,2018-11-13,1014,N,VIIRS,n,2,272.5,1.92,N,0
39.71566,-121.44403,325.22,0.45,0.39,2018-11-13,1014,N,VIIRS,n,2,271.18,1.92,N,0
39.71661,-121.44908,319.31,0.45,0.39,2018-11-13,1014,N,VIIRS,n,2,270.1,1.79,N,0
39.71914,-121.44283,328.68,0.45,0.39,2018-11-13,1014,N,VIIRS,n,2,271.86,2.68,N,0
39.72167,-121.4366,297.56,0.45,0.39,2018-11-13,1014,N,VIIRS,n,2,270.24,2.68,N,0
39.72268,-121.44196,332.23,0.45,0.39,2018-11-13,1014,N,VIIRS,n,2,273.54,2.68,N,0
39.72524,-121.43589,315.07,0.45,0.39,2018-11-13,1014,N,VIIRS,n,2,272.4,2.89,N,0
39.73463,-121.43237,304.9,0.45,0.39,2018-11-13,1014,N,VIIRS,n,2,274.13,1.23,N,0
39.73592,-121.43367,311.68,0.45,0.39,2018-11-13,1014,N,VIIRS,n,2,274.62,2.41,N,0
39.7392,-121.43678,311.06,0.45,0.39,2018-11-13,1014,N,VIIRS,n,2,275.04,1.48,N,0
39.74273,-121.43587,297.96,0.45,0.39,2018-11-13,1014,N,VIIRS,n,2,274.2,1.48,N,0
39.74374,-121.44112,314.24,0.45,0.39,2018-11-13,1014,N,VIIRS,n,2,274.4,1.48,N,0
39.74627,-121.43498,315.54,0.45,0.39,2018-11-13,1014,N,VIIRS,n,2,273.76,2.27,N,0
39.74726,-121.44018,319.84,0.45,0.39,2018-11-13,1014,N,VIIRS,n,2,274.71,2.27,N,0
39.74981,-121.43413,315.74,0.45,0.39,2018-11-13,1014,N,VIIRS,n,2,273.11,2.27,N,0
39.75335,-121.43321,309.95,0.45,0.39,2018-11-13,1014,N,VIIRS,n,2,271.17,2.12,N,0
39.75687,-121.43224,318.93,0.45,0.39,2018-11-13,1014,N,VIIRS,n,2,271.01,2.12,N,0
39.7594,-121.42609,328.04,0.45,0.39,2018-11-13,1014,N,VIIRS,n,2,268.7,3.53,N,0
39.76039,-121.43127,307.48,0.45,0.39,2018-11-13,1014,N,VIIRS,n,2,269.01,1.58,N,0
39.76195,-121.42005,336.23,0.45,0.39,2018-11-13,1014,N,VIIRS,n,2,268.21,3.53,N,0
39.76293,-121.42516,315.44,0.45,0.39,2018-11-13,1014,N,VIIRS,n,2,268.73,3.53,N,0
39.7639,-121.43027,320.62,0.45,0.39,2018-11-13,1014,N,VIIRS,n,2,269.6,1.58,N,0
39.76447,-121.41381,317.14,0.45,0.39,2018-11-13,1014,N,VIIRS,n,2,266.37,1.25,N,0
39.76488,-121.43539,295.62,0.45,0.39,2018-11-13,1014,N,VIIRS,n,2,268.43,1.58,N,0
39.76547,-121.41907,314.22,0.45,0.39,2018-11-13,1014,N,VIIRS,n,2,267.15,3.25,N,0
39.76698,-121.40754,295.69,0.45,0.39,2018-11-13,1014,N,VIIRS,n,2,266,1.25,N,0
39.76798,-121.41281,307.56,0.45,0.39,2018-11-13,1014,N,VIIRS,n,2,266.64,1.25,N,0
39.76948,-121.40125,319.97,0.45,0.39,2018-11-13,1014,N,VIIRS,n,2,268.23,2.69,N,0
39.77051,-121.40662,341.94,0.45,0.39,2018-11-13,1014,N,VIIRS,n,2,270.65,5.11,N,0
39.77303,-121.40037,324.73,0.45,0.39,2018-11-13,1014,N,VIIRS,n,2,269.45,2.69,N,0
39.77403,-121.40567,321.18,0.45,0.39,2018-11-13,1014,N,VIIRS,n,2,270.09,5.11,N,0
39.77656,-121.39945,335.35,0.45,0.39,2018-11-13,1014,N,VIIRS,n,2,270.91,3.16,N,0
39.77755,-121.40467,324.78,0.45,0.39,2018-11-13,1014,N,VIIRS,n,2,270.66,4.74,N,0
39.7791,-121.39331,298.49,0.45,0.39,2018-11-13,1014,N,VIIRS,n,2,267.09,3.16,N,0
39.78009,-121.39853,331.57,0.45,0.39,2018-11-13,1014,N,VIIRS,n,2,270.81,3.16,N,0
39.78162,-121.38708,307.31,0.45,0.39,2018-11-13,1014,N,VIIRS,n,2,266.51,4.71,N,0
39.78262,-121.39233,350.76,0.45,0.39,2018-11-13,1014,N,VIIRS,n,2,272.33,5.94,N,0
39.7836,-121.39748,332.44,0.45,0.39,2018-11-13,1014,N,VIIRS,n,2,270.42,5.94,N,0
39.78514,-121.38607,342.66,0.45,0.39,2018-11-13,1014,N,VIIRS,n,2,271.54,4.71,N,0
39.78614,-121.39136,313.59,0.45,0.39,2018-11-13,1014,N,VIIRS,n,2,269.16,5.94,N,0
39.78863,-121.38495,331.85,0.45,0.39,2018-11-13,1014,N,VIIRS,n,2,268.94,3.21,N,0
39.79211,-121.38373,323.54,0.45,0.39,2018-11-13,1014,N,VIIRS,n,2,267.38,3.21,N,0
39.79913,-121.38168,299.24,0.45,0.39,2018-11-13,1014,N,VIIRS,n,2,266.21,1.51,N,0
39.80173,-121.37582,300.89,0.45,0.39,2018-11-13,1014,N,VIIRS,n,2,264.51,2.25,N,0
39.80267,-121.38079,306.1,0.45,0.39,2018-11-13,1014,N,VIIRS,n,2,265.78,2.25,N,0
39.80527,-121.37493,329.1,0.45,0.39,2018-11-13,1014,N,VIIRS,n,2,266.64,2.25,N,0
39.80621,-121.37988,320.35,0.45,0.39,2018-11-13,1014,N,VIIRS,n,2,266.96,2.25,N,0
39.80972,-121.37884,318.54,0.45,0.39,2018-11-13,1014,N,VIIRS,n,2,264.77,1.6,N,0
39.81322,-121.37778,314.68,0.45,0.39,2018-11-13,1014,N,VIIRS,n,2,261.89,1.6,N,0
39.81415,-121.38267,314.5,0.45,0.39,2018-11-13,1014,N,VIIRS,n,2,262.89,3.33,N,0
39.81556,-121.66374,321.23,0.44,0.38,2018-11-13,1014,N,VIIRS,n,2,257.83,3.83,N,0
39.81765,-121.38156,336.93,0.45,0.39,2018-11-13,1014,N,VIIRS,n,2,265.16,4.77,N,0
39.81857,-121.38641,307.57,0.45,0.39,2018-11-13,1014,N,VIIRS,n,2,262.26,4.77,N,0
39.82113,-121.38039,338.88,0.45,0.39,2018-11-13,1014,N,VIIRS,n,2,265.58,4.77,N,0
39.82205,-121.38523,318.39,0.45,0.39,2018-11-13,1014,N,VIIRS,n,2,263.66,4.77,N,0
39.8246,-121.37913,319.68,0.45,0.39,2018-11-13,1014,N,VIIRS,n,2,262.91,17.43,N,0
39.8255,-121.38388,355.58,0.45,0.39,2018-11-13,1014,N,VIIRS,n,2,267.48,17.43,N,0
39.82639,-121.38854,343.95,0.45,0.39,2018-11-13,1014,N,VIIRS,n,2,262.85,9.87,N,0
39.82726,-121.39313,296.69,0.45,0.39,2018-11-13,1014,N,VIIRS,n,2,260.55,9.87,N,0
39.82808,-121.3779,323.34,0.45,0.39,2018-11-13,1014,N,VIIRS,n,2,263.29,17.43,N,0
39.82896,-121.38255,349.55,0.45,0.39,2018-11-13,1014,N,VIIRS,n,2,276.68,17.43,N,0
39.82973,-121.37527,300.65,0.45,0.39,2018-11-13,1014,N,VIIRS,n,2,261.96,1.68,N,0
39.82983,-121.38716,350.9,0.45,0.39,2018-11-13,1014,N,VIIRS,n,2,271.69,9.87,N,0
39.83061,-121.37987,341.16,0.45,0.39,2018-11-13,1014,N,VIIRS,n,2,273.46,23.93,N,0
39.83071,-121.39179,309.12,0.45,0.39,2018-11-13,1014,N,VIIRS,n,2,261.87,9.87,N,0
39.83149,-121.38445,352.47,0.45,0.39,2018-11-13,1014,N,VIIRS,n,2,288.29,23.93,N,0
39.83154,-121.37659,314.16,0.45,0.39,2018-11-13,1014,N,VIIRS,n,2,263.46,11.66,N,0
39.83236,-121.38906,343.06,0.45,0.39,2018-11-13,1014,N,VIIRS,n,2,267.4,8.26,N,0
39.83241,-121.38113,350.47,0.45,0.39,2018-11-13,1014,N,VIIRS,n,2,277.97,11.66,N,0
39.83295,-121.4627,305.38,0.45,0.39,2018-11-13,1014,N,VIIRS,n,2,267.71,1.77,N,0
39.83326,-121.39373,301.46,0.45,0.39,2018-11-13,1014,N,VIIRS,n,2,262.67,8.26,N,0
39.83327,-121.38571,354.88,0.45,0.39,2018-11-13,1014,N,VIIRS,n,2,280.5,13.11,N,0
39.83405,-121.3785,316.69,0.45,0.39,2018-11-13,1014,N,VIIRS,n,2,262.6,23.93,N,0
39.83415,-121.39841,296.68,0.45,0.39,2018-11-13,1014,N,VIIRS,n,2,264.52,4.88,N,0
39.83416,-121.39036,319.81,0.45,0.39,2018-11-13,1014,N,VIIRS,n,2,262.61,13.11,N,0
39.83444,-121.45093,306.58,0.45,0.39,2018-11-13,1014,N,VIIRS,n,2,267.88,1.86,N,0
39.83491,-121.38301,352.21,0.45,0.39,2018-11-13,1014,N,VIIRS,n,2,268.8,23.93,N,0
39.83505,-121.40311,297.17,0.45,0.39,2018-11-13,1014,N,VIIRS,n,2,265.61,4.88,N,0
39.83506,-121.39513,302.85,0.45,0.39,2018-11-13,1014,N,VIIRS,n,2,263.8,5.26,N,0
39.83522,-121.4156,300.18,0.45,0.39,2018-11-13,1014,N,VIIRS,n,2,268.22,0.81,N,0
39.83579,-121.3876,347.88,0.45,0.39,2018-11-13,1014,N,VIIRS,n,2,266.18,8.26,N,0
39.83586,-121.37975,310.19,0.45,0.39,2018-11-13,1014,N,VIIRS,n,2,262.04,11.66,N,0
39.83594,-121.43922,300.93,0.45,0.39,2018-11-13,1014,N,VIIRS,n,2,267.38,3.2,N,0
39.83596,-121.40784,301.16,0.45,0.39,2018-11-13,1014,N,VIIRS,n,2,266.34,6.62,N,0
39.83596,-121.39988,305.83,0.45,0.39,2018-11-13,1014,N,VIIRS,n,2,265.35,5.26,N,0
39.83628,-121.42124,296.8,0.45,0.39,2018-11-13,1014,N,VIIRS,n,2,267.73,0.81,N,0
39.8367,-121.39233,331.07,0.45,0.39,2018-11-13,1014,N,VIIRS,n,2,264.95,8.26,N,0
39.83671,-121.38426,319.4,0.45,0.39,2018-11-13,1014,N,VIIRS,n,2,263.03,13.11,N,0
39.83686,-121.40465,308.62,0.45,0.39,2018-11-13,1014,N,VIIRS,n,2,266.45,7.35,N,0
39.83691,-121.41281,312.81,0.45,0.39,2018-11-13,1014,N,VIIRS,n,2,268.73,6.62,N,0
39.83759,-121.38892,344.96,0.45,0.39,2018-11-13,1014,N,VIIRS,n,2,266.4,13.11,N,0
39.83762,-121.39717,347.75,0.45,0.39,2018-11-13,1014,N,VIIRS,n,2,268.57,4.88,N,0
39.83776,-121.4094,333.7,0.45,0.39,2018-11-13,1014,N,VIIRS,n,2,268.79,7.35,N,0
39.83797,-121.4183,323.37,0.45,0.39,2018-11-13,1014,N,VIIRS,n,2,269.17,4.25,N,0
39.83837,-121.3817,299.67,0.45,0.39,2018-11-13,1014,N,VIIRS,n,2,262.21,1.4,N,0
39.83841,-121.43269,303.9,0.45,0.39,2018-11-13,1014,N,VIIRS,n,2,267.92,1.88,N,0
39.8385,-121.39371,354.49,0.45,0.39,2018-11-13,1014,N,VIIRS,n,2,270.59,5.26,N,0
39.83854,-121.40199,355.28,0.45,0.39,2018-11-13,1014,N,VIIRS,n,2,271.48,4.88,N,0
39.83874,-121.41462,344.7,0.45,0.39,2018-11-13,1014,N,VIIRS,n,2,271.1,6.87,N,0
39.83908,-121.42404,300.01,0.45,0.39,2018-11-13,1014,N,VIIRS,n,2,267.96,4.25,N,0
39.83923,-121.38623,304.04,0.45,0.39,2018-11-13,1014,N,VIIRS,n,2,261.86,3.28,N,0
39.83942,-121.39857,354.78,0.45,0.39,2018-11-13,1014,N,VIIRS,n,2,270.58,5.26,N,0
39.83944,-121.43817,326.98,0.45,0.39,2018-11-13,1014,N,VIIRS,n,2,269.31,3.2,N,0
39.83947,-121.40685,347.46,0.45,0.39,2018-11-13,1014,N,VIIRS,n,2,271.31,6.62,N,0
39.8398,-121.42033,316.75,0.45,0.39,2018-11-13,1014,N,VIIRS,n,2,268.98,6.87,N,0
39.84013,-121.39093,345.89,0.45,0.39,2018-11-13,1014,N,VIIRS,n,2,267.21,3.28,N,0
39.84018,-121.42974,307.46,0.45,0.39,2018-11-13,1014,N,VIIRS,n,2,268.24,5.86,N,0
39.84034,-121.40347,351.34,0.45,0.39,2018-11-13,1014,N,VIIRS,n,2,272.29,7.35,N,0
39.84043,-121.41183,354.7,0.45,0.39,2018-11-13,1014,N,VIIRS,n,2,272.85,6.62,N,0
39.84045,-121.44358,339.44,0.45,0.39,2018-11-13,1014,N,VIIRS,n,2,269.96,3.2,N,0
39.84087,-121.42609,307.5,0.45,0.39,2018-11-13,1014,N,VIIRS,n,2,268.13,6.84,N,0
39.84104,-121.39571,331.5,0.45,0.39,2018-11-13,1014,N,VIIRS,n,2,266.77,3.53,N,0
39.84124,-121.43523,352.01,0.45,0.39,2018-11-13,1014,N,VIIRS,n,2,271.92,5.86,N,0
39.84127,-121.40842,355.23,0.45,0.39,2018-11-13,1014,N,VIIRS,n,2,273.91,7.35,N,0
39.84151,-121.41742,347.35,0.45,0.39,2018-11-13,1014,N,VIIRS,n,2,273.47,4.25,N,0
39.84192,-121.43166,342.23,0.45,0.39,2018-11-13,1014,N,VIIRS,n,2,272.41,6.84,N,0
39.84199,-121.40064,330.8,0.45,0.39,2018-11-13,1014,N,VIIRS,n,2,266.14,3.53,N,0
39.84226,-121.41369,351.71,0.45,0.39,2018-11-13,1014,N,VIIRS,n,2,273.48,6.87,N,0
39.84229,-121.44064,323.18,0.45,0.39,2018-11-13,1014,N,VIIRS,n,2,268.29,1.81,N,0
39.84262,-121.42319,327.11,0.45,0.39,2018-11-13,1014,N,VIIRS,n,2,269.74,4.25,N,0
39.84293,-121.43709,330.43,0.45,0.39,2018-11-13,1014,N,VIIRS,n,2,269.4,7.02,N,0
39.84295,-121.40565,310.61,0.45,0.39,2018-11-13,1014,N,VIIRS,n,2,266.15,1.75,N,0
39.84332,-121.44601,297.23,0.45,0.39,2018-11-13,1014,N,VIIRS,n,2,266.73,1.81,N,0
39.84335,-121.41949,332.72,0.45,0.39,2018-11-13,1014,N,VIIRS,n,2,269.81,6.87,N,0
39.8437,-121.42877,346.65,0.45,0.39,2018-11-13,1014,N,VIIRS,n,2,272,5.86,N,0
39.84395,-121.41086,317.26,0.45,0.39,2018-11-13,1014,N,VIIRS,n,2,266.82,1.75,N,0
39.8444,-121.42519,354.88,0.45,0.39,2018-11-13,1014,N,VIIRS,n,2,273.66,6.84,N,0
39.84475,-121.43418,339.94,0.45,0.39,2018-11-13,1014,N,VIIRS,n,2,269.16,5.86,N,0
39.84505,-121.41657,356.21,0.45,0.39,2018-11-13,1014,N,VIIRS,n,2,275.7,15.53,N,0
39.84542,-121.43066,338.97,0.45,0.39,2018-11-13,1014,N,VIIRS,n,2,271.73,6.84,N,0
39.84617,-121.42238,367,0.45,0.39,2018-11-13,1014,N,VIIRS,h,2,277.32,15.53,N,0
39.84722,-121.4278,348.94,0.45,0.39,2018-11-13,1014,N,VIIRS,n,2,274.87,8.05,N,0
39.84751,-121.41008,298.65,0.45,0.39,2018-11-13,1014,N,VIIRS,n,2,265.5,1.75,N,0
39.84863,-121.41582,333.71,0.45,0.39,2018-11-13,1014,N,VIIRS,n,2,267.58,15.53,N,0
39.84973,-121.42157,347.13,0.45,0.39,2018-11-13,1014,N,VIIRS,n,2,274.03,15.53,N,0
39.85075,-121.42687,298.68,0.45,0.39,2018-11-13,1014,N,VIIRS,n,2,265.72,8.05,N,0
39.85913,-121.48995,304.24,0.44,0.39,2018-11-13,1014,N,VIIRS,n,2,264.84,5.82,N,0
39.86004,-121.49472,308.96,0.44,0.39,2018-11-13,1014,N,VIIRS,n,2,263.26,5.82,N,0
39.86265,-121.48901,334.9,0.44,0.39,2018-11-13,1014,N,VIIRS,n,2,268.29,5.82,N,0
39.86356,-121.49379,348.06,0.44,0.39,2018-11-13,1014,N,VIIRS,n,2,268.6,5.82,N,0
39.86446,-121.49856,305.99,0.44,0.39,2018-11-13,1014,N,VIIRS,n,2,264.45,2.8,N,0
39.86537,-121.50333,322.05,0.44,0.39,2018-11-13,1014,N,VIIRS,n,2,264.65,2.8,N,0
39.86615,-121.48803,310.47,0.44,0.39,2018-11-13,1014,N,VIIRS,n,2,263.92,7.95,N,0
39.86707,-121.49282,350.98,0.44,0.39,2018-11-13,1014,N,VIIRS,n,2,271.13,7.95,N,0
39.86797,-121.49757,346.14,0.44,0.39,2018-11-13,1014,N,VIIRS,n,2,270.62,8.65,N,0
39.86887,-121.5023,346.4,0.44,0.39,2018-11-13,1014,N,VIIRS,n,2,282.39,8.65,N,0
39.86976,-121.50703,310.53,0.44,0.39,2018-11-13,1014,N,VIIRS,n,2,262.86,2.79,N,0
39.87012,-121.52827,297.32,0.44,0.39,2018-11-13,1014,N,VIIRS,n,2,262.22,1.2,N,0
39.87068,-121.51185,301.45,0.44,0.39,2018-11-13,1014,N,VIIRS,n,2,261.23,2.79,N,0
39.87109,-121.53336,295.91,0.44,0.39,2018-11-13,1014,N,VIIRS,n,2,261.4,1.2,N,0
39.87146,-121.49655,326.28,0.44,0.39,2018-11-13,1014,N,VIIRS,n,2,266.02,8.65,N,0
39.87166,-121.517,319.59,0.44,0.39,2018-11-13,1014,N,VIIRS,n,2,262.81,3.31,N,0
39.87206,-121.53841,330.57,0.44,0.39,2018-11-13,1014,N,VIIRS,n,2,262.65,6.39,N,0
39.87235,-121.50122,330.45,0.44,0.39,2018-11-13,1014,N,VIIRS,n,2,266.08,8.65,N,0
39.87267,-121.52225,300.29,0.44,0.39,2018-11-13,1014,N,VIIRS,n,2,262.72,3.31,N,0
39.87325,-121.50595,338.94,0.44,0.39,2018-11-13,1014,N,VIIRS,n,2,265.36,2.79,N,0
39.87364,-121.52738,321.18,0.44,0.39,2018-11-13,1014,N,VIIRS,n,2,264.5,2.62,N,0
39.87461,-121.53246,299.41,0.44,0.39,2018-11-13,1014,N,VIIRS,n,2,261.35,2.62,N,0
39.87496,-121.55365,334.62,0.44,0.38,2018-11-13,1014,N,VIIRS,n,2,267,7.16,N,0
39.87517,-121.51602,339.63,0.44,0.39,2018-11-13,1014,N,VIIRS,n,2,263.67,3.31,N,0
39.87597,-121.55897,334.87,0.44,0.38,2018-11-13,1014,N,VIIRS,n,2,268.41,7.37,N,0
39.87618,-121.52132,339.23,0.44,0.39,2018-11-13,1014,N,VIIRS,n,2,264.64,3.31,N,0
39.87716,-121.52646,328.93,0.44,0.39,2018-11-13,1014,N,VIIRS,n,2,263.12,2.62,N,0
39.87944,-121.55786,349.57,0.44,0.38,2018-11-13,1014,N,VIIRS,n,2,270.62,8.89,N,0
39.88002,-121.54152,322.52,0.44,0.39,2018-11-13,1014,N,VIIRS,n,2,262.13,4.47,N,0
39.88044,-121.5631,351.5,0.44,0.38,2018-11-13,1014,N,VIIRS,n,2,271.13,8.89,N,0
39.88095,-121.54644,324.86,0.44,0.38,2018-11-13,1014,N,VIIRS,n,2,262.19,4.75,N,0
39.8814,-121.56816,325.27,0.44,0.38,2018-11-13,1014,N,VIIRS,n,2,267.19,6.17,N,0
39.88352,-121.54053,334.52,0.44,0.39,2018-11-13,1014,N,VIIRS,n,2,262.02,2.63,N,0
39.88388,-121.56186,347,0.44,0.38,2018-11-13,1014,N,VIIRS,n,2,270.4,8.89,N,0
39.88486,-121.56697,332.7,0.44,0.38,2018-11-13,1014,N,VIIRS,n,2,268.55,6.17,N,0
39.88701,-121.5395,297.51,0.44,0.39,2018-11-13,1014,N,VIIRS,n,2,260.72,2.63,N,0
39.88794,-121.54443,319.19,0.44,0.38,2018-11-13,1014,N,VIIRS,n,2,261.23,3.06,N,0
39.89177,-121.56464,320.8,0.44,0.38,2018-11-13,1014,N,VIIRS,n,2,261.16,3.81,N,0
39.89236,-121.54834,320.32,0.44,0.38,2018-11-13,1014,N,VIIRS,n,2,260.92,3.35,N,0
39.89681,-121.55233,298.62,0.44,0.38,2018-11-13,1014,N,VIIRS,n,2,260.72,1.12,N,0
39.63881,-121.47452,339.26,0.46,0.39,2018-11-14,2118,N,VIIRS,n,2,293.4,32.37,D,0
39.6394,-121.46944,353.88,0.46,0.39,2018-11-14,2118,N,VIIRS,n,2,289.26,12.31,D,0
39.67163,-121.44711,332.77,0.46,0.39,2018-11-14,2118,N,VIIRS,n,2,282.72,4.77,D,0
39.67457,-121.45345,337.57,0.46,0.39,2018-11-14,2118,N,VIIRS,n,2,284.34,4.91,D,0
39.67519,-121.44827,335.79,0.46,0.39,2018-11-14,2118,N,VIIRS,n,2,285.08,4.91,D,0
39.6794,-121.44391,328.56,0.46,0.39,2018-11-14,2118,N,VIIRS,n,2,284.65,4.92,D,0
39.71448,-121.43098,330.88,0.46,0.39,2018-11-14,2118,N,VIIRS,n,2,285.24,3.94,D,0
39.73014,-121.42363,342.1,0.46,0.39,2018-11-14,2118,N,VIIRS,n,2,286.25,12.09,D,0
39.73372,-121.42475,340.31,0.46,0.39,2018-11-14,2118,N,VIIRS,n,2,285.24,11.8,D,0
39.80602,-121.37301,335.64,0.47,0.4,2018-11-14,2118,N,VIIRS,n,2,282.18,4.1,D,0
39.80678,-121.37056,331.22,0.47,0.39,2018-11-14,2118,N,VIIRS,n,2,282.36,6.13,D,0
39.80965,-121.37373,332.07,0.47,0.4,2018-11-14,2118,N,VIIRS,n,2,280.39,5.86,D,0
39.82056,-121.37566,335.36,0.47,0.4,2018-11-14,2118,N,VIIRS,n,2,281.88,12.5,D,0
39.82421,-121.37617,347.84,0.47,0.4,2018-11-14,2118,N,VIIRS,n,2,284.3,7.92,D,0
39.82479,-121.37104,345.07,0.47,0.4,2018-11-14,2118,N,VIIRS,n,2,288.95,30.47,D,0
39.82786,-121.37662,334.46,0.47,0.4,2018-11-14,2118,N,VIIRS,n,2,281.53,7.92,D,0
39.82844,-121.37161,355.78,0.47,0.4,2018-11-14,2118,N,VIIRS,n,2,291.53,30.47,D,0
39.83211,-121.37199,334.7,0.47,0.4,2018-11-14,2118,N,VIIRS,n,2,282.74,11.59,D,0
39.83578,-121.37225,339.6,0.47,0.4,2018-11-14,2118,N,VIIRS,n,2,282.11,11.59,D,0
39.83637,-121.36719,346.91,0.47,0.4,2018-11-14,2118,N,VIIRS,n,2,281.79,11.59,D,0
39.84001,-121.36779,355.97,0.47,0.4,2018-11-14,2118,N,VIIRS,n,2,288.62,16.04,D,0
39.84287,-121.43926,326.24,0.46,0.39,2018-11-14,2118,N,VIIRS,n,2,283.27,4.25,D,0
39.8433,-121.40355,336.22,0.47,0.39,2018-11-14,2118,N,VIIRS,n,2,282.95,5.34,D,0
39.84364,-121.36848,336.27,0.47,0.4,2018-11-14,2118,N,VIIRS,n,2,283.99,16.04,D,0
39.84425,-121.3632,330.82,0.47,0.4,2018-11-14,2118,N,VIIRS,n,2,280.08,11.18,D,0
39.84512,-121.38786,340.96,0.47,0.39,2018-11-14,2118,N,VIIRS,n,2,281.55,8.84,D,0
39.84566,-121.38316,347.62,0.47,0.39,2018-11-14,2118,N,VIIRS,n,2,282.29,14.63,D,0
39.8462,-121.37852,337.22,0.47,0.4,2018-11-14,2118,N,VIIRS,n,2,281.72,14.63,D,0
39.84648,-121.44011,349.35,0.46,0.39,2018-11-14,2118,N,VIIRS,n,2,286.88,10.75,D,0
39.84692,-121.40437,327.56,0.47,0.39,2018-11-14,2118,N,VIIRS,n,2,284.36,5.34,D,0
39.84714,-121.43439,330.78,0.46,0.39,2018-11-14,2118,N,VIIRS,n,2,279.49,10.75,D,0
39.84758,-121.39865,341.96,0.47,0.39,2018-11-14,2118,N,VIIRS,n,2,285.12,5.34,D,0
39.84779,-121.42878,332.3,0.47,0.39,2018-11-14,2118,N,VIIRS,n,2,282.72,5.93,D,0
39.84932,-121.38364,336.6,0.47,0.39,2018-11-14,2118,N,VIIRS,n,2,279.82,14.63,D,0
39.84985,-121.37901,341.05,0.47,0.4,2018-11-14,2118,N,VIIRS,n,2,295.44,14.63,D,0
39.85042,-121.37415,349.87,0.47,0.4,2018-11-14,2118,N,VIIRS,n,2,304.98,67.35,D,0
39.85048,-121.40571,340.72,0.47,0.39,2018-11-14,2118,N,VIIRS,n,2,286.78,7.02,D,0
39.85116,-121.39983,346.64,0.47,0.39,2018-11-14,2118,N,VIIRS,n,2,286.18,7.02,D,0
39.85402,-121.40717,336.8,0.47,0.39,2018-11-14,2118,N,VIIRS,n,2,285.64,7.02,D,0
39.85471,-121.40121,331.52,0.47,0.39,2018-11-14,2118,N,VIIRS,n,2,281.94,7.02,D,0
39.8569,-121.41428,342.21,0.47,0.39,2018-11-14,2118,N,VIIRS,n,2,287.38,9.36,D,0
39.85756,-121.40861,343.47,0.47,0.39,2018-11-14,2118,N,VIIRS,n,2,287.08,11.02,D,0
39.86046,-121.41552,355.38,0.47,0.39,2018-11-14,2118,N,VIIRS,n,2,283.71,9.36,D,0
39.8611,-121.40997,357.36,0.47,0.39,2018-11-14,2118,N,VIIRS,n,2,286.23,11.02,D,0
39.87084,-121.48486,344.62,0.46,0.39,2018-11-14,2118,N,VIIRS,n,2,300.89,43.72,D,0
39.87429,-121.5496,330.02,0.46,0.39,2018-11-14,2118,N,VIIRS,n,2,287.28,3.28,D,0
39.87447,-121.4855,340.63,0.46,0.39,2018-11-14,2118,N,VIIRS,n,2,308.98,43.72,D,0
39.87492,-121.54421,343.67,0.46,0.39,2018-11-14,2118,N,VIIRS,n,2,291.01,8.42,D,0
39.87721,-121.55596,332.57,0.46,0.39,2018-11-14,2118,N,VIIRS,n,2,289.9,6.13,D,0
39.87788,-121.55042,351.62,0.46,0.39,2018-11-14,2118,N,VIIRS,n,2,291.46,6.13,D,0
39.87809,-121.48613,355.4,0.46,0.39,2018-11-14,2118,N,VIIRS,n,2,288.99,21.24,D,0
39.88,-121.50137,336.83,0.46,0.39,2018-11-14,2118,N,VIIRS,n,2,285.17,5.14,D,0
39.88058,-121.49643,331.08,0.46,0.39,2018-11-14,2118,N,VIIRS,n,2,284.24,5.14,D,0
39.88081,-121.55672,330.72,0.46,0.39,2018-11-14,2118,N,VIIRS,n,2,288.04,6.13,D,0
39.88115,-121.49157,355.08,0.46,0.39,2018-11-14,2118,N,VIIRS,n,2,292.19,21.24,D,0
39.88147,-121.55121,344.55,0.46,0.39,2018-11-14,2118,N,VIIRS,n,2,287.61,6.13,D,0
39.88174,-121.48661,332.16,0.46,0.39,2018-11-14,2118,N,VIIRS,n,2,282.39,21.24,D,0
39.88508,-121.55193,329.56,0.46,0.39,2018-11-14,2118,N,VIIRS,n,2,286.15,4.23,D,0
39.8857,-121.54665,342.59,0.46,0.39,2018-11-14,2118,N,VIIRS,n,2,289.5,8.58,D,0
39.88804,-121.55804,329.91,0.46,0.39,2018-11-14,2118,N,VIIRS,n,2,287,4.23,D,0
39.88847,-121.55952,328.43,0.46,0.39,2018-11-14,2118,N,VIIRS,n,2,286.88,3.84,D,0
39.89229,-121.55339,344.11,0.46,0.39,2018-11-14,2118,N,VIIRS,n,2,293.85,11.4,D,0
39.89291,-121.54812,331.49,0.46,0.39,2018-11-14,2118,N,VIIRS,n,2,287.21,5.61,D,0
39.89331,-121.54954,346.04,0.46,0.39,2018-11-14,2118,N,VIIRS,n,2,293.9,33.14,D,0
39.89588,-121.55416,333.12,0.46,0.39,2018-11-14,2118,N,VIIRS,n,2,285.4,11.4,D,0
39.89651,-121.5489,329.18,0.46,0.39,2018-11-14,2118,N,VIIRS,n,2,284.07,5.61,D,0
39.6212,-121.50018,309.73,0.39,0.36,2018-11-14,955,N,VIIRS,n,2,280.76,2.06,N,0
39.62185,-121.50457,367,0.39,0.36,2018-11-14,955,N,VIIRS,h,2,293.06,3.63,N,0
39.62251,-121.50904,308.71,0.39,0.36,2018-11-14,955,N,VIIRS,n,2,281.3,3.63,N,0
39.62451,-121.49938,332.79,0.39,0.36,2018-11-14,955,N,VIIRS,n,2,284.53,2.06,N,0
39.62516,-121.50375,299.06,0.39,0.36,2018-11-14,955,N,VIIRS,n,2,283.82,3.63,N,0
39.62783,-121.49856,334.24,0.39,0.36,2018-11-14,955,N,VIIRS,n,2,284.84,1.99,N,3
39.63115,-121.49776,299.22,0.39,0.36,2018-11-14,955,N,VIIRS,n,2,283,1.99,N,3
39.63774,-121.47253,295.74,0.39,0.36,2018-11-14,955,N,VIIRS,n,2,281.12,2.61,N,0
39.6384,-121.47704,313.75,0.39,0.36,2018-11-14,955,N,VIIRS,n,2,283,2.61,N,0
39.64037,-121.46705,345.3,0.39,0.36,2018-11-14,955,N,VIIRS,n,2,287.5,6.62,N,0
39.64104,-121.47163,337.01,0.39,0.36,2018-11-14,955,N,VIIRS,n,2,286.17,2.61,N,0
39.64367,-121.46614,302.6,0.39,0.36,2018-11-14,955,N,VIIRS,n,2,283.77,1.16,N,0
39.64434,-121.47071,308.13,0.39,0.36,2018-11-14,955,N,VIIRS,n,2,284.73,1.2,N,0
39.66688,-121.46064,298.63,0.39,0.36,2018-11-14,955,N,VIIRS,n,2,283.61,0.84,N,0
39.67482,-121.44476,328.01,0.39,0.36,2018-11-14,955,N,VIIRS,n,2,282.85,4.23,N,0
39.67549,-121.44926,347.94,0.39,0.36,2018-11-14,955,N,VIIRS,n,2,288.02,4.23,N,0
39.67812,-121.44386,312.79,0.39,0.36,2018-11-14,955,N,VIIRS,n,2,282.49,4.23,N,0
39.67878,-121.44832,337.33,0.39,0.36,2018-11-14,955,N,VIIRS,n,2,288.7,4.23,N,0
39.68208,-121.44744,346.25,0.39,0.36,2018-11-14,955,N,VIIRS,n,2,287.03,6.45,N,0
39.70319,-121.42788,299.49,0.39,0.36,2018-11-14,955,N,VIIRS,n,2,281.64,0.6,N,0
39.70586,-121.42271,323.43,0.39,0.36,2018-11-14,955,N,VIIRS,n,2,283.4,3.7,N,0
39.70652,-121.42715,336.15,0.39,0.36,2018-11-14,955,N,VIIRS,n,2,290.74,8.21,N,0
39.70919,-121.422,313.7,0.39,0.36,2018-11-14,955,N,VIIRS,n,2,282.74,3.7,N,0
39.70985,-121.42646,347.25,0.39,0.36,2018-11-14,955,N,VIIRS,n,2,289.31,8.21,N,0
39.71052,-121.43097,300.86,0.39,0.36,2018-11-14,955,N,VIIRS,n,2,282.96,8.21,N,0
39.71319,-121.42578,344.65,0.39,0.36,2018-11-14,955,N,VIIRS,n,2,287.25,5.2,N,0
39.71385,-121.43026,338.08,0.39,0.36,2018-11-14,955,N,VIIRS,n,2,285.46,5.2,N,0
39.71452,-121.43479,319.41,0.39,0.36,2018-11-14,955,N,VIIRS,n,2,282.75,2.54,N,0
39.71936,-121.43164,300.12,0.39,0.36,2018-11-14,955,N,VIIRS,n,2,280.84,0.83,N,0
39.72267,-121.43075,315.26,0.39,0.36,2018-11-14,955,N,VIIRS,n,2,282.74,0.83,N,0
39.72531,-121.42535,309.18,0.39,0.36,2018-11-14,955,N,VIIRS,n,2,281.95,2.85,N,0
39.72597,-121.42983,325.63,0.39,0.36,2018-11-14,955,N,VIIRS,n,2,284.9,2.85,N,0
39.72861,-121.4244,328.21,0.39,0.36,2018-11-14,955,N,VIIRS,n,2,285.96,2.85,N,0
39.72927,-121.42888,321.92,0.39,0.36,2018-11-14,955,N,VIIRS,n,2,285.36,2.85,N,0
39.72993,-121.43333,300.06,0.39,0.36,2018-11-14,955,N,VIIRS,n,2,282.93,1.26,N,0
39.73191,-121.42348,300.12,0.39,0.36,2018-11-14,955,N,VIIRS,n,2,282.37,4.64,N,0
39.73257,-121.42796,349.8,0.39,0.36,2018-11-14,955,N,VIIRS,n,2,290.24,4.64,N,0
39.73323,-121.43243,328.59,0.39,0.36,2018-11-14,955,N,VIIRS,n,2,284.4,2.69,N,0
39.73653,-121.43153,318.56,0.39,0.36,2018-11-14,955,N,VIIRS,n,2,283.79,2.69,N,0
39.73917,-121.42615,308,0.39,0.36,2018-11-14,955,N,VIIRS,n,2,282.65,2.54,N,0
39.73983,-121.43063,335.87,0.39,0.36,2018-11-14,955,N,VIIRS,n,2,288.78,6.49,N,0
39.74313,-121.42974,350.95,0.39,0.36,2018-11-14,955,N,VIIRS,n,2,292.05,6.49,N,0
39.7438,-121.43425,329.92,0.39,0.36,2018-11-14,955,N,VIIRS,n,2,287.34,6.49,N,0
39.74446,-121.43876,304.42,0.39,0.36,2018-11-14,955,N,VIIRS,n,2,283.84,1.38,N,0
39.7471,-121.43336,320.1,0.39,0.36,2018-11-14,955,N,VIIRS,n,2,285.44,3.3,N,0
39.74776,-121.43788,299.1,0.39,0.36,2018-11-14,955,N,VIIRS,n,2,283.82,0.72,N,0
39.7504,-121.43249,335.08,0.39,0.36,2018-11-14,955,N,VIIRS,n,2,286.66,3.3,N,0
39.75304,-121.42712,303.98,0.39,0.36,2018-11-14,955,N,VIIRS,n,2,283.38,2.67,N,0
39.7537,-121.43163,338.08,0.39,0.36,2018-11-14,955,N,VIIRS,n,2,287.35,2.67,N,0
39.75634,-121.42625,336.83,0.39,0.36,2018-11-14,955,N,VIIRS,n,2,285.84,2.67,N,0
39.757,-121.43076,302.62,0.39,0.36,2018-11-14,955,N,VIIRS,n,2,284.51,2.67,N,0
39.75831,-121.41638,299.32,0.39,0.36,2018-11-14,955,N,VIIRS,n,2,282.74,8.63,N,0
39.75898,-121.42086,353.87,0.39,0.36,2018-11-14,955,N,VIIRS,n,2,288.94,8.63,N,0
39.75964,-121.42539,348.73,0.39,0.36,2018-11-14,955,N,VIIRS,n,2,290.74,3.84,N,0
39.76031,-121.42992,295.23,0.39,0.36,2018-11-14,955,N,VIIRS,n,2,283.89,3.84,N,0
39.76096,-121.41105,301.76,0.39,0.36,2018-11-14,955,N,VIIRS,n,2,288.08,16.97,N,0
39.76162,-121.41552,345.21,0.39,0.36,2018-11-14,955,N,VIIRS,n,2,289.49,8.63,N,0
39.76228,-121.42,321.28,0.39,0.36,2018-11-14,955,N,VIIRS,n,2,284.63,8.63,N,0
39.76426,-121.41019,341.01,0.39,0.36,2018-11-14,955,N,VIIRS,n,2,288.39,9.45,N,0
39.76492,-121.41467,333.41,0.39,0.36,2018-11-14,955,N,VIIRS,n,2,285.32,7.24,N,0
39.76625,-121.40045,321.27,0.39,0.36,2018-11-14,955,N,VIIRS,n,2,282.43,3.07,N,0
39.7669,-121.40488,356.92,0.39,0.36,2018-11-14,955,N,VIIRS,n,2,293.49,9.45,N,0
39.76691,-121.42818,328.8,0.39,0.36,2018-11-14,955,N,VIIRS,n,2,285.55,1.73,N,0
39.76756,-121.40933,352.66,0.39,0.36,2018-11-14,955,N,VIIRS,n,2,290.13,9.45,N,0
39.76955,-121.39955,344.76,0.39,0.36,2018-11-14,955,N,VIIRS,n,2,287.72,7.73,N,0
39.7702,-121.40399,302.9,0.39,0.36,2018-11-14,955,N,VIIRS,n,2,283.44,1.5,N,0
39.77022,-121.42731,298.41,0.39,0.36,2018-11-14,955,N,VIIRS,n,2,282.43,1.73,N,0
39.77284,-121.39867,351.71,0.39,0.36,2018-11-14,955,N,VIIRS,n,2,288.72,7.73,N,0
39.7735,-121.40311,296.03,0.39,0.36,2018-11-14,955,N,VIIRS,n,2,283.49,1.5,N,0
39.77613,-121.39779,338.25,0.39,0.36,2018-11-14,955,N,VIIRS,n,2,294.86,6.85,N,0
39.7768,-121.40225,297.21,0.39,0.36,2018-11-14,955,N,VIIRS,n,2,283.03,1.07,N,0
39.77877,-121.39242,325.11,0.39,0.36,2018-11-14,955,N,VIIRS,n,2,284.05,6.85,N,0
39.77943,-121.3969,322.67,0.39,0.36,2018-11-14,955,N,VIIRS,n,2,286.91,6.85,N,0
39.78141,-121.38709,310.6,0.39,0.36,2018-11-14,955,N,VIIRS,n,2,283.31,0.83,N,0
39.78207,-121.39156,331.9,0.39,0.36,2018-11-14,955,N,VIIRS,n,2,286.03,4.15,N,0
39.78471,-121.38622,297.83,0.39,0.36,2018-11-14,955,N,VIIRS,n,2,283.15,0.83,N,0
39.79396,-121.37926,297.99,0.39,0.36,2018-11-14,955,N,VIIRS,n,2,282.47,0.84,N,0
39.79463,-121.3838,307.27,0.39,0.36,2018-11-14,955,N,VIIRS,n,2,282.02,0.84,N,0
39.80317,-121.37209,329.25,0.39,0.36,2018-11-14,955,N,VIIRS,n,2,284.31,2.74,N,0
39.80384,-121.37663,298.55,0.39,0.36,2018-11-14,955,N,VIIRS,n,2,283.13,1.9,N,0
39.80424,-121.65965,305.09,0.39,0.36,2018-11-14,955,N,VIIRS,n,2,281.18,1.07,N,0
39.80647,-121.37125,329.11,0.39,0.36,2018-11-14,955,N,VIIRS,n,2,286.12,4.25,N,0
39.80714,-121.37577,342.89,0.39,0.36,2018-11-14,955,N,VIIRS,n,2,288.9,3.55,N,0
39.80756,-121.65884,328.62,0.39,0.36,2018-11-14,955,N,VIIRS,n,2,282.88,2.2,N,0
39.81044,-121.37495,322.45,0.39,0.36,2018-11-14,955,N,VIIRS,n,2,283.36,3.55,N,0
39.81089,-121.65799,331.56,0.39,0.36,2018-11-14,955,N,VIIRS,n,2,285.57,2.2,N,0
39.81112,-121.37949,319.18,0.39,0.36,2018-11-14,955,N,VIIRS,n,2,282.68,3.55,N,0
39.81153,-121.6624,300.95,0.39,0.36,2018-11-14,955,N,VIIRS,n,2,283.58,2.2,N,0
39.81443,-121.37866,319.85,0.39,0.36,2018-11-14,955,N,VIIRS,n,2,280.6,8.82,N,0
39.81773,-121.37786,350.23,0.39,0.36,2018-11-14,955,N,VIIRS,n,2,292.87,8.82,N,0
39.81816,-121.66065,317.06,0.39,0.36,2018-11-14,955,N,VIIRS,n,2,285.17,2.08,N,0
39.81842,-121.38241,304.71,0.39,0.36,2018-11-14,955,N,VIIRS,n,2,281.18,1.46,N,0
39.81977,-121.37503,337.48,0.39,0.36,2018-11-14,955,N,VIIRS,n,2,290.4,16.68,N,0
39.82044,-121.37959,325.27,0.39,0.36,2018-11-14,955,N,VIIRS,n,2,285.01,16.68,N,0
39.82148,-121.65982,345.18,0.39,0.36,2018-11-14,955,N,VIIRS,n,2,289.17,16.58,N,0
39.82212,-121.66422,298.13,0.39,0.36,2018-11-14,955,N,VIIRS,n,2,282.58,12.13,N,0
39.82308,-121.37422,328.83,0.39,0.36,2018-11-14,955,N,VIIRS,n,2,282.29,16.68,N,0
39.82375,-121.3788,328.65,0.39,0.36,2018-11-14,955,N,VIIRS,n,2,301.95,16.68,N,0
39.82442,-121.38342,295.35,0.39,0.36,2018-11-14,955,N,VIIRS,n,2,281.08,0.92,N,0
39.8248,-121.65897,336.13,0.39,0.36,2018-11-14,955,N,VIIRS,n,2,295.94,16.58,N,0
39.82544,-121.66338,347.98,0.39,0.36,2018-11-14,955,N,VIIRS,n,2,296.93,12.13,N,0
39.82638,-121.37341,340.82,0.39,0.36,2018-11-14,955,N,VIIRS,n,2,281.36,15.3,N,0
39.82706,-121.37804,342.03,0.39,0.36,2018-11-14,955,N,VIIRS,n,2,291,15.3,N,0
39.82747,-121.65372,309.57,0.39,0.36,2018-11-14,955,N,VIIRS,n,2,282.4,7.98,N,0
39.82812,-121.65816,367,0.39,0.36,2018-11-14,955,N,VIIRS,h,2,297.94,7.98,N,0
39.82876,-121.66257,344.47,0.39,0.36,2018-11-14,955,N,VIIRS,n,2,291.18,3.63,N,0
39.8294,-121.66699,298.08,0.39,0.36,2018-11-14,955,N,VIIRS,n,2,282.42,3.63,N,0
39.82969,-121.37261,350.43,0.39,0.36,2018-11-14,955,N,VIIRS,n,2,297.74,15.3,N,0
39.83037,-121.37724,303.83,0.39,0.36,2018-11-14,955,N,VIIRS,n,2,281.95,15.3,N,0
39.833,-121.37183,340.66,0.39,0.36,2018-11-14,955,N,VIIRS,n,2,302.01,16.26,N,0
39.83368,-121.3765,307.36,0.39,0.36,2018-11-14,955,N,VIIRS,n,2,281.75,16.26,N,0
39.83439,-121.45139,299.41,0.39,0.36,2018-11-14,955,N,VIIRS,n,2,277.58,0.64,N,0
39.83632,-121.37108,328.27,0.39,0.36,2018-11-14,955,N,VIIRS,n,2,289.3,16.26,N,0
39.837,-121.37576,348.1,0.39,0.36,2018-11-14,955,N,VIIRS,n,2,287.73,16.26,N,0
39.83768,-121.38044,346.34,0.39,0.36,2018-11-14,955,N,VIIRS,n,2,285.13,6.03,N,0
39.8377,-121.45056,298.54,0.39,0.36,2018-11-14,955,N,VIIRS,n,2,276.3,0.48,N,0
39.83962,-121.37026,352.88,0.39,0.36,2018-11-14,955,N,VIIRS,n,2,295.77,14.53,N,0
39.8403,-121.37491,328.72,0.39,0.36,2018-11-14,955,N,VIIRS,n,2,284.53,14.53,N,0
39.84039,-121.39895,305.6,0.39,0.36,2018-11-14,955,N,VIIRS,n,2,281.48,1.38,N,0
39.84099,-121.37962,295.87,0.39,0.36,2018-11-14,955,N,VIIRS,n,2,280.4,5.54,N,0
39.84167,-121.38433,297.17,0.39,0.36,2018-11-14,955,N,VIIRS,n,2,279.45,5.54,N,0
39.84172,-121.40806,306.48,0.39,0.36,2018-11-14,955,N,VIIRS,n,2,281.48,1.04,N,0
39.84235,-121.43548,318.62,0.39,0.36,2018-11-14,955,N,VIIRS,n,2,280.64,6.1,N,0
39.84236,-121.38899,339.98,0.39,0.36,2018-11-14,955,N,VIIRS,n,2,285.36,9.97,N,0
39.84239,-121.41257,299.16,0.39,0.36,2018-11-14,955,N,VIIRS,n,2,281.29,1.04,N,0
39.84292,-121.36938,355.11,0.39,0.36,2018-11-14,955,N,VIIRS,n,2,293.88,14.53,N,0
39.843,-121.43992,355.78,0.39,0.36,2018-11-14,955,N,VIIRS,n,2,289.89,6.1,N,0
39.84303,-121.39362,356.15,0.39,0.36,2018-11-14,955,N,VIIRS,n,2,288.29,9.97,N,0
39.84361,-121.37406,332.77,0.39,0.36,2018-11-14,955,N,VIIRS,n,2,284.32,14.53,N,0
39.84365,-121.44438,344,0.39,0.36,2018-11-14,955,N,VIIRS,n,2,284.71,4.98,N,0
39.84371,-121.39822,323.97,0.39,0.36,2018-11-14,955,N,VIIRS,n,2,282.52,3.27,N,0
39.8443,-121.37878,353.42,0.39,0.36,2018-11-14,955,N,VIIRS,n,2,286.42,5.54,N,0
39.84499,-121.43018,318.99,0.39,0.36,2018-11-14,955,N,VIIRS,n,2,278.46,2.39,N,0
39.84499,-121.3835,367,0.39,0.36,2018-11-14,955,N,VIIRS,h,2,288.77,5.54,N,0
39.84503,-121.40723,355.33,0.39,0.36,2018-11-14,955,N,VIIRS,n,2,293.35,10.36,N,0
39.84565,-121.43465,347.42,0.39,0.36,2018-11-14,955,N,VIIRS,n,2,282.04,6.1,N,0
39.84567,-121.38823,351.24,0.39,0.36,2018-11-14,955,N,VIIRS,n,2,286.62,9.97,N,0
39.84569,-121.4117,327.38,0.39,0.36,2018-11-14,955,N,VIIRS,n,2,283.96,10.36,N,0
39.84623,-121.36858,328.43,0.39,0.36,2018-11-14,955,N,VIIRS,n,2,295.77,47.64,N,0
39.84631,-121.43909,323.75,0.39,0.36,2018-11-14,955,N,VIIRS,n,2,279.36,6.1,N,0
39.84636,-121.39288,325.51,0.39,0.36,2018-11-14,955,N,VIIRS,n,2,281.64,9.97,N,0
39.84691,-121.37324,339.6,0.39,0.36,2018-11-14,955,N,VIIRS,n,2,313.84,47.64,N,0
39.84697,-121.44353,307.15,0.39,0.36,2018-11-14,955,N,VIIRS,n,2,277.38,4.98,N,0
39.8476,-121.37794,349.2,0.39,0.36,2018-11-14,955,N,VIIRS,n,2,285.69,7.88,N,0
39.84764,-121.42485,301.15,0.39,0.36,2018-11-14,955,N,VIIRS,n,2,279.26,4.67,N,0
39.84829,-121.38267,298.93,0.39,0.36,2018-11-14,955,N,VIIRS,n,2,279.34,7.88,N,0
39.8483,-121.42931,352.03,0.39,0.36,2018-11-14,955,N,VIIRS,n,2,286.05,4.67,N,0
39.84834,-121.40634,345.89,0.39,0.36,2018-11-14,955,N,VIIRS,n,2,288.06,10.36,N,0
39.84899,-121.41075,337.75,0.39,0.36,2018-11-14,955,N,VIIRS,n,2,283.96,10.36,N,0
39.84964,-121.41514,306.57,0.39,0.36,2018-11-14,955,N,VIIRS,n,2,281.62,1,N,0
39.85029,-121.41951,295.16,0.39,0.36,2018-11-14,955,N,VIIRS,n,2,280.32,1,N,0
39.85094,-121.42395,337.77,0.39,0.36,2018-11-14,955,N,VIIRS,n,2,282.77,4.67,N,0
39.85163,-121.40537,296.69,0.39,0.36,2018-11-14,955,N,VIIRS,n,2,280.2,22.25,N,0
39.85228,-121.40978,337.3,0.39,0.36,2018-11-14,955,N,VIIRS,n,2,310.82,22.25,N,0
39.85294,-121.41418,345.59,0.39,0.36,2018-11-14,955,N,VIIRS,n,2,288.08,36.09,N,0
39.85358,-121.41858,344.59,0.39,0.36,2018-11-14,955,N,VIIRS,n,2,283.89,36.09,N,0
39.85424,-121.42304,338.29,0.39,0.36,2018-11-14,955,N,VIIRS,n,2,282.76,12.48,N,0
39.85558,-121.40883,335.06,0.39,0.36,2018-11-14,955,N,VIIRS,n,2,284.9,22.25,N,0
39.85623,-121.41325,334.54,0.39,0.36,2018-11-14,955,N,VIIRS,n,2,314.02,36.09,N,0
39.85688,-121.41768,338.77,0.39,0.36,2018-11-14,955,N,VIIRS,n,2,312.97,36.09,N,0
39.85754,-121.42216,329.05,0.39,0.36,2018-11-14,955,N,VIIRS,n,2,283.02,12.48,N,0
39.85953,-121.41231,297.51,0.39,0.36,2018-11-14,955,N,VIIRS,n,2,279.64,0.72,N,0
39.86018,-121.41678,297.99,0.39,0.36,2018-11-14,955,N,VIIRS,n,2,278.77,0.72,N,0
39.86085,-121.42129,296.96,0.39,0.36,2018-11-14,955,N,VIIRS,n,2,278.87,0.81,N,0
39.86418,-121.49072,302.23,0.39,0.36,2018-11-14,955,N,VIIRS,n,2,283.79,48.98,N,0
39.86491,-121.51929,295.77,0.39,0.36,2018-11-14,955,N,VIIRS,n,2,280.96,0.46,N,0
39.86749,-121.48986,350.55,0.39,0.36,2018-11-14,955,N,VIIRS,n,2,300.66,48.98,N,0
39.86816,-121.49449,303.6,0.39,0.36,2018-11-14,955,N,VIIRS,n,2,284.44,2.31,N,0
39.86946,-121.47989,297.55,0.39,0.36,2018-11-14,955,N,VIIRS,n,2,279.91,1.18,N,0
39.8708,-121.48901,344.65,0.39,0.36,2018-11-14,955,N,VIIRS,n,2,324.03,73.2,N,0
39.87147,-121.49366,311.92,0.39,0.36,2018-11-14,955,N,VIIRS,n,2,286.63,3.56,N,0
39.87219,-121.54565,308.03,0.39,0.36,2018-11-14,955,N,VIIRS,n,2,282.86,2.42,N,0
39.87285,-121.55014,308.33,0.39,0.36,2018-11-14,955,N,VIIRS,n,2,282.91,1.62,N,0
39.87344,-121.4836,313.53,0.39,0.36,2018-11-14,955,N,VIIRS,n,2,281.5,73.2,N,0
39.8735,-121.53107,299.66,0.39,0.36,2018-11-14,955,N,VIIRS,n,2,282.18,2.66,N,0
39.8741,-121.48818,340.49,0.39,0.36,2018-11-14,955,N,VIIRS,n,2,321.79,73.2,N,0
39.87416,-121.53562,332.93,0.39,0.36,2018-11-14,955,N,VIIRS,n,2,286.45,2.66,N,0
39.87417,-121.51218,340.37,0.39,0.36,2018-11-14,955,N,VIIRS,n,2,286.1,6.8,N,0
39.87478,-121.49284,319.56,0.39,0.36,2018-11-14,955,N,VIIRS,n,2,285.46,3.56,N,0
39.87483,-121.54018,319.65,0.39,0.36,2018-11-14,955,N,VIIRS,n,2,285.99,2.42,N,0
39.87483,-121.51668,312.59,0.39,0.36,2018-11-14,955,N,VIIRS,n,2,282.7,6.8,N,0
39.87547,-121.49752,337.44,0.39,0.36,2018-11-14,955,N,VIIRS,n,2,286.63,3.56,N,0
39.8755,-121.54478,325.53,0.39,0.36,2018-11-14,955,N,VIIRS,n,2,283.65,2.42,N,0
39.87615,-121.52567,301.82,0.39,0.36,2018-11-14,955,N,VIIRS,n,2,282.3,2.1,N,0
39.87615,-121.5022,335.75,0.39,0.36,2018-11-14,955,N,VIIRS,n,2,283.92,4.69,N,0
39.87616,-121.54931,315.13,0.39,0.36,2018-11-14,955,N,VIIRS,n,2,282.6,1.62,N,0
39.87681,-121.5302,335.64,0.39,0.36,2018-11-14,955,N,VIIRS,n,2,285.86,3.83,N,0
39.87682,-121.5538,311.29,0.39,0.36,2018-11-14,955,N,VIIRS,n,2,284.75,1.62,N,0
39.87682,-121.50681,335.11,0.39,0.36,2018-11-14,955,N,VIIRS,n,2,282.91,4.69,N,0
39.87741,-121.48736,339.37,0.39,0.36,2018-11-14,955,N,VIIRS,n,2,285.85,7.11,N,0
39.87747,-121.53474,348.54,0.39,0.36,2018-11-14,955,N,VIIRS,n,2,290.49,3.83,N,0
39.87749,-121.51134,298.68,0.39,0.36,2018-11-14,955,N,VIIRS,n,2,278.96,6.8,N,0
39.8781,-121.49203,351.05,0.39,0.36,2018-11-14,955,N,VIIRS,n,2,290.09,4.79,N,0
39.87814,-121.5393,343.67,0.39,0.36,2018-11-14,955,N,VIIRS,n,2,289.6,2.85,N,0
39.87814,-121.51583,350.4,0.39,0.36,2018-11-14,955,N,VIIRS,n,2,290.98,6.8,N,0
39.87879,-121.52028,310.55,0.39,0.36,2018-11-14,955,N,VIIRS,n,2,281.39,2.1,N,0
39.87879,-121.49673,324.67,0.39,0.36,2018-11-14,955,N,VIIRS,n,2,281.77,4.79,N,0
39.87881,-121.5439,320.68,0.39,0.36,2018-11-14,955,N,VIIRS,n,2,284.98,2.85,N,0
39.87945,-121.52479,334.69,0.39,0.36,2018-11-14,955,N,VIIRS,n,2,282.91,2.1,N,0
39.87947,-121.54845,324.48,0.39,0.36,2018-11-14,955,N,VIIRS,n,2,282.34,4.55,N,0
39.87947,-121.50142,298.24,0.39,0.36,2018-11-14,955,N,VIIRS,n,2,278.87,0.68,N,0
39.88012,-121.52933,333.28,0.39,0.36,2018-11-14,955,N,VIIRS,n,2,286.35,3.83,N,0
39.88013,-121.55299,310.65,0.39,0.36,2018-11-14,955,N,VIIRS,n,2,280.78,4.55,N,0
39.88078,-121.53389,303.72,0.39,0.36,2018-11-14,955,N,VIIRS,n,2,282.91,3.83,N,0
39.88079,-121.55746,341.47,0.39,0.36,2018-11-14,955,N,VIIRS,n,2,288.37,2.94,N,0
39.88145,-121.56196,295.73,0.39,0.36,2018-11-14,955,N,VIIRS,n,2,281.74,2.94,N,0
39.88145,-121.53844,298.23,0.39,0.36,2018-11-14,955,N,VIIRS,n,2,282.8,2.85,N,0
39.88277,-121.52394,338.96,0.39,0.36,2018-11-14,955,N,VIIRS,n,2,285.61,2.89,N,0
39.88279,-121.54762,341.1,0.39,0.36,2018-11-14,955,N,VIIRS,n,2,285.78,4.55,N,0
39.88409,-121.53304,295.94,0.39,0.36,2018-11-14,955,N,VIIRS,n,2,281.11,1.66,N,0
39.88411,-121.55667,311.64,0.39,0.36,2018-11-14,955,N,VIIRS,n,2,281.12,2.94,N,0
39.88477,-121.5612,320.72,0.39,0.36,2018-11-14,955,N,VIIRS,n,2,283.45,2.94,N,0
39.88608,-121.52311,323.76,0.39,0.36,2018-11-14,955,N,VIIRS,n,2,283.75,2.89,N,0
39.8861,-121.54677,341.01,0.39,0.36,2018-11-14,955,N,VIIRS,n,2,285.66,3.64,N,0
39.88809,-121.5604,336.99,0.39,0.36,2018-11-14,955,N,VIIRS,n,2,281.51,4.01,N,0
39.88939,-121.52228,309.42,0.39,0.36,2018-11-14,955,N,VIIRS,n,2,280.77,0.89,N,0
39.88941,-121.54592,325.39,0.39,0.36,2018-11-14,955,N,VIIRS,n,2,282.53,3.64,N,0
39.89008,-121.5505,322.67,0.39,0.36,2018-11-14,955,N,VIIRS,n,2,279.15,3.64,N,0
39.89141,-121.55959,328.73,0.39,0.36,2018-11-14,955,N,VIIRS,n,2,279.82,4.01,N,0
39.89206,-121.56412,301.24,0.39,0.36,2018-11-14,955,N,VIIRS,n,2,276.85,2.73,N,0
39.89271,-121.52145,309.28,0.39,0.36,2018-11-14,955,N,VIIRS,n,2,280.77,0.89,N,0
39.89339,-121.54967,339.12,0.39,0.36,2018-11-14,955,N,VIIRS,n,2,291.25,17.81,N,0
39.89406,-121.55423,329.6,0.39,0.36,2018-11-14,955,N,VIIRS,n,2,279.18,6.06,N,0
39.89472,-121.55876,306.51,0.39,0.36,2018-11-14,955,N,VIIRS,n,2,277.23,6.06,N,0
39.61673,-121.50813,338.6,0.39,0.36,2018-11-14,956,N,VIIRS,n,2,281.11,11.54,N,0
39.61938,-121.50288,328.13,0.39,0.36,2018-11-14,956,N,VIIRS,n,2,283.9,11.54,N,0
39.62004,-121.50732,340.26,0.39,0.36,2018-11-14,956,N,VIIRS,n,2,299.62,11.54,N,0
39.63265,-121.47546,329.18,0.39,0.36,2018-11-15,2059,N,VIIRS,n,2,290.1,5.15,D,0
39.63667,-121.47182,336.48,0.39,0.36,2018-11-15,2059,N,VIIRS,n,2,289.96,5.15,D,0
39.67594,-121.44046,326.61,0.39,0.36,2018-11-15,2059,N,VIIRS,n,2,287.61,2.56,D,0
39.67924,-121.44127,332.54,0.39,0.36,2018-11-15,2059,N,VIIRS,n,2,291.24,7.68,D,0
39.69994,-121.41872,349.46,0.39,0.36,2018-11-15,2059,N,VIIRS,n,2,297.58,14.35,D,0
39.70324,-121.41955,340.16,0.39,0.36,2018-11-15,2059,N,VIIRS,n,2,290.99,6.5,D,0
39.70722,-121.41611,328.91,0.39,0.36,2018-11-15,2059,N,VIIRS,n,2,289.18,6.5,D,0
39.7098,-121.42142,331.66,0.39,0.36,2018-11-15,2059,N,VIIRS,n,2,289.98,3.9,D,0
39.7105,-121.41704,326.96,0.39,0.36,2018-11-15,2059,N,VIIRS,n,2,287.22,3.9,D,0
39.71309,-121.42233,338.55,0.39,0.36,2018-11-15,2059,N,VIIRS,n,2,289.42,3.9,D,0
39.71568,-121.42769,338.92,0.39,0.36,2018-11-15,2059,N,VIIRS,n,2,290.05,4.65,D,0
39.71637,-121.42325,331.57,0.39,0.36,2018-11-15,2059,N,VIIRS,n,2,286.35,3.18,D,0
39.71896,-121.42859,341.07,0.39,0.36,2018-11-15,2059,N,VIIRS,n,2,286.6,4.65,D,0
39.71966,-121.42416,327.81,0.39,0.36,2018-11-15,2059,N,VIIRS,n,2,285.97,3.18,D,0
39.72366,-121.42052,338.07,0.39,0.36,2018-11-15,2059,N,VIIRS,n,2,288.74,5.19,D,0
39.72696,-121.42131,341.29,0.39,0.36,2018-11-15,2059,N,VIIRS,n,2,290.74,5.19,D,0
39.73095,-121.41765,345.3,0.39,0.36,2018-11-15,2059,N,VIIRS,n,2,290.83,4.46,D,0
39.73425,-121.41847,329.9,0.39,0.36,2018-11-15,2059,N,VIIRS,n,2,288.5,4.46,D,0
39.74013,-121.42458,335.53,0.39,0.36,2018-11-15,2059,N,VIIRS,n,2,289.37,4.69,D,0
39.74236,-121.4284,327.98,0.39,0.36,2018-11-15,2059,N,VIIRS,n,2,287.5,7.42,D,0
39.74307,-121.42395,325.23,0.39,0.36,2018-11-15,2059,N,VIIRS,n,2,286.63,7.42,D,0
39.74637,-121.42478,344.03,0.39,0.36,2018-11-15,2059,N,VIIRS,n,2,295.56,7.42,D,0
39.74895,-121.43008,337.88,0.39,0.36,2018-11-15,2059,N,VIIRS,n,2,289.63,6.75,D,0
39.74966,-121.42561,334.54,0.39,0.36,2018-11-15,2059,N,VIIRS,n,2,289.2,6.75,D,0
39.75367,-121.422,329.54,0.39,0.36,2018-11-15,2059,N,VIIRS,n,2,288.76,4.4,D,0
39.75507,-121.41307,340.37,0.39,0.36,2018-11-15,2059,N,VIIRS,n,2,289.81,3.88,D,0
39.75696,-121.42283,326.18,0.39,0.36,2018-11-15,2059,N,VIIRS,n,2,288.6,3.61,D,0
39.75907,-121.40949,338.68,0.39,0.36,2018-11-15,2059,N,VIIRS,n,2,290,7.92,D,0
39.75977,-121.40505,333.16,0.39,0.36,2018-11-15,2059,N,VIIRS,n,2,289.59,6.68,D,0
39.76046,-121.40064,352.88,0.39,0.36,2018-11-15,2059,N,VIIRS,n,2,292.25,6.68,D,0
39.76446,-121.39705,335.45,0.39,0.36,2018-11-15,2059,N,VIIRS,n,2,290.08,5.09,D,0
39.76586,-121.38811,325.61,0.39,0.36,2018-11-15,2059,N,VIIRS,n,2,287.77,2.23,D,0
39.76846,-121.3934,347.09,0.39,0.36,2018-11-15,2059,N,VIIRS,n,2,292.98,9.31,D,0
39.76916,-121.38894,349.23,0.39,0.36,2018-11-15,2059,N,VIIRS,n,2,294.12,15.73,D,0
39.77575,-121.39059,346.22,0.39,0.36,2018-11-15,2059,N,VIIRS,n,2,296.86,8.56,D,0
39.77646,-121.38612,328.68,0.39,0.36,2018-11-15,2059,N,VIIRS,n,2,289.85,8.56,D,0
39.77905,-121.39141,326.94,0.39,0.36,2018-11-15,2059,N,VIIRS,n,2,288.29,8.56,D,0
39.77975,-121.38696,342.37,0.39,0.36,2018-11-15,2059,N,VIIRS,n,2,291.72,8.56,D,0
39.80629,-121.37061,326.86,0.39,0.36,2018-11-15,2059,N,VIIRS,n,2,288.06,6.03,D,0
39.80957,-121.37147,350.63,0.39,0.36,2018-11-15,2059,N,VIIRS,n,2,291.36,6.03,D,0
39.81215,-121.37682,335.68,0.39,0.36,2018-11-15,2059,N,VIIRS,n,2,288.27,3.18,D,0
39.81614,-121.37321,339.65,0.39,0.36,2018-11-15,2059,N,VIIRS,n,2,290.99,8.22,D,0
39.82012,-121.36961,335.66,0.39,0.36,2018-11-15,2059,N,VIIRS,n,2,288.97,11.25,D,0
39.82739,-121.36689,350.07,0.39,0.36,2018-11-15,2059,N,VIIRS,n,2,290.71,16.23,D,0
39.82809,-121.3624,325.14,0.39,0.36,2018-11-15,2059,N,VIIRS,n,2,285.23,16.23,D,0
39.83138,-121.36331,335.88,0.39,0.36,2018-11-15,2059,N,VIIRS,n,2,290.73,16.23,D,0
39.83466,-121.36421,344.91,0.39,0.36,2018-11-15,2059,N,VIIRS,n,2,293.87,14.14,D,0
39.83536,-121.35973,333.13,0.39,0.36,2018-11-15,2059,N,VIIRS,n,2,298.18,14.28,D,0
39.83794,-121.36511,342.53,0.39,0.36,2018-11-15,2059,N,VIIRS,n,2,293.63,14.14,D,0
39.83864,-121.36063,346.26,0.39,0.36,2018-11-15,2059,N,VIIRS,n,2,292.25,14.28,D,0
39.83934,-121.35615,329.52,0.39,0.36,2018-11-15,2059,N,VIIRS,n,2,285.93,14.28,D,0
39.84192,-121.3615,353.96,0.39,0.36,2018-11-15,2059,N,VIIRS,n,2,293.08,14.93,D,0
39.84262,-121.35704,356.59,0.39,0.36,2018-11-15,2059,N,VIIRS,n,2,290.36,14.93,D,0
39.84521,-121.3624,353.28,0.39,0.36,2018-11-15,2059,N,VIIRS,n,2,301.32,14.93,D,0
39.84591,-121.35794,335.56,0.39,0.36,2018-11-15,2059,N,VIIRS,n,2,291.68,14.93,D,0
39.84825,-121.38687,325.3,0.39,0.36,2018-11-15,2059,N,VIIRS,n,2,288.07,2.18,D,0
39.85012,-121.39677,345.92,0.39,0.36,2018-11-15,2059,N,VIIRS,n,2,292.46,5.92,D,0
39.85107,-121.36873,337.67,0.39,0.36,2018-11-15,2059,N,VIIRS,n,2,287.65,3.26,D,0
39.85224,-121.38322,347.59,0.39,0.36,2018-11-15,2059,N,VIIRS,n,2,291.25,5.41,D,0
39.85341,-121.39761,337.1,0.39,0.36,2018-11-15,2059,N,VIIRS,n,2,291.71,5.92,D,0
39.85435,-121.36969,328.89,0.39,0.36,2018-11-15,2059,N,VIIRS,n,2,287.83,9.86,D,0
39.85552,-121.38412,326.84,0.39,0.36,2018-11-15,2059,N,VIIRS,n,2,287.28,5.41,D,0
39.85623,-121.37958,348.43,0.39,0.36,2018-11-15,2059,N,VIIRS,n,2,291.49,5.41,D,0
39.85693,-121.37508,367,0.39,0.36,2018-11-15,2059,N,VIIRS,h,2,296.11,9.86,D,0
39.85854,-121.40221,345.15,0.39,0.36,2018-11-15,2059,N,VIIRS,n,2,299.96,15.12,D,0
39.86184,-121.40301,347.01,0.39,0.36,2018-11-15,2059,N,VIIRS,n,2,303.72,20.9,D,0
39.86445,-121.40824,367,0.39,0.36,2018-11-15,2059,N,VIIRS,h,2,300.09,19.62,D,0
39.86515,-121.40381,339.8,0.39,0.36,2018-11-15,2059,N,VIIRS,n,2,299.6,20.9,D,0
39.87489,-121.53697,325.87,0.39,0.36,2018-11-15,2059,N,VIIRS,n,2,293.43,3.14,D,0
39.88262,-121.55305,340.41,0.39,0.36,2018-11-15,2059,N,VIIRS,n,2,289.56,6.67,D,0
39.88456,-121.49757,336.95,0.39,0.36,2018-11-15,2059,N,VIIRS,n,2,292.37,6.85,D,0
39.88591,-121.55392,345.9,0.39,0.36,2018-11-15,2059,N,VIIRS,n,2,294.27,9.26,D,0
39.8892,-121.55482,334.26,0.39,0.36,2018-11-15,2059,N,VIIRS,n,2,289,9.26,D,0
39.62003,-121.49952,296.51,0.55,0.42,2018-11-15,937,N,VIIRS,n,2,280.97,1.04,N,0
39.62098,-121.4993,299.46,0.55,0.42,2018-11-15,937,N,VIIRS,n,2,281.12,1.38,N,0
39.62395,-121.49888,298.96,0.55,0.42,2018-11-15,937,N,VIIRS,n,2,281.07,1.04,N,0
39.6249,-121.49868,295.38,0.55,0.42,2018-11-15,937,N,VIIRS,n,2,280.74,1.24,N,0
39.63371,-121.46975,302.22,0.54,0.42,2018-11-15,937,N,VIIRS,n,2,280.85,0.71,N,0
39.63681,-121.46896,321.95,0.54,0.42,2018-11-15,937,N,VIIRS,n,2,283.79,4.2,N,0
39.67076,-121.45105,296.55,0.54,0.42,2018-11-15,937,N,VIIRS,n,2,280.48,1.64,N,0
39.67397,-121.44379,315.55,0.54,0.42,2018-11-15,937,N,VIIRS,n,2,282.1,3.57,N,0
39.67781,-121.4425,323.77,0.54,0.42,2018-11-15,937,N,VIIRS,n,2,283,2.59,N,0
39.68167,-121.44134,314.94,0.54,0.42,2018-11-15,937,N,VIIRS,n,2,282.74,2.59,N,0
39.68231,-121.44736,308.25,0.54,0.42,2018-11-15,937,N,VIIRS,n,2,283.02,2.76,N,0
39.69963,-121.42335,296,0.54,0.42,2018-11-15,937,N,VIIRS,n,2,281.23,5.7,N,0
39.70355,-121.42278,351.36,0.54,0.42,2018-11-15,937,N,VIIRS,n,2,290.64,5.7,N,0
39.70691,-121.41709,322.94,0.54,0.42,2018-11-15,937,N,VIIRS,n,2,283.24,4.19,N,0
39.70753,-121.42278,325.8,0.54,0.42,2018-11-15,937,N,VIIRS,n,2,285.34,4.19,N,0
39.71152,-121.42298,329.19,0.54,0.42,2018-11-15,937,N,VIIRS,n,2,284.83,4.19,N,0
39.71548,-121.42283,322.47,0.54,0.42,2018-11-15,937,N,VIIRS,n,2,282.43,2.4,N,0
39.71616,-121.42902,316.78,0.54,0.42,2018-11-15,937,N,VIIRS,n,2,283.1,2.11,N,0
39.71978,-121.4285,297.22,0.54,0.42,2018-11-15,937,N,VIIRS,n,2,280.12,2.02,N,0
39.72011,-121.42879,297.37,0.54,0.42,2018-11-15,937,N,VIIRS,n,2,280.14,2.11,N,0
39.723,-121.42115,299.71,0.54,0.42,2018-11-15,937,N,VIIRS,n,2,281.22,2.02,N,0
39.72329,-121.42139,315.45,0.54,0.42,2018-11-15,937,N,VIIRS,n,2,281.78,2.99,N,0
39.72365,-121.42746,327.04,0.54,0.42,2018-11-15,937,N,VIIRS,n,2,284.07,2.02,N,0
39.72397,-121.42767,318.59,0.54,0.42,2018-11-15,937,N,VIIRS,n,2,283.22,3.02,N,0
39.72683,-121.41962,326.43,0.54,0.42,2018-11-15,937,N,VIIRS,n,2,283.06,3.44,N,0
39.7271,-121.41989,327.51,0.54,0.42,2018-11-15,937,N,VIIRS,n,2,284.55,2.99,N,0
39.72747,-121.42587,309.63,0.54,0.42,2018-11-15,937,N,VIIRS,n,2,284.62,3.44,N,0
39.72778,-121.42612,298.61,0.54,0.42,2018-11-15,937,N,VIIRS,n,2,283.89,3.02,N,0
39.73066,-121.41824,324.21,0.54,0.42,2018-11-15,937,N,VIIRS,n,2,283.62,3.44,N,0
39.73092,-121.41853,327.77,0.54,0.42,2018-11-15,937,N,VIIRS,n,2,284.9,4.49,N,0
39.7313,-121.42445,327.17,0.54,0.42,2018-11-15,937,N,VIIRS,n,2,285.87,3.44,N,0
39.73159,-121.42471,318.11,0.54,0.42,2018-11-15,937,N,VIIRS,n,2,284.65,5.49,N,0
39.73515,-121.42314,334.22,0.54,0.42,2018-11-15,937,N,VIIRS,n,2,286.38,3.16,N,0
39.73543,-121.42343,332.88,0.54,0.42,2018-11-15,937,N,VIIRS,n,2,286.45,5.49,N,0
39.739,-121.42188,307.26,0.54,0.42,2018-11-15,937,N,VIIRS,n,2,283.24,3.16,N,0
39.73964,-121.42803,312.73,0.54,0.42,2018-11-15,937,N,VIIRS,n,2,284.89,4.08,N,0
39.7435,-121.42683,314.22,0.54,0.42,2018-11-15,937,N,VIIRS,n,2,283.58,2.79,N,0
39.74736,-121.42574,322.94,0.54,0.42,2018-11-15,937,N,VIIRS,n,2,285.01,2.79,N,0
39.74802,-121.43208,311.03,0.54,0.42,2018-11-15,937,N,VIIRS,n,2,284.62,2.79,N,0
39.75123,-121.4247,296.71,0.54,0.42,2018-11-15,937,N,VIIRS,n,2,282.82,1.15,N,0
39.75189,-121.43104,302.43,0.54,0.42,2018-11-15,937,N,VIIRS,n,2,283.53,1.15,N,0
39.7551,-121.42361,299.88,0.54,0.42,2018-11-15,937,N,VIIRS,n,2,283.5,1.15,N,0
39.75768,-121.41029,299.43,0.54,0.42,2018-11-15,937,N,VIIRS,n,2,283.18,1.61,N,0
39.7583,-121.4163,309.09,0.54,0.42,2018-11-15,937,N,VIIRS,n,2,284.9,1.61,N,0
39.76094,-121.40353,326.58,0.54,0.42,2018-11-15,937,N,VIIRS,n,2,284.12,4.37,N,0
39.76155,-121.40933,306.06,0.54,0.42,2018-11-15,937,N,VIIRS,n,2,283.9,1.61,N,0
39.7642,-121.3968,330.17,0.54,0.42,2018-11-15,937,N,VIIRS,n,2,283.85,7.03,N,0
39.7648,-121.40249,311.98,0.54,0.42,2018-11-15,937,N,VIIRS,n,2,284.51,7.03,N,0
39.76542,-121.40835,296.21,0.54,0.42,2018-11-15,937,N,VIIRS,n,2,282.99,0.94,N,0
39.76804,-121.39552,345.73,0.54,0.42,2018-11-15,937,N,VIIRS,n,2,288.33,7.03,N,0
39.77122,-121.38799,296.09,0.54,0.42,2018-11-15,937,N,VIIRS,n,2,280.84,1.28,N,0
39.77188,-121.39421,312.83,0.54,0.42,2018-11-15,937,N,VIIRS,n,2,284.11,5.63,N,0
39.77572,-121.39299,339.8,0.54,0.42,2018-11-15,937,N,VIIRS,n,2,286.77,5.63,N,0
39.77892,-121.3857,327.02,0.54,0.42,2018-11-15,937,N,VIIRS,n,2,281.4,4.34,N,0
39.77957,-121.39182,331.59,0.54,0.42,2018-11-15,937,N,VIIRS,n,2,284.79,7.72,N,0
39.80531,-121.37275,305.26,0.54,0.42,2018-11-15,937,N,VIIRS,n,2,278.93,1.86,N,0
39.8092,-121.37193,329.15,0.54,0.42,2018-11-15,937,N,VIIRS,n,2,282.18,2.97,N,0
39.81381,-121.37788,298.35,0.54,0.42,2018-11-15,937,N,VIIRS,n,2,274.7,2.97,N,0
39.81697,-121.37048,310.16,0.54,0.42,2018-11-15,937,N,VIIRS,n,2,276,2.15,N,0
39.81771,-121.37724,300.31,0.54,0.42,2018-11-15,937,N,VIIRS,n,2,276.19,2.15,N,0
39.82035,-121.36884,310.39,0.54,0.42,2018-11-15,937,N,VIIRS,n,2,276.96,4.06,N,0
39.82087,-121.36978,325.21,0.54,0.42,2018-11-15,937,N,VIIRS,n,2,278.32,2.15,N,0
39.82425,-121.36813,338.55,0.54,0.42,2018-11-15,937,N,VIIRS,n,2,282.38,4.06,N,0
39.82477,-121.36912,335.52,0.54,0.42,2018-11-15,937,N,VIIRS,n,2,283.34,6.12,N,0
39.82814,-121.36749,317.71,0.54,0.42,2018-11-15,937,N,VIIRS,n,2,278.39,4.11,N,0
39.82867,-121.36847,320.79,0.54,0.42,2018-11-15,937,N,VIIRS,n,2,279.54,6.12,N,0
39.83207,-121.3671,337.58,0.54,0.42,2018-11-15,937,N,VIIRS,n,2,281.49,4.11,N,0
39.8326,-121.36817,341.93,0.54,0.42,2018-11-15,937,N,VIIRS,n,2,282.85,6.14,N,0
39.836,-121.36684,338.65,0.54,0.42,2018-11-15,937,N,VIIRS,n,2,283.02,8.93,N,0
39.83654,-121.3679,331.45,0.54,0.42,2018-11-15,937,N,VIIRS,n,2,283.16,6.14,N,0
39.8399,-121.36625,335.22,0.54,0.42,2018-11-15,937,N,VIIRS,n,2,282.84,8.93,N,0
39.8438,-121.36547,340.8,0.54,0.42,2018-11-15,937,N,VIIRS,n,2,280.95,4.5,N,0
39.84627,-121.38969,301.9,0.54,0.42,2018-11-15,937,N,VIIRS,n,2,270.6,1.14,N,0
39.84676,-121.43269,307.85,0.55,0.42,2018-11-15,937,N,VIIRS,n,2,272.66,1.76,N,0
39.84701,-121.39684,305.22,0.54,0.42,2018-11-15,937,N,VIIRS,n,2,270.85,1.14,N,0
39.84774,-121.36529,325.7,0.54,0.42,2018-11-15,937,N,VIIRS,n,2,277.88,4.5,N,0
39.84932,-121.38058,302.93,0.54,0.42,2018-11-15,937,N,VIIRS,n,2,270.68,5.06,N,0
39.85088,-121.39582,307.91,0.54,0.42,2018-11-15,937,N,VIIRS,n,2,272.36,1.14,N,0
39.85147,-121.4015,309.95,0.54,0.42,2018-11-15,937,N,VIIRS,n,2,271.36,2.64,N,0
39.85244,-121.37244,338.26,0.54,0.42,2018-11-15,937,N,VIIRS,n,2,281.3,3.43,N,0
39.85323,-121.37997,305.62,0.54,0.42,2018-11-15,937,N,VIIRS,n,2,270.17,3.43,N,0
39.85532,-121.40023,316.34,0.54,0.42,2018-11-15,937,N,VIIRS,n,2,272.95,1.66,N,0
39.85588,-121.4055,310.33,0.54,0.42,2018-11-15,937,N,VIIRS,n,2,270.5,1.66,N,0
39.85644,-121.37277,313.52,0.54,0.42,2018-11-15,937,N,VIIRS,n,2,272.5,3.43,N,0
39.85717,-121.37978,312.56,0.54,0.42,2018-11-15,937,N,VIIRS,n,2,268.96,3.43,N,0
39.85972,-121.40411,313.94,0.54,0.42,2018-11-15,937,N,VIIRS,n,2,273.12,1.66,N,0
39.63615,-121.47533,314.48,0.5,0.66,2018-11-16,1058,N,VIIRS,n,2,281.57,1.86,N,0
39.63775,-121.47472,315.22,0.5,0.66,2018-11-16,1058,N,VIIRS,n,2,281.43,2.09,N,0
39.69797,-121.41164,313.52,0.5,0.66,2018-11-16,1058,N,VIIRS,n,2,283.07,1.19,N,0
39.70354,-121.40823,295.15,0.5,0.66,2018-11-16,1058,N,VIIRS,n,2,282.07,1.19,N,0
39.70618,-121.41711,306.53,0.5,0.66,2018-11-16,1058,N,VIIRS,n,2,283.1,1.19,N,0
39.71629,-121.42905,301.73,0.5,0.66,2018-11-16,1058,N,VIIRS,n,2,281.32,1.25,N,0
39.7396,-121.41898,296.12,0.5,0.66,2018-11-16,1058,N,VIIRS,n,2,282.11,0.76,N,0
39.74052,-121.41895,303.09,0.5,0.66,2018-11-16,1058,N,VIIRS,n,2,282.56,1.17,N,0
39.74255,-121.4257,296.48,0.5,0.66,2018-11-16,1058,N,VIIRS,n,2,283.61,1.17,N,0
39.74594,-121.41818,297.1,0.5,0.66,2018-11-16,1058,N,VIIRS,n,2,283.76,0.76,N,0
39.74785,-121.42471,296.08,0.5,0.66,2018-11-16,1058,N,VIIRS,n,2,284.06,2.11,N,0
39.74882,-121.42467,295.13,0.5,0.66,2018-11-16,1058,N,VIIRS,n,2,284.03,1.7,N,0
39.76476,-121.38993,297.95,0.5,0.66,2018-11-16,1058,N,VIIRS,n,2,282.06,2.96,N,0
39.76501,-121.36871,343.94,0.5,0.66,2018-11-16,1058,N,VIIRS,n,2,284.41,6.89,N,0
39.76691,-121.39713,296.9,0.5,0.66,2018-11-16,1058,N,VIIRS,n,2,283.09,1.94,N,0
39.76752,-121.37714,335.17,0.5,0.66,2018-11-16,1058,N,VIIRS,n,2,285.91,6.89,N,0
39.76961,-121.38412,327.53,0.5,0.66,2018-11-16,1058,N,VIIRS,n,2,286.32,2.96,N,0
39.77143,-121.39025,297.95,0.5,0.66,2018-11-16,1058,N,VIIRS,n,2,283.77,2.96,N,0
39.77343,-121.37486,306.65,0.5,0.66,2018-11-16,1058,N,VIIRS,n,2,284.63,6.19,N,0
39.77587,-121.38306,367,0.5,0.66,2018-11-16,1058,N,VIIRS,h,2,295.61,16.5,N,0
39.77786,-121.38972,325.26,0.5,0.66,2018-11-16,1058,N,VIIRS,n,2,285.39,16.5,N,0
39.81034,-121.36617,307.05,0.5,0.66,2018-11-16,1058,N,VIIRS,n,2,283.37,2.2,N,0
39.81286,-121.35246,298.57,0.5,0.66,2018-11-16,1058,N,VIIRS,n,2,281.59,1.83,N,0
39.81456,-121.35822,310.16,0.5,0.66,2018-11-16,1058,N,VIIRS,n,2,282.57,2.2,N,0
39.81527,-121.35455,312.97,0.5,0.66,2018-11-16,1058,N,VIIRS,n,2,282.37,3.59,N,0
39.81696,-121.36015,306.15,0.5,0.66,2018-11-16,1058,N,VIIRS,n,2,282.74,4.33,N,0
39.81775,-121.36899,296.54,0.5,0.66,2018-11-16,1058,N,VIIRS,n,2,282.46,2.32,N,0
39.82009,-121.37049,302.41,0.5,0.66,2018-11-16,1058,N,VIIRS,n,2,282.59,4.05,N,0
39.82037,-121.35559,320.48,0.5,0.66,2018-11-16,1058,N,VIIRS,n,2,283.42,3.51,N,0
39.822,-121.36111,312.38,0.5,0.66,2018-11-16,1058,N,VIIRS,n,2,282.89,3.51,N,0
39.82275,-121.35748,324.15,0.5,0.66,2018-11-16,1058,N,VIIRS,n,2,284.1,4.33,N,0
39.82352,-121.36627,346.44,0.5,0.66,2018-11-16,1058,N,VIIRS,n,2,285.47,5.06,N,0
39.82436,-121.3628,332.84,0.5,0.66,2018-11-16,1058,N,VIIRS,n,2,283.48,4.33,N,0
39.82494,-121.37107,299.65,0.5,0.66,2018-11-16,1058,N,VIIRS,n,2,282.11,5.06,N,0
39.82585,-121.36776,341.08,0.5,0.66,2018-11-16,1058,N,VIIRS,n,2,285.35,4.05,N,0
39.82596,-121.35224,313.35,0.5,0.66,2018-11-16,1058,N,VIIRS,n,2,282,3.51,N,0
39.82721,-121.37225,295,0.5,0.66,2018-11-16,1058,N,VIIRS,n,2,282.21,4.05,N,0
39.82771,-121.35816,314.76,0.5,0.66,2018-11-16,1058,N,VIIRS,n,2,281.28,3.51,N,0
39.82838,-121.35428,322.14,0.5,0.66,2018-11-16,1058,N,VIIRS,n,2,282.5,4.94,N,0
39.82925,-121.36339,345.31,0.5,0.66,2018-11-16,1058,N,VIIRS,n,2,285.13,5.06,N,0
39.83003,-121.35976,337.2,0.5,0.66,2018-11-16,1058,N,VIIRS,n,2,282.92,4.94,N,0
39.8306,-121.36798,296.62,0.5,0.66,2018-11-16,1058,N,VIIRS,n,2,281.67,5.06,N,0
39.83147,-121.36454,325.26,0.5,0.66,2018-11-16,1058,N,VIIRS,n,2,284.28,5.48,N,0
39.83315,-121.35433,348.51,0.5,0.66,2018-11-16,1058,N,VIIRS,n,2,286.39,5.58,N,0
39.83355,-121.34954,296.59,0.5,0.66,2018-11-16,1058,N,VIIRS,n,2,279.41,4.94,N,0
39.83469,-121.35955,311.82,0.5,0.66,2018-11-16,1058,N,VIIRS,n,2,282.63,5.05,N,0
39.83545,-121.35588,346.21,0.5,0.66,2018-11-16,1058,N,VIIRS,n,2,286.86,4.94,N,0
39.83604,-121.36411,298.07,0.5,0.66,2018-11-16,1058,N,VIIRS,n,2,282.38,5.05,N,0
39.83693,-121.36079,330.43,0.5,0.66,2018-11-16,1058,N,VIIRS,n,2,284.16,5.48,N,0
39.83827,-121.34939,310.73,0.5,0.66,2018-11-16,1058,N,VIIRS,n,2,282.07,5.58,N,0
39.83831,-121.36537,297.58,0.5,0.66,2018-11-16,1058,N,VIIRS,n,2,282.53,5.48,N,0
39.84026,-121.35614,353.58,0.5,0.66,2018-11-16,1058,N,VIIRS,n,2,287.53,5.05,N,0
39.84081,-121.35179,304.63,0.5,0.66,2018-11-16,1058,N,VIIRS,n,2,280.88,2.58,N,0
39.84175,-121.36119,318.83,0.5,0.66,2018-11-16,1058,N,VIIRS,n,2,283.78,5.05,N,0
39.84258,-121.35765,336.4,0.5,0.66,2018-11-16,1058,N,VIIRS,n,2,284.72,3.5,N,0
39.8441,-121.36275,304.95,0.5,0.66,2018-11-16,1058,N,VIIRS,n,2,282.22,3.5,N,0
39.84586,-121.39051,309.17,0.5,0.65,2018-11-16,1058,N,VIIRS,n,2,280.67,2.61,N,0
39.84939,-121.38705,308.3,0.5,0.66,2018-11-16,1058,N,VIIRS,n,2,281,2.21,N,0
39.85054,-121.39091,313.22,0.5,0.65,2018-11-16,1058,N,VIIRS,n,2,281.56,2.21,N,0
39.85068,-121.38461,311.27,0.5,0.65,2018-11-16,1058,N,VIIRS,n,2,280.73,8.1,N,0
39.85172,-121.38808,310.57,0.5,0.65,2018-11-16,1058,N,VIIRS,n,2,281.53,3.32,N,0
39.85304,-121.3925,295.34,0.5,0.65,2018-11-16,1058,N,VIIRS,n,2,281.08,3.32,N,0
39.85336,-121.37828,306.44,0.5,0.66,2018-11-16,1058,N,VIIRS,n,2,279.45,6.37,N,0
39.85432,-121.38151,344.32,0.5,0.66,2018-11-16,1058,N,VIIRS,n,2,282.32,6.37,N,0
39.85434,-121.37489,307.79,0.5,0.66,2018-11-16,1058,N,VIIRS,n,2,279.42,5.07,N,0
39.85524,-121.38462,337.49,0.5,0.66,2018-11-16,1058,N,VIIRS,n,2,282.61,14.6,N,0
39.85553,-121.37885,352.98,0.5,0.66,2018-11-16,1058,N,VIIRS,n,2,283.34,8.1,N,0
39.85655,-121.38226,367,0.5,0.65,2018-11-16,1058,N,VIIRS,h,2,287.08,8.1,N,0
39.85705,-121.36848,311.22,0.5,0.66,2018-11-16,1058,N,VIIRS,n,2,279.58,3.79,N,0
39.85754,-121.38557,303.45,0.5,0.65,2018-11-16,1058,N,VIIRS,n,2,280.33,3.32,N,0
39.85842,-121.37315,355.45,0.5,0.66,2018-11-16,1058,N,VIIRS,n,2,283.8,6.37,N,0
39.85871,-121.39645,310.43,0.5,0.65,2018-11-16,1058,N,VIIRS,n,2,280.78,1.6,N,0
39.85907,-121.39069,318.53,0.5,0.65,2018-11-16,1058,N,VIIRS,n,2,281.25,3.32,N,0
39.85907,-121.36872,316.74,0.5,0.66,2018-11-16,1058,N,VIIRS,n,2,279.86,2.64,N,0
39.85976,-121.37768,339.06,0.5,0.66,2018-11-16,1058,N,VIIRS,n,2,282.3,6.37,N,0
39.86047,-121.37342,311.36,0.5,0.66,2018-11-16,1058,N,VIIRS,n,2,279.11,3.02,N,0
39.86622,-121.39976,298.45,0.5,0.65,2018-11-16,1058,N,VIIRS,n,2,279.85,1.6,N,0
39.87242,-121.53218,296.86,0.49,0.65,2018-11-16,1058,N,VIIRS,n,2,280.12,1.22,N,0
39.87584,-121.53401,301.92,0.49,0.65,2018-11-16,1058,N,VIIRS,n,2,280.18,1.11,N,0
39.88217,-121.55515,296.64,0.49,0.65,2018-11-16,1058,N,VIIRS,n,2,279.51,1.06,N,0
39.88448,-121.55111,307.93,0.49,0.65,2018-11-16,1058,N,VIIRS,n,2,279.12,1.73,N,0
39.8861,-121.55663,309.01,0.49,0.65,2018-11-16,1058,N,VIIRS,n,2,278.3,1.73,N,0
39.88783,-121.55226,315,0.49,0.65,2018-11-16,1058,N,VIIRS,n,2,277.94,2.19,N,0
39.69818,-121.42307,349.85,0.52,0.41,2018-11-16,2040,N,VIIRS,n,2,297.05,20.89,D,0
39.7001,-121.42551,331.54,0.52,0.41,2018-11-16,2040,N,VIIRS,n,2,290.64,4.35,D,0
39.7002,-121.41299,354.48,0.52,0.41,2018-11-16,2040,N,VIIRS,n,2,296.54,22.75,D,0
39.70219,-121.41516,342.11,0.52,0.41,2018-11-16,2040,N,VIIRS,n,2,291.91,9.01,D,0
39.70399,-121.41392,342.41,0.52,0.41,2018-11-16,2040,N,VIIRS,n,2,291.59,6.67,D,0
39.70768,-121.41542,334.47,0.52,0.41,2018-11-16,2040,N,VIIRS,n,2,291.68,6.67,D,0
39.71063,-121.41286,328.57,0.52,0.41,2018-11-16,2040,N,VIIRS,n,2,289.89,8.53,D,0
39.71133,-121.41708,347.66,0.52,0.41,2018-11-16,2040,N,VIIRS,n,2,293.75,8.7,D,0
39.71322,-121.4197,346.59,0.52,0.41,2018-11-16,2040,N,VIIRS,n,2,292.18,11.11,D,0
39.71504,-121.41844,340.95,0.52,0.41,2018-11-16,2040,N,VIIRS,n,2,289.2,8.7,D,0
39.71692,-121.42113,342.9,0.52,0.41,2018-11-16,2040,N,VIIRS,n,2,291.27,9.67,D,0
39.73343,-121.41837,345.74,0.52,0.41,2018-11-16,2040,N,VIIRS,n,2,296.09,13.14,D,0
39.73726,-121.4191,341.22,0.52,0.41,2018-11-16,2040,N,VIIRS,n,2,294.85,13.14,D,0
39.74108,-121.41991,329.92,0.52,0.41,2018-11-16,2040,N,VIIRS,n,2,289.39,6.11,D,0
39.7437,-121.42661,332.48,0.52,0.41,2018-11-16,2040,N,VIIRS,n,2,291.67,4.14,D,0
39.7449,-121.42071,334.22,0.52,0.41,2018-11-16,2040,N,VIIRS,n,2,292.96,6.11,D,0
39.74871,-121.42155,337.75,0.52,0.41,2018-11-16,2040,N,VIIRS,n,2,300.54,16.71,D,0
39.75251,-121.42243,351.28,0.52,0.41,2018-11-16,2040,N,VIIRS,n,2,294.48,16.71,D,0
39.75372,-121.41642,336.57,0.52,0.41,2018-11-16,2040,N,VIIRS,n,2,291.32,16.71,D,0
39.75488,-121.41068,347.11,0.52,0.41,2018-11-16,2040,N,VIIRS,n,2,293.2,9.39,D,0
39.75712,-121.39959,325.98,0.52,0.41,2018-11-16,2040,N,VIIRS,n,2,290.13,2.98,D,0
39.76567,-121.37688,346.26,0.51,0.41,2018-11-16,2040,N,VIIRS,n,2,295.2,10.28,D,0
39.76831,-121.38348,335.51,0.51,0.41,2018-11-16,2040,N,VIIRS,n,2,293.1,9.21,D,0
39.81072,-121.36966,347.02,0.51,0.41,2018-11-16,2040,N,VIIRS,n,2,296.33,13.23,D,0
39.8119,-121.36372,339.76,0.51,0.41,2018-11-16,2040,N,VIIRS,n,2,292.83,12.95,D,0
39.81321,-121.37709,326.18,0.51,0.41,2018-11-16,2040,N,VIIRS,n,2,289.72,4.59,D,0
39.81443,-121.37093,332.67,0.51,0.41,2018-11-16,2040,N,VIIRS,n,2,289.14,4.59,D,0
39.82053,-121.36015,345.08,0.51,0.41,2018-11-16,2040,N,VIIRS,n,2,294.06,16.84,D,0
39.82369,-121.36211,342.66,0.51,0.41,2018-11-16,2040,N,VIIRS,n,2,291.04,10.77,D,0
39.82423,-121.36143,342.99,0.51,0.41,2018-11-16,2040,N,VIIRS,n,2,292.49,8.72,D,0
39.82614,-121.36955,331.02,0.51,0.41,2018-11-16,2040,N,VIIRS,n,2,288.92,8.51,D,0
39.82672,-121.36888,332.41,0.51,0.41,2018-11-16,2040,N,VIIRS,n,2,289.61,8.72,D,0
39.82739,-121.3634,337.78,0.51,0.41,2018-11-16,2040,N,VIIRS,n,2,289.14,10.77,D,0
39.82793,-121.36272,336.93,0.51,0.41,2018-11-16,2040,N,VIIRS,n,2,287.5,8.72,D,0
39.83159,-121.36428,332.34,0.51,0.41,2018-11-16,2040,N,VIIRS,n,2,288.72,7.62,D,0
39.83226,-121.35895,348.28,0.51,0.41,2018-11-16,2040,N,VIIRS,n,2,295.77,21.14,D,0
39.83277,-121.35831,343.78,0.51,0.41,2018-11-16,2040,N,VIIRS,n,2,296.45,20.74,D,0
39.83589,-121.36052,330.88,0.51,0.41,2018-11-16,2040,N,VIIRS,n,2,292.92,21.14,D,0
39.83642,-121.35988,337.95,0.51,0.41,2018-11-16,2040,N,VIIRS,n,2,294.89,20.74,D,0
39.8371,-121.35462,331.53,0.51,0.41,2018-11-16,2040,N,VIIRS,n,2,289.75,10.87,D,0
39.84078,-121.35599,326.92,0.51,0.41,2018-11-16,2040,N,VIIRS,n,2,287.44,3.29,D,0
39.85352,-121.39078,331.48,0.51,0.41,2018-11-16,2040,N,VIIRS,n,2,289.22,5.93,D,0
39.8549,-121.38398,331.33,0.51,0.41,2018-11-16,2040,N,VIIRS,n,2,289.92,5.93,D,0
39.85618,-121.39729,345.15,0.51,0.41,2018-11-16,2040,N,VIIRS,n,2,292.8,15.88,D,0
39.85727,-121.39186,331.93,0.51,0.41,2018-11-16,2040,N,VIIRS,n,2,289.27,7.09,D,0
39.85746,-121.37133,333.23,0.51,0.41,2018-11-16,2040,N,VIIRS,n,2,289.33,4.9,D,0
39.86005,-121.39774,352.95,0.51,0.41,2018-11-16,2040,N,VIIRS,n,2,298.02,15.88,D,0
39.86394,-121.39816,343.46,0.51,0.41,2018-11-16,2040,N,VIIRS,n,2,297.55,36,D,0
39.86676,-121.40385,342.71,0.51,0.41,2018-11-16,2040,N,VIIRS,n,2,302.83,36,D,0
39.8706,-121.4045,329.67,0.51,0.41,2018-11-16,2040,N,VIIRS,n,2,287.8,4.41,D,0
39.88482,-121.55161,326.28,0.52,0.42,2018-11-16,2040,N,VIIRS,n,2,291.03,3.45,D,0
39.88856,-121.55285,334.96,0.52,0.42,2018-11-16,2040,N,VIIRS,n,2,290.42,6.08,D,0
39.67686,-121.43683,295.04,0.63,0.54,2018-11-16,918,N,VIIRS,n,2,280.11,1.12,N,0
39.69593,-121.41685,301.06,0.63,0.54,2018-11-16,918,N,VIIRS,n,2,281.75,1.9,N,0
39.69627,-121.42213,310.55,0.63,0.54,2018-11-16,918,N,VIIRS,n,2,282.77,1.9,N,0
39.70096,-121.41609,341.72,0.63,0.54,2018-11-16,918,N,VIIRS,n,2,288.3,6.47,N,0
39.70131,-121.42159,312.33,0.63,0.54,2018-11-16,918,N,VIIRS,n,2,284.76,6.47,N,0
39.70603,-121.41597,316.11,0.63,0.54,2018-11-16,918,N,VIIRS,n,2,284.03,6.47,N,0
39.71118,-121.41706,327.96,0.63,0.54,2018-11-16,918,N,VIIRS,n,2,283.95,5.08,N,0
39.71671,-121.424,322.38,0.63,0.54,2018-11-16,918,N,VIIRS,n,2,282.77,5.08,N,0
39.72178,-121.42378,310.09,0.63,0.54,2018-11-16,918,N,VIIRS,n,2,281.63,1.93,N,0
39.72669,-121.42123,300.85,0.63,0.54,2018-11-16,918,N,VIIRS,n,2,282.54,1.93,N,0
39.73162,-121.41895,332.54,0.63,0.54,2018-11-16,918,N,VIIRS,n,2,284.65,3.56,N,0
39.73657,-121.41692,298.06,0.63,0.54,2018-11-16,918,N,VIIRS,n,2,282.27,3.56,N,0
39.742,-121.42226,296.03,0.63,0.54,2018-11-16,918,N,VIIRS,n,2,283.02,1.29,N,0
39.74247,-121.42934,298.16,0.63,0.54,2018-11-16,918,N,VIIRS,n,2,284.18,1.29,N,0
39.74543,-121.42294,307.82,0.63,0.54,2018-11-16,918,N,VIIRS,n,2,284.6,2.69,N,0
39.74697,-121.42057,301.64,0.63,0.54,2018-11-16,918,N,VIIRS,n,2,284.13,1.29,N,0
39.74745,-121.42773,302.55,0.63,0.54,2018-11-16,918,N,VIIRS,n,2,284.9,1.29,N,0
39.75087,-121.42873,300.24,0.63,0.54,2018-11-16,918,N,VIIRS,n,2,284.54,2.52,N,0
39.75244,-121.42638,296.02,0.63,0.54,2018-11-16,918,N,VIIRS,n,2,284.64,2.09,N,0
39.75497,-121.41267,299.07,0.63,0.54,2018-11-16,918,N,VIIRS,n,2,285.4,1.56,N,0
39.75647,-121.41061,302.24,0.63,0.54,2018-11-16,918,N,VIIRS,n,2,285.62,1.5,N,0
39.75919,-121.39883,315.13,0.63,0.54,2018-11-16,918,N,VIIRS,n,2,282.48,2.16,N,0
39.75957,-121.40501,298,0.63,0.54,2018-11-16,918,N,VIIRS,n,2,284.13,2.16,N,0
39.75997,-121.41144,298.2,0.63,0.54,2018-11-16,918,N,VIIRS,n,2,285.3,1.56,N,0
39.76063,-121.39703,305.31,0.63,0.54,2018-11-16,918,N,VIIRS,n,2,281.87,1.65,N,0
39.76104,-121.4031,308.65,0.63,0.54,2018-11-16,918,N,VIIRS,n,2,284.99,1.97,N,0
39.76146,-121.40942,295.44,0.63,0.54,2018-11-16,918,N,VIIRS,n,2,284.05,1.97,N,0
39.76285,-121.37601,323.91,0.63,0.54,2018-11-16,918,N,VIIRS,n,2,281.33,8.81,N,0
39.76376,-121.3907,298,0.63,0.54,2018-11-16,918,N,VIIRS,n,2,281.23,15.13,N,0
39.76413,-121.37394,332.66,0.63,0.54,2018-11-16,918,N,VIIRS,n,2,282.4,6.55,N,0
39.76418,-121.3975,299.77,0.63,0.54,2018-11-16,918,N,VIIRS,n,2,283.31,3.17,N,0
39.7646,-121.38077,324.49,0.63,0.54,2018-11-16,918,N,VIIRS,n,2,281.49,6.55,N,0
39.76511,-121.38828,302.69,0.63,0.54,2018-11-16,918,N,VIIRS,n,2,282.4,1.65,N,0
39.76559,-121.3954,298.75,0.63,0.54,2018-11-16,918,N,VIIRS,n,2,283.63,1.65,N,0
39.76781,-121.37434,343.2,0.63,0.54,2018-11-16,918,N,VIIRS,n,2,286.97,8.81,N,0
39.76822,-121.38082,355.65,0.63,0.54,2018-11-16,918,N,VIIRS,n,2,298.45,15.13,N,0
39.76869,-121.38836,318.49,0.63,0.54,2018-11-16,918,N,VIIRS,n,2,286.21,15.13,N,0
39.7691,-121.37256,312.36,0.63,0.54,2018-11-16,918,N,VIIRS,n,2,284.03,19.32,N,0
39.76952,-121.37857,355.74,0.63,0.54,2018-11-16,918,N,VIIRS,n,2,298.17,19.32,N,0
39.77001,-121.38583,330.27,0.63,0.54,2018-11-16,918,N,VIIRS,n,2,288.2,82.65,N,0
39.77364,-121.38628,353.7,0.63,0.54,2018-11-16,918,N,VIIRS,n,2,299.28,49.79,N,0
39.77409,-121.39354,318.87,0.63,0.54,2018-11-16,918,N,VIIRS,n,2,285.31,34.89,N,0
39.77546,-121.39129,340.51,0.63,0.54,2018-11-16,918,N,VIIRS,n,2,292.57,82.65,N,0
39.77862,-121.38478,330.67,0.63,0.54,2018-11-16,918,N,VIIRS,n,2,299.45,49.79,N,0
39.77906,-121.39172,328.55,0.63,0.54,2018-11-16,918,N,VIIRS,n,2,286.03,34.89,N,0
39.80812,-121.37016,333.27,0.63,0.54,2018-11-16,918,N,VIIRS,n,2,284.61,7.19,N,0
39.81765,-121.36088,314.91,0.63,0.54,2018-11-16,918,N,VIIRS,n,2,282.38,3.99,N,0
39.81816,-121.36877,311.36,0.63,0.54,2018-11-16,918,N,VIIRS,n,2,282.27,3.88,N,0
39.82267,-121.36022,338.45,0.63,0.54,2018-11-16,918,N,VIIRS,n,2,285.03,5.41,N,0
39.8232,-121.36826,347.03,0.63,0.54,2018-11-16,918,N,VIIRS,n,2,284.77,10.46,N,0
39.82771,-121.35972,311.06,0.63,0.54,2018-11-16,918,N,VIIRS,n,2,282.71,5.41,N,0
39.82824,-121.36784,329.22,0.63,0.54,2018-11-16,918,N,VIIRS,n,2,284.74,10.46,N,0
39.83229,-121.35245,295.74,0.63,0.54,2018-11-16,918,N,VIIRS,n,2,280.18,5.04,N,0
39.83278,-121.35977,328.92,0.63,0.54,2018-11-16,918,N,VIIRS,n,2,284.94,5.04,N,0
39.83335,-121.36836,324.34,0.63,0.54,2018-11-16,918,N,VIIRS,n,2,285.59,7.86,N,0
39.83736,-121.35256,300.22,0.63,0.54,2018-11-16,918,N,VIIRS,n,2,280.3,5.04,N,0
39.83786,-121.36003,346.17,0.63,0.54,2018-11-16,918,N,VIIRS,n,2,287.64,5.04,N,0
39.84291,-121.35972,325.56,0.63,0.54,2018-11-16,918,N,VIIRS,n,2,284.26,5.09,N,0
39.84914,-121.3944,312.16,0.63,0.54,2018-11-16,918,N,VIIRS,n,2,282.53,4.98,N,0
39.8502,-121.39292,329.57,0.63,0.54,2018-11-16,918,N,VIIRS,n,2,283.61,7.56,N,0
39.85241,-121.36416,311.93,0.63,0.54,2018-11-16,918,N,VIIRS,n,2,280.55,3.68,N,0
39.85287,-121.37186,312.58,0.63,0.54,2018-11-16,918,N,VIIRS,n,2,280.71,3.68,N,0
39.8533,-121.36357,304.79,0.63,0.54,2018-11-16,918,N,VIIRS,n,2,280.27,4.53,N,0
39.8538,-121.37097,338.92,0.63,0.54,2018-11-16,918,N,VIIRS,n,2,282.15,6.48,N,0
39.85415,-121.39323,335.56,0.63,0.54,2018-11-16,918,N,VIIRS,n,2,284.76,4.98,N,0
39.85452,-121.39931,315.49,0.63,0.54,2018-11-16,918,N,VIIRS,n,2,281.94,6.72,N,0
39.8552,-121.39185,312.72,0.63,0.54,2018-11-16,918,N,VIIRS,n,2,282.79,4.03,N,0
39.85561,-121.39807,322.84,0.63,0.54,2018-11-16,918,N,VIIRS,n,2,282.52,4.03,N,0
39.8576,-121.36642,298.31,0.63,0.54,2018-11-16,918,N,VIIRS,n,2,279.79,6.92,N,0
39.85807,-121.37401,345.35,0.63,0.54,2018-11-16,918,N,VIIRS,n,2,285.91,6.92,N,0
39.85867,-121.38395,313.16,0.63,0.54,2018-11-16,918,N,VIIRS,n,2,281.21,4.12,N,0
39.85904,-121.37331,343.46,0.63,0.54,2018-11-16,918,N,VIIRS,n,2,284.06,6.48,N,0
39.85965,-121.38246,314.61,0.63,0.54,2018-11-16,918,N,VIIRS,n,2,280.89,6.48,N,0
39.85982,-121.40251,314.06,0.63,0.54,2018-11-16,918,N,VIIRS,n,2,282.32,10.94,N,0
39.86091,-121.40133,330.03,0.63,0.54,2018-11-16,918,N,VIIRS,n,2,283.22,5.24,N,0
39.86129,-121.40697,311.36,0.63,0.54,2018-11-16,918,N,VIIRS,n,2,282.2,5.24,N,0
39.86478,-121.40066,344.72,0.63,0.54,2018-11-16,918,N,VIIRS,n,2,285.68,10.94,N,0
39.86514,-121.40639,339.8,0.63,0.54,2018-11-16,918,N,VIIRS,n,2,287.64,33.77,N,0
39.86587,-121.39952,333.33,0.63,0.54,2018-11-16,918,N,VIIRS,n,2,283.26,19.65,N,0
39.86624,-121.40508,338.82,0.63,0.54,2018-11-16,918,N,VIIRS,n,2,287.35,19.65,N,0
39.87502,-121.53654,303.77,0.32,0.55,2018-11-16,918,N,VIIRS,n,2,281.44,0.74,N,0
39.87816,-121.53695,298.65,0.32,0.55,2018-11-16,918,N,VIIRS,n,2,280.9,0.4,N,0
39.88114,-121.55171,299.26,0.32,0.55,2018-11-16,918,N,VIIRS,n,2,280.42,0.81,N,0
39.88422,-121.5526,329.21,0.32,0.55,2018-11-16,918,N,VIIRS,n,2,281.06,2.89,N,0
39.88445,-121.55633,333.53,0.32,0.55,2018-11-16,918,N,VIIRS,n,2,280.11,2.89,N,0
39.88955,-121.55585,331.83,0.32,0.55,2018-11-16,918,N,VIIRS,n,2,280.07,2.26,N,0
39.69167,-121.42264,318.71,0.58,0.52,2018-11-17,1039,N,VIIRS,n,2,282.78,3.04,N,0
39.69362,-121.43042,300.39,0.58,0.52,2018-11-17,1039,N,VIIRS,n,2,283.27,3.04,N,0
39.69622,-121.42034,323.12,0.58,0.52,2018-11-17,1039,N,VIIRS,n,2,284.94,4.14,N,0
39.69828,-121.40802,297.16,0.58,0.52,2018-11-17,1039,N,VIIRS,n,2,280.62,1.22,N,0
39.69832,-121.42877,319.11,0.58,0.52,2018-11-17,1039,N,VIIRS,n,2,285.09,4.14,N,0
39.7029,-121.406,296.22,0.58,0.52,2018-11-17,1039,N,VIIRS,n,2,281.15,0.78,N,0
39.73477,-121.41258,309.13,0.58,0.52,2018-11-17,1039,N,VIIRS,n,2,282.88,1.79,N,0
39.73514,-121.41217,309.65,0.58,0.52,2018-11-17,1039,N,VIIRS,n,2,283.29,1.18,N,0
39.73968,-121.41171,299.31,0.58,0.52,2018-11-17,1039,N,VIIRS,n,2,283.1,1.79,N,0
39.74002,-121.41127,299.35,0.58,0.52,2018-11-17,1039,N,VIIRS,n,2,283.37,1.18,N,0
39.74142,-121.41859,308.79,0.58,0.52,2018-11-17,1039,N,VIIRS,n,2,285.43,1.79,N,0
39.74172,-121.41814,311.83,0.58,0.52,2018-11-17,1039,N,VIIRS,n,2,285.66,4.13,N,0
39.74632,-121.41768,326.71,0.58,0.52,2018-11-17,1039,N,VIIRS,n,2,285.77,2.73,N,0
39.7466,-121.41723,325.72,0.58,0.52,2018-11-17,1039,N,VIIRS,n,2,285.87,3.53,N,0
39.75119,-121.41672,307.92,0.58,0.52,2018-11-17,1039,N,VIIRS,n,2,285.29,2.73,N,0
39.75146,-121.41624,303.98,0.58,0.52,2018-11-17,1039,N,VIIRS,n,2,285.02,3.53,N,0
39.76281,-121.38153,339.58,0.58,0.52,2018-11-17,1039,N,VIIRS,n,2,283.13,6.64,N,0
39.76453,-121.38837,309.43,0.58,0.52,2018-11-17,1039,N,VIIRS,n,2,284.02,5.13,N,0
39.76786,-121.38122,309.62,0.58,0.52,2018-11-17,1039,N,VIIRS,n,2,284.57,2.55,N,0
39.76958,-121.38806,295.02,0.58,0.52,2018-11-17,1039,N,VIIRS,n,2,283.24,2.21,N,0
39.81092,-121.36916,304.78,0.58,0.52,2018-11-17,1039,N,VIIRS,n,2,281.98,1.84,N,0
39.81247,-121.37534,300.98,0.58,0.52,2018-11-17,1039,N,VIIRS,n,2,281.54,1.88,N,0
39.814,-121.36093,309.06,0.58,0.52,2018-11-17,1039,N,VIIRS,n,2,282.69,1.9,N,0
39.81868,-121.35915,298.74,0.58,0.52,2018-11-17,1039,N,VIIRS,n,2,281.62,1.9,N,0
39.82025,-121.36549,308.24,0.58,0.52,2018-11-17,1039,N,VIIRS,n,2,282.87,1.9,N,0
39.82332,-121.35725,320.35,0.58,0.52,2018-11-17,1039,N,VIIRS,n,2,281.54,9.39,N,0
39.8249,-121.36361,367,0.58,0.52,2018-11-17,1039,N,VIIRS,h,2,287.18,9.39,N,0
39.82638,-121.36958,295.83,0.58,0.52,2018-11-17,1039,N,VIIRS,n,2,280.22,4.19,N,0
39.82953,-121.36166,320.91,0.58,0.52,2018-11-17,1039,N,VIIRS,n,2,281.99,9.39,N,0
39.84734,-121.39224,301.36,0.58,0.52,2018-11-17,1039,N,VIIRS,n,2,280.51,1.55,N,0
39.85093,-121.39001,330.44,0.58,0.52,2018-11-17,1039,N,VIIRS,n,2,282.58,4.94,N,0
39.85204,-121.3906,337.77,0.58,0.52,2018-11-17,1039,N,VIIRS,n,2,283.31,5.71,N,0
39.85253,-121.39638,299.68,0.58,0.52,2018-11-17,1039,N,VIIRS,n,2,280.58,4.63,N,0
39.85556,-121.38809,332.24,0.58,0.52,2018-11-17,1039,N,VIIRS,n,2,282.55,4.94,N,0
39.85669,-121.38873,327.47,0.58,0.52,2018-11-17,1039,N,VIIRS,n,2,282.07,5.71,N,0
39.8577,-121.37631,313.44,0.58,0.52,2018-11-17,1039,N,VIIRS,n,2,278.27,2.1,N,0
39.85876,-121.37645,326.85,0.58,0.52,2018-11-17,1039,N,VIIRS,n,2,279.76,3.15,N,0
39.85896,-121.38132,315.4,0.58,0.52,2018-11-17,1039,N,VIIRS,n,2,279.62,2.42,N,0
39.86005,-121.38163,306.91,0.58,0.52,2018-11-17,1039,N,VIIRS,n,2,279.44,3.15,N,0
39.86019,-121.38619,296.02,0.58,0.52,2018-11-17,1039,N,VIIRS,n,2,279.82,2.42,N,0
39.86185,-121.37251,300.62,0.58,0.52,2018-11-17,1039,N,VIIRS,n,2,279.17,2.1,N,0
39.86248,-121.39523,304.92,0.58,0.52,2018-11-17,1039,N,VIIRS,n,2,280.02,2.59,N,0
39.86386,-121.39724,307.78,0.58,0.52,2018-11-17,1039,N,VIIRS,n,2,280.25,2.11,N,0
39.88643,-121.55123,305.7,0.56,0.52,2018-11-17,1039,N,VIIRS,n,2,278.23,2.04,N,0
39.88781,-121.5564,320.66,0.56,0.52,2018-11-17,1039,N,VIIRS,n,2,278.64,3.41,N,0
39.88799,-121.55762,311.33,0.56,0.52,2018-11-17,1039,N,VIIRS,n,2,277.71,2.04,N,0
39.69275,-121.42821,340.53,0.58,0.52,2018-11-17,2021,N,VIIRS,n,2,293.15,9.8,D,0
39.69389,-121.42743,343.92,0.58,0.52,2018-11-17,2021,N,VIIRS,n,2,292.76,17.38,D,0
39.70277,-121.40869,343.42,0.58,0.52,2018-11-17,2021,N,VIIRS,n,2,292.47,8.94,D,0
39.70377,-121.40804,350.13,0.58,0.52,2018-11-17,2021,N,VIIRS,n,2,291.76,13.01,D,0
39.70748,-121.41039,340.43,0.58,0.52,2018-11-17,2021,N,VIIRS,n,2,292.68,8.94,D,0
39.70842,-121.40993,343.67,0.58,0.52,2018-11-17,2021,N,VIIRS,n,2,291.82,13.01,D,0
39.73339,-121.40929,336.23,0.58,0.52,2018-11-17,2021,N,VIIRS,n,2,291.09,7.65,D,0
39.73824,-121.41041,341.34,0.58,0.52,2018-11-17,2021,N,VIIRS,n,2,289.99,7.65,D,0
39.74632,-121.41915,337.78,0.58,0.52,2018-11-17,2021,N,VIIRS,n,2,291.82,6.25,D,0
39.7605,-121.38248,329.36,0.58,0.52,2018-11-17,2021,N,VIIRS,n,2,291.16,30.56,D,0
39.76546,-121.38307,349.86,0.58,0.52,2018-11-17,2021,N,VIIRS,n,2,300.21,30.56,D,0
39.85807,-121.39672,331.78,0.58,0.52,2018-11-17,2021,N,VIIRS,n,2,291.18,9.08,D,0
39.86,-121.36829,335.32,0.57,0.52,2018-11-17,2021,N,VIIRS,n,2,287.19,5.68,D,0
39.86092,-121.38521,337.49,0.57,0.52,2018-11-17,2021,N,VIIRS,n,2,286.55,7.51,D,0
39.73744,-121.41058,335.72,0.56,0.69,2018-11-17,2202,N,VIIRS,n,2,300.38,65.98,D,0
39.73756,-121.40479,356.69,0.56,0.69,2018-11-17,2202,N,VIIRS,l,2,298.2,86.29,D,0
39.76381,-121.38712,358.08,0.56,0.69,2018-11-17,2202,N,VIIRS,l,2,288.06,13.48,D,0
39.76395,-121.38065,332.4,0.57,0.69,2018-11-17,2202,N,VIIRS,n,2,286.92,14.65,D,0
39.85398,-121.39273,347.09,0.56,0.69,2018-11-17,2202,N,VIIRS,n,2,291.2,10.07,D,0
39.88875,-121.55569,336.63,0.55,0.68,2018-11-17,2202,N,VIIRS,n,2,289.37,6.72,D,0
39.69019,-121.43266,301.23,0.57,0.69,2018-11-17,859,N,VIIRS,n,2,282.4,4.73,N,0
39.69044,-121.42973,305.03,0.57,0.69,2018-11-17,859,N,VIIRS,n,2,282.24,4.55,N,0
39.69613,-121.40714,315,0.56,0.69,2018-11-17,859,N,VIIRS,n,2,281.43,3.24,N,0
39.69624,-121.41235,324.04,0.56,0.69,2018-11-17,859,N,VIIRS,n,2,283.75,3.24,N,0
39.69627,-121.40498,295.94,0.56,0.69,2018-11-17,859,N,VIIRS,n,2,280.16,2.18,N,0
39.69632,-121.41638,308.92,0.56,0.69,2018-11-17,859,N,VIIRS,n,2,283.1,3.9,N,0
39.69641,-121.4203,327.85,0.56,0.69,2018-11-17,859,N,VIIRS,n,2,285.5,3.9,N,0
39.69641,-121.41063,333.61,0.56,0.69,2018-11-17,859,N,VIIRS,n,2,284,4.04,N,0
39.6965,-121.42487,327.18,0.57,0.69,2018-11-17,859,N,VIIRS,n,2,284.95,4.73,N,0
39.69653,-121.41505,307.76,0.56,0.69,2018-11-17,859,N,VIIRS,n,2,282.66,4.04,N,0
39.69662,-121.43057,345.37,0.57,0.69,2018-11-17,859,N,VIIRS,n,2,287.97,4.73,N,0
39.69663,-121.41891,323.71,0.56,0.69,2018-11-17,859,N,VIIRS,n,2,284.83,5.37,N,0
39.69674,-121.4231,319.34,0.56,0.69,2018-11-17,859,N,VIIRS,n,2,284.11,5.37,N,0
39.69687,-121.42833,349.63,0.57,0.69,2018-11-17,859,N,VIIRS,n,2,287.86,4.55,N,0
39.69707,-121.43604,298.07,0.57,0.69,2018-11-17,859,N,VIIRS,n,2,283.61,4.55,N,0
39.70268,-121.41122,324.78,0.56,0.69,2018-11-17,859,N,VIIRS,n,2,284.05,3.83,N,0
39.70285,-121.40966,320.42,0.56,0.69,2018-11-17,859,N,VIIRS,n,2,283.15,2.44,N,0
39.70297,-121.41403,300.17,0.56,0.69,2018-11-17,859,N,VIIRS,n,2,283.36,2.44,N,0
39.70916,-121.41213,333.61,0.56,0.69,2018-11-17,859,N,VIIRS,n,2,283.74,3.83,N,0
39.70933,-121.41015,322.86,0.56,0.69,2018-11-17,859,N,VIIRS,n,2,282,2.44,N,0
39.70948,-121.41573,303.72,0.56,0.69,2018-11-17,859,N,VIIRS,n,2,282.67,2.44,N,0
39.7156,-121.41113,297.99,0.56,0.69,2018-11-17,859,N,VIIRS,n,2,281.27,1.13,N,0
39.71576,-121.41853,301.51,0.56,0.69,2018-11-17,859,N,VIIRS,n,2,281.58,1.66,N,0
39.71595,-121.41624,306.02,0.56,0.69,2018-11-17,859,N,VIIRS,n,2,281.36,1.55,N,0
39.7481,-121.4178,328.5,0.57,0.69,2018-11-17,859,N,VIIRS,n,2,285.04,5.39,N,0
39.74825,-121.42425,328.61,0.57,0.69,2018-11-17,859,N,VIIRS,n,2,285.64,5.39,N,0
39.75438,-121.40961,301.2,0.56,0.69,2018-11-17,859,N,VIIRS,n,2,284.37,1.9,N,0
39.75451,-121.41538,301.65,0.57,0.69,2018-11-17,859,N,VIIRS,n,2,284.14,1.32,N,0
39.75466,-121.42191,296.91,0.57,0.69,2018-11-17,859,N,VIIRS,n,2,283.64,1.32,N,0
39.76664,-121.38163,310.04,0.56,0.69,2018-11-17,859,N,VIIRS,n,2,283.73,2.06,N,0
39.82416,-121.36017,319.7,0.56,0.69,2018-11-17,859,N,VIIRS,n,2,282.01,4,N,0
39.82437,-121.36777,329.03,0.56,0.69,2018-11-17,859,N,VIIRS,n,2,283.07,4,N,0
39.82478,-121.36119,327.1,0.56,0.69,2018-11-17,859,N,VIIRS,n,2,282.55,5,N,0
39.82495,-121.36906,321.26,0.56,0.69,2018-11-17,859,N,VIIRS,n,2,282.48,6.97,N,0
39.83124,-121.36167,295.24,0.56,0.69,2018-11-17,859,N,VIIRS,n,2,280.54,0.9,N,0
39.85715,-121.36684,324.6,0.56,0.69,2018-11-17,859,N,VIIRS,n,2,281.01,5.14,N,0
39.85757,-121.38509,300.82,0.56,0.69,2018-11-17,859,N,VIIRS,n,2,279.32,3.59,N,0
39.85775,-121.39264,322.88,0.56,0.69,2018-11-17,859,N,VIIRS,n,2,281.35,3.59,N,0
39.85786,-121.39731,335.93,0.56,0.69,2018-11-17,859,N,VIIRS,n,2,280.8,6.73,N,0
39.86417,-121.39085,298.75,0.56,0.69,2018-11-17,859,N,VIIRS,n,2,279.64,3.59,N,0
39.86426,-121.39465,354.28,0.56,0.69,2018-11-17,859,N,VIIRS,n,2,283.83,6.73,N,0
39.86435,-121.39851,300.69,0.56,0.69,2018-11-17,859,N,VIIRS,n,2,280.17,6.73,N,0
39.89403,-121.55905,295.73,0.58,0.69,2018-11-17,859,N,VIIRS,n,2,275.75,1.43,N,0
39.6886,-121.42698,296.08,0.52,0.41,2018-11-18,1021,N,VIIRS,n,2,283.51,1.2,N,0
39.69088,-121.41879,302.13,0.52,0.41,2018-11-18,1021,N,VIIRS,n,2,283.48,1.6,N,0
39.69234,-121.42582,321.27,0.52,0.41,2018-11-18,1021,N,VIIRS,n,2,285.85,1.6,N,0
39.69457,-121.41737,298.7,0.52,0.41,2018-11-18,1021,N,VIIRS,n,2,283.32,1.6,N,0
39.70425,-121.40635,314.51,0.52,0.41,2018-11-18,1021,N,VIIRS,n,2,282.02,1.77,N,0
39.72173,-121.414,306.13,0.52,0.41,2018-11-18,1021,N,VIIRS,n,2,282.58,4.82,N,0
39.72554,-121.41315,347.81,0.52,0.41,2018-11-18,1021,N,VIIRS,n,2,288.43,4.82,N,0
39.7267,-121.4188,315.2,0.52,0.41,2018-11-18,1021,N,VIIRS,n,2,285.02,2.91,N,0
39.72822,-121.40681,302.93,0.52,0.41,2018-11-18,1021,N,VIIRS,n,2,283.18,4.05,N,0
39.72933,-121.41225,334.07,0.52,0.41,2018-11-18,1021,N,VIIRS,n,2,287.01,4.05,N,0
39.732,-121.40585,338.07,0.52,0.41,2018-11-18,1021,N,VIIRS,n,2,288.73,4.05,N,0
39.73314,-121.41142,296.65,0.52,0.41,2018-11-18,1021,N,VIIRS,n,2,285.49,4.05,N,0
39.73579,-121.40493,310.39,0.52,0.41,2018-11-18,1021,N,VIIRS,n,2,285.79,1.85,N,0
39.73956,-121.40392,318.82,0.52,0.41,2018-11-18,1021,N,VIIRS,n,2,286.24,1.85,N,0
39.74073,-121.40968,296.2,0.52,0.41,2018-11-18,1021,N,VIIRS,n,2,285.89,1.85,N,0
39.74451,-121.40874,314.43,0.52,0.41,2018-11-18,1021,N,VIIRS,n,2,286.14,2.23,N,0
39.74575,-121.41479,333.54,0.52,0.41,2018-11-18,1021,N,VIIRS,n,2,286.74,6.2,N,0
39.74828,-121.40772,307.99,0.52,0.41,2018-11-18,1021,N,VIIRS,n,2,284.28,2.23,N,0
39.74953,-121.41388,335,0.52,0.41,2018-11-18,1021,N,VIIRS,n,2,288.33,6.2,N,0
39.75202,-121.40656,307.78,0.52,0.41,2018-11-18,1021,N,VIIRS,n,2,284.55,1.84,N,0
39.75446,-121.39898,308.54,0.52,0.41,2018-11-18,1021,N,VIIRS,n,2,284.34,1.84,N,0
39.75818,-121.39774,307.53,0.52,0.41,2018-11-18,1021,N,VIIRS,n,2,284.24,1.99,N,0
39.75945,-121.38436,299.98,0.52,0.41,2018-11-18,1021,N,VIIRS,n,2,281.15,1.43,N,0
39.76066,-121.39037,306.8,0.52,0.41,2018-11-18,1021,N,VIIRS,n,2,284.14,1.43,N,0
39.76163,-121.38217,340.74,0.52,0.41,2018-11-18,1021,N,VIIRS,n,2,290.65,9.37,N,0
39.76288,-121.38815,300.29,0.52,0.41,2018-11-18,1021,N,VIIRS,n,2,284.63,2.15,N,0
39.76325,-121.38353,340.35,0.52,0.41,2018-11-18,1021,N,VIIRS,n,2,291.82,16.31,N,0
39.76548,-121.38146,296.84,0.52,0.41,2018-11-18,1021,N,VIIRS,n,2,284.11,9.37,N,0
39.81075,-121.36936,308.04,0.52,0.41,2018-11-18,1021,N,VIIRS,n,2,283.14,2.23,N,0
39.81328,-121.36231,305.49,0.52,0.41,2018-11-18,1021,N,VIIRS,n,2,282.48,2.19,N,0
39.81448,-121.36816,331.21,0.52,0.41,2018-11-18,1021,N,VIIRS,n,2,284.73,2.19,N,0
39.81701,-121.3611,314.4,0.52,0.41,2018-11-18,1021,N,VIIRS,n,2,283.01,2.19,N,0
39.8182,-121.36689,301.61,0.52,0.41,2018-11-18,1021,N,VIIRS,n,2,282.2,2.19,N,0
39.82192,-121.36563,307.85,0.52,0.41,2018-11-18,1021,N,VIIRS,n,2,282.24,1.27,N,0
39.82563,-121.36436,298.83,0.52,0.41,2018-11-18,1021,N,VIIRS,n,2,279.16,1.27,N,0
39.85146,-121.39343,296.69,0.51,0.41,2018-11-18,1021,N,VIIRS,n,2,283.06,1.32,N,0
39.85521,-121.39233,313.46,0.51,0.41,2018-11-18,1021,N,VIIRS,n,2,283.1,1.32,N,0
39.85778,-121.38549,306.6,0.51,0.41,2018-11-18,1021,N,VIIRS,n,2,282.16,2.91,N,0
39.85929,-121.37337,307.91,0.51,0.41,2018-11-18,1021,N,VIIRS,n,2,280.48,1.58,N,0
39.86044,-121.37901,333.23,0.51,0.41,2018-11-18,1021,N,VIIRS,n,2,281.79,2.91,N,0
39.86285,-121.3713,301.97,0.51,0.41,2018-11-18,1021,N,VIIRS,n,2,280.93,1.98,N,0
39.86405,-121.37724,342.12,0.51,0.41,2018-11-18,1021,N,VIIRS,n,2,285.39,7.95,N,0
39.88745,-121.55163,325.66,0.51,0.41,2018-11-18,1021,N,VIIRS,n,2,280.19,2.34,N,0
39.89347,-121.56197,295.34,0.5,0.41,2018-11-18,1021,N,VIIRS,n,2,272.93,0.31,N,0
39.68928,-121.4328,329.35,0.5,0.66,2018-11-18,2003,N,VIIRS,n,2,290.01,4.14,D,0
39.69075,-121.42943,347.35,0.5,0.66,2018-11-18,2003,N,VIIRS,n,2,290.98,7.19,D,0
39.69112,-121.42654,329.58,0.5,0.66,2018-11-18,2003,N,VIIRS,n,2,290.15,8.88,D,0
39.88705,-121.55157,329.4,0.5,0.66,2018-11-18,2003,N,VIIRS,n,2,292.19,4.49,D,0
39.68636,-121.4248,349,0.63,0.54,2018-11-18,2143,N,VIIRS,n,2,297.22,26.61,D,0
39.6913,-121.42673,355.3,0.63,0.54,2018-11-18,2143,N,VIIRS,n,2,295.81,26.61,D,0
39.72263,-121.41208,345.35,0.63,0.54,2018-11-18,2143,N,VIIRS,n,2,295.39,13.68,D,0
39.75892,-121.38242,331.3,0.63,0.54,2018-11-18,2143,N,VIIRS,n,2,289.49,3.83,D,0
39.76007,-121.38235,330.32,0.63,0.54,2018-11-18,2143,N,VIIRS,n,2,290.02,6.7,D,0
39.88831,-121.56232,332.27,0.62,0.54,2018-11-18,2143,N,VIIRS,n,2,291.19,4.6,D,0
39.88879,-121.55477,335.47,0.62,0.54,2018-11-18,2143,N,VIIRS,n,2,292.17,12.66,D,0
39.89331,-121.56287,338.38,0.62,0.54,2018-11-18,2143,N,VIIRS,n,2,290.72,4.6,D,0
39.67348,-121.42967,325.75,0.39,0.36,2018-11-19,1002,N,VIIRS,n,2,282.38,1.59,N,0
39.67606,-121.42439,316.87,0.39,0.36,2018-11-19,1002,N,VIIRS,n,2,280.96,2.24,N,0
39.67678,-121.42885,327.95,0.39,0.36,2018-11-19,1002,N,VIIRS,n,2,284.37,2.46,N,0
39.67935,-121.42352,331.61,0.39,0.36,2018-11-19,1002,N,VIIRS,n,2,285.51,2.24,N,0
39.68007,-121.428,306.65,0.39,0.36,2018-11-19,1002,N,VIIRS,n,2,284.18,2.46,N,0
39.68191,-121.41815,322.28,0.39,0.36,2018-11-19,1002,N,VIIRS,n,2,283.8,25.9,N,0
39.68264,-121.42269,367,0.39,0.36,2018-11-19,1002,N,VIIRS,h,2,293.25,25.9,N,0
39.68337,-121.4272,296.02,0.39,0.36,2018-11-19,1002,N,VIIRS,n,2,284.58,6.71,N,0
39.6852,-121.4173,311.5,0.39,0.36,2018-11-19,1002,N,VIIRS,n,2,289.57,25.9,N,0
39.68593,-121.42186,335.42,0.39,0.36,2018-11-19,1002,N,VIIRS,n,2,321.61,25.9,N,0
39.68666,-121.42637,336.57,0.39,0.36,2018-11-19,1002,N,VIIRS,n,2,293.24,6.71,N,0
39.68848,-121.4164,332.67,0.39,0.36,2018-11-19,1002,N,VIIRS,n,2,288.79,2.99,N,0
39.68922,-121.42101,346.25,0.39,0.36,2018-11-19,1002,N,VIIRS,n,2,289.83,2.99,N,0
39.68995,-121.42552,306.3,0.39,0.36,2018-11-19,1002,N,VIIRS,n,2,284.88,1.12,N,0
39.69067,-121.42999,296.31,0.39,0.36,2018-11-19,1002,N,VIIRS,n,2,282.98,1.12,N,0
39.69177,-121.41553,316.21,0.39,0.36,2018-11-19,1002,N,VIIRS,n,2,284.03,2.99,N,0
39.6925,-121.4201,298.57,0.39,0.36,2018-11-19,1002,N,VIIRS,n,2,284.01,2.99,N,0
39.72006,-121.40588,327.24,0.39,0.36,2018-11-19,1002,N,VIIRS,n,2,283.81,7.49,N,0
39.72077,-121.41027,344.48,0.39,0.36,2018-11-19,1002,N,VIIRS,n,2,289,5.48,N,0
39.72148,-121.41466,325.09,0.39,0.36,2018-11-19,1002,N,VIIRS,n,2,285.52,5.48,N,0
39.72219,-121.41906,332.84,0.39,0.36,2018-11-19,1002,N,VIIRS,n,2,286.45,1.93,N,0
39.72336,-121.40503,367,0.39,0.36,2018-11-19,1002,N,VIIRS,h,2,293.83,7.49,N,0
39.72406,-121.4094,320.48,0.39,0.36,2018-11-19,1002,N,VIIRS,n,2,287.16,5.48,N,0
39.72549,-121.41824,298.18,0.39,0.36,2018-11-19,1002,N,VIIRS,n,2,284.05,1.93,N,0
39.72664,-121.40414,344.7,0.39,0.36,2018-11-19,1002,N,VIIRS,n,2,289.97,3.01,N,0
39.72736,-121.40854,337.11,0.39,0.36,2018-11-19,1002,N,VIIRS,n,2,289.67,3.27,N,0
39.72993,-121.40327,295.53,0.39,0.36,2018-11-19,1002,N,VIIRS,n,2,282.96,3.01,N,0
39.73065,-121.40769,299.27,0.39,0.36,2018-11-19,1002,N,VIIRS,n,2,284.95,3.27,N,0
39.73651,-121.40153,345.39,0.39,0.36,2018-11-19,1002,N,VIIRS,n,2,288.7,5.41,N,0
39.73908,-121.3962,310.76,0.39,0.36,2018-11-19,1002,N,VIIRS,n,2,282.71,1.97,N,0
39.7398,-121.40066,325.82,0.39,0.36,2018-11-19,1002,N,VIIRS,n,2,287.87,1.97,N,0
39.74309,-121.39978,324.5,0.39,0.36,2018-11-19,1002,N,VIIRS,n,2,286.64,1.97,N,0
39.74381,-121.40422,342.26,0.39,0.36,2018-11-19,1002,N,VIIRS,n,2,287.15,2.71,N,0
39.74384,-121.36221,301.21,0.39,0.36,2018-11-19,1002,N,VIIRS,n,2,275.94,0.57,N,0
39.74453,-121.40868,299.19,0.39,0.36,2018-11-19,1002,N,VIIRS,n,2,284.89,2.71,N,0
39.74712,-121.36131,333.01,0.39,0.36,2018-11-19,1002,N,VIIRS,n,2,283.74,6.33,N,0
39.74782,-121.40781,308.36,0.39,0.36,2018-11-19,1002,N,VIIRS,n,2,284.8,1.34,N,0
39.74785,-121.36578,331.77,0.39,0.36,2018-11-19,1002,N,VIIRS,n,2,281.77,3.45,N,0
39.74966,-121.39799,334.25,0.39,0.36,2018-11-19,1002,N,VIIRS,n,2,284.94,3.1,N,0
39.75038,-121.40246,311.92,0.39,0.36,2018-11-19,1002,N,VIIRS,n,2,284.59,1.34,N,0
39.75114,-121.36489,334.55,0.39,0.36,2018-11-19,1002,N,VIIRS,n,2,283.98,3.45,N,0
39.75187,-121.36938,323.11,0.39,0.36,2018-11-19,1002,N,VIIRS,n,2,281.71,3.45,N,0
39.75294,-121.39708,335.62,0.39,0.36,2018-11-19,1002,N,VIIRS,n,2,287.93,2.41,N,0
39.75515,-121.36848,352.32,0.39,0.36,2018-11-19,1002,N,VIIRS,n,2,287.57,5.44,N,0
39.75549,-121.39171,313.02,0.39,0.36,2018-11-19,1002,N,VIIRS,n,2,282.46,2.41,N,0
39.75622,-121.39619,301.67,0.39,0.36,2018-11-19,1002,N,VIIRS,n,2,283.08,2.41,N,0
39.75806,-121.38637,320.55,0.39,0.36,2018-11-19,1002,N,VIIRS,n,2,283.7,1.92,N,0
39.75844,-121.36761,328.73,0.39,0.36,2018-11-19,1002,N,VIIRS,n,2,284.29,5.44,N,0
39.75878,-121.39082,306.31,0.39,0.36,2018-11-19,1002,N,VIIRS,n,2,283.41,1.36,N,0
39.75917,-121.37209,352.57,0.39,0.36,2018-11-19,1002,N,VIIRS,n,2,286.72,12.23,N,0
39.76246,-121.37123,328.37,0.39,0.36,2018-11-19,1002,N,VIIRS,n,2,285.28,1.79,N,0
39.76319,-121.37571,321.87,0.39,0.36,2018-11-19,1002,N,VIIRS,n,2,283.4,1.79,N,0
39.76648,-121.37486,299.86,0.39,0.36,2018-11-19,1002,N,VIIRS,n,2,281.95,1.79,N,0
39.8132,-121.36719,331.19,0.39,0.36,2018-11-19,1002,N,VIIRS,n,2,282.92,3.76,N,0
39.8157,-121.36421,310.46,0.39,0.36,2018-11-19,1002,N,VIIRS,n,2,280.64,2.03,N,0
39.81642,-121.36864,341.74,0.39,0.36,2018-11-19,1002,N,VIIRS,n,2,284.57,4.6,N,0
39.85745,-121.38943,304.19,0.39,0.36,2018-11-19,1002,N,VIIRS,n,2,281.33,0.85,N,0
39.86073,-121.38851,301.89,0.39,0.36,2018-11-19,1002,N,VIIRS,n,2,281.32,0.65,N,0
39.86147,-121.39306,301.39,0.39,0.36,2018-11-19,1002,N,VIIRS,n,2,280.51,1.05,N,0
39.86259,-121.37877,295.78,0.39,0.36,2018-11-19,1002,N,VIIRS,n,2,279.41,0.61,N,0
39.88734,-121.55353,306.96,0.38,0.36,2018-11-19,1002,N,VIIRS,n,2,277.97,1.37,N,0
39.89062,-121.55266,315.99,0.38,0.36,2018-11-19,1002,N,VIIRS,n,2,279.19,1.37,N,0
39.6754,-121.42448,332.19,0.54,0.42,2018-11-19,2124,N,VIIRS,n,2,290.58,4.24,D,0
39.67995,-121.41885,326.17,0.54,0.42,2018-11-19,2124,N,VIIRS,n,2,292.07,4.24,D,0
39.71956,-121.4192,346.3,0.54,0.42,2018-11-19,2124,N,VIIRS,n,2,295.82,8.02,D,0
39.72016,-121.4135,345.61,0.54,0.42,2018-11-19,2124,N,VIIRS,n,2,294.94,8.02,D,0
39.7213,-121.40256,328.86,0.54,0.42,2018-11-19,2124,N,VIIRS,n,2,292,11.19,D,0
39.73295,-121.40489,329.25,0.54,0.42,2018-11-19,2124,N,VIIRS,n,2,292.09,3.57,D,0
39.74456,-121.40298,328.61,0.54,0.42,2018-11-19,2124,N,VIIRS,n,2,290.59,3.86,D,0
39.74522,-121.40141,330.03,0.54,0.42,2018-11-19,2124,N,VIIRS,n,2,290.83,4.83,D,0
39.75178,-121.37073,331.45,0.54,0.42,2018-11-19,2124,N,VIIRS,n,2,293.27,7.61,D,0
39.75566,-121.37163,337.74,0.54,0.42,2018-11-19,2124,N,VIIRS,n,2,301.5,28.26,D,0
39.75953,-121.37272,340.82,0.54,0.42,2018-11-19,2124,N,VIIRS,n,2,296.1,28.26,D,0
39.76339,-121.3738,338,0.54,0.42,2018-11-19,2124,N,VIIRS,n,2,294.67,4.9,D,0
39.81568,-121.36768,343.96,0.54,0.42,2018-11-19,2124,N,VIIRS,n,2,291.79,10.52,D,0
39.71478,-121.41267,339.01,0.39,0.36,2018-11-20,2105,N,VIIRS,n,2,286.09,3.43,D,0
39.7154,-121.40831,332.73,0.39,0.36,2018-11-20,2105,N,VIIRS,n,2,284.81,3.58,D,0
39.71603,-121.40392,336.65,0.39,0.36,2018-11-20,2105,N,VIIRS,n,2,284.19,3.58,D,0
39.71742,-121.41805,332.24,0.39,0.36,2018-11-20,2105,N,VIIRS,n,2,284.56,4.16,D,0
39.73052,-121.39838,336.38,0.39,0.36,2018-11-20,2105,N,VIIRS,n,2,284.19,4.26,D,0
39.73447,-121.3947,332.26,0.39,0.36,2018-11-20,2105,N,VIIRS,n,2,282.29,5,D,0
39.75084,-121.39253,336.3,0.39,0.36,2018-11-20,2105,N,VIIRS,n,2,281.89,5.84,D,0
39.75407,-121.36987,329.13,0.39,0.36,2018-11-20,2105,N,VIIRS,n,2,282.74,2.78,D,0
39.75673,-121.37524,330.4,0.39,0.36,2018-11-20,2105,N,VIIRS,n,2,281.34,5.01,D,0
39.75738,-121.3707,331.21,0.39,0.36,2018-11-20,2105,N,VIIRS,n,2,285,4.04,D,0
39.7627,-121.38146,330.46,0.39,0.36,2018-11-20,2105,N,VIIRS,n,2,284.25,6.92,D,0
39.85875,-121.39378,326.82,0.39,0.36,2018-11-20,2105,N,VIIRS,n,2,282.84,3.84,D,0
39.88694,-121.55498,335.71,0.39,0.36,2018-11-20,2105,N,VIIRS,n,2,285.74,2.88,D,0
39.67475,-121.41794,301.05,0.47,0.39,2018-11-20,943,N,VIIRS,n,2,280.41,2.36,N,0
39.67491,-121.42265,325.15,0.47,0.39,2018-11-20,943,N,VIIRS,n,2,280.56,3.64,N,0
39.67544,-121.42355,331.85,0.47,0.39,2018-11-20,943,N,VIIRS,n,2,281.5,2.36,N,0
39.67791,-121.41659,321.1,0.47,0.39,2018-11-20,943,N,VIIRS,n,2,282.54,2.29,N,0
39.67841,-121.41749,327.79,0.47,0.39,2018-11-20,943,N,VIIRS,n,2,283.57,2.01,N,0
39.67853,-121.42191,334.81,0.47,0.39,2018-11-20,943,N,VIIRS,n,2,285.95,3.64,N,0
39.67904,-121.42265,312.54,0.47,0.39,2018-11-20,943,N,VIIRS,n,2,283.74,2.01,N,0
39.68089,-121.41039,295.15,0.47,0.39,2018-11-20,943,N,VIIRS,n,2,279.99,1.95,N,0
39.68138,-121.41141,302.25,0.46,0.39,2018-11-20,943,N,VIIRS,n,2,280.1,0.95,N,0
39.68153,-121.41589,298.71,0.47,0.39,2018-11-20,943,N,VIIRS,n,2,282.47,1.95,N,0
39.68203,-121.41678,296.46,0.47,0.39,2018-11-20,943,N,VIIRS,n,2,283.31,2.01,N,0
39.6845,-121.40959,327.18,0.47,0.39,2018-11-20,943,N,VIIRS,n,2,282.63,1.95,N,0
39.68514,-121.41496,326.64,0.47,0.39,2018-11-20,943,N,VIIRS,n,2,285.73,1.95,N,0
39.71413,-121.40902,301.43,0.47,0.39,2018-11-20,943,N,VIIRS,n,2,281.12,1.25,N,0
39.7148,-121.41466,310.64,0.47,0.39,2018-11-20,943,N,VIIRS,n,2,280.4,2.41,N,0
39.71698,-121.40176,342.55,0.47,0.39,2018-11-20,943,N,VIIRS,n,2,286.29,4.87,N,0
39.71767,-121.40757,310.77,0.47,0.39,2018-11-20,943,N,VIIRS,n,2,284.08,4.87,N,0
39.71837,-121.41351,324.4,0.47,0.39,2018-11-20,943,N,VIIRS,n,2,284.36,2.34,N,0
39.71906,-121.41925,315.54,0.47,0.39,2018-11-20,943,N,VIIRS,n,2,282.32,2.34,N,0
39.72054,-121.40048,333.65,0.47,0.39,2018-11-20,943,N,VIIRS,n,2,286.47,4.87,N,0
39.72414,-121.39962,318.36,0.47,0.39,2018-11-20,943,N,VIIRS,n,2,282.77,2.43,N,0
39.72775,-121.39876,312.38,0.47,0.39,2018-11-20,943,N,VIIRS,n,2,282.2,2.43,N,0
39.73136,-121.39791,312.27,0.47,0.39,2018-11-20,943,N,VIIRS,n,2,282.46,1.29,N,0
39.73202,-121.40347,302.75,0.47,0.39,2018-11-20,943,N,VIIRS,n,2,284.3,1.29,N,0
39.73496,-121.39703,303.45,0.47,0.39,2018-11-20,943,N,VIIRS,n,2,282.55,1.29,N,0
39.73857,-121.39616,322.55,0.47,0.39,2018-11-20,943,N,VIIRS,n,2,283.73,2.3,N,0
39.74218,-121.39532,311.96,0.47,0.39,2018-11-20,943,N,VIIRS,n,2,282.57,2.3,N,0
39.74579,-121.39454,305.3,0.47,0.39,2018-11-20,943,N,VIIRS,n,2,281.65,2.82,N,0
39.74644,-121.3999,298.77,0.47,0.39,2018-11-20,943,N,VIIRS,n,2,283.36,2.82,N,0
39.74709,-121.40533,301,0.47,0.39,2018-11-20,943,N,VIIRS,n,2,282.82,1.06,N,0
39.74943,-121.39392,338.33,0.47,0.39,2018-11-20,943,N,VIIRS,n,2,285.34,2.82,N,0
39.74985,-121.36679,300.58,0.46,0.39,2018-11-20,943,N,VIIRS,n,2,280.9,0.64,N,0
39.75307,-121.39336,321.06,0.47,0.39,2018-11-20,943,N,VIIRS,n,2,282.96,2.81,N,0
39.7541,-121.37128,326.84,0.46,0.39,2018-11-20,943,N,VIIRS,n,2,282.07,3.82,N,0
39.75605,-121.38734,301.15,0.46,0.39,2018-11-20,943,N,VIIRS,n,2,281.26,0.79,N,0
39.7577,-121.37037,330.67,0.46,0.39,2018-11-20,943,N,VIIRS,n,2,285.15,3.36,N,0
39.75834,-121.37566,309.65,0.46,0.39,2018-11-20,943,N,VIIRS,n,2,281.09,3.36,N,0
39.76192,-121.37466,330.58,0.46,0.39,2018-11-20,943,N,VIIRS,n,2,284.63,3.36,N,0
39.76257,-121.37994,316.5,0.46,0.39,2018-11-20,943,N,VIIRS,n,2,282.09,2.49,N,0
39.81715,-121.36999,302.38,0.47,0.39,2018-11-20,943,N,VIIRS,n,2,279.48,1.39,N,0
39.86072,-121.39301,319.39,0.47,0.39,2018-11-20,943,N,VIIRS,n,2,279.86,2.26,N,0
39.71273,-121.40441,320.14,0.52,0.5,2018-11-21,924,N,VIIRS,n,2,270.26,3.8,N,0
39.73089,-121.39798,298.14,0.52,0.5,2018-11-21,924,N,VIIRS,n,2,270.38,1.42,N,0
39.74882,-121.38902,300.78,0.52,0.5,2018-11-21,924,N,VIIRS,n,2,268.19,1.59,N,0
39.76099,-121.38039,324.18,0.52,0.5,2018-11-21,924,N,VIIRS,n,2,271.09,3.63,N,0
39.76146,-121.38654,299.27,0.52,0.5,2018-11-21,924,N,VIIRS,n,2,267.9,2.54,N,0
39.7621,-121.38027,326.06,0.52,0.5,2018-11-21,924,N,VIIRS,n,2,271.28,5.46,N,0
