latitude,longitude,bright_ti4,scan,track,acq_date,acq_time,satellite,instrument,confidence,version,bright_ti5,frp,daynight,type
39.12427,-120.81952,345.53,0.38,0.36,2022-09-06,956,N,VIIRS,n,2,297.44,6.77,N,0
39.12755,-120.81867,351.8,0.38,0.36,2022-09-06,956,N,VIIRS,n,2,300.37,7.84,N,0
39.0011,-120.71959,346.95,0.38,0.36,2022-09-07,2059,N,VIIRS,n,2,311.47,9.78,D,0
39.00179,-120.71519,353.76,0.38,0.36,2022-09-07,2059,N,VIIRS,n,2,318.49,39.09,D,0
39.00236,-120.73365,348.74,0.38,0.36,2022-09-07,2059,N,VIIRS,n,2,310.39,36.4,D,0
39.00247,-120.71078,349.4,0.38,0.36,2022-09-07,2059,N,VIIRS,n,2,315.54,39.09,D,0
39.00303,-120.72925,344.95,0.38,0.36,2022-09-07,2059,N,VIIRS,n,2,318.2,36.4,D,0
39.00371,-120.72482,367,0.38,0.36,2022-09-07,2059,N,VIIRS,l,2,366.82,181.59,D,0
39.00439,-120.72042,367,0.38,0.36,2022-09-07,2059,N,VIIRS,h,2,351.56,181.59,D,0
39.00507,-120.71603,367,0.38,0.36,2022-09-07,2059,N,VIIRS,l,2,370.04,169.31,D,0
39.00564,-120.73448,367,0.38,0.36,2022-09-07,2059,N,VIIRS,l,2,327.03,36.4,D,0
39.00575,-120.71162,348.13,0.38,0.36,2022-09-07,2059,N,VIIRS,n,2,306.88,169.31,D,0
39.00622,-120.75291,345.56,0.38,0.36,2022-09-07,2059,N,VIIRS,n,2,314.08,7.74,D,0
39.00632,-120.73007,367,0.38,0.36,2022-09-07,2059,N,VIIRS,h,2,345.44,36.4,D,0
39.007,-120.72567,367,0.38,0.36,2022-09-07,2059,N,VIIRS,h,2,360.44,181.59,D,0
39.00768,-120.72126,367,0.38,0.36,2022-09-07,2059,N,VIIRS,l,2,362.09,181.59,D,0
39.00883,-120.75814,350.7,0.38,0.36,2022-09-07,2059,N,VIIRS,l,2,322.87,36.23,D,0
39.00893,-120.73531,367,0.38,0.36,2022-09-07,2059,N,VIIRS,h,2,344.77,112.17,D,0
39.00903,-120.71245,354.46,0.38,0.36,2022-09-07,2059,N,VIIRS,n,2,300.08,169.31,D,0
39.00951,-120.75374,345.31,0.38,0.36,2022-09-07,2059,N,VIIRS,l,2,317.06,7.74,D,0
39.00961,-120.7309,367,0.38,0.36,2022-09-07,2059,N,VIIRS,h,2,358.63,112.17,D,0
39.01028,-120.7265,367,0.38,0.36,2022-09-07,2059,N,VIIRS,h,2,336.25,96.44,D,0
39.01096,-120.72211,347.88,0.38,0.36,2022-09-07,2059,N,VIIRS,n,2,309.91,96.44,D,0
39.01145,-120.76337,351.03,0.38,0.36,2022-09-07,2059,N,VIIRS,n,2,316.89,29.99,D,0
39.01154,-120.74055,356.02,0.38,0.36,2022-09-07,2059,N,VIIRS,n,2,323.11,33.42,D,0
39.01163,-120.71769,367,0.38,0.36,2022-09-07,2059,N,VIIRS,h,2,302.56,10.03,D,0
39.01222,-120.73614,367,0.38,0.36,2022-09-07,2059,N,VIIRS,l,2,333.55,112.17,D,0
39.01231,-120.71329,351.26,0.38,0.36,2022-09-07,2059,N,VIIRS,n,2,299.88,10.03,D,0
39.0129,-120.73174,367,0.38,0.36,2022-09-07,2059,N,VIIRS,l,2,354.82,112.17,D,0
39.01357,-120.72733,367,0.38,0.36,2022-09-07,2059,N,VIIRS,h,2,359.26,96.44,D,0
39.01405,-120.76859,346.16,0.38,0.36,2022-09-07,2059,N,VIIRS,n,2,315.62,39.7,D,0
39.01415,-120.74577,348.54,0.38,0.36,2022-09-07,2059,N,VIIRS,n,2,317.75,24.71,D,0
39.01425,-120.72292,367,0.38,0.36,2022-09-07,2059,N,VIIRS,h,2,310.05,96.44,D,0
39.01483,-120.74135,353.25,0.38,0.36,2022-09-07,2059,N,VIIRS,l,2,332.29,24.71,D,0
39.01493,-120.71853,353.15,0.38,0.36,2022-09-07,2059,N,VIIRS,n,2,304.67,10.03,D,0
39.01551,-120.73695,367,0.38,0.36,2022-09-07,2059,N,VIIRS,h,2,342.08,70.25,D,0
39.01609,-120.75537,346.45,0.38,0.36,2022-09-07,2059,N,VIIRS,l,2,321.02,9.87,D,0
39.01619,-120.73257,367,0.38,0.36,2022-09-07,2059,N,VIIRS,h,2,310.05,70.25,D,0
39.01677,-120.75097,347.49,0.38,0.36,2022-09-07,2059,N,VIIRS,l,2,320.08,9.87,D,0
39.01734,-120.76941,367,0.38,0.36,2022-09-07,2059,N,VIIRS,h,2,354.12,132.77,D,0
39.01744,-120.74657,354.81,0.38,0.36,2022-09-07,2059,N,VIIRS,n,2,318.39,24.71,D,0
39.01754,-120.72375,367,0.38,0.36,2022-09-07,2059,N,VIIRS,h,2,304.89,38.81,D,0
39.01812,-120.74217,367,0.38,0.36,2022-09-07,2059,N,VIIRS,h,2,346.07,24.71,D,0
39.01822,-120.71936,355.18,0.38,0.36,2022-09-07,2059,N,VIIRS,n,2,302.53,11.21,D,0
39.0188,-120.73779,367,0.38,0.36,2022-09-07,2059,N,VIIRS,h,2,353.32,70.25,D,0
39.01938,-120.75617,347.75,0.38,0.36,2022-09-07,2059,N,VIIRS,l,2,317.93,18.62,D,0
39.01947,-120.73338,346.8,0.38,0.36,2022-09-07,2059,N,VIIRS,n,2,320.72,70.25,D,0
39.02005,-120.75178,354.67,0.38,0.36,2022-09-07,2059,N,VIIRS,n,2,319.12,18.62,D,0
39.02015,-120.72899,367,0.38,0.36,2022-09-07,2059,N,VIIRS,h,2,308.05,38.81,D,0
39.02063,-120.77022,354.22,0.38,0.36,2022-09-07,2059,N,VIIRS,n,2,325.55,132.77,D,0
39.02073,-120.74739,354.16,0.38,0.36,2022-09-07,2059,N,VIIRS,n,2,321.91,177.43,D,0
39.02082,-120.72459,367,0.38,0.36,2022-09-07,2059,N,VIIRS,h,2,303.94,38.81,D,0
39.02141,-120.74299,367,0.38,0.36,2022-09-07,2059,N,VIIRS,h,2,348.57,177.43,D,0
39.0215,-120.72018,367,0.38,0.36,2022-09-07,2059,N,VIIRS,h,2,301.85,11.21,D,0
39.02208,-120.73861,367,0.38,0.36,2022-09-07,2059,N,VIIRS,h,2,364.97,0,D,0
39.02217,-120.71578,344.29,0.38,0.36,2022-09-07,2059,N,VIIRS,n,2,300.03,11.21,D,0
39.02267,-120.757,350.65,0.38,0.36,2022-09-07,2059,N,VIIRS,n,2,311.97,18.62,D,0
39.02276,-120.73421,367,0.38,0.36,2022-09-07,2059,N,VIIRS,l,2,382.73,0,D,0
39.02334,-120.75259,367,0.38,0.36,2022-09-07,2059,N,VIIRS,l,2,330.85,18.62,D,0
39.02343,-120.72981,367,0.38,0.36,2022-09-07,2059,N,VIIRS,l,2,327.9,183.27,D,0
39.02392,-120.77103,356.36,0.38,0.36,2022-09-07,2059,N,VIIRS,n,2,323.02,18.08,D,0
39.02402,-120.7482,367,0.38,0.36,2022-09-07,2059,N,VIIRS,l,2,377.12,177.43,D,0
39.02411,-120.7254,367,0.38,0.36,2022-09-07,2059,N,VIIRS,h,2,303.42,183.27,D,0
39.0247,-120.74381,367,0.38,0.36,2022-09-07,2059,N,VIIRS,l,2,378.1,177.43,D,0
39.02478,-120.721,357.03,0.38,0.36,2022-09-07,2059,N,VIIRS,n,2,300.36,13.34,D,0
39.02537,-120.73941,367,0.38,0.36,2022-09-07,2059,N,VIIRS,l,2,378.47,0,D,0
39.02546,-120.71661,344.54,0.38,0.36,2022-09-07,2059,N,VIIRS,n,2,299.93,13.34,D,0
39.02595,-120.75783,355.48,0.38,0.36,2022-09-07,2059,N,VIIRS,n,2,320.68,30.98,D,0
39.02604,-120.73503,367,0.38,0.36,2022-09-07,2059,N,VIIRS,l,2,378.1,0,D,0
39.02663,-120.75343,351.43,0.38,0.36,2022-09-07,2059,N,VIIRS,l,2,326.53,30.98,D,0
39.02672,-120.73063,367,0.38,0.36,2022-09-07,2059,N,VIIRS,h,2,344.71,183.27,D,0
39.02721,-120.77186,345.01,0.38,0.36,2022-09-07,2059,N,VIIRS,n,2,314.14,18.08,D,0
39.0274,-120.72622,355.99,0.38,0.36,2022-09-07,2059,N,VIIRS,n,2,300.91,183.27,D,0
39.02788,-120.76746,353.19,0.38,0.36,2022-09-07,2059,N,VIIRS,n,2,320.04,19.19,D,0
39.02807,-120.72183,367,0.38,0.36,2022-09-07,2059,N,VIIRS,h,2,296.54,13.34,D,0
39.02856,-120.76306,367,0.38,0.36,2022-09-07,2059,N,VIIRS,h,2,318.16,19.19,D,0
39.02924,-120.75864,355.96,0.38,0.36,2022-09-07,2059,N,VIIRS,n,2,320.2,30.98,D,0
39.02933,-120.73585,367,0.38,0.36,2022-09-07,2059,N,VIIRS,l,2,338.11,0,D,0
39.02991,-120.75425,367,0.38,0.36,2022-09-07,2059,N,VIIRS,l,2,346.48,30.98,D,0
39.03001,-120.73144,306.28,0.38,0.36,2022-09-07,2059,N,VIIRS,l,2,309.66,92.63,D,0
39.03059,-120.74985,367,0.38,0.36,2022-09-07,2059,N,VIIRS,l,2,371.47,0,D,0
39.03069,-120.72704,356.2,0.38,0.36,2022-09-07,2059,N,VIIRS,n,2,296.58,92.63,D,0
39.03117,-120.76828,367,0.38,0.36,2022-09-07,2059,N,VIIRS,h,2,318.72,29.23,D,0
39.03136,-120.72265,356.5,0.38,0.36,2022-09-07,2059,N,VIIRS,n,2,293.7,17.56,D,0
39.03185,-120.76388,354.82,0.38,0.36,2022-09-07,2059,N,VIIRS,l,2,336.97,29.23,D,0
39.03252,-120.75948,351.84,0.38,0.36,2022-09-07,2059,N,VIIRS,l,2,339.3,75.86,D,0
39.0332,-120.75507,367,0.38,0.36,2022-09-07,2059,N,VIIRS,h,2,360.76,75.86,D,0
39.03329,-120.73225,353.49,0.38,0.36,2022-09-07,2059,N,VIIRS,n,2,291.91,92.63,D,0
39.03387,-120.75068,367,0.38,0.36,2022-09-07,2059,N,VIIRS,l,2,380.9,0,D,0
39.03397,-120.72787,367,0.38,0.36,2022-09-07,2059,N,VIIRS,h,2,291.47,92.63,D,0
39.03455,-120.74627,367,0.38,0.36,2022-09-07,2059,N,VIIRS,l,2,371.61,0,D,0
39.03465,-120.72347,354.58,0.38,0.36,2022-09-07,2059,N,VIIRS,n,2,290.03,17.56,D,0
39.03513,-120.76469,367,0.38,0.36,2022-09-07,2059,N,VIIRS,h,2,341.79,29.23,D,0
39.03523,-120.74188,271.65,0.38,0.36,2022-09-07,2059,N,VIIRS,l,2,301.29,369.69,D,0
39.03581,-120.7603,367,0.38,0.36,2022-09-07,2059,N,VIIRS,h,2,350.31,75.86,D,0
39.03648,-120.7559,367,0.38,0.36,2022-09-07,2059,N,VIIRS,l,2,375.84,75.86,D,0
39.03658,-120.73309,357.39,0.38,0.36,2022-09-07,2059,N,VIIRS,l,2,283.94,33.48,D,0
39.03716,-120.7515,367,0.38,0.36,2022-09-07,2059,N,VIIRS,l,2,375.05,0,D,0
39.03725,-120.72869,357.39,0.38,0.36,2022-09-07,2059,N,VIIRS,l,2,286.8,33.48,D,0
39.03784,-120.7471,367,0.38,0.36,2022-09-07,2059,N,VIIRS,h,2,352.62,0,D,0
39.03793,-120.72429,352.91,0.38,0.36,2022-09-07,2059,N,VIIRS,n,2,286.85,21.76,D,0
39.03909,-120.76113,367,0.38,0.36,2022-09-07,2059,N,VIIRS,l,2,363.06,180.45,D,0
39.03977,-120.75672,367,0.38,0.36,2022-09-07,2059,N,VIIRS,l,2,379.87,180.45,D,0
39.04044,-120.75233,367,0.38,0.36,2022-09-07,2059,N,VIIRS,l,2,379.55,190.52,D,0
39.04112,-120.74792,367,0.38,0.36,2022-09-07,2059,N,VIIRS,h,2,355.41,190.52,D,0
39.04238,-120.76196,345.11,0.38,0.36,2022-09-07,2059,N,VIIRS,n,2,307.72,180.45,D,0
39.04305,-120.75755,353.94,0.38,0.36,2022-09-07,2059,N,VIIRS,n,2,305.81,180.45,D,0
39.04373,-120.75315,367,0.38,0.36,2022-09-07,2059,N,VIIRS,h,2,302.6,190.52,D,0
39.0444,-120.74876,356.76,0.38,0.36,2022-09-07,2059,N,VIIRS,l,2,295.76,190.52,D,0
39.04769,-120.74959,356,0.38,0.36,2022-09-07,2059,N,VIIRS,n,2,289.16,14.37,D,0
38.99619,-120.74489,304.02,0.5,0.41,2022-09-07,937,N,VIIRS,n,2,290.96,3.1,N,0
38.99757,-120.75674,306.74,0.5,0.41,2022-09-07,937,N,VIIRS,n,2,290,1.93,N,0
38.99828,-120.76283,307.86,0.5,0.41,2022-09-07,937,N,VIIRS,n,2,290.16,1.93,N,0
38.99936,-120.73927,304.47,0.5,0.41,2022-09-07,937,N,VIIRS,n,2,290.84,8.43,N,0
39.00074,-120.75109,305.74,0.5,0.41,2022-09-07,937,N,VIIRS,n,2,286.16,1.84,N,0
39.00144,-120.75714,308.9,0.5,0.41,2022-09-07,937,N,VIIRS,n,2,288.82,1.54,N,0
39.00217,-120.76334,312.6,0.5,0.41,2022-09-07,937,N,VIIRS,n,2,287.05,1.54,N,0
39.00251,-120.73354,302.62,0.5,0.41,2022-09-07,937,N,VIIRS,n,2,287.36,8.43,N,0
39.00283,-120.76906,311.16,0.5,0.41,2022-09-07,937,N,VIIRS,n,2,290,1.86,N,0
39.0032,-120.7394,367,0.5,0.41,2022-09-07,937,N,VIIRS,h,2,298.5,8.43,N,0
39.00391,-120.74542,305.83,0.5,0.41,2022-09-07,937,N,VIIRS,n,2,281.45,1.84,N,0
39.00457,-120.75112,310.26,0.5,0.41,2022-09-07,937,N,VIIRS,n,2,289.85,1.84,N,0
39.00525,-120.75695,314,0.5,0.41,2022-09-07,937,N,VIIRS,n,2,290.15,1.54,N,0
39.00596,-120.76305,314.13,0.5,0.41,2022-09-07,937,N,VIIRS,n,2,289.14,1.54,N,0
39.00629,-120.73312,305.82,0.5,0.41,2022-09-07,937,N,VIIRS,n,2,292.23,9.73,N,0
39.00661,-120.76867,314.08,0.5,0.41,2022-09-07,937,N,VIIRS,n,2,285.86,1.86,N,0
39.00697,-120.73891,344.3,0.5,0.41,2022-09-07,937,N,VIIRS,n,2,305.32,9.73,N,0
39.00725,-120.77414,310.03,0.5,0.41,2022-09-07,937,N,VIIRS,n,2,290.66,1.86,N,0
39.00766,-120.74487,310.77,0.5,0.41,2022-09-07,937,N,VIIRS,n,2,282.39,5.91,N,0
39.0083,-120.75034,317.21,0.5,0.41,2022-09-07,937,N,VIIRS,n,2,291.42,5.91,N,0
39.00895,-120.75591,339.35,0.5,0.41,2022-09-07,937,N,VIIRS,n,2,291.08,15.87,N,0
39.00964,-120.76187,341.47,0.5,0.41,2022-09-07,937,N,VIIRS,n,2,291.18,15.87,N,0
39.01031,-120.76765,318.11,0.5,0.41,2022-09-07,937,N,VIIRS,n,2,287.26,3.55,N,0
39.0107,-120.7382,312.35,0.5,0.41,2022-09-07,937,N,VIIRS,n,2,296.39,9.73,N,0
39.01095,-120.77311,314.94,0.5,0.41,2022-09-07,937,N,VIIRS,n,2,292.87,3.55,N,0
39.01137,-120.74396,340.16,0.5,0.41,2022-09-07,937,N,VIIRS,n,2,293.03,5.91,N,0
39.012,-120.74934,346.5,0.5,0.41,2022-09-07,937,N,VIIRS,n,2,296.23,5.91,N,0
39.01263,-120.75471,355.86,0.5,0.41,2022-09-07,937,N,VIIRS,n,2,305.01,15.87,N,0
39.01331,-120.76051,356.85,0.5,0.41,2022-09-07,937,N,VIIRS,n,2,309.72,15.87,N,0
39.01398,-120.76628,337.1,0.5,0.41,2022-09-07,937,N,VIIRS,n,2,291.82,3.55,N,0
39.01463,-120.77188,321.69,0.5,0.41,2022-09-07,937,N,VIIRS,n,2,290.81,3.55,N,0
39.01503,-120.74216,315.27,0.5,0.41,2022-09-07,937,N,VIIRS,n,2,286.27,2.37,N,0
39.01505,-120.74271,323.44,0.5,0.41,2022-09-07,937,N,VIIRS,n,2,287.46,16.24,N,0
39.01524,-120.77713,309.57,0.5,0.41,2022-09-07,937,N,VIIRS,n,2,295,4.18,N,0
39.01562,-120.74741,349.21,0.5,0.41,2022-09-07,937,N,VIIRS,n,2,310.17,52.9,N,0
39.01566,-120.74794,349.4,0.5,0.41,2022-09-07,937,N,VIIRS,n,2,307.59,16.24,N,0
39.01621,-120.75262,340.78,0.5,0.41,2022-09-07,937,N,VIIRS,n,2,301.1,52.9,N,0
39.01626,-120.75314,335.18,0.5,0.41,2022-09-07,937,N,VIIRS,n,2,301.08,66.85,N,0
39.01685,-120.75826,346.72,0.5,0.41,2022-09-07,937,N,VIIRS,n,2,306.09,50.82,N,0
39.01693,-120.75883,345.72,0.5,0.41,2022-09-07,937,N,VIIRS,n,2,307.95,66.85,N,0
39.0175,-120.76411,333.6,0.5,0.41,2022-09-07,937,N,VIIRS,n,2,315.15,50.82,N,0
39.0176,-120.76464,344.15,0.5,0.41,2022-09-07,937,N,VIIRS,n,2,313.32,23.75,N,0
39.01812,-120.73628,308.61,0.5,0.41,2022-09-07,937,N,VIIRS,n,2,292.69,4.09,N,0
39.01813,-120.76975,318.51,0.5,0.41,2022-09-07,937,N,VIIRS,n,2,294.84,3.68,N,0
39.01813,-120.73575,306.54,0.5,0.41,2022-09-07,937,N,VIIRS,n,2,292.17,2.37,N,0
39.01826,-120.77026,320.09,0.5,0.41,2022-09-07,937,N,VIIRS,n,2,292.91,23.75,N,0
39.01871,-120.74145,312.35,0.5,0.41,2022-09-07,937,N,VIIRS,n,2,291.17,16.24,N,0
39.01871,-120.74093,309.99,0.5,0.41,2022-09-07,937,N,VIIRS,n,2,292.97,2.37,N,0
39.01928,-120.7459,332.65,0.5,0.41,2022-09-07,937,N,VIIRS,n,2,293.54,52.9,N,0
39.01929,-120.74641,334.33,0.5,0.41,2022-09-07,937,N,VIIRS,n,2,299.59,16.24,N,0
39.01987,-120.75107,367,0.5,0.41,2022-09-07,937,N,VIIRS,h,2,332.46,52.9,N,0
39.0199,-120.75159,367,0.5,0.41,2022-09-07,937,N,VIIRS,h,2,326.81,66.85,N,0
39.0205,-120.75662,367,0.5,0.41,2022-09-07,937,N,VIIRS,h,2,312.41,50.82,N,0
39.02056,-120.75723,356.17,0.5,0.41,2022-09-07,937,N,VIIRS,n,2,311.36,66.85,N,0
39.02115,-120.76254,352.56,0.5,0.41,2022-09-07,937,N,VIIRS,n,2,315.87,50.82,N,0
39.02125,-120.7631,354.41,0.5,0.41,2022-09-07,937,N,VIIRS,n,2,313.77,23.75,N,0
39.02179,-120.76823,330.61,0.5,0.41,2022-09-07,937,N,VIIRS,n,2,296.85,3.68,N,0
39.02191,-120.76878,323.83,0.5,0.41,2022-09-07,937,N,VIIRS,n,2,296.76,23.75,N,0
39.0224,-120.74034,309.14,0.5,0.41,2022-09-07,937,N,VIIRS,n,2,290.2,3.1,N,0
39.02242,-120.73984,308.05,0.5,0.41,2022-09-07,937,N,VIIRS,n,2,289.44,3.53,N,0
39.02244,-120.774,312.25,0.5,0.41,2022-09-07,937,N,VIIRS,n,2,294.81,3.68,N,0
39.02259,-120.77454,308.89,0.5,0.41,2022-09-07,937,N,VIIRS,n,2,295.7,3.84,N,0
39.02298,-120.74529,317.48,0.5,0.41,2022-09-07,937,N,VIIRS,n,2,290.4,3.1,N,0
39.02298,-120.74477,315.02,0.5,0.41,2022-09-07,937,N,VIIRS,n,2,291.32,9.7,N,0
39.02356,-120.74992,344.66,0.5,0.41,2022-09-07,937,N,VIIRS,n,2,294.68,9.7,N,0
39.02359,-120.75045,343.09,0.5,0.41,2022-09-07,937,N,VIIRS,n,2,300.36,17.72,N,0
39.02419,-120.75542,352.77,0.5,0.41,2022-09-07,937,N,VIIRS,n,2,292.1,17.3,N,0
39.02423,-120.75601,353.92,0.5,0.41,2022-09-07,937,N,VIIRS,n,2,298.53,17.72,N,0
39.02485,-120.76138,351.59,0.5,0.41,2022-09-07,937,N,VIIRS,n,2,314.34,17.3,N,0
39.02493,-120.76196,354.24,0.5,0.41,2022-09-07,937,N,VIIRS,n,2,315.98,19.69,N,0
39.02549,-120.76711,356.4,0.5,0.41,2022-09-07,937,N,VIIRS,n,2,300.02,6.58,N,0
39.0256,-120.76763,349.26,0.5,0.41,2022-09-07,937,N,VIIRS,n,2,298.78,19.69,N,0
39.02614,-120.77283,313.75,0.5,0.41,2022-09-07,937,N,VIIRS,n,2,293.19,6.58,N,0
39.02627,-120.7734,313.36,0.5,0.41,2022-09-07,937,N,VIIRS,n,2,292.93,1.61,N,0
39.02728,-120.749,311.09,0.5,0.41,2022-09-07,937,N,VIIRS,n,2,294.32,9.7,N,0
39.0273,-120.74953,314.03,0.5,0.41,2022-09-07,937,N,VIIRS,n,2,292.94,17.72,N,0
39.02789,-120.75439,316.8,0.5,0.41,2022-09-07,937,N,VIIRS,n,2,286.82,17.3,N,0
39.02794,-120.75497,318.93,0.5,0.41,2022-09-07,937,N,VIIRS,n,2,289.05,17.72,N,0
39.02811,-120.79044,303.49,0.5,0.41,2022-09-07,937,N,VIIRS,n,2,291.23,0.77,N,0
39.02856,-120.76031,310.48,0.5,0.41,2022-09-07,937,N,VIIRS,n,2,277.32,17.3,N,0
39.02863,-120.76091,310.93,0.5,0.41,2022-09-07,937,N,VIIRS,n,2,280.9,19.69,N,0
39.02921,-120.76605,311.97,0.5,0.41,2022-09-07,937,N,VIIRS,n,2,290,6.58,N,0
39.0293,-120.76659,312.15,0.5,0.41,2022-09-07,937,N,VIIRS,n,2,291.66,19.69,N,0
39.02984,-120.77176,307.38,0.5,0.41,2022-09-07,937,N,VIIRS,n,2,288.16,6.58,N,0
39.02997,-120.77233,306.35,0.5,0.41,2022-09-07,937,N,VIIRS,n,2,292.39,1.61,N,0
39.0304,-120.74281,306.24,0.5,0.41,2022-09-07,937,N,VIIRS,n,2,290.43,1.47,N,0
39.03053,-120.77786,308.34,0.5,0.41,2022-09-07,937,N,VIIRS,n,2,290.9,3.39,N,0
39.03069,-120.77845,308.19,0.5,0.41,2022-09-07,937,N,VIIRS,n,2,290.89,1.61,N,0
39.03101,-120.74812,306.15,0.5,0.41,2022-09-07,937,N,VIIRS,n,2,291.49,1.47,N,0
39.03161,-120.75346,307.48,0.5,0.41,2022-09-07,937,N,VIIRS,n,2,290.72,1.45,N,0
39.03182,-120.78941,302.98,0.5,0.41,2022-09-07,937,N,VIIRS,n,2,290.3,0.77,N,0
39.03203,-120.7899,303.61,0.5,0.41,2022-09-07,937,N,VIIRS,n,2,289.39,2.89,N,0
39.03227,-120.75928,305.66,0.5,0.41,2022-09-07,937,N,VIIRS,n,2,292.46,1.45,N,0
39.03243,-120.79481,301.33,0.5,0.41,2022-09-07,937,N,VIIRS,n,2,286.32,0.77,N,0
39.03357,-120.7709,305.66,0.5,0.41,2022-09-07,937,N,VIIRS,n,2,290.22,2.07,N,0
39.03426,-120.77705,305.02,0.5,0.41,2022-09-07,937,N,VIIRS,n,2,290.67,1.94,N,0
38.99226,-120.71122,340.45,0.57,0.69,2022-09-08,1059,N,VIIRS,n,2,295.68,10.26,N,0
38.99244,-120.70701,318.39,0.57,0.69,2022-09-08,1059,N,VIIRS,n,2,293.33,6.37,N,0
38.9937,-120.71594,354.06,0.57,0.69,2022-09-08,1059,N,VIIRS,n,2,296.9,15.24,N,0
38.99409,-120.71233,341.87,0.57,0.69,2022-09-08,1059,N,VIIRS,n,2,296.15,12.08,N,0
38.99503,-120.7203,367,0.57,0.69,2022-09-08,1059,N,VIIRS,h,2,297.15,15.24,N,0
38.99541,-120.71656,367,0.57,0.69,2022-09-08,1059,N,VIIRS,h,2,297.61,12.08,N,0
38.99566,-120.69956,318.12,0.57,0.69,2022-09-08,1059,N,VIIRS,n,2,293.86,5.14,N,0
38.99669,-120.72068,367,0.57,0.69,2022-09-08,1059,N,VIIRS,h,2,297.63,13.75,N,0
38.99739,-120.72807,341.15,0.57,0.69,2022-09-08,1059,N,VIIRS,n,2,295.33,15.1,N,0
38.99749,-120.70081,319.86,0.57,0.69,2022-09-08,1059,N,VIIRS,n,2,294.3,4.23,N,0
38.99775,-120.70647,328.31,0.57,0.69,2022-09-08,1059,N,VIIRS,n,2,294.28,3.36,N,0
38.99892,-120.72792,338.06,0.57,0.69,2022-09-08,1059,N,VIIRS,n,2,295.93,13.75,N,0
38.99926,-120.71143,307.58,0.57,0.69,2022-09-08,1059,N,VIIRS,n,2,293.82,3.36,N,0
38.9994,-120.70697,321.34,0.57,0.69,2022-09-08,1059,N,VIIRS,n,2,294.12,4.23,N,0
38.99979,-120.69026,331.11,0.57,0.69,2022-09-08,1059,N,VIIRS,n,2,293.66,5.14,N,0
39.00053,-120.7156,309.4,0.57,0.69,2022-09-08,1059,N,VIIRS,n,2,294.14,1.95,N,0
39.00178,-120.71969,306.08,0.57,0.69,2022-09-08,1059,N,VIIRS,n,2,293.91,1.95,N,0
39.00183,-120.69232,340.64,0.57,0.69,2022-09-08,1059,N,VIIRS,n,2,294.26,8.94,N,0
39.00222,-120.71608,308.03,0.57,0.69,2022-09-08,1059,N,VIIRS,n,2,293.79,3.19,N,0
39.00226,-120.69842,328.38,0.57,0.69,2022-09-08,1059,N,VIIRS,n,2,294.36,5.14,N,0
39.00349,-120.72018,308.7,0.57,0.69,2022-09-08,1059,N,VIIRS,n,2,294.07,2.81,N,0
39.00389,-120.69899,324.45,0.57,0.69,2022-09-08,1059,N,VIIRS,n,2,294.17,4.23,N,0
39.00401,-120.70417,313.67,0.57,0.69,2022-09-08,1059,N,VIIRS,n,2,293.71,3.36,N,0
39.00537,-120.70376,311.06,0.57,0.69,2022-09-08,1059,N,VIIRS,n,2,293.41,4.23,N,0
39.00538,-120.70869,308.3,0.57,0.69,2022-09-08,1059,N,VIIRS,n,2,294.1,3.36,N,0
39.00669,-120.71301,311.35,0.57,0.69,2022-09-08,1059,N,VIIRS,n,2,294.53,1.95,N,0
39.00674,-120.7082,309.52,0.57,0.69,2022-09-08,1059,N,VIIRS,n,2,294.27,3.19,N,0
39.00794,-120.7171,311.39,0.57,0.69,2022-09-08,1059,N,VIIRS,n,2,293.9,1.95,N,0
39.00805,-120.71243,317.08,0.57,0.69,2022-09-08,1059,N,VIIRS,n,2,294.71,3.19,N,0
39.00922,-120.69368,319.16,0.57,0.69,2022-09-08,1059,N,VIIRS,n,2,293.42,6.62,N,0
39.00928,-120.72154,307.37,0.57,0.69,2022-09-08,1059,N,VIIRS,n,2,294.12,2.94,N,0
39.00941,-120.71684,312.85,0.57,0.69,2022-09-08,1059,N,VIIRS,n,2,294.17,2.81,N,0
39.00965,-120.76849,313.71,0.56,0.69,2022-09-08,1059,N,VIIRS,n,2,294.08,5.25,N,0
39.01054,-120.69795,334.98,0.57,0.69,2022-09-08,1059,N,VIIRS,n,2,295.34,6.62,N,0
39.01075,-120.72634,306.33,0.57,0.69,2022-09-08,1059,N,VIIRS,n,2,294.66,2.94,N,0
39.01085,-120.72147,309.04,0.57,0.69,2022-09-08,1059,N,VIIRS,n,2,294.31,2.81,N,0
39.01183,-120.76963,316.75,0.56,0.69,2022-09-08,1059,N,VIIRS,n,2,294.74,15.64,N,0
39.01188,-120.70229,350.75,0.57,0.69,2022-09-08,1059,N,VIIRS,n,2,297.07,8.83,N,0
39.01255,-120.77806,334.11,0.56,0.69,2022-09-08,1059,N,VIIRS,n,2,295.48,4.98,N,0
39.0134,-120.70718,335.94,0.57,0.69,2022-09-08,1059,N,VIIRS,n,2,295.52,8.83,N,0
39.01455,-120.78468,307.95,0.56,0.69,2022-09-08,1059,N,VIIRS,n,2,294.14,4.98,N,0
39.01487,-120.77945,367,0.56,0.69,2022-09-08,1059,N,VIIRS,h,2,298.94,15.64,N,0
39.01513,-120.7128,340.32,0.57,0.69,2022-09-08,1059,N,VIIRS,n,2,295.78,6.42,N,0
39.01678,-120.71813,314.21,0.57,0.69,2022-09-08,1059,N,VIIRS,n,2,294.51,6.42,N,0
39.01682,-120.78579,330.31,0.56,0.69,2022-09-08,1059,N,VIIRS,n,2,294.74,24.09,N,0
39.01723,-120.77069,311.77,0.56,0.69,2022-09-08,1059,N,VIIRS,n,2,295.07,4.66,N,0
39.01963,-120.77866,353.36,0.56,0.69,2022-09-08,1059,N,VIIRS,n,2,299.81,15.84,N,0
39.01981,-120.77299,306.71,0.56,0.69,2022-09-08,1059,N,VIIRS,n,2,294.72,4.78,N,0
39.02024,-120.70685,321.99,0.57,0.69,2022-09-08,1059,N,VIIRS,n,2,295.09,8.83,N,0
39.02142,-120.78453,350.25,0.56,0.69,2022-09-08,1059,N,VIIRS,n,2,295.59,15.84,N,0
39.02145,-120.68816,311.76,0.57,0.69,2022-09-08,1059,N,VIIRS,n,2,293.42,8.04,N,0
39.02168,-120.71148,325.35,0.57,0.69,2022-09-08,1059,N,VIIRS,n,2,295.12,6.42,N,0
39.02188,-120.77969,352.83,0.56,0.69,2022-09-08,1059,N,VIIRS,n,2,296.91,4.78,N,0
39.02311,-120.71611,337.3,0.57,0.69,2022-09-08,1059,N,VIIRS,n,2,295.8,6.42,N,0
39.02365,-120.78542,315.34,0.56,0.69,2022-09-08,1059,N,VIIRS,n,2,293.97,9.25,N,0
39.02458,-120.69832,354.77,0.57,0.69,2022-09-08,1059,N,VIIRS,n,2,297.41,21.57,N,0
39.02461,-120.77222,311.49,0.56,0.69,2022-09-08,1059,N,VIIRS,n,2,295.07,4.66,N,0
39.02539,-120.72353,331.72,0.57,0.69,2022-09-08,1059,N,VIIRS,n,2,295.17,12.14,N,0
39.02641,-120.77817,317.08,0.56,0.69,2022-09-08,1059,N,VIIRS,n,2,295.19,15.84,N,0
39.02654,-120.70469,367,0.57,0.69,2022-09-08,1059,N,VIIRS,h,2,298.6,21.57,N,0
39.02679,-120.77312,332.7,0.56,0.69,2022-09-08,1059,N,VIIRS,n,2,295.95,4.78,N,0
39.02774,-120.70858,367,0.57,0.69,2022-09-08,1059,N,VIIRS,h,2,301.37,20.59,N,0
39.02856,-120.77886,309.82,0.56,0.69,2022-09-08,1059,N,VIIRS,n,2,294.11,4.78,N,0
39.02896,-120.71253,339.69,0.57,0.69,2022-09-08,1059,N,VIIRS,n,2,294.66,20.59,N,0
39.03092,-120.6963,330.94,0.57,0.69,2022-09-08,1059,N,VIIRS,n,2,293.54,21.57,N,0
39.03224,-120.7006,348.14,0.57,0.69,2022-09-08,1059,N,VIIRS,n,2,295.86,21.57,N,0
39.03357,-120.70488,311.85,0.57,0.69,2022-09-08,1059,N,VIIRS,n,2,293.44,20.59,N,0
39.04123,-120.70718,309.51,0.57,0.69,2022-09-08,1059,N,VIIRS,n,2,293.32,4.98,N,0
39.0419,-120.73203,308.34,0.57,0.69,2022-09-08,1059,N,VIIRS,n,2,293.9,7.92,N,0
39.04194,-120.75474,306.93,0.56,0.69,2022-09-08,1059,N,VIIRS,n,2,294.38,4.33,N,0
39.04502,-120.71957,340.88,0.57,0.69,2022-09-08,1059,N,VIIRS,n,2,295.79,10.54,N,0
39.04621,-120.74608,319.62,0.56,0.69,2022-09-08,1059,N,VIIRS,n,2,296.83,6.8,N,0
38.9854,-120.70898,331.47,0.49,0.41,2022-09-08,2040,N,VIIRS,l,2,301.88,5.95,D,0
38.9869,-120.72115,335.77,0.49,0.41,2022-09-08,2040,N,VIIRS,n,2,296.2,8.52,D,0
38.9879,-120.71606,346.17,0.49,0.41,2022-09-08,2040,N,VIIRS,n,2,298.15,59.22,D,0
38.98907,-120.71012,355.23,0.49,0.41,2022-09-08,2040,N,VIIRS,n,2,304.02,59.22,D,0
38.99031,-120.70377,341.85,0.49,0.41,2022-09-08,2040,N,VIIRS,n,2,301.13,46.29,D,0
38.99051,-120.7226,344.07,0.49,0.41,2022-09-08,2040,N,VIIRS,n,2,286.76,8.52,D,0
38.99141,-120.6982,353.29,0.49,0.41,2022-09-08,2040,N,VIIRS,n,2,302.47,46.29,D,0
38.99158,-120.71709,351,0.49,0.41,2022-09-08,2040,N,VIIRS,n,2,301.1,59.22,D,0
38.99247,-120.6928,336.09,0.49,0.41,2022-09-08,2040,N,VIIRS,n,2,294.75,44.6,D,0
38.99411,-120.70419,367,0.49,0.41,2022-09-08,2040,N,VIIRS,h,2,308.22,46.29,D,0
38.99414,-120.72388,344.08,0.49,0.41,2022-09-08,2040,N,VIIRS,n,2,290.24,18.78,D,0
38.99522,-120.7184,354.95,0.49,0.41,2022-09-08,2040,N,VIIRS,n,2,293.25,8.28,D,0
38.99662,-120.71123,350.44,0.49,0.41,2022-09-08,2040,N,VIIRS,n,2,298.64,8.28,D,0
38.99784,-120.70497,347.89,0.49,0.41,2022-09-08,2040,N,VIIRS,n,2,301.78,7.76,D,0
38.99895,-120.71922,345.15,0.49,0.41,2022-09-08,2040,N,VIIRS,n,2,292.38,8.28,D,0
38.99895,-120.69932,353.21,0.49,0.41,2022-09-08,2040,N,VIIRS,n,2,298.2,7.76,D,0
39.00031,-120.71227,345.11,0.49,0.41,2022-09-08,2040,N,VIIRS,n,2,299.43,8.28,D,0
39.00151,-120.70611,347.28,0.49,0.41,2022-09-08,2040,N,VIIRS,n,2,300.92,7.76,D,0
39.00229,-120.68226,345.62,0.49,0.4,2022-09-08,2040,N,VIIRS,n,2,305.92,94.32,D,0
39.00265,-120.70027,353.73,0.49,0.41,2022-09-08,2040,N,VIIRS,n,2,301.12,7.76,D,0
39.00378,-120.69451,367,0.49,0.41,2022-09-08,2040,N,VIIRS,h,2,296.1,173.22,D,0
39.00488,-120.6889,367,0.49,0.4,2022-09-08,2040,N,VIIRS,l,2,329.96,173.22,D,0
39.0049,-120.78828,317.86,0.5,0.41,2022-09-08,2040,N,VIIRS,l,2,320.71,59.61,D,0
39.00599,-120.6832,354.54,0.49,0.4,2022-09-08,2040,N,VIIRS,n,2,298.65,94.32,D,0
39.00602,-120.78252,367,0.5,0.41,2022-09-08,2040,N,VIIRS,l,2,330.31,75.69,D,0
39.00622,-120.7019,349.37,0.49,0.41,2022-09-08,2040,N,VIIRS,n,2,301.92,13.11,D,0
39.00733,-120.69622,356.38,0.49,0.41,2022-09-08,2040,N,VIIRS,n,2,301.53,89.23,D,0
39.00822,-120.77132,347.04,0.5,0.41,2022-09-08,2040,N,VIIRS,n,2,285.4,6.52,D,0
39.00844,-120.69054,367,0.49,0.4,2022-09-08,2040,N,VIIRS,h,2,333.62,89.23,D,0
39.00956,-120.68482,347.82,0.49,0.4,2022-09-08,2040,N,VIIRS,n,2,306.6,82.3,D,0
39.00969,-120.70402,349.48,0.49,0.41,2022-09-08,2040,N,VIIRS,n,2,300.63,13.11,D,0
39.00978,-120.78323,347.35,0.5,0.41,2022-09-08,2040,N,VIIRS,n,2,312.55,75.69,D,0
39.01082,-120.69825,356.41,0.49,0.41,2022-09-08,2040,N,VIIRS,n,2,299.92,89.23,D,0
39.01197,-120.77205,345.96,0.5,0.41,2022-09-08,2040,N,VIIRS,n,2,293,6.52,D,0
39.01309,-120.6866,353.38,0.49,0.4,2022-09-08,2040,N,VIIRS,n,2,300.98,82.3,D,0
39.01323,-120.7058,353.52,0.49,0.41,2022-09-08,2040,N,VIIRS,n,2,307.98,24.41,D,0
39.01353,-120.78397,346.65,0.5,0.41,2022-09-08,2040,N,VIIRS,n,2,313.32,53.83,D,0
39.01439,-120.69988,367,0.49,0.41,2022-09-08,2040,N,VIIRS,h,2,305.26,29.17,D,0
39.01552,-120.69406,367,0.49,0.4,2022-09-08,2040,N,VIIRS,h,2,296.94,29.17,D,0
39.01659,-120.68854,344.65,0.49,0.4,2022-09-08,2040,N,VIIRS,n,2,295.85,16.59,D,0
39.01694,-120.70666,351.99,0.49,0.41,2022-09-08,2040,N,VIIRS,n,2,300.3,24.41,D,0
39.01728,-120.78474,367,0.5,0.41,2022-09-08,2040,N,VIIRS,h,2,326.8,53.83,D,0
39.01808,-120.70085,354.28,0.49,0.41,2022-09-08,2040,N,VIIRS,n,2,305.97,29.17,D,0
39.01913,-120.69544,354.17,0.49,0.4,2022-09-08,2040,N,VIIRS,n,2,297.48,29.17,D,0
39.02066,-120.7075,349.77,0.49,0.41,2022-09-08,2040,N,VIIRS,n,2,299.24,25.63,D,0
39.02221,-120.77937,354.34,0.5,0.41,2022-09-08,2040,N,VIIRS,n,2,317.5,46.24,D,0
39.02258,-120.78093,350.48,0.5,0.41,2022-09-08,2040,N,VIIRS,n,2,320.55,43.83,D,0
39.02283,-120.69637,348.36,0.49,0.4,2022-09-08,2040,N,VIIRS,n,2,309.12,372.34,D,0
39.02378,-120.77493,346.94,0.5,0.41,2022-09-08,2040,N,VIIRS,n,2,316.29,43.83,D,0
39.02427,-120.70895,354.3,0.49,0.41,2022-09-08,2040,N,VIIRS,n,2,302.57,25.63,D,0
39.02711,-120.77422,350.69,0.5,0.41,2022-09-08,2040,N,VIIRS,l,2,334.85,59.61,D,0
39.02751,-120.77578,367,0.5,0.41,2022-09-08,2040,N,VIIRS,h,2,343.9,43.83,D,0
39.02784,-120.71058,356.33,0.49,0.41,2022-09-08,2040,N,VIIRS,n,2,303.35,31.61,D,0
39.02909,-120.70407,356.86,0.49,0.41,2022-09-08,2040,N,VIIRS,n,2,299.47,18.71,D,0
39.03025,-120.69812,367,0.49,0.4,2022-09-08,2040,N,VIIRS,h,2,301.95,18.71,D,0
39.0308,-120.77522,350.34,0.5,0.41,2022-09-08,2040,N,VIIRS,l,2,321.13,69.52,D,0
39.03119,-120.77686,347.32,0.5,0.41,2022-09-08,2040,N,VIIRS,n,2,309.29,13.89,D,0
39.03261,-120.70599,352.89,0.49,0.41,2022-09-08,2040,N,VIIRS,n,2,300.2,18.71,D,0
39.03374,-120.70015,367,0.49,0.4,2022-09-08,2040,N,VIIRS,h,2,304.49,18.71,D,0
39.03484,-120.71951,346.64,0.49,0.41,2022-09-08,2040,N,VIIRS,n,2,311.48,30.46,D,0
39.03758,-120.72529,356.09,0.49,0.41,2022-09-08,2040,N,VIIRS,n,2,312.25,30.46,D,0
39.03786,-120.71893,352.33,0.49,0.41,2022-09-08,2040,N,VIIRS,n,2,321.44,99.35,D,0
39.03857,-120.72026,348.42,0.49,0.41,2022-09-08,2040,N,VIIRS,n,2,322.56,30.46,D,0
39.0388,-120.71411,355.97,0.49,0.41,2022-09-08,2040,N,VIIRS,n,2,316.04,99.35,D,0
39.03954,-120.71542,352.63,0.49,0.41,2022-09-08,2040,N,VIIRS,n,2,317.44,94.69,D,0
39.03984,-120.70875,352.86,0.49,0.41,2022-09-08,2040,N,VIIRS,n,2,309.22,21.07,D,0
39.04056,-120.71025,352.72,0.49,0.4,2022-09-08,2040,N,VIIRS,n,2,319.41,94.69,D,0
39.04062,-120.7247,355.85,0.49,0.41,2022-09-08,2040,N,VIIRS,n,2,315.53,43.57,D,0
39.04131,-120.72612,367,0.49,0.41,2022-09-08,2040,N,VIIRS,h,2,311.96,24.27,D,0
39.04358,-120.70947,349.71,0.49,0.41,2022-09-08,2040,N,VIIRS,n,2,317.83,39.73,D,0
39.0443,-120.75019,346.75,0.49,0.41,2022-09-08,2040,N,VIIRS,l,2,319.42,6.89,D,0
39.04431,-120.71093,353.35,0.49,0.4,2022-09-08,2040,N,VIIRS,n,2,314.41,23.87,D,0
39.04544,-120.74445,342.72,0.49,0.41,2022-09-08,2040,N,VIIRS,l,2,316.4,6.89,D,0
39.04729,-120.71034,353.38,0.49,0.41,2022-09-08,2040,N,VIIRS,n,2,310.35,39.73,D,0
39.04768,-120.73325,347.23,0.49,0.41,2022-09-08,2040,N,VIIRS,n,2,318.17,19.45,D,0
39.04802,-120.7119,339.76,0.49,0.4,2022-09-08,2040,N,VIIRS,n,2,306.32,23.87,D,0
39.05136,-120.73425,355.98,0.49,0.41,2022-09-08,2040,N,VIIRS,n,2,318.49,19.45,D,0
39.05276,-120.70753,337.14,0.49,0.4,2022-09-08,2040,N,VIIRS,n,2,304.48,4.42,D,0
39.05535,-120.71409,336.87,0.49,0.4,2022-09-08,2040,N,VIIRS,n,2,307.33,5.68,D,0
39.05642,-120.70868,338.34,0.49,0.4,2022-09-08,2040,N,VIIRS,n,2,304.7,4.42,D,0
39.05714,-120.72472,344.52,0.49,0.41,2022-09-08,2040,N,VIIRS,n,2,315.07,19.57,D,0
39.05811,-120.7198,355.76,0.49,0.41,2022-09-08,2040,N,VIIRS,n,2,324.47,32.53,D,0
39.05905,-120.71503,351.36,0.49,0.4,2022-09-08,2040,N,VIIRS,n,2,311.43,32.53,D,0
39.0598,-120.73092,344.12,0.49,0.41,2022-09-08,2040,N,VIIRS,n,2,316.73,19.57,D,0
39.06083,-120.72572,355.94,0.49,0.41,2022-09-08,2040,N,VIIRS,n,2,315.02,19.57,D,0
39.06181,-120.72073,356.08,0.49,0.41,2022-09-08,2040,N,VIIRS,n,2,312.56,32.53,D,0
38.99421,-120.70243,355.76,0.56,0.52,2022-09-08,918,N,VIIRS,n,2,297.39,17.56,N,0
38.99477,-120.70981,367,0.57,0.52,2022-09-08,918,N,VIIRS,h,2,299.15,15.81,N,0
38.99554,-120.71995,344.45,0.57,0.52,2022-09-08,918,N,VIIRS,n,2,298.15,15.81,N,0
38.99765,-120.70033,356.61,0.57,0.52,2022-09-08,918,N,VIIRS,n,2,299.31,10.56,N,0
38.99813,-120.7073,346.53,0.57,0.52,2022-09-08,918,N,VIIRS,n,2,299.13,10.56,N,0
38.99846,-120.69472,316.71,0.56,0.52,2022-09-08,918,N,VIIRS,n,2,294.45,8.82,N,0
38.99879,-120.71682,323.32,0.57,0.52,2022-09-08,918,N,VIIRS,n,2,296.79,3.55,N,0
38.99892,-120.70073,349.92,0.56,0.52,2022-09-08,918,N,VIIRS,n,2,299.21,8.82,N,0
38.99947,-120.70791,331.71,0.57,0.52,2022-09-08,918,N,VIIRS,n,2,297.58,3.67,N,0
39.0002,-120.71742,314.52,0.57,0.52,2022-09-08,918,N,VIIRS,n,2,296.22,3.67,N,0
39.00195,-120.69251,325.75,0.56,0.52,2022-09-08,918,N,VIIRS,n,2,294.24,8.32,N,0
39.00241,-120.69906,343.31,0.57,0.52,2022-09-08,918,N,VIIRS,n,2,300.21,10.56,N,0
39.00292,-120.70633,324.36,0.57,0.52,2022-09-08,918,N,VIIRS,n,2,296.35,10.56,N,0
39.00316,-120.69276,338.8,0.56,0.52,2022-09-08,918,N,VIIRS,n,2,295.53,8.82,N,0
39.0035,-120.71475,312.85,0.57,0.52,2022-09-08,918,N,VIIRS,n,2,296.12,3.55,N,0
39.00352,-120.76111,332.07,0.57,0.52,2022-09-08,918,N,VIIRS,n,2,295.29,3.85,N,0
39.00369,-120.69965,343.07,0.56,0.52,2022-09-08,918,N,VIIRS,n,2,298.32,8.82,N,0
39.00404,-120.76791,316.22,0.57,0.52,2022-09-08,918,N,VIIRS,n,2,295.63,5.3,N,0
39.00417,-120.72444,312.73,0.57,0.52,2022-09-08,918,N,VIIRS,n,2,295.68,3.55,N,0
39.00426,-120.7072,319.62,0.57,0.52,2022-09-08,918,N,VIIRS,n,2,295.69,3.67,N,0
39.00493,-120.71581,314.34,0.57,0.52,2022-09-08,918,N,VIIRS,n,2,295.89,3.67,N,0
39.00566,-120.72541,313.71,0.57,0.52,2022-09-08,918,N,VIIRS,n,2,295.32,5.24,N,0
39.00665,-120.75996,319.82,0.57,0.52,2022-09-08,918,N,VIIRS,n,2,296.45,6.51,N,0
39.00713,-120.76676,335.62,0.57,0.52,2022-09-08,918,N,VIIRS,n,2,296.36,6.51,N,0
39.00729,-120.69968,346.03,0.57,0.52,2022-09-08,918,N,VIIRS,n,2,298.05,8.29,N,0
39.00756,-120.77295,314.74,0.57,0.52,2022-09-08,918,N,VIIRS,n,2,295.92,5.14,N,0
39.00784,-120.7076,325.48,0.57,0.52,2022-09-08,918,N,VIIRS,n,2,297.25,8.29,N,0
39.00805,-120.69328,314.64,0.56,0.52,2022-09-08,918,N,VIIRS,n,2,293.67,9.45,N,0
39.00831,-120.76013,310.7,0.57,0.52,2022-09-08,918,N,VIIRS,n,2,296.42,3.85,N,0
39.0084,-120.71563,314.95,0.57,0.52,2022-09-08,918,N,VIIRS,n,2,296.53,3.06,N,0
39.00866,-120.70127,345.48,0.56,0.52,2022-09-08,918,N,VIIRS,n,2,299.91,9.45,N,0
39.00883,-120.76701,313.94,0.57,0.52,2022-09-08,918,N,VIIRS,n,2,295.48,5.3,N,0
39.00899,-120.72396,310.7,0.57,0.52,2022-09-08,918,N,VIIRS,n,2,296.07,3.06,N,0
39.00927,-120.7092,337.24,0.57,0.52,2022-09-08,918,N,VIIRS,n,2,298.2,5.41,N,0
39.0093,-120.77316,339.6,0.57,0.52,2022-09-08,918,N,VIIRS,n,2,296.68,5.3,N,0
39.00974,-120.77893,330.07,0.57,0.52,2022-09-08,918,N,VIIRS,n,2,296.47,8.9,N,0
39.00987,-120.71698,313.54,0.57,0.52,2022-09-08,918,N,VIIRS,n,2,296.47,5.41,N,0
39.01227,-120.70179,350.12,0.57,0.52,2022-09-08,918,N,VIIRS,n,2,299.83,8.29,N,0
39.01232,-120.77142,343.91,0.57,0.52,2022-09-08,918,N,VIIRS,n,2,299.52,12.9,N,0
39.01272,-120.77706,353.42,0.57,0.52,2022-09-08,918,N,VIIRS,n,2,303.04,12.9,N,0
39.01281,-120.70943,334.15,0.57,0.52,2022-09-08,918,N,VIIRS,n,2,298.4,8.29,N,0
39.01319,-120.78378,333.89,0.57,0.52,2022-09-08,918,N,VIIRS,n,2,296.39,10.14,N,0
39.01331,-120.71656,311.04,0.57,0.52,2022-09-08,918,N,VIIRS,n,2,297.33,3.06,N,0
39.0136,-120.70251,336.34,0.56,0.52,2022-09-08,918,N,VIIRS,n,2,297.17,9.45,N,0
39.01405,-120.7715,340.55,0.57,0.52,2022-09-08,918,N,VIIRS,n,2,299.58,11.54,N,0
39.01418,-120.71003,318.73,0.57,0.52,2022-09-08,918,N,VIIRS,n,2,297.43,5.41,N,0
39.01446,-120.77696,355.25,0.57,0.52,2022-09-08,918,N,VIIRS,n,2,302.35,18.46,N,0
39.01499,-120.78387,343.38,0.57,0.52,2022-09-08,918,N,VIIRS,n,2,298.78,18.46,N,0
39.01703,-120.70056,326.06,0.57,0.52,2022-09-08,918,N,VIIRS,n,2,296.26,21.62,N,0
39.01744,-120.77492,308.92,0.57,0.52,2022-09-08,918,N,VIIRS,n,2,296.82,12.9,N,0
39.01753,-120.70753,347.82,0.57,0.52,2022-09-08,918,N,VIIRS,n,2,301.25,21.62,N,0
39.01791,-120.78161,348.35,0.57,0.52,2022-09-08,918,N,VIIRS,n,2,298.92,10.14,N,0
39.01809,-120.71555,311.05,0.57,0.52,2022-09-08,918,N,VIIRS,n,2,296.27,5.2,N,0
39.01833,-120.70096,339.63,0.56,0.52,2022-09-08,918,N,VIIRS,n,2,297.89,13.06,N,0
39.01864,-120.72329,311.05,0.57,0.52,2022-09-08,918,N,VIIRS,n,2,296.49,5.2,N,0
39.01887,-120.70795,351.74,0.57,0.52,2022-09-08,918,N,VIIRS,n,2,301.04,18.43,N,0
39.01952,-120.71634,316.98,0.57,0.52,2022-09-08,918,N,VIIRS,n,2,296.47,18.43,N,0
39.02227,-120.70592,350.27,0.57,0.52,2022-09-08,918,N,VIIRS,n,2,303.88,21.62,N,0
39.02264,-120.7796,321.72,0.57,0.52,2022-09-08,918,N,VIIRS,n,2,296.72,4.02,N,0
39.02288,-120.71473,326.33,0.57,0.52,2022-09-08,918,N,VIIRS,n,2,297.27,5.2,N,0
39.02339,-120.72185,310.22,0.57,0.52,2022-09-08,918,N,VIIRS,n,2,296.22,5.2,N,0
39.02364,-120.70692,352.27,0.57,0.52,2022-09-08,918,N,VIIRS,n,2,302.36,18.43,N,0
39.02385,-120.77259,309.81,0.57,0.52,2022-09-08,918,N,VIIRS,n,2,296.32,2.63,N,0
39.0243,-120.71535,332.94,0.57,0.52,2022-09-08,918,N,VIIRS,n,2,297.29,18.43,N,0
39.02441,-120.77988,317.24,0.57,0.52,2022-09-08,918,N,VIIRS,n,2,296.22,2.63,N,0
39.02481,-120.72194,310.58,0.57,0.52,2022-09-08,918,N,VIIRS,n,2,296.56,7.24,N,0
39.02506,-120.74513,310.22,0.57,0.52,2022-09-08,918,N,VIIRS,n,2,295.84,4.79,N,0
39.02662,-120.74539,310.77,0.57,0.52,2022-09-08,918,N,VIIRS,n,2,295.87,5.62,N,0
39.02708,-120.70541,340.79,0.57,0.52,2022-09-08,918,N,VIIRS,n,2,300.02,13.18,N,0
39.02739,-120.77788,329.52,0.57,0.52,2022-09-08,918,N,VIIRS,n,2,298.03,4.02,N,0
39.02771,-120.71447,346.8,0.57,0.52,2022-09-08,918,N,VIIRS,n,2,299.84,27.49,N,0
39.02811,-120.71993,355.22,0.57,0.52,2022-09-08,918,N,VIIRS,n,2,306.25,27.49,N,0
39.0285,-120.72534,309.3,0.57,0.52,2022-09-08,918,N,VIIRS,n,2,296.63,10.36,N,0
39.02858,-120.77086,307.46,0.57,0.52,2022-09-08,918,N,VIIRS,n,2,295.29,2.63,N,0
39.02915,-120.77826,319.38,0.57,0.52,2022-09-08,918,N,VIIRS,n,2,295.72,2.63,N,0
39.03289,-120.71889,348.43,0.57,0.52,2022-09-08,918,N,VIIRS,n,2,302,27.49,N,0
39.03326,-120.72399,353.97,0.57,0.52,2022-09-08,918,N,VIIRS,n,2,301.38,10.36,N,0
39.03366,-120.72947,314.95,0.57,0.52,2022-09-08,918,N,VIIRS,n,2,296.91,10.36,N,0
39.03804,-120.72289,321.95,0.57,0.52,2022-09-08,918,N,VIIRS,n,2,295.94,15.62,N,0
39.03843,-120.7282,337.78,0.57,0.52,2022-09-08,918,N,VIIRS,n,2,297.71,15.62,N,0
39.03888,-120.73444,329.38,0.57,0.52,2022-09-08,918,N,VIIRS,n,2,296.18,4.97,N,0
39.04026,-120.75362,324.88,0.57,0.52,2022-09-08,918,N,VIIRS,n,2,298.03,7.55,N,0
39.04074,-120.76045,314.58,0.57,0.52,2022-09-08,918,N,VIIRS,n,2,297.15,3.41,N,0
39.04244,-120.71672,330.54,0.57,0.52,2022-09-08,918,N,VIIRS,n,2,304.68,54.56,N,0
39.0428,-120.72169,350.05,0.57,0.52,2022-09-08,918,N,VIIRS,n,2,301.84,15.62,N,0
39.0432,-120.72717,348.84,0.57,0.52,2022-09-08,918,N,VIIRS,n,2,302.08,15.62,N,0
39.04363,-120.73303,327.88,0.57,0.52,2022-09-08,918,N,VIIRS,n,2,297.9,4.97,N,0
39.04408,-120.73927,316.4,0.57,0.52,2022-09-08,918,N,VIIRS,n,2,297.16,4.97,N,0
39.04457,-120.74603,328.59,0.57,0.52,2022-09-08,918,N,VIIRS,n,2,299.43,7.55,N,0
39.04506,-120.75283,347.37,0.57,0.52,2022-09-08,918,N,VIIRS,n,2,302.41,7.55,N,0
39.04556,-120.75977,308.93,0.57,0.52,2022-09-08,918,N,VIIRS,n,2,295.51,3.41,N,0
39.04681,-120.71022,318.04,0.57,0.52,2022-09-08,918,N,VIIRS,n,2,294.51,10.93,N,0
39.04721,-120.71563,367,0.57,0.52,2022-09-08,918,N,VIIRS,h,2,304.65,10.93,N,0
39.04758,-120.72068,318.7,0.57,0.52,2022-09-08,918,N,VIIRS,n,2,298.05,6.5,N,0
39.04841,-120.73198,307.42,0.57,0.52,2022-09-08,918,N,VIIRS,n,2,295.36,6.31,N,0
39.04886,-120.73816,309,0.57,0.52,2022-09-08,918,N,VIIRS,n,2,295.92,6.31,N,0
39.04936,-120.74512,316.95,0.57,0.52,2022-09-08,918,N,VIIRS,n,2,295.87,3.18,N,0
39.05162,-120.7096,327.4,0.57,0.52,2022-09-08,918,N,VIIRS,n,2,294.59,10.93,N,0
39.05204,-120.7153,337.59,0.57,0.52,2022-09-08,918,N,VIIRS,n,2,298.15,10.93,N,0
39.05239,-120.72014,326.13,0.57,0.52,2022-09-08,918,N,VIIRS,n,2,297.5,6.5,N,0
39.05278,-120.72538,314.94,0.57,0.52,2022-09-08,918,N,VIIRS,n,2,296.08,6.5,N,0
39.0532,-120.73105,345.9,0.57,0.52,2022-09-08,918,N,VIIRS,n,2,299.7,6.31,N,0
39.05366,-120.73737,331.83,0.57,0.52,2022-09-08,918,N,VIIRS,n,2,296.33,6.31,N,0
39.05721,-120.71957,325.32,0.57,0.52,2022-09-08,918,N,VIIRS,n,2,296.51,5,N,0
39.05758,-120.72467,332.86,0.57,0.52,2022-09-08,918,N,VIIRS,n,2,296.94,5,N,0
39.05799,-120.7303,333.15,0.57,0.52,2022-09-08,918,N,VIIRS,n,2,297.04,7.89,N,0
38.91814,-120.66698,305.19,0.33,0.55,2022-09-09,1040,N,VIIRS,n,2,291.53,3.24,N,0
38.91901,-120.67036,317.61,0.33,0.55,2022-09-09,1040,N,VIIRS,n,2,292.19,4.45,N,0
38.91986,-120.67364,318.43,0.33,0.55,2022-09-09,1040,N,VIIRS,n,2,292.22,4.45,N,0
38.92006,-120.65327,303,0.33,0.55,2022-09-09,1040,N,VIIRS,n,2,291.21,1.29,N,0
38.9207,-120.67693,321.17,0.33,0.55,2022-09-09,1040,N,VIIRS,n,2,291.94,4.44,N,0
38.92106,-120.65715,309.11,0.33,0.55,2022-09-09,1040,N,VIIRS,n,2,291.76,1.29,N,0
38.92159,-120.68036,317.01,0.33,0.55,2022-09-09,1040,N,VIIRS,n,2,292.27,4.44,N,0
38.92205,-120.66103,324.54,0.33,0.55,2022-09-09,1040,N,VIIRS,n,2,292.9,3.24,N,0
38.92251,-120.68395,306.68,0.33,0.55,2022-09-09,1040,N,VIIRS,n,2,292.68,3.67,N,0
38.92296,-120.66454,337.75,0.33,0.55,2022-09-09,1040,N,VIIRS,n,2,296.68,3.24,N,0
38.92382,-120.66787,343.37,0.33,0.55,2022-09-09,1040,N,VIIRS,n,2,299.27,4.45,N,0
38.92467,-120.67118,342.42,0.33,0.55,2022-09-09,1040,N,VIIRS,n,2,297.97,4.45,N,0
38.92479,-120.65044,305.66,0.33,0.55,2022-09-09,1040,N,VIIRS,n,2,290.47,1.55,N,0
38.92551,-120.67445,342.07,0.33,0.55,2022-09-09,1040,N,VIIRS,n,2,296.87,4.44,N,0
38.92572,-120.65408,311.06,0.33,0.55,2022-09-09,1040,N,VIIRS,n,2,290.62,1.55,N,0
38.92629,-120.64709,304.5,0.33,0.55,2022-09-09,1040,N,VIIRS,n,2,289.55,3.01,N,0
38.92637,-120.67778,338.69,0.33,0.55,2022-09-09,1040,N,VIIRS,n,2,297.28,4.44,N,0
38.92669,-120.65783,332.71,0.33,0.55,2022-09-09,1040,N,VIIRS,n,2,291.91,3.47,N,0
38.92723,-120.65063,308.57,0.33,0.55,2022-09-09,1040,N,VIIRS,n,2,287.99,2.23,N,0
38.92727,-120.6813,333.97,0.33,0.55,2022-09-09,1040,N,VIIRS,n,2,295.03,3.67,N,0
38.92765,-120.66158,334.1,0.33,0.55,2022-09-09,1040,N,VIIRS,n,2,294.44,3.47,N,0
38.92778,-120.64087,309.02,0.33,0.56,2022-09-09,1040,N,VIIRS,n,2,291.16,1.7,N,0
38.92818,-120.65425,313.07,0.33,0.55,2022-09-09,1040,N,VIIRS,n,2,286.81,2.23,N,0
38.92823,-120.68503,324.3,0.33,0.55,2022-09-09,1040,N,VIIRS,n,2,294.27,3.67,N,0
38.92856,-120.66512,338.25,0.33,0.55,2022-09-09,1040,N,VIIRS,n,2,297.18,4.78,N,0
38.92867,-120.64433,309.93,0.33,0.56,2022-09-09,1040,N,VIIRS,n,2,289.73,1.7,N,0
38.92916,-120.65798,318.48,0.33,0.55,2022-09-09,1040,N,VIIRS,n,2,286.45,3.13,N,0
38.92923,-120.68891,313.6,0.33,0.55,2022-09-09,1040,N,VIIRS,n,2,292.29,2.34,N,0
38.92928,-120.63768,329.88,0.33,0.56,2022-09-09,1040,N,VIIRS,n,2,293.63,5.53,N,0
38.92944,-120.66856,341.38,0.33,0.55,2022-09-09,1040,N,VIIRS,n,2,297.68,4.78,N,0
38.92957,-120.64782,311.75,0.33,0.55,2022-09-09,1040,N,VIIRS,n,2,287.08,1.55,N,0
38.92995,-120.6281,304.5,0.33,0.56,2022-09-09,1040,N,VIIRS,n,2,292.61,1.72,N,0
38.93014,-120.66168,327.09,0.33,0.55,2022-09-09,1040,N,VIIRS,n,2,287.91,3.13,N,0
38.93018,-120.64108,332.55,0.33,0.55,2022-09-09,1040,N,VIIRS,n,2,293.56,3.01,N,0
38.93025,-120.69287,310.49,0.33,0.55,2022-09-09,1040,N,VIIRS,n,2,293.25,2.34,N,0
38.9303,-120.67186,338.42,0.33,0.55,2022-09-09,1040,N,VIIRS,n,2,295.32,5.35,N,0
38.93048,-120.65136,318.35,0.33,0.55,2022-09-09,1040,N,VIIRS,n,2,285.63,1.55,N,0
38.93079,-120.63135,315.88,0.33,0.56,2022-09-09,1040,N,VIIRS,n,2,293.13,3.39,N,0
38.93107,-120.66521,331.2,0.33,0.55,2022-09-09,1040,N,VIIRS,n,2,290.43,4.14,N,0
38.93109,-120.64454,323.94,0.33,0.55,2022-09-09,1040,N,VIIRS,n,2,289.4,3.01,N,0
38.93114,-120.67518,338.34,0.33,0.55,2022-09-09,1040,N,VIIRS,n,2,294.49,5.35,N,0
38.93127,-120.69686,308.41,0.33,0.55,2022-09-09,1040,N,VIIRS,n,2,293,1.45,N,0
38.93142,-120.65503,320.05,0.33,0.55,2022-09-09,1040,N,VIIRS,n,2,284.71,3.47,N,0
38.93161,-120.63451,335.27,0.33,0.56,2022-09-09,1040,N,VIIRS,n,2,293.68,3.39,N,0
38.93195,-120.66856,334.03,0.33,0.55,2022-09-09,1040,N,VIIRS,n,2,291.77,4.14,N,0
38.93202,-120.67858,342.93,0.33,0.55,2022-09-09,1040,N,VIIRS,n,2,294.99,7.61,N,0
38.93202,-120.64809,319.53,0.33,0.55,2022-09-09,1040,N,VIIRS,n,2,286.42,2.23,N,0
38.93217,-120.62789,309.24,0.33,0.56,2022-09-09,1040,N,VIIRS,n,2,292.4,1.94,N,0
38.93228,-120.70078,305.17,0.33,0.55,2022-09-09,1040,N,VIIRS,n,2,293.2,1.45,N,0
38.93239,-120.65881,324.64,0.33,0.55,2022-09-09,1040,N,VIIRS,n,2,285.02,3.47,N,0
38.93245,-120.63776,346.5,0.33,0.56,2022-09-09,1040,N,VIIRS,n,2,297.12,3.92,N,0
38.93282,-120.67186,334.33,0.33,0.55,2022-09-09,1040,N,VIIRS,n,2,290.94,5.02,N,0
38.93296,-120.68221,347.61,0.33,0.55,2022-09-09,1040,N,VIIRS,n,2,295.5,7.61,N,0
38.93298,-120.65176,325.48,0.33,0.55,2022-09-09,1040,N,VIIRS,n,2,286.02,2.23,N,0
38.93301,-120.63107,341.03,0.33,0.56,2022-09-09,1040,N,VIIRS,n,2,294.57,3.37,N,0
38.93332,-120.66245,325.64,0.33,0.55,2022-09-09,1040,N,VIIRS,n,2,286.09,4.78,N,0
38.93334,-120.64127,325.65,0.33,0.56,2022-09-09,1040,N,VIIRS,n,2,291.29,3.92,N,0
38.9337,-120.67521,337.51,0.33,0.55,2022-09-09,1040,N,VIIRS,n,2,291.58,5.02,N,0
38.93384,-120.63422,339.92,0.33,0.56,2022-09-09,1040,N,VIIRS,n,2,294.47,3.37,N,0
38.93395,-120.6861,367,0.33,0.55,2022-09-09,1040,N,VIIRS,h,2,295.42,19.84,N,0
38.93395,-120.65544,323.91,0.33,0.55,2022-09-09,1040,N,VIIRS,n,2,285.57,3.13,N,0
38.9342,-120.66585,327.43,0.33,0.55,2022-09-09,1040,N,VIIRS,n,2,287.62,4.78,N,0
38.9343,-120.64503,320.94,0.33,0.55,2022-09-09,1040,N,VIIRS,n,2,287.74,2.77,N,0
38.93444,-120.62428,307.14,0.33,0.56,2022-09-09,1040,N,VIIRS,n,2,291.88,1.72,N,0
38.93461,-120.67868,343.15,0.33,0.55,2022-09-09,1040,N,VIIRS,n,2,292.73,7.54,N,0
38.93469,-120.63748,321.42,0.33,0.55,2022-09-09,1040,N,VIIRS,n,2,292.99,3.58,N,0
38.93493,-120.65913,325.66,0.33,0.55,2022-09-09,1040,N,VIIRS,n,2,286.73,3.13,N,0
38.93497,-120.69009,367,0.33,0.55,2022-09-09,1040,N,VIIRS,h,2,294.63,19.84,N,0
38.93504,-120.66911,329.6,0.33,0.55,2022-09-09,1040,N,VIIRS,n,2,288.54,5.35,N,0
38.93528,-120.64884,323.31,0.33,0.55,2022-09-09,1040,N,VIIRS,n,2,286.41,2.77,N,0
38.9353,-120.62762,323.68,0.33,0.56,2022-09-09,1040,N,VIIRS,n,2,293.02,3.39,N,0
38.93559,-120.68238,348.31,0.33,0.55,2022-09-09,1040,N,VIIRS,n,2,293.68,7.54,N,0
38.93564,-120.64107,318.48,0.33,0.55,2022-09-09,1040,N,VIIRS,n,2,291.08,3.58,N,0
38.93585,-120.66264,327.59,0.33,0.55,2022-09-09,1040,N,VIIRS,n,2,286.87,4.14,N,0
38.93589,-120.67242,333.33,0.33,0.55,2022-09-09,1040,N,VIIRS,n,2,289.62,5.35,N,0
38.93602,-120.69417,367,0.33,0.55,2022-09-09,1040,N,VIIRS,h,2,295.61,36.63,N,0
38.93613,-120.63088,331.84,0.33,0.56,2022-09-09,1040,N,VIIRS,n,2,293.53,3.39,N,0
38.93622,-120.6525,324.07,0.33,0.55,2022-09-09,1040,N,VIIRS,n,2,286.1,2.79,N,0
38.9366,-120.68625,367,0.33,0.55,2022-09-09,1040,N,VIIRS,h,2,295.13,23.7,N,0
38.9366,-120.62397,305.8,0.33,0.56,2022-09-09,1040,N,VIIRS,n,2,291.23,1.94,N,0
38.93668,-120.64505,317.5,0.33,0.55,2022-09-09,1040,N,VIIRS,n,2,288.66,3.77,N,0
38.93672,-120.66598,328.12,0.33,0.55,2022-09-09,1040,N,VIIRS,n,2,287.33,4.14,N,0
38.93677,-120.67585,339.23,0.33,0.55,2022-09-09,1040,N,VIIRS,n,2,291,7.61,N,0
38.93692,-120.63394,316.9,0.33,0.56,2022-09-09,1040,N,VIIRS,n,2,291.73,3.92,N,0
38.93708,-120.69831,329.31,0.33,0.55,2022-09-09,1040,N,VIIRS,n,2,293.57,36.63,N,0
38.93715,-120.65614,323.08,0.33,0.55,2022-09-09,1040,N,VIIRS,n,2,286.31,2.79,N,0
38.93748,-120.62731,312.43,0.33,0.56,2022-09-09,1040,N,VIIRS,n,2,290.68,3.37,N,0
38.93759,-120.66928,330.18,0.33,0.55,2022-09-09,1040,N,VIIRS,n,2,288.75,5.02,N,0
38.93764,-120.6487,319.41,0.33,0.55,2022-09-09,1040,N,VIIRS,n,2,286.13,3.77,N,0
38.93766,-120.69025,341.14,0.33,0.55,2022-09-09,1040,N,VIIRS,n,2,298.84,23.7,N,0
38.93769,-120.67944,345.22,0.33,0.55,2022-09-09,1040,N,VIIRS,n,2,291.7,7.61,N,0
38.93773,-120.63707,316.78,0.33,0.56,2022-09-09,1040,N,VIIRS,n,2,291.67,3.92,N,0
38.93807,-120.65972,325.1,0.33,0.55,2022-09-09,1040,N,VIIRS,n,2,286.98,3.02,N,0
38.93813,-120.70241,318.29,0.33,0.55,2022-09-09,1040,N,VIIRS,n,2,294.46,56.86,N,0
38.93833,-120.63052,321.75,0.33,0.56,2022-09-09,1040,N,VIIRS,n,2,291.61,3.37,N,0
38.93848,-120.67263,334.09,0.33,0.55,2022-09-09,1040,N,VIIRS,n,2,290.71,5.02,N,0
38.93858,-120.65228,321.14,0.33,0.55,2022-09-09,1040,N,VIIRS,n,2,285.42,2.46,N,0
38.93864,-120.68319,353.22,0.33,0.55,2022-09-09,1040,N,VIIRS,n,2,293.31,19.84,N,0
38.9387,-120.64088,320.13,0.33,0.55,2022-09-09,1040,N,VIIRS,n,2,290.89,2.77,N,0
38.93876,-120.69446,367,0.33,0.55,2022-09-09,1040,N,VIIRS,h,2,301.38,82.36,N,0
38.93898,-120.66325,328.04,0.33,0.55,2022-09-09,1040,N,VIIRS,n,2,288.2,3.02,N,0
38.93909,-120.70615,312.14,0.33,0.55,2022-09-09,1040,N,VIIRS,n,2,294.1,56.86,N,0
38.93913,-120.63358,328.64,0.33,0.55,2022-09-09,1040,N,VIIRS,n,2,291.41,3.58,N,0
38.93939,-120.67611,338.86,0.33,0.55,2022-09-09,1040,N,VIIRS,n,2,291.42,7.54,N,0
38.93949,-120.65573,321.18,0.33,0.55,2022-09-09,1040,N,VIIRS,n,2,285.7,2.46,N,0
38.93964,-120.68707,367,0.33,0.55,2022-09-09,1040,N,VIIRS,h,2,295.86,19.84,N,0
38.93965,-120.64459,318.4,0.33,0.55,2022-09-09,1040,N,VIIRS,n,2,287.63,2.77,N,0
38.93987,-120.66674,328.93,0.33,0.55,2022-09-09,1040,N,VIIRS,n,2,289.42,3.48,N,0
38.93989,-120.69875,352.86,0.33,0.55,2022-09-09,1040,N,VIIRS,n,2,295.56,82.36,N,0
38.93993,-120.7094,307.4,0.33,0.55,2022-09-09,1040,N,VIIRS,n,2,294.36,8,N,0
38.93998,-120.6368,329.92,0.33,0.55,2022-09-09,1040,N,VIIRS,n,2,290.83,3.58,N,0
38.94031,-120.67963,345.07,0.33,0.55,2022-09-09,1040,N,VIIRS,n,2,292.2,7.54,N,0
38.94049,-120.65954,323.22,0.33,0.55,2022-09-09,1040,N,VIIRS,n,2,287.24,2.57,N,0
38.94054,-120.64806,317.5,0.33,0.55,2022-09-09,1040,N,VIIRS,n,2,285.48,2.79,N,0
38.94071,-120.69122,354.99,0.33,0.55,2022-09-09,1040,N,VIIRS,n,2,306.17,36.63,N,0
38.94075,-120.67018,331.42,0.33,0.55,2022-09-09,1040,N,VIIRS,n,2,291.64,3.48,N,0
38.94086,-120.64018,346.24,0.33,0.55,2022-09-09,1040,N,VIIRS,n,2,292.18,3.77,N,0
38.94098,-120.70287,352.09,0.33,0.55,2022-09-09,1040,N,VIIRS,n,2,295.62,130.49,N,0
38.94127,-120.68326,352.58,0.33,0.55,2022-09-09,1040,N,VIIRS,n,2,293.93,23.7,N,0
38.94141,-120.65145,317.71,0.33,0.55,2022-09-09,1040,N,VIIRS,n,2,285.67,2.79,N,0
38.94147,-120.6633,325.29,0.33,0.55,2022-09-09,1040,N,VIIRS,n,2,288.77,2.57,N,0
38.94166,-120.67371,335.2,0.33,0.55,2022-09-09,1040,N,VIIRS,n,2,292.49,4.3,N,0
38.94178,-120.64367,326.9,0.33,0.55,2022-09-09,1040,N,VIIRS,n,2,289.9,3.77,N,0
38.94185,-120.62312,305.49,0.33,0.56,2022-09-09,1040,N,VIIRS,n,2,288.84,1.17,N,0
38.94186,-120.69576,353.32,0.33,0.55,2022-09-09,1040,N,VIIRS,n,2,299.28,36.63,N,0
38.94192,-120.70645,323.98,0.33,0.55,2022-09-09,1040,N,VIIRS,n,2,294.44,130.49,N,0
38.94226,-120.68703,367,0.33,0.55,2022-09-09,1040,N,VIIRS,h,2,295.74,23.7,N,0
38.94234,-120.65509,319.36,0.33,0.55,2022-09-09,1040,N,VIIRS,n,2,286.58,3.02,N,0
38.94246,-120.66705,327.08,0.33,0.55,2022-09-09,1040,N,VIIRS,n,2,290.94,2.9,N,0
38.94251,-120.67702,339.68,0.33,0.55,2022-09-09,1040,N,VIIRS,n,2,292.61,4.3,N,0
38.94268,-120.64708,316.61,0.33,0.55,2022-09-09,1040,N,VIIRS,n,2,287.81,2.46,N,0
38.94271,-120.6264,312.61,0.33,0.56,2022-09-09,1040,N,VIIRS,n,2,289.16,1.17,N,0
38.94277,-120.70969,312.04,0.33,0.55,2022-09-09,1040,N,VIIRS,n,2,294.82,8.48,N,0
38.94337,-120.68036,345.82,0.33,0.55,2022-09-09,1040,N,VIIRS,n,2,294.54,5.87,N,0
38.94342,-120.69145,367,0.33,0.55,2022-09-09,1040,N,VIIRS,h,2,301.19,82.36,N,0
38.94342,-120.6707,329.27,0.33,0.55,2022-09-09,1040,N,VIIRS,n,2,293.13,2.9,N,0
38.94344,-120.65938,320.17,0.33,0.55,2022-09-09,1040,N,VIIRS,n,2,288.23,3.02,N,0
38.94356,-120.65046,317.11,0.33,0.55,2022-09-09,1040,N,VIIRS,n,2,287.35,2.46,N,0
38.94356,-120.62962,332.48,0.33,0.55,2022-09-09,1040,N,VIIRS,n,2,290.17,1.8,N,0
38.94403,-120.70422,367,0.33,0.55,2022-09-09,1040,N,VIIRS,h,2,298.58,56.86,N,0
38.9443,-120.68398,353.62,0.33,0.55,2022-09-09,1040,N,VIIRS,n,2,296.22,5.87,N,0
38.9443,-120.67403,333.39,0.33,0.55,2022-09-09,1040,N,VIIRS,n,2,294.16,3.39,N,0
38.94442,-120.6329,321.38,0.33,0.55,2022-09-09,1040,N,VIIRS,n,2,288.44,1.8,N,0
38.94453,-120.65416,318.03,0.33,0.55,2022-09-09,1040,N,VIIRS,n,2,287.56,2.57,N,0
38.94461,-120.66398,322.62,0.33,0.55,2022-09-09,1040,N,VIIRS,n,2,290.36,3.48,N,0
38.94488,-120.70754,328.8,0.33,0.55,2022-09-09,1040,N,VIIRS,n,2,294.9,8,N,0
38.94516,-120.67731,335.48,0.33,0.55,2022-09-09,1040,N,VIIRS,n,2,294.92,3.39,N,0
38.94526,-120.68776,367,0.33,0.55,2022-09-09,1040,N,VIIRS,h,2,298.1,25.8,N,0
38.94536,-120.63651,315.14,0.33,0.55,2022-09-09,1040,N,VIIRS,n,2,288.16,1.91,N,0
38.94558,-120.66774,324.88,0.33,0.55,2022-09-09,1040,N,VIIRS,n,2,292.45,3.48,N,0
38.94569,-120.7107,313.89,0.33,0.55,2022-09-09,1040,N,VIIRS,n,2,294.73,8,N,0
38.94574,-120.65874,318.64,0.33,0.55,2022-09-09,1040,N,VIIRS,n,2,289.2,2.57,N,0
38.94602,-120.6806,340.37,0.33,0.55,2022-09-09,1040,N,VIIRS,n,2,295.55,4.28,N,0
38.94629,-120.64001,323.9,0.33,0.55,2022-09-09,1040,N,VIIRS,n,2,289.39,1.91,N,0
38.94649,-120.7138,306.75,0.33,0.55,2022-09-09,1040,N,VIIRS,n,2,294.85,2.71,N,0
38.94649,-120.69256,344.84,0.33,0.55,2022-09-09,1040,N,VIIRS,n,2,303.72,25.8,N,0
38.94649,-120.6713,326.51,0.33,0.55,2022-09-09,1040,N,VIIRS,n,2,294.7,4.3,N,0
38.94684,-120.70445,367,0.33,0.55,2022-09-09,1040,N,VIIRS,h,2,301.32,130.49,N,0
38.94691,-120.68398,345.97,0.33,0.55,2022-09-09,1040,N,VIIRS,n,2,296.11,4.28,N,0
38.94694,-120.66332,320.77,0.33,0.55,2022-09-09,1040,N,VIIRS,n,2,291.02,2.9,N,0
38.94727,-120.64379,318.99,0.33,0.55,2022-09-09,1040,N,VIIRS,n,2,290.17,1.83,N,0
38.94733,-120.67458,329.52,0.33,0.55,2022-09-09,1040,N,VIIRS,n,2,295.78,4.3,N,0
38.94753,-120.6239,303.16,0.33,0.56,2022-09-09,1040,N,VIIRS,n,2,287.65,1.17,N,0
38.94771,-120.70776,328.57,0.33,0.55,2022-09-09,1040,N,VIIRS,n,2,294.59,8.48,N,0
38.94791,-120.68781,353.11,0.33,0.55,2022-09-09,1040,N,VIIRS,n,2,297.05,10.75,N,0
38.94795,-120.66716,320.34,0.33,0.55,2022-09-09,1040,N,VIIRS,n,2,293.55,2.9,N,0
38.94816,-120.67782,331.58,0.33,0.55,2022-09-09,1040,N,VIIRS,n,2,295.86,5.87,N,0
38.94825,-120.64751,314.81,0.33,0.55,2022-09-09,1040,N,VIIRS,n,2,289.82,1.83,N,0
38.94853,-120.7109,312.93,0.33,0.55,2022-09-09,1040,N,VIIRS,n,2,294.43,8.48,N,0
38.94858,-120.62794,304.2,0.33,0.55,2022-09-09,1040,N,VIIRS,n,2,288.05,1.8,N,0
38.94884,-120.70177,367,0.33,0.55,2022-09-09,1040,N,VIIRS,h,2,314.59,120.76,N,0
38.94887,-120.67067,321.32,0.33,0.55,2022-09-09,1040,N,VIIRS,n,2,295.15,3.39,N,0
38.94904,-120.68124,334.29,0.33,0.55,2022-09-09,1040,N,VIIRS,n,2,295.98,5.87,N,0
38.94911,-120.65079,314.47,0.33,0.55,2022-09-09,1040,N,VIIRS,n,2,289.17,1.6,N,0
38.94921,-120.69273,354.6,0.33,0.55,2022-09-09,1040,N,VIIRS,n,2,299.75,10.75,N,0
38.94971,-120.63226,305.48,0.33,0.55,2022-09-09,1040,N,VIIRS,n,2,287.7,1.8,N,0
38.94978,-120.67416,323.63,0.33,0.55,2022-09-09,1040,N,VIIRS,n,2,295.46,3.39,N,0
38.94979,-120.70551,336.96,0.33,0.55,2022-09-09,1040,N,VIIRS,n,2,294.78,11.51,N,0
38.94991,-120.68465,335.72,0.33,0.55,2022-09-09,1040,N,VIIRS,n,2,296.31,25.8,N,0
38.95005,-120.65439,317.81,0.33,0.55,2022-09-09,1040,N,VIIRS,n,2,290.95,1.6,N,0
38.95053,-120.69776,353.46,0.33,0.55,2022-09-09,1040,N,VIIRS,n,2,320.81,23.52,N,0
38.95061,-120.70869,316.46,0.33,0.55,2022-09-09,1040,N,VIIRS,n,2,294.17,11.51,N,0
38.95075,-120.67786,324.4,0.33,0.55,2022-09-09,1040,N,VIIRS,n,2,295.47,4.28,N,0
38.95089,-120.68848,337.53,0.33,0.55,2022-09-09,1040,N,VIIRS,n,2,296.68,25.8,N,0
38.95094,-120.63695,309.45,0.33,0.55,2022-09-09,1040,N,VIIRS,n,2,286.71,1.91,N,0
38.95102,-120.65807,316.49,0.33,0.55,2022-09-09,1040,N,VIIRS,n,2,292.42,1.69,N,0
38.95142,-120.71188,307.78,0.33,0.55,2022-09-09,1040,N,VIIRS,n,2,294.87,3.17,N,0
38.95164,-120.70201,347.53,0.33,0.55,2022-09-09,1040,N,VIIRS,n,2,295.85,23.52,N,0
38.95165,-120.68129,326.33,0.33,0.55,2022-09-09,1040,N,VIIRS,n,2,295.83,4.28,N,0
38.952,-120.66182,315.69,0.33,0.55,2022-09-09,1040,N,VIIRS,n,2,294.05,1.69,N,0
38.952,-120.64099,319.2,0.33,0.55,2022-09-09,1040,N,VIIRS,n,2,288.16,1.91,N,0
38.95229,-120.69401,343.99,0.33,0.55,2022-09-09,1040,N,VIIRS,n,2,297.91,120.76,N,0
38.95252,-120.68461,325.1,0.33,0.55,2022-09-09,1040,N,VIIRS,n,2,296.09,10.75,N,0
38.95259,-120.70563,319.29,0.33,0.55,2022-09-09,1040,N,VIIRS,n,2,294.07,3.3,N,0
38.9529,-120.64443,310.44,0.33,0.55,2022-09-09,1040,N,VIIRS,n,2,288.1,1.83,N,0
38.95299,-120.66559,315.58,0.33,0.55,2022-09-09,1040,N,VIIRS,n,2,295.08,1.68,N,0
38.95344,-120.70888,309.57,0.33,0.55,2022-09-09,1040,N,VIIRS,n,2,294.03,3.3,N,0
38.95353,-120.68847,328.07,0.33,0.55,2022-09-09,1040,N,VIIRS,n,2,297.05,10.75,N,0
38.95354,-120.69892,336.9,0.33,0.55,2022-09-09,1040,N,VIIRS,n,2,296.28,120.76,N,0
38.95368,-120.64739,310.65,0.33,0.55,2022-09-09,1040,N,VIIRS,n,2,288.27,1.83,N,0
38.95393,-120.66918,318.41,0.33,0.55,2022-09-09,1040,N,VIIRS,n,2,296.08,1.68,N,0
38.95424,-120.62865,303.01,0.33,0.55,2022-09-09,1040,N,VIIRS,n,2,287.14,0.66,N,0
38.95441,-120.65017,311.17,0.33,0.55,2022-09-09,1040,N,VIIRS,n,2,289.08,1.6,N,0
38.95461,-120.70309,313.27,0.33,0.55,2022-09-09,1040,N,VIIRS,n,2,293.79,11.51,N,0
38.95502,-120.69413,324.8,0.33,0.55,2022-09-09,1040,N,VIIRS,n,2,296.32,23.52,N,0
38.95509,-120.67361,317.64,0.33,0.55,2022-09-09,1040,N,VIIRS,n,2,295.4,1.66,N,0
38.95513,-120.65292,312.77,0.33,0.55,2022-09-09,1040,N,VIIRS,n,2,290.97,1.6,N,0
38.95543,-120.63323,305.8,0.33,0.55,2022-09-09,1040,N,VIIRS,n,2,287.58,0.66,N,0
38.95549,-120.70654,307.28,0.33,0.55,2022-09-09,1040,N,VIIRS,n,2,294.1,11.51,N,0
38.95594,-120.65601,313.38,0.33,0.55,2022-09-09,1040,N,VIIRS,n,2,292.94,1.69,N,0
38.95618,-120.67776,316.81,0.33,0.55,2022-09-09,1040,N,VIIRS,n,2,295.41,1.66,N,0
38.95633,-120.69913,316.98,0.33,0.55,2022-09-09,1040,N,VIIRS,n,2,295.12,23.52,N,0
38.95657,-120.63759,309.66,0.33,0.55,2022-09-09,1040,N,VIIRS,n,2,287.34,2.29,N,0
38.95684,-120.65947,313.64,0.33,0.55,2022-09-09,1040,N,VIIRS,n,2,294.85,1.69,N,0
38.95712,-120.68137,316.01,0.33,0.55,2022-09-09,1040,N,VIIRS,n,2,295.44,1.54,N,0
38.95753,-120.64125,344.83,0.33,0.55,2022-09-09,1040,N,VIIRS,n,2,289.77,2.29,N,0
38.95779,-120.66312,313.84,0.33,0.55,2022-09-09,1040,N,VIIRS,n,2,295.54,1.68,N,0
38.95802,-120.68478,315.34,0.33,0.55,2022-09-09,1040,N,VIIRS,n,2,295.9,1.54,N,0
38.95837,-120.64449,321.4,0.33,0.55,2022-09-09,1040,N,VIIRS,n,2,289.91,4.64,N,0
38.95868,-120.6665,313.28,0.33,0.55,2022-09-09,1040,N,VIIRS,n,2,295.58,1.68,N,0
38.95916,-120.68914,313.99,0.33,0.55,2022-09-09,1040,N,VIIRS,n,2,296.3,2.56,N,0
38.95918,-120.64752,314.07,0.33,0.55,2022-09-09,1040,N,VIIRS,n,2,290.68,4.64,N,0
38.95958,-120.66995,311.9,0.33,0.55,2022-09-09,1040,N,VIIRS,n,2,295.44,1.66,N,0
38.95975,-120.62886,301.99,0.33,0.55,2022-09-09,1040,N,VIIRS,n,2,287.62,0.66,N,0
38.95994,-120.65046,313.75,0.33,0.55,2022-09-09,1040,N,VIIRS,n,2,291.73,5.75,N,0
38.96054,-120.6736,313.28,0.33,0.55,2022-09-09,1040,N,VIIRS,n,2,295.97,1.66,N,0
38.96069,-120.65334,315,0.33,0.55,2022-09-09,1040,N,VIIRS,n,2,292,5.75,N,0
38.96085,-120.63305,304.49,0.33,0.55,2022-09-09,1040,N,VIIRS,n,2,287.81,0.66,N,0
38.96149,-120.67723,313.58,0.33,0.55,2022-09-09,1040,N,VIIRS,n,2,296.16,1.54,N,0
38.96149,-120.65637,315.07,0.33,0.55,2022-09-09,1040,N,VIIRS,n,2,292.58,3.17,N,0
38.9619,-120.63708,307.2,0.33,0.55,2022-09-09,1040,N,VIIRS,n,2,287.46,2.29,N,0
38.96228,-120.65942,313.7,0.33,0.55,2022-09-09,1040,N,VIIRS,n,2,293.5,3.17,N,0
38.96247,-120.68098,312.07,0.33,0.55,2022-09-09,1040,N,VIIRS,n,2,296.26,1.54,N,0
38.96283,-120.64063,316.13,0.33,0.55,2022-09-09,1040,N,VIIRS,n,2,288.02,2.29,N,0
38.96308,-120.66245,314.48,0.33,0.55,2022-09-09,1040,N,VIIRS,n,2,293.8,1.95,N,0
38.96349,-120.68487,312.39,0.33,0.55,2022-09-09,1040,N,VIIRS,n,2,296.21,2.56,N,0
38.96367,-120.64384,329.19,0.33,0.55,2022-09-09,1040,N,VIIRS,n,2,290.37,4.64,N,0
38.96387,-120.66551,314.04,0.33,0.55,2022-09-09,1040,N,VIIRS,n,2,294.75,1.95,N,0
38.9645,-120.64704,347.29,0.33,0.55,2022-09-09,1040,N,VIIRS,n,2,292.46,4.64,N,0
38.96468,-120.66859,315.56,0.33,0.55,2022-09-09,1040,N,VIIRS,n,2,295.15,1.43,N,0
38.96531,-120.65013,367,0.33,0.55,2022-09-09,1040,N,VIIRS,h,2,297.19,5.75,N,0
38.96555,-120.67191,311.95,0.33,0.55,2022-09-09,1040,N,VIIRS,n,2,295.49,1.43,N,0
38.96611,-120.65321,337.5,0.33,0.55,2022-09-09,1040,N,VIIRS,n,2,293.31,5.75,N,0
38.96638,-120.67511,310.85,0.33,0.55,2022-09-09,1040,N,VIIRS,n,2,295.83,2.3,N,0
38.9668,-120.63495,303.9,0.33,0.55,2022-09-09,1040,N,VIIRS,n,2,288.56,1.32,N,0
38.96693,-120.65633,334.76,0.33,0.55,2022-09-09,1040,N,VIIRS,n,2,293.95,3.17,N,0
38.96725,-120.67844,311.21,0.33,0.55,2022-09-09,1040,N,VIIRS,n,2,296.13,2.3,N,0
38.96771,-120.63844,307.45,0.33,0.55,2022-09-09,1040,N,VIIRS,n,2,289.19,1.32,N,0
38.96774,-120.65945,329.08,0.33,0.55,2022-09-09,1040,N,VIIRS,n,2,293.72,3.17,N,0
38.96853,-120.66248,319.01,0.33,0.55,2022-09-09,1040,N,VIIRS,n,2,293.4,1.95,N,0
38.96862,-120.64193,310.94,0.33,0.55,2022-09-09,1040,N,VIIRS,n,2,289.34,1.37,N,0
38.96934,-120.66555,312.67,0.33,0.55,2022-09-09,1040,N,VIIRS,n,2,293.57,1.95,N,0
38.96951,-120.64533,319.07,0.33,0.55,2022-09-09,1040,N,VIIRS,n,2,289.48,1.37,N,0
38.96966,-120.70847,310.23,0.33,0.55,2022-09-09,1040,N,VIIRS,n,2,295.48,3.34,N,0
38.9701,-120.66846,312.06,0.33,0.55,2022-09-09,1040,N,VIIRS,n,2,294.5,1.43,N,0
38.97042,-120.64883,338.63,0.33,0.55,2022-09-09,1040,N,VIIRS,n,2,290.83,2.76,N,0
38.97059,-120.71202,312.63,0.33,0.55,2022-09-09,1040,N,VIIRS,n,2,296.07,1.57,N,0
38.97083,-120.67126,310.22,0.33,0.55,2022-09-09,1040,N,VIIRS,n,2,295.01,1.43,N,0
38.97123,-120.65192,329.25,0.33,0.55,2022-09-09,1040,N,VIIRS,n,2,291.39,2.76,N,0
38.9715,-120.71555,311.33,0.33,0.55,2022-09-09,1040,N,VIIRS,n,2,296.59,1.57,N,0
38.97202,-120.65495,353.53,0.33,0.55,2022-09-09,1040,N,VIIRS,n,2,294.74,4.34,N,0
38.97282,-120.65801,349.68,0.33,0.55,2022-09-09,1040,N,VIIRS,n,2,296.37,4.34,N,0
38.97305,-120.70066,313.46,0.33,0.55,2022-09-09,1040,N,VIIRS,n,2,296.25,2.45,N,0
38.97316,-120.63842,304.33,0.33,0.55,2022-09-09,1040,N,VIIRS,n,2,289.54,1.37,N,0
38.97357,-120.66088,340.15,0.33,0.55,2022-09-09,1040,N,VIIRS,n,2,294.88,4.11,N,0
38.97398,-120.64155,306.13,0.33,0.55,2022-09-09,1040,N,VIIRS,n,2,289.95,1.37,N,0
38.97434,-120.66384,328.82,0.33,0.55,2022-09-09,1040,N,VIIRS,n,2,293.46,4.11,N,0
38.97479,-120.64464,307.41,0.33,0.55,2022-09-09,1040,N,VIIRS,n,2,290.37,2.76,N,0
38.97511,-120.66678,312.84,0.33,0.55,2022-09-09,1040,N,VIIRS,n,2,293.53,2.95,N,0
38.97559,-120.64771,308.97,0.33,0.55,2022-09-09,1040,N,VIIRS,n,2,291.05,2.76,N,0
38.97586,-120.66966,310.17,0.33,0.55,2022-09-09,1040,N,VIIRS,n,2,294.81,2.95,N,0
38.97639,-120.65079,310.06,0.33,0.55,2022-09-09,1040,N,VIIRS,n,2,291.1,4.34,N,0
38.97721,-120.65392,311.72,0.33,0.55,2022-09-09,1040,N,VIIRS,n,2,291.57,4.34,N,0
38.97725,-120.69586,313.85,0.33,0.55,2022-09-09,1040,N,VIIRS,n,2,296.85,2.45,N,0
38.97807,-120.65726,314.7,0.33,0.55,2022-09-09,1040,N,VIIRS,n,2,292.44,4.11,N,0
38.97897,-120.66069,337.71,0.33,0.55,2022-09-09,1040,N,VIIRS,n,2,293.78,4.11,N,0
38.979,-120.72343,314.6,0.33,0.55,2022-09-09,1040,N,VIIRS,n,2,296.29,2.36,N,0
38.97923,-120.64075,304.59,0.33,0.55,2022-09-09,1040,N,VIIRS,n,2,290.11,0.85,N,0
38.97984,-120.66403,339.02,0.33,0.55,2022-09-09,1040,N,VIIRS,n,2,294.63,2.95,N,0
38.98009,-120.72762,315.95,0.33,0.55,2022-09-09,1040,N,VIIRS,n,2,296.13,2.36,N,0
38.98012,-120.64416,306.65,0.33,0.55,2022-09-09,1040,N,VIIRS,n,2,290.72,0.85,N,0
38.98055,-120.771,309.38,0.33,0.55,2022-09-09,1040,N,VIIRS,n,2,293.2,3.73,N,0
38.98066,-120.66721,323.31,0.33,0.55,2022-09-09,1040,N,VIIRS,n,2,294.89,2.95,N,0
38.98104,-120.6477,309.87,0.33,0.55,2022-09-09,1040,N,VIIRS,n,2,291.15,1.56,N,0
38.98145,-120.6702,317.02,0.33,0.55,2022-09-09,1040,N,VIIRS,n,2,295.28,3.24,N,0
38.98154,-120.7748,313.56,0.33,0.55,2022-09-09,1040,N,VIIRS,n,2,293.5,3.73,N,0
38.98201,-120.65141,313.76,0.33,0.55,2022-09-09,1040,N,VIIRS,n,2,292.14,1.56,N,0
38.9822,-120.67309,316.79,0.33,0.55,2022-09-09,1040,N,VIIRS,n,2,295.95,3.24,N,0
38.98249,-120.77844,315.83,0.33,0.55,2022-09-09,1040,N,VIIRS,n,2,293.71,32.56,N,0
38.98264,-120.75819,306.39,0.33,0.55,2022-09-09,1040,N,VIIRS,n,2,292.92,2.84,N,0
38.98294,-120.65499,317.49,0.33,0.55,2022-09-09,1040,N,VIIRS,n,2,292.08,6.95,N,0
38.98298,-120.67606,313.31,0.33,0.55,2022-09-09,1040,N,VIIRS,n,2,296.13,5.2,N,0
38.98339,-120.78188,315.8,0.33,0.55,2022-09-09,1040,N,VIIRS,n,2,294.32,32.56,N,0
38.98363,-120.76203,309.18,0.33,0.55,2022-09-09,1040,N,VIIRS,n,2,293.14,2.45,N,0
38.98379,-120.65827,320.14,0.33,0.55,2022-09-09,1040,N,VIIRS,n,2,292.96,6.95,N,0
38.98419,-120.78496,311.88,0.33,0.55,2022-09-09,1040,N,VIIRS,n,2,294.44,28.8,N,0
38.98435,-120.63947,305.08,0.33,0.55,2022-09-09,1040,N,VIIRS,n,2,290.15,0.85,N,0
38.98459,-120.66135,321.71,0.33,0.55,2022-09-09,1040,N,VIIRS,n,2,294.07,27.96,N,0
38.98464,-120.76588,312.77,0.33,0.55,2022-09-09,1040,N,VIIRS,n,2,294.01,2.45,N,0
38.98531,-120.64315,308.05,0.33,0.55,2022-09-09,1040,N,VIIRS,n,2,290.34,0.85,N,0
38.98536,-120.66428,329.49,0.33,0.55,2022-09-09,1040,N,VIIRS,n,2,295.78,27.96,N,0
38.98562,-120.76965,322.58,0.33,0.55,2022-09-09,1040,N,VIIRS,n,2,294.32,3.73,N,0
38.98611,-120.66719,337.26,0.33,0.55,2022-09-09,1040,N,VIIRS,n,2,296.41,18.18,N,0
38.98628,-120.64689,313.34,0.33,0.55,2022-09-09,1040,N,VIIRS,n,2,291.37,1.56,N,0
38.98654,-120.77319,339.7,0.33,0.55,2022-09-09,1040,N,VIIRS,n,2,295.09,3.73,N,0
38.98675,-120.75318,312.06,0.33,0.55,2022-09-09,1040,N,VIIRS,n,2,294.68,1.45,N,0
38.98695,-120.67044,343.31,0.33,0.55,2022-09-09,1040,N,VIIRS,n,2,297.19,18.18,N,0
38.98728,-120.65074,319.96,0.33,0.55,2022-09-09,1040,N,VIIRS,n,2,292.46,1.56,N,0
38.98742,-120.77658,347.53,0.33,0.55,2022-09-09,1040,N,VIIRS,n,2,298.12,32.56,N,0
38.98766,-120.75671,312.91,0.33,0.55,2022-09-09,1040,N,VIIRS,n,2,294.75,1.45,N,0
38.98783,-120.67379,351.27,0.33,0.55,2022-09-09,1040,N,VIIRS,n,2,299.07,5.67,N,0
38.9882,-120.65428,329.39,0.33,0.55,2022-09-09,1040,N,VIIRS,n,2,293.15,6.95,N,0
38.98824,-120.77971,334.45,0.33,0.55,2022-09-09,1040,N,VIIRS,n,2,324.5,32.56,N,0
38.98858,-120.76022,314.37,0.33,0.55,2022-09-09,1040,N,VIIRS,n,2,295.33,1.78,N,0
38.98874,-120.73998,314.7,0.33,0.55,2022-09-09,1040,N,VIIRS,n,2,296.59,4.07,N,0
38.98875,-120.67734,347.63,0.33,0.55,2022-09-09,1040,N,VIIRS,n,2,299.37,5.67,N,0
38.98891,-120.7823,367,0.33,0.55,2022-09-09,1040,N,VIIRS,h,2,298.64,28.8,N,0
38.98901,-120.65739,354.41,0.33,0.55,2022-09-09,1040,N,VIIRS,n,2,295.53,6.95,N,0
38.98942,-120.76346,319.85,0.33,0.55,2022-09-09,1040,N,VIIRS,n,2,295.49,1.78,N,0
38.98959,-120.78491,322.92,0.33,0.55,2022-09-09,1040,N,VIIRS,n,2,295.92,28.8,N,0
38.9896,-120.74332,315.23,0.33,0.55,2022-09-09,1040,N,VIIRS,n,2,296.12,2.43,N,0
38.9896,-120.63871,304.9,0.33,0.55,2022-09-09,1040,N,VIIRS,n,2,290.5,1.07,N,0
38.98965,-120.68081,316.79,0.33,0.55,2022-09-09,1040,N,VIIRS,n,2,296.88,3.76,N,0
38.98982,-120.66052,345.13,0.33,0.55,2022-09-09,1040,N,VIIRS,n,2,310.79,27.96,N,0
38.99028,-120.78754,312.24,0.33,0.55,2022-09-09,1040,N,VIIRS,n,2,295.68,4.37,N,0
38.99031,-120.76685,329.55,0.33,0.55,2022-09-09,1040,N,VIIRS,n,2,296.79,4.81,N,0
38.99046,-120.7466,310.77,0.33,0.55,2022-09-09,1040,N,VIIRS,n,2,295.85,2.43,N,0
38.99057,-120.64244,308.2,0.33,0.55,2022-09-09,1040,N,VIIRS,n,2,291.41,1.07,N,0
38.99063,-120.66365,367,0.33,0.55,2022-09-09,1040,N,VIIRS,h,2,304.36,27.96,N,0
38.99119,-120.77024,367,0.33,0.55,2022-09-09,1040,N,VIIRS,h,2,302.66,4.81,N,0
38.99131,-120.74988,312.09,0.33,0.55,2022-09-09,1040,N,VIIRS,n,2,295.78,1.45,N,0
38.99146,-120.66681,367,0.33,0.55,2022-09-09,1040,N,VIIRS,h,2,307.33,18.18,N,0
38.99158,-120.64635,312.77,0.33,0.55,2022-09-09,1040,N,VIIRS,n,2,291.77,1.82,N,0
38.992,-120.77337,367,0.33,0.55,2022-09-09,1040,N,VIIRS,h,2,300.21,23.8,N,0
38.99216,-120.75315,314.07,0.33,0.55,2022-09-09,1040,N,VIIRS,n,2,296.54,1.45,N,0
38.99229,-120.67002,367,0.33,0.55,2022-09-09,1040,N,VIIRS,h,2,302.23,18.18,N,0
38.99263,-120.65039,318.12,0.33,0.55,2022-09-09,1040,N,VIIRS,n,2,293.1,1.82,N,0
38.99278,-120.77637,340.54,0.33,0.55,2022-09-09,1040,N,VIIRS,n,2,317.75,23.8,N,0
38.993,-120.75638,313.99,0.33,0.55,2022-09-09,1040,N,VIIRS,n,2,296.27,1.78,N,0
38.99312,-120.67322,328.25,0.33,0.55,2022-09-09,1040,N,VIIRS,n,2,297.95,5.67,N,0
38.9935,-120.7791,367,0.33,0.55,2022-09-09,1040,N,VIIRS,h,2,303.83,19.99,N,0
38.99364,-120.65427,327.22,0.33,0.55,2022-09-09,1040,N,VIIRS,n,2,293.98,17.18,N,0
38.99383,-120.75954,314.68,0.33,0.55,2022-09-09,1040,N,VIIRS,n,2,296.54,1.78,N,0
38.99394,-120.67637,320.08,0.33,0.55,2022-09-09,1040,N,VIIRS,n,2,297.31,5.67,N,0
38.99417,-120.78172,327.82,0.33,0.55,2022-09-09,1040,N,VIIRS,n,2,295.26,19.99,N,0
38.99456,-120.65781,355.13,0.33,0.55,2022-09-09,1040,N,VIIRS,n,2,298.2,17.18,N,0
38.99467,-120.76279,316.06,0.33,0.55,2022-09-09,1040,N,VIIRS,n,2,296.37,4.81,N,0
38.99479,-120.78407,315.26,0.33,0.55,2022-09-09,1040,N,VIIRS,n,2,294.12,2.95,N,0
38.99484,-120.67982,314.04,0.33,0.55,2022-09-09,1040,N,VIIRS,n,2,297.04,3.76,N,0
38.99541,-120.66109,367,0.33,0.55,2022-09-09,1040,N,VIIRS,h,2,309.01,21.35,N,0
38.99545,-120.78662,312.76,0.33,0.55,2022-09-09,1040,N,VIIRS,n,2,293.64,2.95,N,0
38.99556,-120.76619,319.76,0.33,0.55,2022-09-09,1040,N,VIIRS,n,2,296.78,4.81,N,0
38.99578,-120.64149,306.02,0.33,0.55,2022-09-09,1040,N,VIIRS,n,2,291.56,1.07,N,0
38.99618,-120.78944,312.51,0.33,0.55,2022-09-09,1040,N,VIIRS,n,2,293.24,2.23,N,0
38.99623,-120.66422,355.28,0.33,0.55,2022-09-09,1040,N,VIIRS,n,2,301.07,21.35,N,0
38.9964,-120.76942,349.82,0.33,0.55,2022-09-09,1040,N,VIIRS,n,2,299.55,23.8,N,0
38.99675,-120.64523,310.05,0.33,0.55,2022-09-09,1040,N,VIIRS,n,2,292.12,1.82,N,0
38.99696,-120.79246,313.15,0.33,0.55,2022-09-09,1040,N,VIIRS,n,2,293.5,2.23,N,0
38.99699,-120.66719,328.06,0.33,0.55,2022-09-09,1040,N,VIIRS,n,2,297.51,3.01,N,0
38.99721,-120.77257,355.25,0.33,0.55,2022-09-09,1040,N,VIIRS,n,2,300.4,23.8,N,0
38.99771,-120.64899,315.75,0.33,0.55,2022-09-09,1040,N,VIIRS,n,2,292.73,1.82,N,0
38.99778,-120.6702,319.87,0.33,0.55,2022-09-09,1040,N,VIIRS,n,2,296.63,3.01,N,0
38.99791,-120.79607,314.26,0.33,0.55,2022-09-09,1040,N,VIIRS,n,2,293.33,4.56,N,0
38.99798,-120.77552,344.72,0.33,0.55,2022-09-09,1040,N,VIIRS,n,2,300.59,19.99,N,0
38.9986,-120.67339,313.59,0.33,0.55,2022-09-09,1040,N,VIIRS,n,2,295.97,1.48,N,0
38.99869,-120.65274,329.73,0.33,0.55,2022-09-09,1040,N,VIIRS,n,2,293.49,17.18,N,0
38.99875,-120.77848,354.04,0.33,0.55,2022-09-09,1040,N,VIIRS,n,2,300.21,19.99,N,0
38.99894,-120.80003,313.79,0.32,0.55,2022-09-09,1040,N,VIIRS,n,2,294.25,4.56,N,0
38.99944,-120.78112,326.75,0.33,0.55,2022-09-09,1040,N,VIIRS,n,2,294.25,2.95,N,0
38.99949,-120.6768,311.5,0.33,0.55,2022-09-09,1040,N,VIIRS,n,2,296.07,1.48,N,0
38.99963,-120.65636,351.17,0.33,0.55,2022-09-09,1040,N,VIIRS,n,2,308.89,17.18,N,0
38.99965,-120.76111,309.13,0.33,0.55,2022-09-09,1040,N,VIIRS,n,2,296.42,4.06,N,0
38.99992,-120.80381,315.04,0.32,0.55,2022-09-09,1040,N,VIIRS,n,2,294.17,25.49,N,0
39.00016,-120.78392,316.81,0.33,0.55,2022-09-09,1040,N,VIIRS,n,2,292.56,2.95,N,0
39.00047,-120.76424,310.85,0.33,0.55,2022-09-09,1040,N,VIIRS,n,2,296.22,2.34,N,0
39.00053,-120.65984,367,0.33,0.55,2022-09-09,1040,N,VIIRS,h,2,309.9,21.35,N,0
39.00084,-120.80734,316.53,0.32,0.55,2022-09-09,1040,N,VIIRS,n,2,294.57,25.49,N,0
39.00093,-120.78688,320.13,0.33,0.55,2022-09-09,1040,N,VIIRS,n,2,292.09,2.23,N,0
39.00132,-120.76752,314.23,0.33,0.55,2022-09-09,1040,N,VIIRS,n,2,295.87,2.34,N,0
39.00143,-120.6633,328.42,0.33,0.55,2022-09-09,1040,N,VIIRS,n,2,297.48,21.35,N,0
39.00181,-120.8111,314.03,0.32,0.55,2022-09-09,1040,N,VIIRS,n,2,294.73,10.66,N,0
39.00184,-120.79038,327.77,0.33,0.55,2022-09-09,1040,N,VIIRS,n,2,292.56,2.23,N,0
39.00215,-120.77074,317.64,0.33,0.55,2022-09-09,1040,N,VIIRS,n,2,296.58,2.14,N,0
39.00231,-120.66669,322.51,0.33,0.55,2022-09-09,1040,N,VIIRS,n,2,296.53,3.01,N,0
39.00235,-120.75064,311.66,0.33,0.55,2022-09-09,1040,N,VIIRS,n,2,295.35,3.7,N,0
39.00244,-120.64616,306.36,0.33,0.55,2022-09-09,1040,N,VIIRS,n,2,292.04,2.1,N,0
39.0029,-120.79446,338.79,0.33,0.55,2022-09-09,1040,N,VIIRS,n,2,294.1,4.56,N,0
39.00303,-120.77412,341.76,0.33,0.55,2022-09-09,1040,N,VIIRS,n,2,297.91,2.14,N,0
39.00308,-120.81598,309.77,0.32,0.55,2022-09-09,1040,N,VIIRS,n,2,295.4,10.66,N,0
39.00318,-120.67006,317.81,0.33,0.55,2022-09-09,1040,N,VIIRS,n,2,295.3,3.01,N,0
39.00338,-120.64979,309.26,0.33,0.55,2022-09-09,1040,N,VIIRS,n,2,293.28,1.7,N,0
39.00393,-120.7776,338.2,0.33,0.55,2022-09-09,1040,N,VIIRS,n,2,296.03,2.46,N,0
39.00395,-120.79852,348.13,0.32,0.55,2022-09-09,1040,N,VIIRS,n,2,295.26,4.56,N,0
39.00408,-120.67354,314.4,0.33,0.55,2022-09-09,1040,N,VIIRS,n,2,295.49,1.48,N,0
39.00433,-120.65347,312.21,0.33,0.55,2022-09-09,1040,N,VIIRS,n,2,294.04,1.7,N,0
39.00481,-120.78098,314.74,0.33,0.55,2022-09-09,1040,N,VIIRS,n,2,293.65,2.46,N,0
39.00494,-120.67687,313.19,0.33,0.55,2022-09-09,1040,N,VIIRS,n,2,295.4,1.48,N,0
39.00497,-120.80241,346.46,0.32,0.55,2022-09-09,1040,N,VIIRS,n,2,299.07,25.49,N,0
39.00528,-120.65714,323.95,0.33,0.55,2022-09-09,1040,N,VIIRS,n,2,295.74,2.78,N,0
39.00577,-120.78468,318.61,0.33,0.55,2022-09-09,1040,N,VIIRS,n,2,294.14,2.11,N,0
39.00605,-120.80659,356.42,0.32,0.55,2022-09-09,1040,N,VIIRS,n,2,307.03,25.49,N,0
39.00621,-120.66074,320.44,0.33,0.55,2022-09-09,1040,N,VIIRS,n,2,296.05,2.78,N,0
39.00676,-120.76761,307.23,0.33,0.55,2022-09-09,1040,N,VIIRS,n,2,294.93,2.14,N,0
39.00681,-120.78869,324.61,0.33,0.55,2022-09-09,1040,N,VIIRS,n,2,294.21,2.11,N,0
39.00711,-120.66422,329.08,0.33,0.55,2022-09-09,1040,N,VIIRS,n,2,297.07,4.92,N,0
39.00713,-120.81079,367,0.32,0.55,2022-09-09,1040,N,VIIRS,h,2,297.87,10.66,N,0
39.00782,-120.77172,308.63,0.33,0.55,2022-09-09,1040,N,VIIRS,n,2,294.95,2.14,N,0
39.00797,-120.66754,341.91,0.33,0.55,2022-09-09,1040,N,VIIRS,n,2,297.84,4.92,N,0
39.00805,-120.79345,334.15,0.33,0.55,2022-09-09,1040,N,VIIRS,n,2,294.92,5.79,N,0
39.00846,-120.8159,328.5,0.32,0.55,2022-09-09,1040,N,VIIRS,n,2,296.78,10.66,N,0
39.00881,-120.67078,341.41,0.33,0.55,2022-09-09,1040,N,VIIRS,n,2,297.17,6.93,N,0
39.00903,-120.77637,308.89,0.33,0.55,2022-09-09,1040,N,VIIRS,n,2,294.73,2.46,N,0
39.0093,-120.79827,348.45,0.32,0.55,2022-09-09,1040,N,VIIRS,n,2,297.5,5.79,N,0
39.00963,-120.67395,352.71,0.33,0.55,2022-09-09,1040,N,VIIRS,n,2,297.84,6.93,N,0
39.00971,-120.82073,314.31,0.32,0.55,2022-09-09,1040,N,VIIRS,n,2,295.98,4.86,N,0
39.01011,-120.78057,308.7,0.33,0.55,2022-09-09,1040,N,VIIRS,n,2,295.25,2.46,N,0
39.01044,-120.67706,340.57,0.33,0.55,2022-09-09,1040,N,VIIRS,n,2,297.5,4.97,N,0
39.0106,-120.8033,330.43,0.32,0.55,2022-09-09,1040,N,VIIRS,n,2,305.29,64.12,N,0
39.01103,-120.7841,311.1,0.33,0.55,2022-09-09,1040,N,VIIRS,n,2,295.28,2.11,N,0
39.01126,-120.68025,367,0.33,0.55,2022-09-09,1040,N,VIIRS,h,2,300.34,4.97,N,0
39.012,-120.78788,314.5,0.33,0.55,2022-09-09,1040,N,VIIRS,n,2,295.45,2.11,N,0
39.01208,-120.68343,352.97,0.33,0.55,2022-09-09,1040,N,VIIRS,n,2,299,4.55,N,0
39.01277,-120.81169,331.53,0.32,0.55,2022-09-09,1040,N,VIIRS,n,2,329.06,49.39,N,0
39.01289,-120.68655,339.26,0.33,0.55,2022-09-09,1040,N,VIIRS,n,2,297.13,4.55,N,0
39.01325,-120.79267,318.18,0.33,0.55,2022-09-09,1040,N,VIIRS,n,2,295.38,5.79,N,0
39.01368,-120.68959,324.8,0.33,0.55,2022-09-09,1040,N,VIIRS,n,2,296.41,3.53,N,0
39.01385,-120.81586,367,0.32,0.55,2022-09-09,1040,N,VIIRS,h,2,303.08,49.39,N,0
39.01466,-120.79813,323.23,0.32,0.55,2022-09-09,1040,N,VIIRS,n,2,295.55,5.79,N,0
39.01492,-120.67335,310.63,0.33,0.55,2022-09-09,1040,N,VIIRS,n,2,294.82,4.97,N,0
39.01493,-120.82002,321.83,0.32,0.55,2022-09-09,1040,N,VIIRS,n,2,296.72,7.2,N,0
39.01571,-120.67641,315.07,0.33,0.55,2022-09-09,1040,N,VIIRS,n,2,295.27,4.97,N,0
39.01591,-120.82381,307.6,0.32,0.55,2022-09-09,1040,N,VIIRS,n,2,295.55,7.2,N,0
39.01603,-120.8034,330.48,0.32,0.55,2022-09-09,1040,N,VIIRS,n,2,295.38,64.12,N,0
39.01651,-120.67953,315.04,0.33,0.55,2022-09-09,1040,N,VIIRS,n,2,295.62,4.55,N,0
39.01709,-120.80753,333.45,0.32,0.55,2022-09-09,1040,N,VIIRS,n,2,295.9,64.12,N,0
39.0173,-120.68256,311.89,0.33,0.55,2022-09-09,1040,N,VIIRS,n,2,295.93,4.55,N,0
39.01759,-120.66261,309.66,0.33,0.55,2022-09-09,1040,N,VIIRS,n,2,294.32,2.3,N,0
39.01811,-120.81145,322.18,0.32,0.55,2022-09-09,1040,N,VIIRS,n,2,295.73,49.39,N,0
39.01811,-120.6857,319.7,0.33,0.55,2022-09-09,1040,N,VIIRS,n,2,296.72,3.53,N,0
39.01838,-120.6657,313.15,0.33,0.55,2022-09-09,1040,N,VIIRS,n,2,294.88,2.3,N,0
39.01853,-120.79218,306.72,0.33,0.55,2022-09-09,1040,N,VIIRS,n,2,295.03,1.25,N,0
39.01897,-120.68903,333.99,0.33,0.55,2022-09-09,1040,N,VIIRS,n,2,297.77,3.53,N,0
39.01911,-120.81532,311.88,0.32,0.55,2022-09-09,1040,N,VIIRS,n,2,295.1,49.39,N,0
39.01919,-120.66883,314.6,0.33,0.55,2022-09-09,1040,N,VIIRS,n,2,295.11,17.08,N,0
39.01989,-120.79744,308.1,0.32,0.55,2022-09-09,1040,N,VIIRS,n,2,295.4,1.25,N,0
39.01998,-120.69297,332.57,0.33,0.55,2022-09-09,1040,N,VIIRS,n,2,297.26,3.81,N,0
39.02006,-120.67219,314.54,0.33,0.55,2022-09-09,1040,N,VIIRS,n,2,295.58,17.08,N,0
39.02108,-120.67614,315.4,0.33,0.55,2022-09-09,1040,N,VIIRS,n,2,295.44,9.58,N,0
39.02114,-120.69745,313.99,0.33,0.55,2022-09-09,1040,N,VIIRS,n,2,296.48,3.81,N,0
39.0212,-120.80255,309.07,0.32,0.55,2022-09-09,1040,N,VIIRS,n,2,295.03,1.78,N,0
39.02142,-120.65636,310.55,0.33,0.55,2022-09-09,1040,N,VIIRS,n,2,294.11,3.68,N,0
39.02208,-120.68002,355.75,0.33,0.55,2022-09-09,1040,N,VIIRS,n,2,299.34,9.58,N,0
39.02225,-120.80659,307.92,0.32,0.55,2022-09-09,1040,N,VIIRS,n,2,295.21,1.78,N,0
39.02229,-120.65973,315.75,0.33,0.55,2022-09-09,1040,N,VIIRS,n,2,294.83,2.3,N,0
39.02256,-120.78687,313.18,0.33,0.55,2022-09-09,1040,N,VIIRS,n,2,295.74,3.72,N,0
39.02312,-120.68406,355.48,0.33,0.55,2022-09-09,1040,N,VIIRS,n,2,300.67,5.28,N,0
39.02329,-120.66365,327.52,0.33,0.55,2022-09-09,1040,N,VIIRS,n,2,294.82,2.3,N,0
39.0237,-120.79127,313.55,0.33,0.55,2022-09-09,1040,N,VIIRS,n,2,295.68,1.25,N,0
39.02422,-120.68829,329.78,0.33,0.55,2022-09-09,1040,N,VIIRS,n,2,297.43,5.28,N,0
39.02458,-120.66866,367,0.33,0.55,2022-09-09,1040,N,VIIRS,h,2,297.55,17.08,N,0
39.02499,-120.79626,319.93,0.32,0.55,2022-09-09,1040,N,VIIRS,n,2,296.4,1.25,N,0
39.02533,-120.69267,314.96,0.33,0.55,2022-09-09,1040,N,VIIRS,n,2,296.14,1.89,N,0
39.02587,-120.67368,367,0.33,0.55,2022-09-09,1040,N,VIIRS,h,2,307.02,17.08,N,0
39.02641,-120.69685,311.92,0.33,0.55,2022-09-09,1040,N,VIIRS,n,2,295.72,1.89,N,0
39.02679,-120.78232,311.62,0.33,0.55,2022-09-09,1040,N,VIIRS,n,2,294.74,1.13,N,0
39.02705,-120.67825,367,0.33,0.55,2022-09-09,1040,N,VIIRS,h,2,298.33,9.58,N,0
39.02739,-120.65842,312.64,0.33,0.55,2022-09-09,1040,N,VIIRS,n,2,294.72,4.47,N,0
39.02771,-120.7859,309.45,0.33,0.55,2022-09-09,1040,N,VIIRS,n,2,294.66,1.13,N,0
39.02812,-120.68243,318.06,0.33,0.55,2022-09-09,1040,N,VIIRS,n,2,296.26,9.58,N,0
39.02897,-120.68573,312.9,0.33,0.55,2022-09-09,1040,N,VIIRS,n,2,296.12,5.28,N,0
39.02903,-120.66483,327.95,0.33,0.55,2022-09-09,1040,N,VIIRS,n,2,295.25,4.47,N,0
39.03042,-120.67027,367,0.33,0.55,2022-09-09,1040,N,VIIRS,h,2,304.54,7.29,N,0
39.03131,-120.69479,314.7,0.33,0.55,2022-09-09,1040,N,VIIRS,n,2,296.46,1.89,N,0
39.03143,-120.67419,367,0.33,0.55,2022-09-09,1040,N,VIIRS,h,2,301.67,7.29,N,0
39.03224,-120.67735,321.52,0.33,0.55,2022-09-09,1040,N,VIIRS,n,2,295.68,4.8,N,0
39.033,-120.68027,313.63,0.33,0.55,2022-09-09,1040,N,VIIRS,n,2,295.88,4.8,N,0
39.03533,-120.66823,320.62,0.33,0.55,2022-09-09,1040,N,VIIRS,n,2,295.83,7.29,N,0
39.03627,-120.67191,317.99,0.33,0.55,2022-09-09,1040,N,VIIRS,n,2,296.67,7.29,N,0
39.03879,-120.66052,317.73,0.33,0.55,2022-09-09,1040,N,VIIRS,n,2,295.38,3.55,N,0
39.04002,-120.66532,355.72,0.33,0.55,2022-09-09,1040,N,VIIRS,n,2,298.19,7.72,N,0
39.04089,-120.66869,328.53,0.33,0.55,2022-09-09,1040,N,VIIRS,n,2,296.71,7.72,N,0
39.04094,-120.65544,306.84,0.33,0.55,2022-09-09,1040,N,VIIRS,n,2,294.63,2.68,N,0
39.04161,-120.67152,311.97,0.33,0.55,2022-09-09,1040,N,VIIRS,n,2,295.62,9.62,N,0
39.04247,-120.66126,332.58,0.33,0.55,2022-09-09,1040,N,VIIRS,n,2,295.4,2.68,N,0
39.04341,-120.6648,367,0.33,0.55,2022-09-09,1040,N,VIIRS,h,2,300.88,8.81,N,0
39.04387,-120.65914,311.24,0.33,0.55,2022-09-09,1040,N,VIIRS,n,2,293.98,3.55,N,0
39.04416,-120.66768,367,0.33,0.55,2022-09-09,1040,N,VIIRS,h,2,300.16,8.81,N,0
39.04485,-120.6703,367,0.33,0.55,2022-09-09,1040,N,VIIRS,h,2,300.49,8.02,N,0
39.04488,-120.66308,346.41,0.33,0.55,2022-09-09,1040,N,VIIRS,n,2,297.22,7.72,N,0
39.04528,-120.7069,311.06,0.33,0.55,2022-09-09,1040,N,VIIRS,n,2,297.26,2.05,N,0
39.04549,-120.67275,333.61,0.33,0.55,2022-09-09,1040,N,VIIRS,n,2,298.48,8.02,N,0
39.04565,-120.6661,367,0.33,0.55,2022-09-09,1040,N,VIIRS,h,2,301.51,7.72,N,0
39.04618,-120.67536,318.1,0.33,0.55,2022-09-09,1040,N,VIIRS,n,2,297.62,2.91,N,0
39.04633,-120.66875,367,0.33,0.55,2022-09-09,1040,N,VIIRS,h,2,304.77,9.62,N,0
39.04634,-120.71104,312.06,0.33,0.55,2022-09-09,1040,N,VIIRS,n,2,297.26,2.05,N,0
39.0469,-120.67809,312.19,0.33,0.55,2022-09-09,1040,N,VIIRS,n,2,297.34,2.91,N,0
39.04698,-120.67125,342.76,0.33,0.55,2022-09-09,1040,N,VIIRS,n,2,299.25,9.62,N,0
39.04761,-120.66009,306.91,0.33,0.55,2022-09-09,1040,N,VIIRS,n,2,293.48,2.68,N,0
39.04766,-120.67391,323.86,0.33,0.55,2022-09-09,1040,N,VIIRS,n,2,297.77,4.07,N,0
39.04777,-120.68143,309.95,0.33,0.55,2022-09-09,1040,N,VIIRS,n,2,297.22,2.29,N,0
39.04793,-120.69615,313.36,0.33,0.55,2022-09-09,1040,N,VIIRS,n,2,296.48,2.23,N,0
39.04838,-120.67668,314.36,0.33,0.55,2022-09-09,1040,N,VIIRS,n,2,297.5,4.07,N,0
39.0485,-120.66344,336.81,0.33,0.55,2022-09-09,1040,N,VIIRS,n,2,296.26,8.81,N,0
39.04879,-120.69949,317.61,0.33,0.55,2022-09-09,1040,N,VIIRS,n,2,296.96,2.98,N,0
39.04906,-120.68632,309.18,0.33,0.55,2022-09-09,1040,N,VIIRS,n,2,297.12,2.29,N,0
39.04921,-120.66615,352.46,0.33,0.55,2022-09-09,1040,N,VIIRS,n,2,298.27,8.81,N,0
39.04951,-120.70229,327.42,0.33,0.55,2022-09-09,1040,N,VIIRS,n,2,298.12,2.98,N,0
39.04987,-120.66868,354.18,0.33,0.55,2022-09-09,1040,N,VIIRS,n,2,300.3,8.02,N,0
39.0503,-120.70537,353.38,0.33,0.55,2022-09-09,1040,N,VIIRS,n,2,300.1,8.03,N,0
39.05053,-120.6712,333.23,0.33,0.55,2022-09-09,1040,N,VIIRS,n,2,298.13,8.02,N,0
39.05065,-120.69234,317.31,0.33,0.55,2022-09-09,1040,N,VIIRS,n,2,296.78,2.17,N,0
39.05078,-120.66493,339.12,0.33,0.55,2022-09-09,1040,N,VIIRS,n,2,296.76,6.28,N,0
39.05119,-120.70882,367,0.33,0.55,2022-09-09,1040,N,VIIRS,h,2,304.43,8.03,N,0
39.05124,-120.6739,326.81,0.33,0.55,2022-09-09,1040,N,VIIRS,n,2,297.54,2.91,N,0
39.05144,-120.66749,341.06,0.33,0.55,2022-09-09,1040,N,VIIRS,n,2,298.01,5.8,N,0
39.05178,-120.68997,314.91,0.33,0.55,2022-09-09,1040,N,VIIRS,n,2,296.57,2.23,N,0
39.05182,-120.69683,322.56,0.33,0.55,2022-09-09,1040,N,VIIRS,n,2,297.69,2.17,N,0
39.05198,-120.67673,329.01,0.33,0.55,2022-09-09,1040,N,VIIRS,n,2,297.63,2.91,N,0
39.05209,-120.67002,336.18,0.33,0.55,2022-09-09,1040,N,VIIRS,n,2,297.51,5.8,N,0
39.05222,-120.71287,342.72,0.33,0.55,2022-09-09,1040,N,VIIRS,n,2,298.33,8.74,N,0
39.05261,-120.69982,326.24,0.33,0.55,2022-09-09,1040,N,VIIRS,n,2,297.92,2.79,N,0
39.05276,-120.67263,337.29,0.33,0.55,2022-09-09,1040,N,VIIRS,n,2,298.05,6.29,N,0
39.05288,-120.68019,321.57,0.33,0.55,2022-09-09,1040,N,VIIRS,n,2,297.77,2.29,N,0
39.05314,-120.69532,322.29,0.33,0.55,2022-09-09,1040,N,VIIRS,n,2,297.05,2.23,N,0
39.0533,-120.70248,328.81,0.33,0.55,2022-09-09,1040,N,VIIRS,n,2,298.65,2.79,N,0
39.05349,-120.67544,345.89,0.33,0.55,2022-09-09,1040,N,VIIRS,n,2,298.62,6.29,N,0
39.05398,-120.69859,328.64,0.33,0.55,2022-09-09,1040,N,VIIRS,n,2,297.72,2.98,N,0
39.05404,-120.70526,345.03,0.33,0.55,2022-09-09,1040,N,VIIRS,n,2,299.32,4.84,N,0
39.05409,-120.68478,337.83,0.33,0.55,2022-09-09,1040,N,VIIRS,n,2,298.04,2.29,N,0
39.05432,-120.6787,333.73,0.33,0.55,2022-09-09,1040,N,VIIRS,n,2,298.1,3.87,N,0
39.05436,-120.66506,306.81,0.33,0.55,2022-09-09,1040,N,VIIRS,n,2,294.28,1.94,N,0
39.05468,-120.70134,325.62,0.33,0.55,2022-09-09,1040,N,VIIRS,n,2,297.75,2.98,N,0
39.0549,-120.70856,367,0.33,0.55,2022-09-09,1040,N,VIIRS,h,2,301.53,4.84,N,0
39.05503,-120.66761,314.05,0.33,0.55,2022-09-09,1040,N,VIIRS,n,2,294.98,2.06,N,0
39.05533,-120.68264,340.3,0.33,0.55,2022-09-09,1040,N,VIIRS,n,2,297.55,3.87,N,0
39.05537,-120.70398,321.63,0.33,0.55,2022-09-09,1040,N,VIIRS,n,2,297.32,8.03,N,0
39.05555,-120.69033,313.56,0.33,0.55,2022-09-09,1040,N,VIIRS,n,2,294.26,2.17,N,0
39.05572,-120.67023,321.99,0.33,0.55,2022-09-09,1040,N,VIIRS,n,2,295.75,2.06,N,0
39.0559,-120.71236,327.05,0.33,0.55,2022-09-09,1040,N,VIIRS,n,2,297.84,4.15,N,0
39.05616,-120.70706,320.01,0.33,0.55,2022-09-09,1040,N,VIIRS,n,2,297.2,8.03,N,0
39.05643,-120.67295,324.91,0.33,0.55,2022-09-09,1040,N,VIIRS,n,2,296.4,3.64,N,0
39.05657,-120.6875,317.39,0.33,0.55,2022-09-09,1040,N,VIIRS,n,2,294.55,1.98,N,0
39.05687,-120.69536,317.2,0.33,0.55,2022-09-09,1040,N,VIIRS,n,2,293.1,2.17,N,0
39.05705,-120.71058,315.63,0.33,0.55,2022-09-09,1040,N,VIIRS,n,2,297.37,8.74,N,0
39.0572,-120.67589,334.96,0.33,0.55,2022-09-09,1040,N,VIIRS,n,2,296.32,3.64,N,0
39.05769,-120.69847,326.49,0.33,0.55,2022-09-09,1040,N,VIIRS,n,2,294.4,2.79,N,0
39.05795,-120.6929,313.83,0.33,0.55,2022-09-09,1040,N,VIIRS,n,2,292.65,1.98,N,0
39.05804,-120.67908,322.01,0.33,0.55,2022-09-09,1040,N,VIIRS,n,2,295.34,1.99,N,0
39.05838,-120.70113,321.24,0.33,0.55,2022-09-09,1040,N,VIIRS,n,2,294.38,2.79,N,0
39.05897,-120.69691,320.45,0.33,0.55,2022-09-09,1040,N,VIIRS,n,2,293,2.74,N,0
39.05901,-120.68279,315.35,0.33,0.55,2022-09-09,1040,N,VIIRS,n,2,294.01,1.99,N,0
39.05904,-120.70364,316.73,0.33,0.55,2022-09-09,1040,N,VIIRS,n,2,294.72,4.84,N,0
39.05954,-120.67789,309.08,0.33,0.55,2022-09-09,1040,N,VIIRS,n,2,294.3,3.87,N,0
39.05972,-120.69984,321.98,0.33,0.55,2022-09-09,1040,N,VIIRS,n,2,293.57,2.74,N,0
39.05987,-120.7068,315.96,0.33,0.55,2022-09-09,1040,N,VIIRS,n,2,295.46,4.84,N,0
39.05999,-120.68655,311.69,0.33,0.55,2022-09-09,1040,N,VIIRS,n,2,293.54,1.73,N,0
39.0604,-120.70248,319.14,0.33,0.55,2022-09-09,1040,N,VIIRS,n,2,293.87,6.3,N,0
39.06081,-120.71037,324.4,0.33,0.55,2022-09-09,1040,N,VIIRS,n,2,297.08,4.15,N,0
39.06113,-120.70533,318.48,0.33,0.55,2022-09-09,1040,N,VIIRS,n,2,294.86,6.3,N,0
39.06129,-120.68475,309.15,0.33,0.55,2022-09-09,1040,N,VIIRS,n,2,293.59,1.98,N,0
39.06145,-120.69212,316.79,0.33,0.55,2022-09-09,1040,N,VIIRS,n,2,293.52,1.73,N,0
39.06198,-120.71485,329.01,0.33,0.55,2022-09-09,1040,N,VIIRS,n,2,297.81,4.15,N,0
39.062,-120.70872,323.08,0.33,0.55,2022-09-09,1040,N,VIIRS,n,2,296.36,5.26,N,0
39.0624,-120.68912,316.88,0.33,0.55,2022-09-09,1040,N,VIIRS,n,2,293.75,1.98,N,0
39.06265,-120.69667,324.26,0.33,0.55,2022-09-09,1040,N,VIIRS,n,2,294.17,6.34,N,0
39.06302,-120.71273,338.78,0.33,0.55,2022-09-09,1040,N,VIIRS,n,2,298.21,5.26,N,0
39.06343,-120.69966,327.51,0.33,0.55,2022-09-09,1040,N,VIIRS,n,2,294.55,6.34,N,0
39.06371,-120.72142,307.13,0.33,0.55,2022-09-09,1040,N,VIIRS,n,2,296.35,2.21,N,0
39.0638,-120.69463,323.87,0.33,0.55,2022-09-09,1040,N,VIIRS,n,2,294.46,2.74,N,0
39.06403,-120.68121,305.17,0.33,0.55,2022-09-09,1040,N,VIIRS,n,2,294.15,1.99,N,0
39.06412,-120.70229,351.15,0.33,0.55,2022-09-09,1040,N,VIIRS,n,2,297.59,9.82,N,0
39.06456,-120.71879,313.03,0.33,0.55,2022-09-09,1040,N,VIIRS,n,2,296.46,4.26,N,0
39.06471,-120.69819,328.11,0.33,0.55,2022-09-09,1040,N,VIIRS,n,2,295.33,2.74,N,0
39.06487,-120.70518,354.08,0.33,0.55,2022-09-09,1040,N,VIIRS,n,2,298.07,9.82,N,0
39.06492,-120.68462,307.93,0.33,0.55,2022-09-09,1040,N,VIIRS,n,2,294.1,1.73,N,0
39.06511,-120.72675,316.59,0.33,0.55,2022-09-09,1040,N,VIIRS,n,2,298.72,2.21,N,0
39.06545,-120.70107,350.32,0.33,0.55,2022-09-09,1040,N,VIIRS,n,2,298.99,6.3,N,0
39.0658,-120.70869,339.47,0.33,0.55,2022-09-09,1040,N,VIIRS,n,2,297.11,5.56,N,0
39.06605,-120.72465,315.49,0.33,0.55,2022-09-09,1040,N,VIIRS,n,2,298.12,4.26,N,0
39.06606,-120.68895,317.79,0.33,0.55,2022-09-09,1040,N,VIIRS,n,2,294.72,1.73,N,0
39.06617,-120.7039,367,0.33,0.55,2022-09-09,1040,N,VIIRS,h,2,302.18,6.3,N,0
39.06682,-120.7126,333.62,0.33,0.55,2022-09-09,1040,N,VIIRS,n,2,296.15,5.56,N,0
39.06701,-120.70713,340.93,0.33,0.55,2022-09-09,1040,N,VIIRS,n,2,296.92,5.26,N,0
39.0675,-120.69447,356.51,0.33,0.55,2022-09-09,1040,N,VIIRS,n,2,298.36,6.34,N,0
39.06797,-120.71091,327.75,0.33,0.55,2022-09-09,1040,N,VIIRS,n,2,296.18,5.26,N,0
39.06842,-120.69795,354.38,0.33,0.55,2022-09-09,1040,N,VIIRS,n,2,299.73,6.34,N,0
39.06846,-120.71884,367,0.33,0.55,2022-09-09,1040,N,VIIRS,h,2,300.28,6.7,N,0
39.06918,-120.70089,367,0.33,0.55,2022-09-09,1040,N,VIIRS,h,2,303.38,9.82,N,0
39.06932,-120.71623,367,0.33,0.55,2022-09-09,1040,N,VIIRS,h,2,299.43,4.26,N,0
39.06996,-120.72456,312.96,0.33,0.55,2022-09-09,1040,N,VIIRS,n,2,296.89,6.7,N,0
39.06996,-120.70384,348.94,0.33,0.55,2022-09-09,1040,N,VIIRS,n,2,298.58,9.82,N,0
39.07084,-120.70718,311.32,0.33,0.55,2022-09-09,1040,N,VIIRS,n,2,295.57,5.56,N,0
39.07087,-120.72234,319.98,0.33,0.55,2022-09-09,1040,N,VIIRS,n,2,297.53,4.26,N,0
39.07108,-120.68736,305.36,0.33,0.55,2022-09-09,1040,N,VIIRS,n,2,294.31,2.09,N,0
39.07236,-120.69228,340.63,0.33,0.55,2022-09-09,1040,N,VIIRS,n,2,296.44,4.14,N,0
39.07339,-120.69624,333.99,0.33,0.55,2022-09-09,1040,N,VIIRS,n,2,296.75,4.14,N,0
39.07423,-120.69944,310.32,0.33,0.55,2022-09-09,1040,N,VIIRS,n,2,295.27,3.03,N,0
38.91942,-120.65865,354.54,0.55,0.51,2022-09-09,2022,N,VIIRS,n,2,305.24,9.97,D,0
38.92027,-120.67108,330.67,0.55,0.51,2022-09-09,2022,N,VIIRS,l,2,302.62,4.55,D,0
38.92077,-120.67353,334.34,0.55,0.51,2022-09-09,2022,N,VIIRS,n,2,303.65,7.12,D,0
38.92182,-120.66461,342.34,0.55,0.51,2022-09-09,2022,N,VIIRS,n,2,305.75,14.62,D,0
38.92237,-120.66697,342.72,0.55,0.51,2022-09-09,2022,N,VIIRS,n,2,307.3,7.12,D,0
38.92312,-120.68008,333.28,0.55,0.51,2022-09-09,2022,N,VIIRS,n,2,302.59,4.55,D,0
38.92324,-120.65865,367,0.55,0.51,2022-09-09,2022,N,VIIRS,h,2,307.33,14.62,D,0
38.92363,-120.68226,333.93,0.55,0.51,2022-09-09,2022,N,VIIRS,n,2,302.99,4.46,D,0
38.92387,-120.66085,367,0.55,0.51,2022-09-09,2022,N,VIIRS,h,2,307.58,14.51,D,0
38.92467,-120.6736,336.39,0.55,0.51,2022-09-09,2022,N,VIIRS,l,2,307.43,4.55,D,0
38.92515,-120.67603,333.67,0.55,0.51,2022-09-09,2022,N,VIIRS,l,2,307.24,7.12,D,0
38.92527,-120.65515,335.86,0.55,0.51,2022-09-09,2022,N,VIIRS,n,2,302.32,14.51,D,0
38.92619,-120.6882,330.11,0.55,0.51,2022-09-09,2022,N,VIIRS,n,2,303.87,20.56,D,0
38.92758,-120.68233,347.41,0.55,0.51,2022-09-09,2022,N,VIIRS,n,2,308.56,22,D,0
38.92766,-120.66103,331.02,0.55,0.51,2022-09-09,2022,N,VIIRS,n,2,305.71,14.62,D,0
38.9281,-120.68442,349.88,0.55,0.51,2022-09-09,2022,N,VIIRS,n,2,312.44,33.22,D,0
38.92904,-120.65525,341.63,0.55,0.51,2022-09-09,2022,N,VIIRS,n,2,302.67,16.25,D,0
38.92907,-120.63416,337.32,0.55,0.51,2022-09-09,2022,N,VIIRS,n,2,306.27,15.59,D,0
38.92971,-120.65741,353.06,0.55,0.51,2022-09-09,2022,N,VIIRS,n,2,303.57,14.51,D,0
38.92979,-120.63667,335.25,0.55,0.51,2022-09-09,2022,N,VIIRS,l,2,306.79,32.33,D,0
38.93055,-120.62796,355.68,0.55,0.51,2022-09-09,2022,N,VIIRS,n,2,323.58,32.55,D,0
38.93129,-120.63057,350.69,0.55,0.51,2022-09-09,2022,N,VIIRS,n,2,318.71,32.33,D,0
38.93193,-120.62219,342.92,0.55,0.51,2022-09-09,2022,N,VIIRS,n,2,308.06,32.55,D,0
38.93207,-120.68446,339.11,0.55,0.51,2022-09-09,2022,N,VIIRS,n,2,306.56,22,D,0
38.9326,-120.68649,343.33,0.55,0.51,2022-09-09,2022,N,VIIRS,n,2,305.62,33.22,D,0
38.93264,-120.64542,330.03,0.55,0.51,2022-09-09,2022,N,VIIRS,l,2,304.51,7.18,D,0
38.93272,-120.62469,356.8,0.55,0.51,2022-09-09,2022,N,VIIRS,n,2,319.01,32.19,D,0
38.93355,-120.65724,333.42,0.55,0.51,2022-09-09,2022,N,VIIRS,n,2,302.54,12.97,D,0
38.93401,-120.6807,331.32,0.55,0.51,2022-09-09,2022,N,VIIRS,l,2,305.79,14.47,D,0
38.93437,-120.69971,332.68,0.55,0.51,2022-09-09,2022,N,VIIRS,n,2,303.18,8.58,D,0
38.93474,-120.6313,348.61,0.55,0.51,2022-09-09,2022,N,VIIRS,n,2,304.34,32.55,D,0
38.93575,-120.69408,341.76,0.55,0.51,2022-09-09,2022,N,VIIRS,n,2,308,10.9,D,0
38.93613,-120.62546,367,0.55,0.51,2022-09-09,2022,N,VIIRS,h,2,306.9,32.55,D,0
38.9369,-120.62798,348.07,0.55,0.51,2022-09-09,2022,N,VIIRS,n,2,303.21,32.19,D,0
38.93742,-120.70773,350.3,0.55,0.51,2022-09-09,2022,N,VIIRS,n,2,308.73,8.58,D,0
38.93827,-120.62238,346.64,0.55,0.51,2022-09-09,2022,N,VIIRS,n,2,302.63,32.19,D,0
38.93896,-120.70141,352.11,0.55,0.51,2022-09-09,2022,N,VIIRS,n,2,311.79,8.58,D,0
38.94032,-120.69584,339.5,0.55,0.51,2022-09-09,2022,N,VIIRS,n,2,308.52,10.9,D,0
38.94165,-120.62319,354.83,0.55,0.51,2022-09-09,2022,N,VIIRS,n,2,305.45,19.67,D,0
38.94192,-120.70981,355.29,0.55,0.51,2022-09-09,2022,N,VIIRS,n,2,307.14,23.26,D,0
38.94242,-120.62577,367,0.55,0.51,2022-09-09,2022,N,VIIRS,h,2,305.72,21.73,D,0
38.94357,-120.70305,351.68,0.55,0.51,2022-09-09,2022,N,VIIRS,n,2,315.5,23.26,D,0
38.94444,-120.63244,357.07,0.55,0.51,2022-09-09,2022,N,VIIRS,l,2,304.27,26.63,D,0
38.94493,-120.69745,335.61,0.55,0.51,2022-09-09,2022,N,VIIRS,l,2,309.18,12.07,D,0
38.94521,-120.63477,348.59,0.55,0.51,2022-09-09,2022,N,VIIRS,n,2,304.59,21.73,D,0
38.94592,-120.6262,344.31,0.55,0.51,2022-09-09,2022,N,VIIRS,n,2,302.24,19.67,D,0
38.94638,-120.71204,342.07,0.55,0.51,2022-09-09,2022,N,VIIRS,n,2,306.57,23.26,D,0
38.94677,-120.62838,345.04,0.55,0.51,2022-09-09,2022,N,VIIRS,n,2,300.87,21.73,D,0
38.94812,-120.70488,356.89,0.55,0.51,2022-09-09,2022,N,VIIRS,l,2,315.92,23.26,D,0
38.94838,-120.64223,331.72,0.55,0.51,2022-09-09,2022,N,VIIRS,l,2,302.28,63.21,D,0
38.94951,-120.69918,350.34,0.55,0.51,2022-09-09,2022,N,VIIRS,n,2,311.12,12.07,D,0
38.95017,-120.6349,331.53,0.55,0.51,2022-09-09,2022,N,VIIRS,n,2,301.52,57.42,D,0
38.95257,-120.70716,356.29,0.55,0.51,2022-09-09,2022,N,VIIRS,l,2,311.15,15.67,D,0
38.95358,-120.64137,367,0.55,0.51,2022-09-09,2022,N,VIIRS,l,2,328.9,63.21,D,0
38.95406,-120.70103,345.59,0.55,0.51,2022-09-09,2022,N,VIIRS,n,2,307.93,20.74,D,0
38.95528,-120.63438,344.14,0.55,0.51,2022-09-09,2022,N,VIIRS,n,2,303.64,57.42,D,0
38.95603,-120.65179,330.18,0.55,0.51,2022-09-09,2022,N,VIIRS,n,2,298.2,60.56,D,0
38.957,-120.70951,343.59,0.55,0.51,2022-09-09,2022,N,VIIRS,n,2,303.1,15.67,D,0
38.96324,-120.64265,336.42,0.55,0.51,2022-09-09,2022,N,VIIRS,n,2,297.82,60.56,D,0
38.96774,-120.64468,346.5,0.55,0.51,2022-09-09,2022,N,VIIRS,n,2,300.91,9.99,D,0
38.97058,-120.6535,330.62,0.55,0.51,2022-09-09,2022,N,VIIRS,l,2,300.87,9.99,D,0
38.97472,-120.65701,356.73,0.55,0.51,2022-09-09,2022,N,VIIRS,l,2,304.28,20.42,D,0
38.97889,-120.66036,367,0.55,0.51,2022-09-09,2022,N,VIIRS,h,2,304.38,20.42,D,0
38.98038,-120.6542,344.36,0.55,0.51,2022-09-09,2022,N,VIIRS,n,2,303.33,20.42,D,0
38.98378,-120.78529,357.05,0.56,0.51,2022-09-09,2022,N,VIIRS,l,2,310.68,29.6,D,0
38.98504,-120.65555,330.39,0.55,0.51,2022-09-09,2022,N,VIIRS,n,2,301,14.37,D,0
38.98756,-120.66576,337.56,0.55,0.51,2022-09-09,2022,N,VIIRS,n,2,300.85,14.37,D,0
38.98803,-120.78852,356.75,0.56,0.51,2022-09-09,2022,N,VIIRS,l,2,310.64,29.6,D,0
38.98976,-120.7813,335.86,0.56,0.51,2022-09-09,2022,N,VIIRS,n,2,302.7,29.6,D,0
38.98982,-120.65639,348.54,0.55,0.51,2022-09-09,2022,N,VIIRS,n,2,304.89,14.37,D,0
38.99199,-120.79295,349.87,0.56,0.51,2022-09-09,2022,N,VIIRS,n,2,302.36,24.95,D,0
38.99263,-120.6654,346.45,0.55,0.51,2022-09-09,2022,N,VIIRS,n,2,300.56,73.77,D,0
38.99639,-120.64977,342.03,0.55,0.51,2022-09-09,2022,N,VIIRS,n,2,299.74,38.38,D,0
38.9976,-120.66546,333.14,0.55,0.51,2022-09-09,2022,N,VIIRS,n,2,301.1,73.77,D,0
38.99847,-120.79208,345.24,0.56,0.51,2022-09-09,2022,N,VIIRS,n,2,302.89,12.01,D,0
38.99939,-120.658,344.34,0.55,0.51,2022-09-09,2022,N,VIIRS,l,2,315.54,73.77,D,0
39.00082,-120.79797,335.03,0.56,0.51,2022-09-09,2022,N,VIIRS,n,2,306.57,28.16,D,0
39.00085,-120.6519,342.78,0.55,0.51,2022-09-09,2022,N,VIIRS,n,2,301.24,38.38,D,0
39.00163,-120.79964,340.27,0.56,0.51,2022-09-09,2022,N,VIIRS,n,2,300.44,15.85,D,0
39.00228,-120.79189,344.38,0.56,0.51,2022-09-09,2022,N,VIIRS,n,2,306.44,28.16,D,0
39.00314,-120.79351,346.65,0.56,0.51,2022-09-09,2022,N,VIIRS,n,2,306.32,38.35,D,0
39.00389,-120.65999,346.29,0.55,0.51,2022-09-09,2022,N,VIIRS,n,2,302.63,14.92,D,0
39.00399,-120.80569,332.29,0.56,0.51,2022-09-09,2022,N,VIIRS,n,2,301.91,5.4,D,0
39.00526,-120.6543,339.29,0.55,0.51,2022-09-09,2022,N,VIIRS,n,2,298.7,7.91,D,0
39.00561,-120.79893,346.41,0.56,0.51,2022-09-09,2022,N,VIIRS,n,2,305.22,28.16,D,0
39.0065,-120.80032,353.26,0.56,0.51,2022-09-09,2022,N,VIIRS,n,2,306.07,15.85,D,0
39.00692,-120.81912,332.53,0.56,0.51,2022-09-09,2022,N,VIIRS,n,2,301.36,43.12,D,0
39.00743,-120.81228,344.67,0.56,0.51,2022-09-09,2022,N,VIIRS,n,2,303.2,42.2,D,0
39.00831,-120.81342,353.34,0.56,0.51,2022-09-09,2022,N,VIIRS,n,2,305.91,43.12,D,0
39.01,-120.80656,339.27,0.56,0.51,2022-09-09,2022,N,VIIRS,n,2,304.63,11.37,D,0
39.01061,-120.79897,330.96,0.56,0.51,2022-09-09,2022,N,VIIRS,l,2,303.51,5.43,D,0
39.01102,-120.67182,352.72,0.55,0.51,2022-09-09,2022,N,VIIRS,n,2,307.52,34.71,D,0
39.01184,-120.81956,342.22,0.56,0.51,2022-09-09,2022,N,VIIRS,n,2,309.19,43.12,D,0
39.01252,-120.81194,345.53,0.56,0.51,2022-09-09,2022,N,VIIRS,n,2,306.47,42.2,D,0
39.01336,-120.81334,347.14,0.56,0.51,2022-09-09,2022,N,VIIRS,n,2,310.05,43.12,D,0
39.01372,-120.68141,343.09,0.55,0.51,2022-09-09,2022,N,VIIRS,n,2,307.62,31.33,D,0
39.01513,-120.67548,350.13,0.55,0.51,2022-09-09,2022,N,VIIRS,n,2,303.34,34.71,D,0
39.01668,-120.82032,339.03,0.56,0.51,2022-09-09,2022,N,VIIRS,n,2,301.71,8.34,D,0
39.0178,-120.68517,336.18,0.55,0.51,2022-09-09,2022,N,VIIRS,n,2,300.38,8.34,D,0
39.01912,-120.68776,342.3,0.55,0.51,2022-09-09,2022,N,VIIRS,n,2,301.92,10.27,D,0
39.01926,-120.67908,346.76,0.55,0.51,2022-09-09,2022,N,VIIRS,n,2,302.41,16.82,D,0
39.02061,-120.68169,351.59,0.55,0.51,2022-09-09,2022,N,VIIRS,n,2,303.87,10.27,D,0
39.02222,-120.6876,343.55,0.55,0.51,2022-09-09,2022,N,VIIRS,n,2,302.92,8.34,D,0
39.02409,-120.79009,334.54,0.56,0.51,2022-09-09,2022,N,VIIRS,n,2,302.95,14.68,D,0
39.02415,-120.67944,356.69,0.55,0.51,2022-09-09,2022,N,VIIRS,l,2,304.75,16.82,D,0
39.02591,-120.68045,347.58,0.55,0.51,2022-09-09,2022,N,VIIRS,n,2,303.16,10.27,D,0
39.02596,-120.67188,353.38,0.55,0.51,2022-09-09,2022,N,VIIRS,n,2,303.8,16.82,D,0
39.02746,-120.66558,341.03,0.55,0.51,2022-09-09,2022,N,VIIRS,n,2,301.95,13.2,D,0
39.02755,-120.79643,344.69,0.56,0.51,2022-09-09,2022,N,VIIRS,n,2,304.43,14.68,D,0
39.0278,-120.67279,351.46,0.55,0.51,2022-09-09,2022,N,VIIRS,n,2,302.98,24.32,D,0
39.02892,-120.79084,357.08,0.56,0.51,2022-09-09,2022,N,VIIRS,l,2,307.14,14.68,D,0
39.02925,-120.66685,350.62,0.55,0.51,2022-09-09,2022,N,VIIRS,n,2,305.7,24.32,D,0
39.03101,-120.67155,340.59,0.55,0.51,2022-09-09,2022,N,VIIRS,n,2,302.26,12.14,D,0
39.03233,-120.66603,356.12,0.55,0.51,2022-09-09,2022,N,VIIRS,n,2,304.1,13.73,D,0
39.03348,-120.66119,342.17,0.55,0.51,2022-09-09,2022,N,VIIRS,n,2,301.19,13.73,D,0
39.03402,-120.66776,351.08,0.55,0.51,2022-09-09,2022,N,VIIRS,n,2,302.08,14.9,D,0
39.03525,-120.66272,367,0.55,0.51,2022-09-09,2022,N,VIIRS,h,2,305.67,19.15,D,0
39.03638,-120.65809,340.91,0.55,0.51,2022-09-09,2022,N,VIIRS,n,2,302.23,19.15,D,0
39.03697,-120.6674,338.14,0.55,0.51,2022-09-09,2022,N,VIIRS,n,2,301.48,13.73,D,0
39.03823,-120.66209,355.99,0.55,0.51,2022-09-09,2022,N,VIIRS,n,2,304.72,13.73,D,0
39.03938,-120.6573,340.67,0.55,0.51,2022-09-09,2022,N,VIIRS,n,2,301.4,16.08,D,0
39.03992,-120.66399,344.31,0.55,0.51,2022-09-09,2022,N,VIIRS,n,2,302.78,19.15,D,0
39.04122,-120.65869,341.21,0.55,0.51,2022-09-09,2022,N,VIIRS,n,2,301.79,19.15,D,0
39.04291,-120.66334,356.19,0.55,0.51,2022-09-09,2022,N,VIIRS,n,2,303.33,18.01,D,0
39.04435,-120.66626,343.1,0.55,0.51,2022-09-09,2022,N,VIIRS,n,2,301.17,9.01,D,0
39.05086,-120.66002,347.85,0.55,0.51,2022-09-09,2022,N,VIIRS,n,2,301.87,9.01,D,0
39.05546,-120.66159,356.84,0.55,0.51,2022-09-09,2022,N,VIIRS,n,2,302.52,10.07,D,0
39.05762,-120.67315,340.17,0.55,0.51,2022-09-09,2022,N,VIIRS,n,2,303.35,10.07,D,0
39.06229,-120.67443,355.92,0.55,0.51,2022-09-09,2022,N,VIIRS,n,2,312.17,58.21,D,0
39.06816,-120.71188,348.64,0.55,0.51,2022-09-09,2022,N,VIIRS,n,2,304.64,12.96,D,0
39.06832,-120.69064,337.21,0.55,0.51,2022-09-09,2022,N,VIIRS,n,2,304.59,14.02,D,0
39.06963,-120.68526,351.49,0.55,0.51,2022-09-09,2022,N,VIIRS,n,2,303.51,14.02,D,0
39.0697,-120.70554,338.71,0.55,0.51,2022-09-09,2022,N,VIIRS,n,2,301.89,19.72,D,0
39.0717,-120.71788,351.5,0.55,0.51,2022-09-09,2022,N,VIIRS,n,2,304.42,9.23,D,0
39.07291,-120.71291,340.66,0.55,0.51,2022-09-09,2022,N,VIIRS,n,2,300.71,9.23,D,0
39.07307,-120.69163,352.12,0.55,0.51,2022-09-09,2022,N,VIIRS,n,2,308.11,14.02,D,0
39.07523,-120.72394,337.88,0.55,0.51,2022-09-09,2022,N,VIIRS,n,2,301.36,8.27,D,0
39.07645,-120.71886,332.65,0.55,0.51,2022-09-09,2022,N,VIIRS,n,2,298.77,9.23,D,0
39.07991,-120.72519,343.78,0.55,0.51,2022-09-09,2022,N,VIIRS,n,2,301.35,12.59,D,0
38.91745,-120.65459,335.39,0.62,0.71,2022-09-09,2202,N,VIIRS,n,2,300.01,139.46,D,0
38.92074,-120.66173,337.65,0.62,0.71,2022-09-09,2202,N,VIIRS,n,2,299.89,76.33,D,0
38.92109,-120.64548,351.13,0.62,0.71,2022-09-09,2202,N,VIIRS,n,2,301,85.98,D,0
38.92403,-120.66167,343.99,0.62,0.71,2022-09-09,2202,N,VIIRS,n,2,301.3,70.24,D,0
38.92428,-120.64585,367,0.62,0.71,2022-09-09,2202,N,VIIRS,h,2,299.17,139.46,D,0
38.92747,-120.65977,332.87,0.62,0.71,2022-09-09,2202,N,VIIRS,n,2,300.1,76.33,D,0
38.92764,-120.65185,367,0.62,0.71,2022-09-09,2202,N,VIIRS,h,2,303.27,76.33,D,0
38.9278,-120.64474,340.02,0.62,0.71,2022-09-09,2202,N,VIIRS,n,2,298.14,85.98,D,0
38.92822,-120.6249,342.06,0.62,0.71,2022-09-09,2202,N,VIIRS,n,2,299.06,16.39,D,0
38.92842,-120.61585,351.9,0.62,0.71,2022-09-09,2202,N,VIIRS,n,2,297.81,18.65,D,0
38.93134,-120.62395,208,0.62,0.71,2022-09-09,2202,N,VIIRS,l,2,314.46,90.69,D,0
38.9315,-120.61372,367,0.62,0.71,2022-09-09,2202,N,VIIRS,h,2,305.13,90.69,D,0
38.93168,-120.60275,343,0.62,0.71,2022-09-09,2202,N,VIIRS,n,2,297.79,66,D,0
38.93486,-120.628,336.65,0.62,0.71,2022-09-09,2202,N,VIIRS,n,2,298.52,114,D,0
38.93504,-120.61988,208,0.62,0.71,2022-09-09,2202,N,VIIRS,l,2,314.29,114,D,0
38.93531,-120.60797,367,0.62,0.71,2022-09-09,2202,N,VIIRS,h,2,303.87,126.64,D,0
38.93549,-120.5993,344.62,0.62,0.71,2022-09-09,2202,N,VIIRS,n,2,298.88,126.64,D,0
38.93814,-120.61793,367,0.62,0.71,2022-09-09,2202,N,VIIRS,h,2,299.88,90.69,D,0
38.9383,-120.608,353.3,0.62,0.71,2022-09-09,2202,N,VIIRS,n,2,297.98,90.69,D,0
38.93982,-120.70445,340.22,0.61,0.71,2022-09-09,2202,N,VIIRS,n,2,302.8,11.78,D,0
38.94137,-120.6369,333.55,0.62,0.71,2022-09-09,2202,N,VIIRS,n,2,300.61,7.08,D,0
38.94152,-120.63007,330.79,0.62,0.71,2022-09-09,2202,N,VIIRS,n,2,300.05,7.08,D,0
38.94321,-120.71127,345.52,0.61,0.71,2022-09-09,2202,N,VIIRS,n,2,299.6,14.26,D,0
38.94332,-120.70556,367,0.61,0.71,2022-09-09,2202,N,VIIRS,h,2,306.62,14.26,D,0
38.94347,-120.69659,335.06,0.61,0.71,2022-09-09,2202,N,VIIRS,n,2,301.36,16.29,D,0
38.94454,-120.63547,340.23,0.62,0.71,2022-09-09,2202,N,VIIRS,n,2,301.38,7.89,D,0
38.94465,-120.62875,333.98,0.62,0.71,2022-09-09,2202,N,VIIRS,n,2,300.19,9.35,D,0
38.94636,-120.71051,367,0.61,0.71,2022-09-09,2202,N,VIIRS,h,2,301.14,12.7,D,0
38.9465,-120.70454,367,0.61,0.71,2022-09-09,2202,N,VIIRS,h,2,307.78,14.83,D,0
38.94673,-120.69466,342.99,0.61,0.71,2022-09-09,2202,N,VIIRS,n,2,302.74,14.83,D,0
38.94989,-120.71112,353.17,0.61,0.71,2022-09-09,2202,N,VIIRS,n,2,300.23,14.26,D,0
38.95,-120.70523,367,0.61,0.71,2022-09-09,2202,N,VIIRS,h,2,304.98,14.26,D,0
38.95016,-120.69578,343.58,0.61,0.71,2022-09-09,2202,N,VIIRS,n,2,301.98,16.29,D,0
38.95128,-120.63285,335.85,0.62,0.71,2022-09-09,2202,N,VIIRS,n,2,301.11,9.35,D,0
38.95304,-120.71021,341.02,0.61,0.71,2022-09-09,2202,N,VIIRS,n,2,299.23,12.7,D,0
38.95318,-120.70415,353.48,0.61,0.71,2022-09-09,2202,N,VIIRS,n,2,302.41,14.83,D,0
38.95348,-120.69168,335.09,0.61,0.71,2022-09-09,2202,N,VIIRS,n,2,300.08,14.83,D,0
38.95478,-120.63573,354.15,0.62,0.71,2022-09-09,2202,N,VIIRS,n,2,304.66,36.26,D,0
38.95496,-120.62777,367,0.62,0.71,2022-09-09,2202,N,VIIRS,h,2,304.33,49.65,D,0
38.95788,-120.63852,261,0.62,0.71,2022-09-09,2202,N,VIIRS,l,2,309.66,95.91,D,0
38.95802,-120.63073,367,0.62,0.71,2022-09-09,2202,N,VIIRS,h,2,315.84,95.91,D,0
38.96454,-120.64044,341.11,0.62,0.71,2022-09-09,2202,N,VIIRS,n,2,311.82,95.91,D,0
38.96466,-120.63368,367,0.62,0.71,2022-09-09,2202,N,VIIRS,h,2,297.73,95.91,D,0
38.97753,-120.66158,333.88,0.62,0.71,2022-09-09,2202,N,VIIRS,n,2,299.49,23.19,D,0
38.97768,-120.65411,367,0.62,0.71,2022-09-09,2202,N,VIIRS,h,2,303.07,23.19,D,0
38.97781,-120.6469,332.3,0.62,0.71,2022-09-09,2202,N,VIIRS,n,2,297.93,31.48,D,0
38.98175,-120.78598,337.62,0.61,0.71,2022-09-09,2202,N,VIIRS,n,2,300.89,24.68,D,0
38.98189,-120.77943,338.94,0.61,0.71,2022-09-09,2202,N,VIIRS,n,2,301.97,16.74,D,0
38.98834,-120.78941,367,0.61,0.71,2022-09-09,2202,N,VIIRS,h,2,311.2,24.68,D,0
38.98845,-120.78416,345.63,0.61,0.71,2022-09-09,2202,N,VIIRS,n,2,302.56,24.68,D,0
38.991,-120.65714,355.61,0.62,0.71,2022-09-09,2202,N,VIIRS,n,2,303.81,35.76,D,0
38.99111,-120.65136,351.02,0.62,0.71,2022-09-09,2202,N,VIIRS,n,2,316.64,55.81,D,0
38.99125,-120.64424,358.24,0.62,0.71,2022-09-09,2202,N,VIIRS,n,2,299.77,55.81,D,0
38.99517,-120.78061,343.2,0.61,0.71,2022-09-09,2202,N,VIIRS,n,2,302,16.76,D,0
38.99762,-120.66028,333.68,0.62,0.71,2022-09-09,2202,N,VIIRS,n,2,302.55,34.71,D,0
38.99791,-120.64616,367,0.62,0.71,2022-09-09,2202,N,VIIRS,h,2,322.29,290.67,D,0
38.99805,-120.63895,334.95,0.62,0.71,2022-09-09,2202,N,VIIRS,n,2,296.33,81.74,D,0
39.00133,-120.80424,367,0.61,0.71,2022-09-09,2202,N,VIIRS,h,2,304.02,13.77,D,0
39.00148,-120.79681,336.68,0.61,0.71,2022-09-09,2202,N,VIIRS,n,2,301.52,14.78,D,0
39.00454,-120.81147,355.29,0.61,0.71,2022-09-09,2202,N,VIIRS,n,2,301.81,10.31,D,0
39.00466,-120.80392,367,0.61,0.71,2022-09-09,2202,N,VIIRS,h,2,304.31,21.62,D,0
39.00478,-120.79642,367,0.61,0.71,2022-09-09,2202,N,VIIRS,h,2,303.2,21.62,D,0
39.00768,-120.81748,341.85,0.6,0.71,2022-09-09,2202,N,VIIRS,n,2,299.97,11.72,D,0
39.00788,-120.80827,347.09,0.61,0.71,2022-09-09,2202,N,VIIRS,n,2,302.48,11.72,D,0
39.00805,-120.80067,350.32,0.61,0.71,2022-09-09,2202,N,VIIRS,n,2,302.1,20.46,D,0
39.01078,-120.67141,367,0.62,0.71,2022-09-09,2202,N,VIIRS,h,2,301.61,19.61,D,0
39.01092,-120.66439,353.52,0.62,0.71,2022-09-09,2202,N,VIIRS,n,2,300.31,17.56,D,0
39.01107,-120.81867,335.63,0.61,0.71,2022-09-09,2202,N,VIIRS,n,2,300.41,10.31,D,0
39.01338,-120.67495,332.68,0.62,0.71,2022-09-09,2202,N,VIIRS,n,2,298.6,9.79,D,0
39.01349,-120.66821,367,0.62,0.71,2022-09-09,2202,N,VIIRS,h,2,299.84,13.87,D,0
39.0136,-120.66076,341.32,0.62,0.71,2022-09-09,2202,N,VIIRS,n,2,297.49,13.87,D,0
39.02409,-120.67439,345.64,0.62,0.71,2022-09-09,2202,N,VIIRS,n,2,300.62,8.88,D,0
39.02426,-120.66637,333.42,0.62,0.71,2022-09-09,2202,N,VIIRS,n,2,299.61,8.88,D,0
39.02445,-120.65775,336.39,0.62,0.71,2022-09-09,2202,N,VIIRS,n,2,299.18,9.29,D,0
39.02673,-120.6768,341.04,0.62,0.71,2022-09-09,2202,N,VIIRS,n,2,300.01,11.87,D,0
39.02686,-120.66891,331.56,0.62,0.71,2022-09-09,2202,N,VIIRS,n,2,299.47,11.24,D,0
39.02705,-120.65662,367,0.62,0.71,2022-09-09,2202,N,VIIRS,h,2,300.96,11.24,D,0
39.031,-120.66375,354.22,0.62,0.71,2022-09-09,2202,N,VIIRS,n,2,299.2,9.29,D,0
39.03129,-120.65092,341.22,0.62,0.71,2022-09-09,2202,N,VIIRS,n,2,297.84,9.29,D,0
39.04052,-120.6515,335.07,0.62,0.71,2022-09-09,2202,N,VIIRS,n,2,298.55,9.39,D,0
39.04453,-120.65698,346.49,0.62,0.71,2022-09-09,2202,N,VIIRS,n,2,299.8,13.61,D,0
39.047,-120.66412,335.38,0.62,0.71,2022-09-09,2202,N,VIIRS,n,2,299.46,17.49,D,0
39.04712,-120.65727,367,0.62,0.71,2022-09-09,2202,N,VIIRS,h,2,302.59,46.29,D,0
39.04729,-120.64758,334.89,0.62,0.71,2022-09-09,2202,N,VIIRS,n,2,298.81,46.29,D,0
39.05113,-120.66084,356.13,0.62,0.71,2022-09-09,2202,N,VIIRS,n,2,305.03,48.1,D,0
39.05128,-120.65428,356.37,0.62,0.71,2022-09-09,2202,N,VIIRS,n,2,315.77,64.06,D,0
39.05146,-120.64628,333.39,0.62,0.71,2022-09-09,2202,N,VIIRS,n,2,296.72,64.06,D,0
39.05368,-120.66503,349.49,0.62,0.71,2022-09-09,2202,N,VIIRS,n,2,302.46,17.49,D,0
39.05376,-120.66058,352.9,0.62,0.71,2022-09-09,2202,N,VIIRS,n,2,309.83,46.29,D,0
39.05386,-120.65466,367,0.62,0.71,2022-09-09,2202,N,VIIRS,h,2,309.46,46.29,D,0
39.05738,-120.68073,348.82,0.61,0.71,2022-09-09,2202,N,VIIRS,n,2,302.14,16.59,D,0
39.05751,-120.67514,367,0.62,0.71,2022-09-09,2202,N,VIIRS,h,2,306.35,24.53,D,0
39.05761,-120.67054,353.96,0.62,0.71,2022-09-09,2202,N,VIIRS,n,2,302.62,24.53,D,0
39.0577,-120.66615,367,0.62,0.71,2022-09-09,2202,N,VIIRS,h,2,301.66,48.1,D,0
39.0578,-120.66163,367,0.62,0.71,2022-09-09,2202,N,VIIRS,h,2,305.15,48.1,D,0
39.05792,-120.65632,367,0.62,0.71,2022-09-09,2202,N,VIIRS,h,2,299.49,64.06,D,0
39.0601,-120.68045,367,0.62,0.71,2022-09-09,2202,N,VIIRS,h,2,303.78,80,D,0
39.06019,-120.67524,352.92,0.62,0.71,2022-09-09,2202,N,VIIRS,n,2,315.73,80,D,0
39.06027,-120.67058,367,0.62,0.71,2022-09-09,2202,N,VIIRS,h,2,307.83,57.15,D,0
39.06036,-120.66558,367,0.62,0.71,2022-09-09,2202,N,VIIRS,h,2,313.86,57.15,D,0
39.06045,-120.66057,367,0.62,0.71,2022-09-09,2202,N,VIIRS,h,2,297.47,71.13,D,0
39.06624,-120.71008,335.53,0.61,0.71,2022-09-09,2202,N,VIIRS,n,2,299.12,6.95,D,0
39.06636,-120.70379,340.28,0.61,0.71,2022-09-09,2202,N,VIIRS,n,2,300.46,6.95,D,0
39.06699,-120.66904,354.11,0.62,0.71,2022-09-09,2202,N,VIIRS,n,2,297.76,57.15,D,0
39.06709,-120.66379,348.21,0.62,0.71,2022-09-09,2202,N,VIIRS,n,2,297.49,57.15,D,0
39.07312,-120.69921,333.54,0.61,0.71,2022-09-09,2202,N,VIIRS,n,2,298.27,13.95,D,0
39.07325,-120.69253,367,0.61,0.71,2022-09-09,2202,N,VIIRS,h,2,299.28,13.95,D,0
39.07341,-120.68382,367,0.62,0.71,2022-09-09,2202,N,VIIRS,h,2,300.95,34.61,D,0
38.91963,-120.66287,306.34,0.51,0.66,2022-09-09,859,N,VIIRS,n,2,291.38,6.18,N,0
38.91983,-120.66965,314.83,0.51,0.66,2022-09-09,859,N,VIIRS,n,2,291.95,6.18,N,0
38.92006,-120.67683,309.73,0.51,0.66,2022-09-09,859,N,VIIRS,n,2,292.19,8.66,N,0
38.92073,-120.66316,313.07,0.51,0.66,2022-09-09,859,N,VIIRS,n,2,291.83,3.24,N,0
38.92098,-120.67008,325.43,0.51,0.66,2022-09-09,859,N,VIIRS,n,2,293.37,4.69,N,0
38.92124,-120.67725,320.36,0.51,0.66,2022-09-09,859,N,VIIRS,n,2,292.89,4.69,N,0
38.92147,-120.68366,303.27,0.51,0.66,2022-09-09,859,N,VIIRS,n,2,291.53,3.95,N,0
38.92567,-120.6581,304.09,0.51,0.66,2022-09-09,859,N,VIIRS,n,2,291.1,3.12,N,0
38.92585,-120.66396,340.98,0.51,0.66,2022-09-09,859,N,VIIRS,n,2,296.94,6.18,N,0
38.92606,-120.67066,344.92,0.51,0.66,2022-09-09,859,N,VIIRS,n,2,298.89,6.18,N,0
38.92628,-120.67767,346.03,0.51,0.66,2022-09-09,859,N,VIIRS,n,2,298.61,8.66,N,0
38.92646,-120.68382,335.76,0.51,0.66,2022-09-09,859,N,VIIRS,n,2,294.4,8.66,N,0
38.92664,-120.68943,312.15,0.51,0.66,2022-09-09,859,N,VIIRS,n,2,292.09,4.04,N,0
38.92675,-120.65858,306.9,0.51,0.66,2022-09-09,859,N,VIIRS,n,2,291.54,5.43,N,0
38.92681,-120.69491,305.43,0.51,0.66,2022-09-09,859,N,VIIRS,n,2,291.36,4.04,N,0
38.92697,-120.66451,343.35,0.51,0.66,2022-09-09,859,N,VIIRS,n,2,297.98,5.43,N,0
38.92721,-120.6712,344.15,0.51,0.66,2022-09-09,859,N,VIIRS,n,2,298.37,11.19,N,0
38.92747,-120.67817,345.47,0.51,0.66,2022-09-09,859,N,VIIRS,n,2,298.08,11.19,N,0
38.92769,-120.68421,343.2,0.51,0.66,2022-09-09,859,N,VIIRS,n,2,295.35,11.15,N,0
38.92789,-120.68976,315.82,0.51,0.66,2022-09-09,859,N,VIIRS,n,2,291.98,11.15,N,0
38.92809,-120.69519,306.33,0.51,0.66,2022-09-09,859,N,VIIRS,n,2,291.44,4.01,N,0
38.9311,-120.63422,304.7,0.51,0.66,2022-09-09,859,N,VIIRS,n,2,291.81,4.74,N,0
38.93131,-120.64087,333.07,0.51,0.66,2022-09-09,859,N,VIIRS,n,2,292.78,5.45,N,0
38.93151,-120.64693,332.78,0.51,0.66,2022-09-09,859,N,VIIRS,n,2,292.77,5.45,N,0
38.93169,-120.65305,316.9,0.51,0.66,2022-09-09,859,N,VIIRS,n,2,291.53,4.73,N,0
38.93188,-120.65887,318.62,0.51,0.66,2022-09-09,859,N,VIIRS,n,2,291.91,4.73,N,0
38.93207,-120.63524,311.39,0.5,0.66,2022-09-09,859,N,VIIRS,n,2,292.24,5.17,N,0
38.93208,-120.66506,326.75,0.51,0.66,2022-09-09,859,N,VIIRS,n,2,294.54,5.91,N,0
38.93229,-120.67194,335.3,0.51,0.66,2022-09-09,859,N,VIIRS,n,2,296.57,5.91,N,0
38.9323,-120.64151,337.92,0.51,0.66,2022-09-09,859,N,VIIRS,n,2,294.1,5.17,N,0
38.9325,-120.67858,345.09,0.51,0.66,2022-09-09,859,N,VIIRS,n,2,297.94,10.39,N,0
38.93253,-120.64741,332.73,0.51,0.66,2022-09-09,859,N,VIIRS,n,2,293.31,7.41,N,0
38.93268,-120.68439,367,0.51,0.66,2022-09-09,859,N,VIIRS,h,2,299.67,10.39,N,0
38.93275,-120.6534,320.45,0.51,0.66,2022-09-09,859,N,VIIRS,n,2,292.18,7.41,N,0
38.93285,-120.6898,338.99,0.51,0.66,2022-09-09,859,N,VIIRS,n,2,293.64,6.99,N,0
38.93296,-120.65926,321.57,0.51,0.66,2022-09-09,859,N,VIIRS,n,2,292.83,5.43,N,0
38.93302,-120.69507,307.71,0.51,0.66,2022-09-09,859,N,VIIRS,n,2,292.2,6.99,N,0
38.9332,-120.66562,324.85,0.51,0.66,2022-09-09,859,N,VIIRS,n,2,294.53,5.43,N,0
38.93346,-120.6726,332.8,0.51,0.66,2022-09-09,859,N,VIIRS,n,2,296.62,11.19,N,0
38.9337,-120.67908,344.42,0.51,0.66,2022-09-09,859,N,VIIRS,n,2,298.12,11.19,N,0
38.93391,-120.6848,367,0.51,0.66,2022-09-09,859,N,VIIRS,h,2,300.79,11.15,N,0
38.93411,-120.69017,333.64,0.51,0.66,2022-09-09,859,N,VIIRS,n,2,293.73,11.15,N,0
38.9343,-120.69538,307.12,0.51,0.66,2022-09-09,859,N,VIIRS,n,2,292.25,4.01,N,0
38.93718,-120.63102,340.32,0.5,0.66,2022-09-09,859,N,VIIRS,n,2,294.92,4.74,N,0
38.9374,-120.63809,323.01,0.51,0.66,2022-09-09,859,N,VIIRS,n,2,294.81,4.74,N,0
38.93756,-120.64275,318.42,0.51,0.66,2022-09-09,859,N,VIIRS,n,2,294.01,5.45,N,0
38.93773,-120.64808,324.17,0.51,0.66,2022-09-09,859,N,VIIRS,n,2,294.6,5.45,N,0
38.93789,-120.62563,304.81,0.5,0.66,2022-09-09,859,N,VIIRS,n,2,292.39,5.01,N,0
38.93791,-120.65378,324.72,0.51,0.66,2022-09-09,859,N,VIIRS,n,2,294.87,4.73,N,0
38.9381,-120.65961,323.61,0.51,0.66,2022-09-09,859,N,VIIRS,n,2,295.26,4.73,N,0
38.93814,-120.6322,343.82,0.5,0.66,2022-09-09,859,N,VIIRS,n,2,295.87,5.01,N,0
38.9383,-120.66603,322.47,0.51,0.66,2022-09-09,859,N,VIIRS,n,2,294.82,5.91,N,0
38.93839,-120.63878,320.52,0.5,0.66,2022-09-09,859,N,VIIRS,n,2,294.49,4.97,N,0
38.93851,-120.67298,321.96,0.51,0.66,2022-09-09,859,N,VIIRS,n,2,295.91,5.91,N,0
38.93857,-120.64365,318.17,0.51,0.66,2022-09-09,859,N,VIIRS,n,2,294.01,4.97,N,0
38.93872,-120.67934,326.86,0.51,0.66,2022-09-09,859,N,VIIRS,n,2,296.27,10.39,N,0
38.93877,-120.64901,323.35,0.51,0.66,2022-09-09,859,N,VIIRS,n,2,294.53,3.92,N,0
38.9389,-120.68503,336.87,0.51,0.66,2022-09-09,859,N,VIIRS,n,2,297.65,10.39,N,0
38.93899,-120.65479,324.07,0.51,0.66,2022-09-09,859,N,VIIRS,n,2,294.85,3.92,N,0
38.93906,-120.69028,331.71,0.51,0.66,2022-09-09,859,N,VIIRS,n,2,296.22,6.99,N,0
38.9392,-120.66037,322.42,0.51,0.66,2022-09-09,859,N,VIIRS,n,2,295.42,4.27,N,0
38.93922,-120.69515,308.86,0.51,0.66,2022-09-09,859,N,VIIRS,n,2,292.41,6.99,N,0
38.93943,-120.6666,322.12,0.51,0.66,2022-09-09,859,N,VIIRS,n,2,295.09,4.27,N,0
38.93968,-120.67329,320.64,0.51,0.66,2022-09-09,859,N,VIIRS,n,2,295.37,4.22,N,0
38.93993,-120.6798,322.45,0.51,0.66,2022-09-09,859,N,VIIRS,n,2,295.63,4.22,N,0
38.94014,-120.68554,330.87,0.51,0.66,2022-09-09,859,N,VIIRS,n,2,296.55,5.78,N,0
38.94033,-120.6907,332.06,0.51,0.66,2022-09-09,859,N,VIIRS,n,2,295.88,5.78,N,0
38.94051,-120.6954,310.93,0.51,0.66,2022-09-09,859,N,VIIRS,n,2,292.64,6.26,N,0
38.9435,-120.63564,334.45,0.5,0.66,2022-09-09,859,N,VIIRS,n,2,294.86,3.85,N,0
38.9437,-120.64178,326.13,0.51,0.66,2022-09-09,859,N,VIIRS,n,2,295.01,3.85,N,0
38.9439,-120.64777,317.23,0.51,0.66,2022-09-09,859,N,VIIRS,n,2,294.34,3.12,N,0
38.94407,-120.65316,314.22,0.51,0.66,2022-09-09,859,N,VIIRS,n,2,293.86,3.12,N,0
38.94421,-120.65753,315.43,0.51,0.66,2022-09-09,859,N,VIIRS,n,2,294.05,2.99,N,0
38.94435,-120.66167,316.97,0.51,0.66,2022-09-09,859,N,VIIRS,n,2,294.3,2.99,N,0
38.94448,-120.63629,329.84,0.5,0.66,2022-09-09,859,N,VIIRS,n,2,295.11,5.01,N,0
38.94451,-120.6665,320.69,0.51,0.66,2022-09-09,859,N,VIIRS,n,2,294.86,3.53,N,0
38.9447,-120.67267,319.3,0.51,0.66,2022-09-09,859,N,VIIRS,n,2,294.82,3.53,N,0
38.94473,-120.64268,325.75,0.5,0.66,2022-09-09,859,N,VIIRS,n,2,295.6,4.97,N,0
38.94493,-120.67986,314.68,0.51,0.66,2022-09-09,859,N,VIIRS,n,2,294.72,3.27,N,0
38.94496,-120.6489,318.74,0.51,0.66,2022-09-09,859,N,VIIRS,n,2,294.75,4.97,N,0
38.94513,-120.68604,315.8,0.51,0.66,2022-09-09,859,N,VIIRS,n,2,295.01,3.27,N,0
38.94516,-120.6543,313.44,0.51,0.66,2022-09-09,859,N,VIIRS,n,2,294.46,3.92,N,0
38.94529,-120.69085,332.92,0.51,0.66,2022-09-09,859,N,VIIRS,n,2,295.43,5.97,N,0
38.94531,-120.65819,314.08,0.51,0.66,2022-09-09,859,N,VIIRS,n,2,294.07,3.92,N,0
38.94542,-120.69508,340.34,0.51,0.66,2022-09-09,859,N,VIIRS,n,2,295.39,5.97,N,0
38.94547,-120.66232,317.04,0.51,0.66,2022-09-09,859,N,VIIRS,n,2,294.82,4.27,N,0
38.94558,-120.69982,306.59,0.51,0.66,2022-09-09,859,N,VIIRS,n,2,292.79,6.88,N,0
38.94565,-120.66726,320.05,0.51,0.66,2022-09-09,859,N,VIIRS,n,2,295.16,4.27,N,0
38.94588,-120.67339,318.45,0.51,0.66,2022-09-09,859,N,VIIRS,n,2,295.09,4.22,N,0
38.94615,-120.68047,315.24,0.51,0.66,2022-09-09,859,N,VIIRS,n,2,294.85,4.22,N,0
38.94638,-120.68665,315.87,0.51,0.66,2022-09-09,859,N,VIIRS,n,2,295.03,5.78,N,0
38.94655,-120.69121,333.6,0.51,0.66,2022-09-09,859,N,VIIRS,n,2,296.2,5.78,N,0
38.94671,-120.69544,340.97,0.51,0.66,2022-09-09,859,N,VIIRS,n,2,296.17,6.26,N,0
38.94689,-120.70011,310.05,0.51,0.66,2022-09-09,859,N,VIIRS,n,2,292.64,6.26,N,0
38.94981,-120.63923,307.37,0.51,0.66,2022-09-09,859,N,VIIRS,n,2,293.73,3.85,N,0
38.95005,-120.64652,320.86,0.51,0.66,2022-09-09,859,N,VIIRS,n,2,294.34,3.12,N,0
38.95031,-120.65475,313.82,0.51,0.66,2022-09-09,859,N,VIIRS,n,2,294.66,3.12,N,0
38.95048,-120.65987,313.71,0.51,0.66,2022-09-09,859,N,VIIRS,n,2,294.28,2.99,N,0
38.95065,-120.66493,315.77,0.51,0.66,2022-09-09,859,N,VIIRS,n,2,294.3,2.99,N,0
38.95081,-120.6701,315.5,0.51,0.66,2022-09-09,859,N,VIIRS,n,2,293.67,3.53,N,0
38.95098,-120.6753,316.61,0.51,0.66,2022-09-09,859,N,VIIRS,n,2,294.61,3.53,N,0
38.95116,-120.68092,316.27,0.51,0.66,2022-09-09,859,N,VIIRS,n,2,295.26,3.27,N,0
38.95137,-120.68726,312.99,0.51,0.66,2022-09-09,859,N,VIIRS,n,2,295.28,3.27,N,0
38.95151,-120.69147,314.39,0.51,0.66,2022-09-09,859,N,VIIRS,n,2,295.31,5.97,N,0
38.95164,-120.69541,331.71,0.51,0.66,2022-09-09,859,N,VIIRS,n,2,295.99,5.97,N,0
38.95179,-120.69995,329.82,0.51,0.66,2022-09-09,859,N,VIIRS,n,2,293.93,6.88,N,0
38.95641,-120.65189,319.26,0.51,0.66,2022-09-09,859,N,VIIRS,n,2,294.04,4.85,N,0
38.95671,-120.66102,313.74,0.51,0.66,2022-09-09,859,N,VIIRS,n,2,293.93,3.47,N,0
38.95692,-120.6674,314.43,0.51,0.66,2022-09-09,859,N,VIIRS,n,2,294.37,3.47,N,0
38.95709,-120.67281,315.03,0.51,0.66,2022-09-09,859,N,VIIRS,n,2,294.46,3.56,N,0
38.95725,-120.67738,317.57,0.51,0.66,2022-09-09,859,N,VIIRS,n,2,294.85,3.56,N,0
38.95744,-120.68336,315.59,0.51,0.66,2022-09-09,859,N,VIIRS,n,2,294.6,3.12,N,0
38.95761,-120.68843,314.6,0.51,0.66,2022-09-09,859,N,VIIRS,n,2,294.76,3.12,N,0
38.95773,-120.69216,311.39,0.51,0.66,2022-09-09,859,N,VIIRS,n,2,294.74,2.61,N,0
38.95786,-120.69588,313.23,0.51,0.66,2022-09-09,859,N,VIIRS,n,2,294.99,2.61,N,0
38.958,-120.70027,317.93,0.51,0.66,2022-09-09,859,N,VIIRS,n,2,294.79,4.24,N,0
38.9627,-120.65454,321.47,0.51,0.66,2022-09-09,859,N,VIIRS,n,2,293.79,3.47,N,0
38.96307,-120.66605,322.21,0.51,0.66,2022-09-09,859,N,VIIRS,n,2,294.4,3.47,N,0
38.96333,-120.67406,320.35,0.51,0.66,2022-09-09,859,N,VIIRS,n,2,294.32,3.56,N,0
38.96353,-120.68006,321.3,0.51,0.66,2022-09-09,859,N,VIIRS,n,2,294.82,3.56,N,0
38.9637,-120.68528,315.37,0.51,0.66,2022-09-09,859,N,VIIRS,n,2,294.42,3.12,N,0
38.96384,-120.68945,313.45,0.51,0.66,2022-09-09,859,N,VIIRS,n,2,294.35,3.12,N,0
38.96395,-120.69278,313.33,0.51,0.66,2022-09-09,859,N,VIIRS,n,2,293.95,2.61,N,0
38.96407,-120.69637,311.24,0.51,0.66,2022-09-09,859,N,VIIRS,n,2,294.25,2.61,N,0
38.96423,-120.70089,311.62,0.51,0.66,2022-09-09,859,N,VIIRS,n,2,294.68,4.24,N,0
38.96875,-120.65028,349.81,0.51,0.66,2022-09-09,859,N,VIIRS,n,2,294.92,10.28,N,0
38.96904,-120.65891,355.86,0.51,0.66,2022-09-09,859,N,VIIRS,n,2,297.6,10.28,N,0
38.96941,-120.67018,329.57,0.51,0.66,2022-09-09,859,N,VIIRS,n,2,294.72,7.35,N,0
38.96974,-120.68015,318.12,0.51,0.66,2022-09-09,859,N,VIIRS,n,2,294.34,7.35,N,0
38.96992,-120.68574,314.11,0.51,0.66,2022-09-09,859,N,VIIRS,n,2,294.23,2.63,N,0
38.97006,-120.68983,314.47,0.51,0.66,2022-09-09,859,N,VIIRS,n,2,294.09,2.63,N,0
38.97018,-120.69335,312,0.51,0.66,2022-09-09,859,N,VIIRS,n,2,293.48,2.3,N,0
38.9703,-120.69716,310.17,0.51,0.66,2022-09-09,859,N,VIIRS,n,2,294.14,2.3,N,0
38.97048,-120.70229,309.47,0.51,0.66,2022-09-09,859,N,VIIRS,n,2,293.98,3.93,N,0
38.97066,-120.70798,308.63,0.51,0.66,2022-09-09,859,N,VIIRS,n,2,293.64,3.93,N,0
38.97086,-120.7139,312.2,0.51,0.66,2022-09-09,859,N,VIIRS,n,2,294.33,2.44,N,0
38.97528,-120.6605,315.85,0.51,0.66,2022-09-09,859,N,VIIRS,n,2,293.33,10.28,N,0
38.97556,-120.6689,353.35,0.51,0.66,2022-09-09,859,N,VIIRS,n,2,297.72,7.35,N,0
38.97593,-120.68002,314.48,0.51,0.66,2022-09-09,859,N,VIIRS,n,2,294.62,7.35,N,0
38.97612,-120.68554,309.14,0.51,0.66,2022-09-09,859,N,VIIRS,n,2,294.62,2.63,N,0
38.97628,-120.6904,308.37,0.51,0.66,2022-09-09,859,N,VIIRS,n,2,294.46,2.63,N,0
38.97645,-120.69538,310.84,0.51,0.66,2022-09-09,859,N,VIIRS,n,2,294.25,2.3,N,0
38.97665,-120.70165,309.5,0.51,0.66,2022-09-09,859,N,VIIRS,n,2,294.73,2.3,N,0
38.97716,-120.71677,307.74,0.51,0.66,2022-09-09,859,N,VIIRS,n,2,293.98,2.44,N,0
38.97731,-120.72135,308.72,0.51,0.66,2022-09-09,859,N,VIIRS,n,2,294.08,2.44,N,0
38.97748,-120.72627,307.96,0.51,0.66,2022-09-09,859,N,VIIRS,n,2,294.08,4.15,N,0
38.98155,-120.66282,334.99,0.51,0.66,2022-09-09,859,N,VIIRS,n,2,294.05,11.45,N,0
38.98182,-120.67075,343.68,0.51,0.66,2022-09-09,859,N,VIIRS,n,2,296.07,7.63,N,0
38.98213,-120.67989,315.05,0.51,0.66,2022-09-09,859,N,VIIRS,n,2,294.44,7.63,N,0
38.98234,-120.6862,310.47,0.51,0.66,2022-09-09,859,N,VIIRS,n,2,295,2.71,N,0
38.98254,-120.69206,309.01,0.51,0.66,2022-09-09,859,N,VIIRS,n,2,294.78,2.71,N,0
38.98361,-120.72388,308.4,0.51,0.66,2022-09-09,859,N,VIIRS,n,2,294.69,6.38,N,0
38.98375,-120.72797,309.72,0.51,0.66,2022-09-09,859,N,VIIRS,n,2,295.05,2.41,N,0
38.9839,-120.73258,308.5,0.51,0.66,2022-09-09,859,N,VIIRS,n,2,294.93,2.41,N,0
38.98808,-120.67242,351.92,0.51,0.66,2022-09-09,859,N,VIIRS,n,2,296.73,7.63,N,0
38.9883,-120.67917,327.82,0.51,0.66,2022-09-09,859,N,VIIRS,n,2,295.44,7.63,N,0
38.98858,-120.68722,312.1,0.51,0.66,2022-09-09,859,N,VIIRS,n,2,293.86,2.71,N,0
38.98876,-120.69253,310.33,0.51,0.66,2022-09-09,859,N,VIIRS,n,2,294.41,2.71,N,0
38.98892,-120.6974,309.73,0.51,0.66,2022-09-09,859,N,VIIRS,n,2,294.85,3.77,N,0
38.98909,-120.70242,309,0.51,0.66,2022-09-09,859,N,VIIRS,n,2,294.67,3.77,N,0
38.99018,-120.73431,310.1,0.51,0.66,2022-09-09,859,N,VIIRS,n,2,295.4,2.41,N,0
38.99035,-120.73953,313.79,0.51,0.66,2022-09-09,859,N,VIIRS,n,2,295.97,3.3,N,0
38.99056,-120.74571,311.47,0.51,0.66,2022-09-09,859,N,VIIRS,n,2,296.37,3.3,N,0
38.99078,-120.75213,310.02,0.51,0.66,2022-09-09,859,N,VIIRS,n,2,296.33,2.89,N,0
38.99099,-120.75863,313.51,0.51,0.66,2022-09-09,859,N,VIIRS,n,2,296.88,2.89,N,0
38.99141,-120.77113,328.11,0.51,0.66,2022-09-09,859,N,VIIRS,n,2,297.59,7.95,N,0
38.99167,-120.77886,329.12,0.51,0.66,2022-09-09,859,N,VIIRS,n,2,296.18,9.09,N,0
38.99405,-120.66577,315.3,0.51,0.66,2022-09-09,859,N,VIIRS,n,2,292.52,14.7,N,0
38.99442,-120.67654,321.89,0.51,0.66,2022-09-09,859,N,VIIRS,n,2,294.09,14.7,N,0
38.99467,-120.68383,312.99,0.51,0.66,2022-09-09,859,N,VIIRS,n,2,293.68,3.78,N,0
38.99485,-120.68919,309.67,0.51,0.66,2022-09-09,859,N,VIIRS,n,2,293.74,3.78,N,0
38.99757,-120.76913,319.06,0.51,0.66,2022-09-09,859,N,VIIRS,n,2,297.39,6.71,N,0
38.9978,-120.77591,356.49,0.51,0.66,2022-09-09,859,N,VIIRS,n,2,301.16,6.71,N,0
38.99813,-120.78603,367,0.51,0.66,2022-09-09,859,N,VIIRS,h,2,301.61,16.1,N,0
38.99839,-120.7937,322.16,0.51,0.66,2022-09-09,859,N,VIIRS,n,2,295.62,16.1,N,0
38.99986,-120.65473,307.29,0.51,0.66,2022-09-09,859,N,VIIRS,n,2,291.74,9.15,N,0
39.00009,-120.66128,353.49,0.51,0.66,2022-09-09,859,N,VIIRS,n,2,301.9,14.7,N,0
39.00038,-120.66969,342.26,0.51,0.66,2022-09-09,859,N,VIIRS,n,2,295.34,14.7,N,0
39.00066,-120.6778,320.69,0.51,0.66,2022-09-09,859,N,VIIRS,n,2,293.9,3.78,N,0
39.00089,-120.68442,311.53,0.51,0.66,2022-09-09,859,N,VIIRS,n,2,293.39,3.78,N,0
39.00109,-120.69014,307.64,0.51,0.66,2022-09-09,859,N,VIIRS,n,2,292.84,7.01,N,0
39.00398,-120.77457,331.56,0.51,0.66,2022-09-09,859,N,VIIRS,n,2,297.94,6.71,N,0
39.00419,-120.78071,312.94,0.51,0.66,2022-09-09,859,N,VIIRS,n,2,296.49,6.71,N,0
39.00476,-120.79771,309.3,0.51,0.66,2022-09-09,859,N,VIIRS,n,2,295.11,5.56,N,0
39.00497,-120.80369,342.08,0.52,0.66,2022-09-09,859,N,VIIRS,n,2,296.18,5.56,N,0
39.0063,-120.66164,328.8,0.51,0.66,2022-09-09,859,N,VIIRS,n,2,293.87,5.78,N,0
39.00652,-120.668,325.95,0.51,0.66,2022-09-09,859,N,VIIRS,n,2,294.46,5.78,N,0
39.00677,-120.67507,318.54,0.51,0.66,2022-09-09,859,N,VIIRS,n,2,293.48,4.27,N,0
39.00702,-120.68219,310.08,0.51,0.66,2022-09-09,859,N,VIIRS,n,2,292.76,4.27,N,0
39.00726,-120.689,306.88,0.51,0.66,2022-09-09,859,N,VIIRS,n,2,292.69,2.51,N,0
39.00752,-120.69657,306.57,0.51,0.66,2022-09-09,859,N,VIIRS,n,2,292.56,2.51,N,0
39.01118,-120.67525,324.56,0.51,0.66,2022-09-09,859,N,VIIRS,n,2,293.04,7.9,N,0
39.01123,-120.80435,326.77,0.52,0.66,2022-09-09,859,N,VIIRS,n,2,296.63,5.44,N,0
39.01139,-120.68227,329.34,0.51,0.66,2022-09-09,859,N,VIIRS,n,2,293.46,4.82,N,0
39.01143,-120.81027,342.11,0.52,0.67,2022-09-09,859,N,VIIRS,n,2,296.63,5.44,N,0
39.0116,-120.68948,315.13,0.51,0.66,2022-09-09,859,N,VIIRS,n,2,293.27,4.82,N,0
39.01185,-120.69823,308.85,0.51,0.66,2022-09-09,859,N,VIIRS,n,2,293.18,4.57,N,0
39.01308,-120.67838,322.67,0.51,0.66,2022-09-09,859,N,VIIRS,n,2,293.48,4.27,N,0
39.01333,-120.68528,341,0.51,0.66,2022-09-09,859,N,VIIRS,n,2,295.17,4.27,N,0
39.0136,-120.69302,314.36,0.51,0.66,2022-09-09,859,N,VIIRS,n,2,293.53,2.51,N,0
39.01388,-120.70082,308.08,0.51,0.66,2022-09-09,859,N,VIIRS,n,2,293.24,2.51,N,0
39.01771,-120.68668,331.99,0.51,0.66,2022-09-09,859,N,VIIRS,n,2,294.64,4.82,N,0
39.01789,-120.69275,330.98,0.51,0.66,2022-09-09,859,N,VIIRS,n,2,294.48,4.82,N,0
39.01805,-120.69823,312.03,0.51,0.66,2022-09-09,859,N,VIIRS,n,2,294.16,4.57,N,0
39.01945,-120.68302,308.54,0.51,0.66,2022-09-09,859,N,VIIRS,n,2,292.78,7.37,N,0
39.01968,-120.68938,333.01,0.51,0.66,2022-09-09,859,N,VIIRS,n,2,294.5,7.37,N,0
39.01986,-120.69451,331.14,0.51,0.66,2022-09-09,859,N,VIIRS,n,2,294.95,6.9,N,0
39.02003,-120.69939,310.87,0.51,0.66,2022-09-09,859,N,VIIRS,n,2,294.05,6.9,N,0
39.02102,-120.79877,309.18,0.52,0.67,2022-09-09,859,N,VIIRS,n,2,295.06,4.92,N,0
39.02116,-120.80337,308.07,0.52,0.67,2022-09-09,859,N,VIIRS,n,2,294.79,4.36,N,0
39.02322,-120.79008,307.54,0.51,0.66,2022-09-09,859,N,VIIRS,n,2,294.7,4.63,N,0
39.02338,-120.79471,316.05,0.52,0.66,2022-09-09,859,N,VIIRS,n,2,295.74,4.63,N,0
39.02354,-120.79935,367,0.52,0.66,2022-09-09,859,N,VIIRS,h,2,296.93,8.39,N,0
39.02366,-120.67827,308.71,0.51,0.66,2022-09-09,859,N,VIIRS,n,2,292.4,9.84,N,0
39.02387,-120.68506,335.3,0.51,0.66,2022-09-09,859,N,VIIRS,n,2,294.01,19.36,N,0
39.02406,-120.69121,353.67,0.51,0.66,2022-09-09,859,N,VIIRS,n,2,296.35,19.36,N,0
39.02422,-120.69664,318.28,0.51,0.66,2022-09-09,859,N,VIIRS,n,2,294.15,4.69,N,0
39.02438,-120.7019,310.49,0.51,0.66,2022-09-09,859,N,VIIRS,n,2,293.65,4.69,N,0
39.02546,-120.67773,329.59,0.51,0.66,2022-09-09,859,N,VIIRS,n,2,292.48,7.37,N,0
39.0257,-120.6844,367,0.51,0.66,2022-09-09,859,N,VIIRS,h,2,296.24,7.37,N,0
39.02594,-120.69102,341.22,0.51,0.66,2022-09-09,859,N,VIIRS,n,2,295.56,6.9,N,0
39.02616,-120.69719,317.61,0.51,0.66,2022-09-09,859,N,VIIRS,n,2,293.84,6.9,N,0
39.02639,-120.70355,311.04,0.51,0.66,2022-09-09,859,N,VIIRS,n,2,293.69,6.77,N,0
39.02708,-120.79237,308.2,0.52,0.66,2022-09-09,859,N,VIIRS,n,2,294.2,6.23,N,0
39.02722,-120.79713,367,0.52,0.67,2022-09-09,859,N,VIIRS,h,2,297.34,6.23,N,0
39.02737,-120.80231,306.96,0.52,0.67,2022-09-09,859,N,VIIRS,n,2,293.74,8.81,N,0
39.02953,-120.6669,304.94,0.51,0.66,2022-09-09,859,N,VIIRS,n,2,292.05,9.84,N,0
39.02967,-120.67163,355.22,0.51,0.66,2022-09-09,859,N,VIIRS,n,2,293.97,9.84,N,0
39.02973,-120.79789,312.32,0.52,0.66,2022-09-09,859,N,VIIRS,n,2,294.48,8.39,N,0
39.02987,-120.67796,367,0.51,0.66,2022-09-09,859,N,VIIRS,h,2,300.4,19.36,N,0
39.03009,-120.68536,346.09,0.51,0.66,2022-09-09,859,N,VIIRS,n,2,296.59,19.36,N,0
39.03034,-120.69372,320.03,0.51,0.66,2022-09-09,859,N,VIIRS,n,2,293.92,4.69,N,0
39.0306,-120.70222,312.96,0.51,0.66,2022-09-09,859,N,VIIRS,n,2,294.02,4.69,N,0
39.0313,-120.66756,309.84,0.51,0.66,2022-09-09,859,N,VIIRS,n,2,292.26,8.58,N,0
39.03149,-120.6729,354.98,0.51,0.66,2022-09-09,859,N,VIIRS,n,2,298.69,17.89,N,0
39.03176,-120.68026,367,0.51,0.66,2022-09-09,859,N,VIIRS,h,2,297.28,17.89,N,0
39.03209,-120.68941,323.81,0.51,0.66,2022-09-09,859,N,VIIRS,n,2,294.06,6.12,N,0
39.0324,-120.69805,315.11,0.51,0.66,2022-09-09,859,N,VIIRS,n,2,294.27,6.12,N,0
39.03272,-120.70678,308.16,0.51,0.66,2022-09-09,859,N,VIIRS,n,2,293.81,6.34,N,0
39.03569,-120.66574,332.32,0.51,0.66,2022-09-09,859,N,VIIRS,n,2,292.76,7.69,N,0
39.03585,-120.67082,353.28,0.51,0.66,2022-09-09,859,N,VIIRS,n,2,295.24,7.69,N,0
39.03613,-120.68003,324.37,0.51,0.66,2022-09-09,859,N,VIIRS,n,2,293.84,4.64,N,0
39.03648,-120.69147,313.78,0.51,0.66,2022-09-09,859,N,VIIRS,n,2,294.21,4.64,N,0
39.03672,-120.69955,309.87,0.51,0.66,2022-09-09,859,N,VIIRS,n,2,294.6,7.18,N,0
39.03731,-120.66257,313.14,0.51,0.66,2022-09-09,859,N,VIIRS,n,2,292.75,8.58,N,0
39.03748,-120.66704,367,0.51,0.66,2022-09-09,859,N,VIIRS,h,2,295.41,8.58,N,0
39.03772,-120.67365,347.69,0.51,0.66,2022-09-09,859,N,VIIRS,n,2,295.82,17.89,N,0
39.03815,-120.68548,314.3,0.51,0.66,2022-09-09,859,N,VIIRS,n,2,294.3,17.89,N,0
39.03846,-120.69405,310.32,0.51,0.66,2022-09-09,859,N,VIIRS,n,2,294.56,6.12,N,0
39.04189,-120.66581,340.44,0.51,0.66,2022-09-09,859,N,VIIRS,n,2,294.47,7.69,N,0
39.04221,-120.67628,342.02,0.51,0.66,2022-09-09,859,N,VIIRS,n,2,296.04,7.69,N,0
39.04248,-120.68497,312.17,0.51,0.66,2022-09-09,859,N,VIIRS,n,2,294.47,4.64,N,0
39.04266,-120.69063,310.35,0.51,0.66,2022-09-09,859,N,VIIRS,n,2,294.65,4.64,N,0
39.04378,-120.66995,330.11,0.51,0.66,2022-09-09,859,N,VIIRS,n,2,294.21,4.78,N,0
39.0442,-120.68124,320.22,0.51,0.66,2022-09-09,859,N,VIIRS,n,2,294.35,3.74,N,0
39.04441,-120.68698,310.68,0.51,0.66,2022-09-09,859,N,VIIRS,n,2,294.41,3.74,N,0
39.04458,-120.69159,309.09,0.51,0.66,2022-09-09,859,N,VIIRS,n,2,294.55,3.12,N,0
39.04811,-120.66657,315.32,0.51,0.66,2022-09-09,859,N,VIIRS,n,2,292.88,4,N,0
39.04853,-120.68003,318.94,0.51,0.66,2022-09-09,859,N,VIIRS,n,2,293.83,4,N,0
39.04868,-120.68497,311.97,0.51,0.66,2022-09-09,859,N,VIIRS,n,2,293.84,4.1,N,0
39.04882,-120.68919,311.15,0.51,0.66,2022-09-09,859,N,VIIRS,n,2,293.83,4.1,N,0
39.04894,-120.69305,310.27,0.51,0.66,2022-09-09,859,N,VIIRS,n,2,293.7,2.65,N,0
39.04917,-120.70023,311.34,0.51,0.66,2022-09-09,859,N,VIIRS,n,2,294.17,2.65,N,0
39.04943,-120.7086,307.81,0.51,0.66,2022-09-09,859,N,VIIRS,n,2,294.42,2.62,N,0
39.05005,-120.67171,319.77,0.51,0.66,2022-09-09,859,N,VIIRS,n,2,293.53,4.78,N,0
39.0504,-120.68105,317.4,0.51,0.66,2022-09-09,859,N,VIIRS,n,2,293.83,3.74,N,0
39.05057,-120.68575,315.06,0.51,0.66,2022-09-09,859,N,VIIRS,n,2,293.96,3.74,N,0
39.05072,-120.68988,312.52,0.51,0.66,2022-09-09,859,N,VIIRS,n,2,293.72,3.12,N,0
39.05087,-120.6938,311.16,0.51,0.66,2022-09-09,859,N,VIIRS,n,2,293.69,3.12,N,0
39.05121,-120.70283,312.64,0.51,0.66,2022-09-09,859,N,VIIRS,n,2,294.51,7.63,N,0
39.05465,-120.67747,328.69,0.51,0.66,2022-09-09,859,N,VIIRS,n,2,294.39,4,N,0
39.05484,-120.68336,331.73,0.51,0.66,2022-09-09,859,N,VIIRS,n,2,294.78,4.1,N,0
39.05498,-120.68775,316.61,0.51,0.66,2022-09-09,859,N,VIIRS,n,2,294.03,4.1,N,0
39.05511,-120.69163,313.77,0.51,0.66,2022-09-09,859,N,VIIRS,n,2,293.86,2.65,N,0
39.05527,-120.69688,314.63,0.51,0.66,2022-09-09,859,N,VIIRS,n,2,294.18,2.65,N,0
39.05561,-120.70777,312.54,0.51,0.66,2022-09-09,859,N,VIIRS,n,2,294.67,2.62,N,0
39.0558,-120.71354,306.21,0.51,0.66,2022-09-09,859,N,VIIRS,n,2,293.97,2.62,N,0
39.061,-120.68212,321.1,0.51,0.66,2022-09-09,859,N,VIIRS,n,2,293.46,9.01,N,0
39.06119,-120.68779,348.18,0.51,0.66,2022-09-09,859,N,VIIRS,n,2,295.84,9.01,N,0
39.06132,-120.69173,325,0.51,0.66,2022-09-09,859,N,VIIRS,n,2,294.27,16.11,N,0
39.06148,-120.69683,318.64,0.51,0.66,2022-09-09,859,N,VIIRS,n,2,293.76,16.11,N,0
39.0618,-120.70683,322.13,0.51,0.66,2022-09-09,859,N,VIIRS,n,2,294.18,8.97,N,0
39.06199,-120.71262,327.53,0.51,0.66,2022-09-09,859,N,VIIRS,n,2,294.66,8.97,N,0
39.06212,-120.71682,312.56,0.51,0.66,2022-09-09,859,N,VIIRS,n,2,293.75,3.42,N,0
39.06224,-120.72047,307.14,0.51,0.66,2022-09-09,859,N,VIIRS,n,2,293.81,3.42,N,0
39.06237,-120.72459,310.73,0.51,0.66,2022-09-09,859,N,VIIRS,n,2,294.03,2.65,N,0
39.06252,-120.72916,314.48,0.51,0.66,2022-09-09,859,N,VIIRS,n,2,294.66,2.65,N,0
39.06737,-120.68708,334.08,0.51,0.66,2022-09-09,859,N,VIIRS,n,2,294.06,9.01,N,0
39.06752,-120.69142,367,0.51,0.66,2022-09-09,859,N,VIIRS,h,2,298.68,16.11,N,0
39.06768,-120.6965,367,0.51,0.66,2022-09-09,859,N,VIIRS,h,2,297.72,16.11,N,0
39.06797,-120.70552,354.59,0.51,0.66,2022-09-09,859,N,VIIRS,n,2,296.31,8.97,N,0
39.06816,-120.71157,320.44,0.51,0.66,2022-09-09,859,N,VIIRS,n,2,293.38,8.97,N,0
39.0683,-120.71586,320.8,0.51,0.66,2022-09-09,859,N,VIIRS,n,2,293.99,3.42,N,0
39.06843,-120.71969,319.24,0.51,0.66,2022-09-09,859,N,VIIRS,n,2,293.8,3.42,N,0
39.06856,-120.72375,314.22,0.51,0.66,2022-09-09,859,N,VIIRS,n,2,293.36,2.65,N,0
39.0687,-120.72806,312.14,0.51,0.66,2022-09-09,859,N,VIIRS,n,2,293.12,2.65,N,0
39.06888,-120.73372,304.63,0.51,0.66,2022-09-09,859,N,VIIRS,n,2,291.94,4.8,N,0
39.07386,-120.6956,304.92,0.51,0.66,2022-09-09,859,N,VIIRS,n,2,292.6,3.1,N,0
39.07413,-120.70377,305.38,0.51,0.66,2022-09-09,859,N,VIIRS,n,2,292.4,3.44,N,0
39.07475,-120.7229,305.62,0.51,0.66,2022-09-09,859,N,VIIRS,n,2,292.31,2.25,N,0
39.0749,-120.72733,316.14,0.51,0.66,2022-09-09,859,N,VIIRS,n,2,292.95,2.25,N,0
38.91932,-120.6729,311.26,0.39,0.44,2022-09-10,1021,N,VIIRS,n,2,293.99,1.41,N,0
38.91958,-120.6543,304.05,0.39,0.44,2022-09-10,1021,N,VIIRS,n,2,290.86,3.16,N,0
38.92052,-120.65876,317.49,0.39,0.44,2022-09-10,1021,N,VIIRS,n,2,295.72,3.16,N,0
38.921,-120.65632,320.08,0.39,0.44,2022-09-10,1021,N,VIIRS,n,2,295.48,3.28,N,0
38.92145,-120.66313,319.58,0.39,0.44,2022-09-10,1021,N,VIIRS,n,2,295.47,2.14,N,0
38.92197,-120.66074,318.55,0.39,0.44,2022-09-10,1021,N,VIIRS,n,2,296.14,3.28,N,0
38.92198,-120.68546,307.37,0.38,0.44,2022-09-10,1021,N,VIIRS,n,2,292.08,1.17,N,0
38.92233,-120.66727,308.33,0.39,0.44,2022-09-10,1021,N,VIIRS,n,2,294.15,2.14,N,0
38.92289,-120.66498,308.04,0.39,0.44,2022-09-10,1021,N,VIIRS,n,2,294.33,3.29,N,0
38.92342,-120.65257,351.68,0.39,0.44,2022-09-10,1021,N,VIIRS,n,2,296.71,3.16,N,0
38.92387,-120.6502,340.61,0.39,0.44,2022-09-10,1021,N,VIIRS,n,2,295.67,7.75,N,0
38.92435,-120.65698,315.73,0.39,0.44,2022-09-10,1021,N,VIIRS,n,2,296.04,3.16,N,0
38.92482,-120.65454,340.75,0.39,0.44,2022-09-10,1021,N,VIIRS,n,2,298.78,3.28,N,0
38.92493,-120.67954,307.61,0.38,0.44,2022-09-10,1021,N,VIIRS,n,2,294.25,1.33,N,0
38.92578,-120.65893,308.68,0.39,0.44,2022-09-10,1021,N,VIIRS,n,2,294.68,3.28,N,0
38.92584,-120.68385,308.36,0.38,0.44,2022-09-10,1021,N,VIIRS,n,2,294,1.33,N,0
38.92618,-120.62204,311.41,0.39,0.44,2022-09-10,1021,N,VIIRS,n,2,292.01,1.67,N,0
38.92709,-120.62625,327.55,0.39,0.44,2022-09-10,1021,N,VIIRS,n,2,292.86,3.68,N,0
38.92773,-120.64857,330.54,0.39,0.44,2022-09-10,1021,N,VIIRS,n,2,290.69,3.29,N,0
38.92799,-120.63036,337.59,0.39,0.44,2022-09-10,1021,N,VIIRS,n,2,294.23,3.68,N,0
38.92865,-120.65282,340.96,0.39,0.44,2022-09-10,1021,N,VIIRS,n,2,293.16,2.98,N,0
38.92897,-120.6155,304.28,0.39,0.44,2022-09-10,1021,N,VIIRS,n,2,292.29,7.59,N,0
38.9296,-120.65717,322.04,0.39,0.44,2022-09-10,1021,N,VIIRS,n,2,294.66,2.98,N,0
38.92997,-120.62012,342.06,0.39,0.44,2022-09-10,1021,N,VIIRS,n,2,298.16,7.59,N,0
38.9309,-120.6244,325.89,0.39,0.44,2022-09-10,1021,N,VIIRS,n,2,297.24,2.71,N,0
38.93157,-120.69114,306.23,0.38,0.43,2022-09-10,1021,N,VIIRS,n,2,292.6,1.38,N,0
38.93159,-120.64697,335.28,0.39,0.44,2022-09-10,1021,N,VIIRS,n,2,294,3.29,N,0
38.93179,-120.62849,315.89,0.39,0.44,2022-09-10,1021,N,VIIRS,n,2,296.41,2.71,N,0
38.93252,-120.65129,309.7,0.39,0.44,2022-09-10,1021,N,VIIRS,n,2,293.19,2.98,N,0
38.93364,-120.61761,354.39,0.39,0.44,2022-09-10,1021,N,VIIRS,n,2,300.78,7.59,N,0
38.93462,-120.62212,320.01,0.39,0.44,2022-09-10,1021,N,VIIRS,n,2,297.25,2.71,N,0
38.93528,-120.70872,306.01,0.38,0.43,2022-09-10,1021,N,VIIRS,n,2,292.76,1.33,N,0
38.93553,-120.62632,307.57,0.39,0.44,2022-09-10,1021,N,VIIRS,n,2,294.66,2.71,N,0
38.93609,-120.70641,311.05,0.38,0.43,2022-09-10,1021,N,VIIRS,n,2,293.73,1.4,N,0
38.93697,-120.71045,310.48,0.38,0.43,2022-09-10,1021,N,VIIRS,n,2,293.58,1.4,N,0
38.9373,-120.61506,346.54,0.39,0.44,2022-09-10,1021,N,VIIRS,n,2,297.76,7.58,N,0
38.9383,-120.61969,340.9,0.39,0.44,2022-09-10,1021,N,VIIRS,n,2,297.45,5.51,N,0
38.93924,-120.62399,327.64,0.39,0.44,2022-09-10,1021,N,VIIRS,n,2,294.89,5.51,N,0
38.94001,-120.70512,307.55,0.38,0.43,2022-09-10,1021,N,VIIRS,n,2,294.74,2.13,N,0
38.94089,-120.7092,326.96,0.38,0.43,2022-09-10,1021,N,VIIRS,n,2,296.57,2.13,N,0
38.94174,-120.71313,350.35,0.38,0.43,2022-09-10,1021,N,VIIRS,n,2,298.67,11.23,N,0
38.94204,-120.61751,320.94,0.39,0.44,2022-09-10,1021,N,VIIRS,n,2,293.93,5.51,N,0
38.94295,-120.6217,352.57,0.39,0.44,2022-09-10,1021,N,VIIRS,n,2,299.13,5.51,N,0
38.94392,-120.70383,315.98,0.38,0.43,2022-09-10,1021,N,VIIRS,n,2,295.26,2.13,N,0
38.9448,-120.70791,317.93,0.38,0.43,2022-09-10,1021,N,VIIRS,n,2,296.93,2.13,N,0
38.94565,-120.71185,341.97,0.38,0.43,2022-09-10,1021,N,VIIRS,n,2,300.74,11.23,N,0
38.9465,-120.71575,313.3,0.38,0.43,2022-09-10,1021,N,VIIRS,n,2,293.72,11.23,N,0
38.9478,-120.70235,309.18,0.38,0.43,2022-09-10,1021,N,VIIRS,n,2,294.99,1.75,N,0
38.94871,-120.70657,321.67,0.38,0.43,2022-09-10,1021,N,VIIRS,n,2,297.2,1.75,N,0
38.94956,-120.71052,309.02,0.38,0.43,2022-09-10,1021,N,VIIRS,n,2,295.75,2.63,N,0
38.94975,-120.63368,320.71,0.39,0.44,2022-09-10,1021,N,VIIRS,n,2,294.69,7.76,N,0
38.95259,-120.70512,313.8,0.38,0.43,2022-09-10,1021,N,VIIRS,n,2,294.95,1.75,N,0
38.95346,-120.70917,309.3,0.38,0.43,2022-09-10,1021,N,VIIRS,n,2,295.61,2.63,N,0
38.95395,-120.6336,354.41,0.39,0.44,2022-09-10,1021,N,VIIRS,n,2,299.13,7.76,N,0
38.95497,-120.63834,313.69,0.39,0.44,2022-09-10,1021,N,VIIRS,n,2,295.04,7.76,N,0
38.95547,-120.69907,325.35,0.38,0.43,2022-09-10,1021,N,VIIRS,n,2,295.79,5.49,N,0
38.95645,-120.7036,330.16,0.38,0.43,2022-09-10,1021,N,VIIRS,n,2,298.78,5.49,N,0
38.95734,-120.70772,326.24,0.38,0.43,2022-09-10,1021,N,VIIRS,n,2,297.5,8.13,N,0
38.95805,-120.63312,341.63,0.39,0.44,2022-09-10,1021,N,VIIRS,n,2,297.51,5.41,N,0
38.9582,-120.71175,317.67,0.38,0.43,2022-09-10,1021,N,VIIRS,n,2,295.79,8.13,N,0
38.95905,-120.63773,330.19,0.39,0.44,2022-09-10,1021,N,VIIRS,n,2,299.71,5.41,N,0
38.95996,-120.64198,314.17,0.39,0.44,2022-09-10,1021,N,VIIRS,n,2,294.95,3.63,N,0
38.96029,-120.70198,349.6,0.38,0.43,2022-09-10,1021,N,VIIRS,n,2,301.51,5.49,N,0
38.96122,-120.70628,341.62,0.38,0.43,2022-09-10,1021,N,VIIRS,n,2,299.17,8.13,N,0
38.96212,-120.63246,315.75,0.39,0.44,2022-09-10,1021,N,VIIRS,n,2,292.86,5.41,N,0
38.96306,-120.63683,354.93,0.39,0.44,2022-09-10,1021,N,VIIRS,n,2,307.47,5.41,N,0
38.96396,-120.64101,337.62,0.39,0.44,2022-09-10,1021,N,VIIRS,n,2,302,3.63,N,0
38.96411,-120.70022,350.97,0.38,0.43,2022-09-10,1021,N,VIIRS,n,2,306.42,15.74,N,0
38.96483,-120.64507,318.36,0.39,0.44,2022-09-10,1021,N,VIIRS,n,2,296.59,3.63,N,0
38.96507,-120.70467,339.14,0.38,0.43,2022-09-10,1021,N,VIIRS,n,2,297.97,19.11,N,0
38.96604,-120.63113,306.73,0.39,0.44,2022-09-10,1021,N,VIIRS,n,2,292.74,3.84,N,0
38.96695,-120.63539,342.85,0.39,0.44,2022-09-10,1021,N,VIIRS,n,2,298.02,3.84,N,0
38.96785,-120.63958,367,0.39,0.44,2022-09-10,1021,N,VIIRS,h,2,304.26,15.5,N,0
38.96876,-120.64378,357.49,0.39,0.44,2022-09-10,1021,N,VIIRS,n,2,306.16,15.5,N,0
38.96965,-120.64794,356.16,0.39,0.44,2022-09-10,1021,N,VIIRS,n,2,307.21,26.4,N,0
38.97052,-120.65196,345.89,0.38,0.44,2022-09-10,1021,N,VIIRS,n,2,299.23,26.4,N,0
38.97254,-120.64181,325.58,0.39,0.44,2022-09-10,1021,N,VIIRS,n,2,295.02,15.5,N,0
38.9734,-120.64583,352.14,0.39,0.44,2022-09-10,1021,N,VIIRS,n,2,310.44,26.4,N,0
38.97425,-120.64979,338.55,0.38,0.44,2022-09-10,1021,N,VIIRS,n,2,299.77,26.4,N,0
38.9751,-120.65373,318.36,0.38,0.44,2022-09-10,1021,N,VIIRS,n,2,296.25,2.74,N,0
38.97594,-120.65768,308.52,0.38,0.44,2022-09-10,1021,N,VIIRS,n,2,294.35,2.74,N,0
38.97707,-120.64331,306.61,0.39,0.44,2022-09-10,1021,N,VIIRS,n,2,293.29,2.85,N,0
38.97789,-120.64719,340.16,0.38,0.44,2022-09-10,1021,N,VIIRS,n,2,296.5,2.85,N,0
38.97879,-120.65134,334.07,0.38,0.44,2022-09-10,1021,N,VIIRS,n,2,296.27,4.78,N,0
38.97971,-120.65563,345.74,0.38,0.44,2022-09-10,1021,N,VIIRS,n,2,296.59,4.78,N,0
38.98061,-120.65981,318.62,0.38,0.44,2022-09-10,1021,N,VIIRS,n,2,294.48,2.97,N,0
38.98149,-120.66394,319.26,0.38,0.43,2022-09-10,1021,N,VIIRS,n,2,294.05,2.97,N,0
38.98205,-120.78368,306.48,0.57,0.43,2022-09-10,1021,N,VIIRS,n,2,292.98,1.37,N,0
38.98333,-120.78971,315.04,0.57,0.43,2022-09-10,1021,N,VIIRS,n,2,294.68,3.43,N,0
38.98366,-120.6545,328.31,0.38,0.44,2022-09-10,1021,N,VIIRS,n,2,294.6,4.78,N,0
38.98451,-120.65846,330.64,0.38,0.44,2022-09-10,1021,N,VIIRS,n,2,296.59,2.97,N,0
38.98462,-120.79568,311.26,0.57,0.43,2022-09-10,1021,N,VIIRS,n,2,294.19,3.43,N,0
38.98532,-120.66225,335.43,0.38,0.43,2022-09-10,1021,N,VIIRS,n,2,297.71,2.97,N,0
38.98591,-120.78225,304.87,0.57,0.43,2022-09-10,1021,N,VIIRS,n,2,293.78,1.37,N,0
38.98593,-120.80181,335.93,0.57,0.43,2022-09-10,1021,N,VIIRS,n,2,296.15,5.67,N,0
38.98717,-120.80762,324.13,0.57,0.43,2022-09-10,1021,N,VIIRS,n,2,294.51,5.67,N,0
38.98769,-120.65369,346.01,0.38,0.44,2022-09-10,1021,N,VIIRS,n,2,296.68,6.84,N,0
38.98832,-120.79353,334.68,0.57,0.43,2022-09-10,1021,N,VIIRS,n,2,297.18,3.43,N,0
38.98854,-120.65764,309.95,0.38,0.44,2022-09-10,1021,N,VIIRS,n,2,294.09,2.56,N,0
38.98962,-120.79958,322.12,0.57,0.43,2022-09-10,1021,N,VIIRS,n,2,295.5,5.67,N,0
38.99083,-120.64875,329.11,0.38,0.44,2022-09-10,1021,N,VIIRS,n,2,294.36,6.84,N,0
38.99178,-120.65319,344.21,0.38,0.44,2022-09-10,1021,N,VIIRS,n,2,301.29,6.84,N,0
38.992,-120.79118,335.63,0.57,0.43,2022-09-10,1021,N,VIIRS,n,2,298.56,8.34,N,0
38.99268,-120.65738,312.49,0.38,0.44,2022-09-10,1021,N,VIIRS,n,2,295.17,2.56,N,0
38.99324,-120.797,308.97,0.57,0.43,2022-09-10,1021,N,VIIRS,n,2,294.28,3.32,N,0
38.9939,-120.64349,343.97,0.38,0.44,2022-09-10,1021,N,VIIRS,n,2,293.59,16.97,N,0
38.99458,-120.78374,308.91,0.57,0.43,2022-09-10,1021,N,VIIRS,n,2,295.3,8.34,N,0
38.99487,-120.64797,341.81,0.38,0.44,2022-09-10,1021,N,VIIRS,n,2,296.72,7.76,N,0
38.99571,-120.78902,347.28,0.57,0.43,2022-09-10,1021,N,VIIRS,n,2,299.01,8.34,N,0
38.99583,-120.65252,327.96,0.38,0.44,2022-09-10,1021,N,VIIRS,n,2,297.23,7.76,N,0
38.99673,-120.65677,328.28,0.38,0.44,2022-09-10,1021,N,VIIRS,n,2,297.64,4.87,N,0
38.99697,-120.79493,329.45,0.57,0.43,2022-09-10,1021,N,VIIRS,n,2,294.49,3.32,N,0
38.99785,-120.64229,349.43,0.38,0.44,2022-09-10,1021,N,VIIRS,n,2,304.67,16.97,N,0
38.99842,-120.8017,307.98,0.57,0.43,2022-09-10,1021,N,VIIRS,n,2,293.27,3.32,N,0
38.99876,-120.64656,342.79,0.38,0.44,2022-09-10,1021,N,VIIRS,n,2,298.43,7.76,N,0
38.99953,-120.78738,329.25,0.57,0.43,2022-09-10,1021,N,VIIRS,n,2,295.34,6.95,N,0
38.99969,-120.65095,348.1,0.38,0.44,2022-09-10,1021,N,VIIRS,n,2,300.61,7.76,N,0
39.00062,-120.65528,353.95,0.38,0.44,2022-09-10,1021,N,VIIRS,n,2,300.56,4.87,N,0
39.0009,-120.79378,313.9,0.57,0.43,2022-09-10,1021,N,VIIRS,n,2,294.24,18.85,N,0
39.00119,-120.81467,318.5,0.57,0.43,2022-09-10,1021,N,VIIRS,n,2,293.78,3.93,N,0
39.00153,-120.65957,309.88,0.38,0.43,2022-09-10,1021,N,VIIRS,n,2,294.88,4.87,N,0
39.0023,-120.80039,348.26,0.57,0.43,2022-09-10,1021,N,VIIRS,n,2,304.39,18.85,N,0
39.00444,-120.65353,311.22,0.38,0.44,2022-09-10,1021,N,VIIRS,n,2,293.93,1.54,N,0
39.00481,-120.79256,318.87,0.57,0.43,2022-09-10,1021,N,VIIRS,n,2,294.41,18.85,N,0
39.00519,-120.8139,306.46,0.57,0.43,2022-09-10,1021,N,VIIRS,n,2,295.05,4.1,N,0
39.00537,-120.65789,314.15,0.38,0.43,2022-09-10,1021,N,VIIRS,n,2,294.61,1.54,N,0
39.00632,-120.79965,311.38,0.57,0.43,2022-09-10,1021,N,VIIRS,n,2,294.97,18.85,N,0
39.00717,-120.66633,340.48,0.38,0.43,2022-09-10,1021,N,VIIRS,n,2,293.78,7.06,N,0
39.01093,-120.66427,341.99,0.38,0.43,2022-09-10,1021,N,VIIRS,n,2,297.47,7.06,N,0
39.0118,-120.66837,334.68,0.38,0.43,2022-09-10,1021,N,VIIRS,n,2,295.99,8.57,N,0
39.01266,-120.67238,345.5,0.38,0.43,2022-09-10,1021,N,VIIRS,n,2,295.99,8.57,N,0
39.01348,-120.67628,355.92,0.38,0.43,2022-09-10,1021,N,VIIRS,n,2,297.87,10.77,N,0
39.01433,-120.68022,312.63,0.38,0.43,2022-09-10,1021,N,VIIRS,n,2,294.58,10.77,N,0
39.01517,-120.68418,309.78,0.38,0.43,2022-09-10,1021,N,VIIRS,n,2,295.14,3.69,N,0
39.01548,-120.66591,307.18,0.38,0.43,2022-09-10,1021,N,VIIRS,n,2,293.96,5.42,N,0
39.01633,-120.66991,354.1,0.38,0.43,2022-09-10,1021,N,VIIRS,n,2,299.04,5.42,N,0
39.01718,-120.67391,355.38,0.38,0.43,2022-09-10,1021,N,VIIRS,n,2,298.62,6.37,N,0
39.01803,-120.67793,350.49,0.38,0.43,2022-09-10,1021,N,VIIRS,n,2,297.35,6.37,N,0
39.01888,-120.6819,337.78,0.38,0.43,2022-09-10,1021,N,VIIRS,n,2,296.74,11.61,N,0
39.02092,-120.67174,322.02,0.38,0.43,2022-09-10,1021,N,VIIRS,n,2,293.96,6.37,N,0
39.02187,-120.67625,345.31,0.38,0.43,2022-09-10,1021,N,VIIRS,n,2,297.12,6.37,N,0
39.02308,-120.66216,337.01,0.38,0.43,2022-09-10,1021,N,VIIRS,n,2,294.08,11.25,N,0
39.02409,-120.66698,353.22,0.38,0.43,2022-09-10,1021,N,VIIRS,n,2,302.16,11.25,N,0
39.02515,-120.67197,326.05,0.38,0.43,2022-09-10,1021,N,VIIRS,n,2,295.86,2.92,N,0
39.02717,-120.66174,333.94,0.38,0.43,2022-09-10,1021,N,VIIRS,n,2,295.08,11.25,N,0
39.02739,-120.78113,335.94,0.57,0.43,2022-09-10,1021,N,VIIRS,n,2,294.28,5.11,N,0
39.02831,-120.66712,329.83,0.38,0.43,2022-09-10,1021,N,VIIRS,n,2,295.29,11.25,N,0
39.02873,-120.78748,316.37,0.57,0.43,2022-09-10,1021,N,VIIRS,n,2,293.46,4.33,N,0
39.02939,-120.67227,311.9,0.38,0.43,2022-09-10,1021,N,VIIRS,n,2,292.99,2.92,N,0
39.03115,-120.66074,340.82,0.38,0.43,2022-09-10,1021,N,VIIRS,n,2,295.75,3.93,N,0
39.03231,-120.66624,315.07,0.38,0.43,2022-09-10,1021,N,VIIRS,n,2,293.44,3.93,N,0
39.03342,-120.6629,343.65,0.38,0.43,2022-09-10,1021,N,VIIRS,n,2,296.67,6.84,N,0
39.03504,-120.65929,339.98,0.38,0.43,2022-09-10,1021,N,VIIRS,n,2,297.78,3.93,N,0
39.03619,-120.6648,309.76,0.38,0.43,2022-09-10,1021,N,VIIRS,n,2,293.45,3.93,N,0
39.03731,-120.66149,342.99,0.38,0.43,2022-09-10,1021,N,VIIRS,n,2,298.36,6.84,N,0
39.04006,-120.65482,308.72,0.38,0.43,2022-09-10,1021,N,VIIRS,n,2,293.5,6.64,N,0
39.04124,-120.66024,343.91,0.38,0.43,2022-09-10,1021,N,VIIRS,n,2,299.77,13.12,N,0
39.04521,-120.65917,367,0.38,0.43,2022-09-10,1021,N,VIIRS,h,2,299.2,13.12,N,0
39.04616,-120.66357,327.06,0.38,0.43,2022-09-10,1021,N,VIIRS,n,2,296.18,13.12,N,0
39.04821,-120.65368,327.46,0.38,0.43,2022-09-10,1021,N,VIIRS,n,2,293.29,5.86,N,0
39.04924,-120.65839,339.22,0.38,0.43,2022-09-10,1021,N,VIIRS,n,2,297.56,4,N,0
39.05016,-120.66265,314.31,0.38,0.43,2022-09-10,1021,N,VIIRS,n,2,295.49,4,N,0
39.05237,-120.65347,355.85,0.38,0.43,2022-09-10,1021,N,VIIRS,n,2,298.26,5.86,N,0
39.05331,-120.65783,341.35,0.38,0.43,2022-09-10,1021,N,VIIRS,n,2,298.4,4,N,0
39.05415,-120.66174,318.02,0.38,0.43,2022-09-10,1021,N,VIIRS,n,2,296.16,4,N,0
39.05568,-120.66879,309.09,0.38,0.43,2022-09-10,1021,N,VIIRS,n,2,295.08,5.45,N,0
39.05727,-120.65672,338.22,0.38,0.43,2022-09-10,1021,N,VIIRS,n,2,296.24,7.8,N,0
39.05809,-120.66057,343.98,0.38,0.43,2022-09-10,1021,N,VIIRS,n,2,299.44,7.8,N,0
39.0589,-120.66428,328.45,0.38,0.43,2022-09-10,1021,N,VIIRS,n,2,295.24,13.98,N,0
39.05931,-120.68566,307.66,0.57,0.43,2022-09-10,1021,N,VIIRS,n,2,295.05,4.15,N,0
39.05969,-120.66797,329.72,0.38,0.43,2022-09-10,1021,N,VIIRS,n,2,295.92,13.98,N,0
39.0607,-120.67268,308.35,0.57,0.43,2022-09-10,1021,N,VIIRS,n,2,294.92,4.22,N,0
39.06117,-120.65537,305.18,0.38,0.43,2022-09-10,1021,N,VIIRS,n,2,292.09,7.8,N,0
39.06193,-120.67832,325.83,0.57,0.43,2022-09-10,1021,N,VIIRS,n,2,295.79,4.22,N,0
39.062,-120.65921,347.52,0.38,0.43,2022-09-10,1021,N,VIIRS,n,2,298.28,7.8,N,0
39.06281,-120.66296,345.07,0.38,0.43,2022-09-10,1021,N,VIIRS,n,2,297.09,13.98,N,0
39.06323,-120.68439,351.36,0.57,0.43,2022-09-10,1021,N,VIIRS,n,2,300.14,7.75,N,0
39.06361,-120.66669,348.24,0.38,0.43,2022-09-10,1021,N,VIIRS,n,2,303.5,13.98,N,0
39.06461,-120.67133,320.81,0.57,0.43,2022-09-10,1021,N,VIIRS,n,2,295.56,4.22,N,0
39.06483,-120.6918,307.67,0.57,0.43,2022-09-10,1021,N,VIIRS,n,2,294.25,7.75,N,0
39.06582,-120.67699,333.75,0.57,0.43,2022-09-10,1021,N,VIIRS,n,2,297.55,4.22,N,0
39.06662,-120.66121,304.79,0.38,0.43,2022-09-10,1021,N,VIIRS,n,2,292.39,2.41,N,0
39.06715,-120.68313,345.11,0.57,0.43,2022-09-10,1021,N,VIIRS,n,2,298.58,7.75,N,0
39.06739,-120.6648,311.02,0.38,0.43,2022-09-10,1021,N,VIIRS,n,2,293.57,2.41,N,0
39.0684,-120.66949,338.49,0.57,0.43,2022-09-10,1021,N,VIIRS,n,2,295.95,4.32,N,0
39.06868,-120.69025,314.24,0.57,0.43,2022-09-10,1021,N,VIIRS,n,2,294.55,7.75,N,0
39.06885,-120.71048,331.02,0.57,0.43,2022-09-10,1021,N,VIIRS,n,2,295.82,23.69,N,0
39.06968,-120.67542,333.99,0.57,0.43,2022-09-10,1021,N,VIIRS,n,2,296.13,4.32,N,0
39.07021,-120.69731,306.21,0.57,0.43,2022-09-10,1021,N,VIIRS,n,2,293.85,3.71,N,0
39.0711,-120.68198,354.81,0.57,0.43,2022-09-10,1021,N,VIIRS,n,2,301.34,151.03,N,0
39.07145,-120.70306,320.19,0.57,0.43,2022-09-10,1021,N,VIIRS,n,2,295.19,3.71,N,0
39.07227,-120.66798,306.07,0.57,0.43,2022-09-10,1021,N,VIIRS,n,2,292.7,4.32,N,0
39.07265,-120.68922,341.85,0.57,0.43,2022-09-10,1021,N,VIIRS,n,2,296.31,151.03,N,0
39.07279,-120.70934,349.05,0.57,0.43,2022-09-10,1021,N,VIIRS,n,2,298.39,23.69,N,0
39.07374,-120.67483,316.21,0.57,0.43,2022-09-10,1021,N,VIIRS,n,2,293.6,4.32,N,0
39.07415,-120.69617,319.7,0.57,0.43,2022-09-10,1021,N,VIIRS,n,2,294.8,25.42,N,0
39.07441,-120.71684,350.08,0.57,0.43,2022-09-10,1021,N,VIIRS,n,2,301.46,23.69,N,0
39.07524,-120.68182,346.28,0.57,0.43,2022-09-10,1021,N,VIIRS,n,2,294.9,151.03,N,0
39.07541,-120.70203,343.97,0.57,0.43,2022-09-10,1021,N,VIIRS,n,2,296.13,25.42,N,0
39.0761,-120.72472,335.79,0.57,0.43,2022-09-10,1021,N,VIIRS,n,2,295.85,17.09,N,0
39.07676,-120.70832,321.83,0.57,0.43,2022-09-10,1021,N,VIIRS,n,2,293.59,6.59,N,0
39.07796,-120.67497,310.45,0.57,0.43,2022-09-10,1021,N,VIIRS,n,2,293.57,4.15,N,0
39.07807,-120.69495,357.14,0.57,0.43,2022-09-10,1021,N,VIIRS,n,2,311.1,25.42,N,0
39.0783,-120.71552,347.22,0.57,0.43,2022-09-10,1021,N,VIIRS,n,2,295.71,6.59,N,0
39.07935,-120.70092,325.49,0.57,0.43,2022-09-10,1021,N,VIIRS,n,2,293.9,25.42,N,0
39.0794,-120.68167,347.35,0.57,0.43,2022-09-10,1021,N,VIIRS,n,2,298.07,38.77,N,0
39.07999,-120.72334,330.96,0.57,0.43,2022-09-10,1021,N,VIIRS,n,2,295.36,8.9,N,0
39.08075,-120.68793,324.2,0.57,0.43,2022-09-10,1021,N,VIIRS,n,2,313.62,38.77,N,0
39.08199,-120.69373,338.62,0.57,0.43,2022-09-10,1021,N,VIIRS,n,2,301.5,25.16,N,0
39.08339,-120.68071,316.78,0.57,0.43,2022-09-10,1021,N,VIIRS,n,2,292.47,38.77,N,0
39.08386,-120.72192,344.36,0.57,0.43,2022-09-10,1021,N,VIIRS,n,2,297.31,8.9,N,0
39.08466,-120.68668,324.27,0.57,0.43,2022-09-10,1021,N,VIIRS,n,2,292.87,38.77,N,0
39.0859,-120.69245,309.63,0.57,0.43,2022-09-10,1021,N,VIIRS,n,2,293.08,25.16,N,0
39.08775,-120.72059,307.82,0.57,0.43,2022-09-10,1021,N,VIIRS,n,2,293.93,1.89,N,0
39.08857,-120.68542,304.8,0.57,0.43,2022-09-10,1021,N,VIIRS,n,2,292.44,2.47,N,0
39.08932,-120.72791,316.66,0.57,0.43,2022-09-10,1021,N,VIIRS,n,2,292.86,1.89,N,0
39.09324,-120.72668,308.97,0.57,0.43,2022-09-10,1021,N,VIIRS,n,2,292.15,1.89,N,0
38.92883,-120.61559,334.98,0.48,0.64,2022-09-10,2003,N,VIIRS,n,2,265.11,4.33,D,0
38.93506,-120.6163,357.01,0.48,0.64,2022-09-10,2003,N,VIIRS,l,2,266.63,23.19,D,0
38.94971,-120.6323,328.87,0.48,0.64,2022-09-10,2003,N,VIIRS,n,2,284.01,3.64,D,0
38.95185,-120.63419,337.03,0.48,0.65,2022-09-10,2003,N,VIIRS,n,2,282.37,7.39,D,0
38.95357,-120.62815,339.08,0.48,0.64,2022-09-10,2003,N,VIIRS,n,2,282.26,8.64,D,0
39.03688,-120.65278,334.61,0.48,0.64,2022-09-10,2003,N,VIIRS,n,2,287.41,13.12,D,0
39.03903,-120.65707,356.85,0.48,0.64,2022-09-10,2003,N,VIIRS,l,2,285.41,19.68,D,0
39.04029,-120.65267,353.67,0.48,0.64,2022-09-10,2003,N,VIIRS,n,2,288.57,19.68,D,0
39.04203,-120.65722,357.75,0.48,0.64,2022-09-10,2003,N,VIIRS,l,2,284.93,26.6,D,0
39.04331,-120.65282,349.82,0.48,0.64,2022-09-10,2003,N,VIIRS,n,2,285.96,13.12,D,0
39.0502,-120.65124,338.89,0.48,0.64,2022-09-10,2003,N,VIIRS,n,2,286.39,13.61,D,0
39.05391,-120.64987,340.58,0.48,0.64,2022-09-10,2003,N,VIIRS,n,2,286.39,17.71,D,0
39.07151,-120.66643,334.01,0.48,0.64,2022-09-10,2003,N,VIIRS,n,2,290.08,7.45,D,0
39.07957,-120.68295,356.72,0.48,0.64,2022-09-10,2003,N,VIIRS,l,2,293.84,79.34,D,0
39.08148,-120.67635,356.69,0.48,0.64,2022-09-10,2003,N,VIIRS,l,2,290.24,37.18,D,0
39.08743,-120.67799,355.54,0.48,0.64,2022-09-10,2003,N,VIIRS,n,2,297.55,37.18,D,0
39.08929,-120.67155,340.41,0.48,0.64,2022-09-10,2003,N,VIIRS,n,2,288.4,37.18,D,0
39.09264,-120.68221,357.22,0.48,0.64,2022-09-10,2003,N,VIIRS,l,2,290.63,15.21,D,0
39.09486,-120.67451,335.39,0.48,0.64,2022-09-10,2003,N,VIIRS,n,2,286.77,15.21,D,0
39.09379,-120.72332,338.92,0.34,0.56,2022-09-10,2143,N,VIIRS,n,2,278.6,12.09,D,0
39.09406,-120.71854,344.28,0.34,0.56,2022-09-10,2143,N,VIIRS,n,2,278.52,31.49,D,0
39.09434,-120.71362,356.9,0.34,0.56,2022-09-10,2143,N,VIIRS,l,2,274.96,31.49,D,0
39.09921,-120.7203,357.23,0.34,0.56,2022-09-10,2143,N,VIIRS,l,2,281.2,31.49,D,0
39.09948,-120.71555,349.39,0.34,0.56,2022-09-10,2143,N,VIIRS,n,2,289.17,31.49,D,0
39.09976,-120.71064,357.23,0.34,0.56,2022-09-10,2143,N,VIIRS,l,2,279.57,29.01,D,0
39.10004,-120.70575,329.92,0.34,0.56,2022-09-10,2143,N,VIIRS,n,2,268.04,29.01,D,0
39.10464,-120.71722,337.03,0.34,0.56,2022-09-10,2143,N,VIIRS,n,2,281.53,35.01,D,0
39.10491,-120.71247,356.34,0.34,0.56,2022-09-10,2143,N,VIIRS,l,2,286.33,36.79,D,0
39.10521,-120.7073,331.78,0.34,0.56,2022-09-10,2143,N,VIIRS,n,2,275.05,36.79,D,0
38.9223,-120.65017,312.14,0.4,0.37,2022-09-11,1002,N,VIIRS,n,2,274.98,1.49,N,0
38.92484,-120.64466,315.46,0.4,0.37,2022-09-11,1002,N,VIIRS,n,2,271.08,0.77,N,0
38.92815,-120.64369,305.38,0.4,0.37,2022-09-11,1002,N,VIIRS,n,2,272.22,0.77,N,0
38.92825,-120.61799,298.56,0.4,0.37,2022-09-11,1002,N,VIIRS,n,2,264.11,0.33,N,0
38.92959,-120.64588,307.78,0.4,0.37,2022-09-11,1002,N,VIIRS,n,2,276.68,1.08,N,0
38.9297,-120.65268,315.5,0.4,0.37,2022-09-11,1002,N,VIIRS,n,2,283.26,3.25,N,0
38.93983,-120.60441,301.84,0.4,0.37,2022-09-11,1002,N,VIIRS,n,2,260.94,0.56,N,0
38.94242,-120.59926,307.52,0.4,0.37,2022-09-11,1002,N,VIIRS,n,2,258.44,1.54,N,0
38.94581,-120.59862,328.96,0.4,0.37,2022-09-11,1002,N,VIIRS,n,2,266.68,1.54,N,0
38.95041,-120.62529,302.1,0.4,0.37,2022-09-11,1002,N,VIIRS,n,2,265.57,1.59,N,0
38.95378,-120.62463,329.99,0.4,0.37,2022-09-11,1002,N,VIIRS,n,2,271.25,7.32,N,0
38.95456,-120.62912,335.62,0.4,0.37,2022-09-11,1002,N,VIIRS,n,2,280.41,7.32,N,0
38.95714,-120.62389,328.29,0.4,0.37,2022-09-11,1002,N,VIIRS,n,2,272.79,7.32,N,0
38.95792,-120.62838,337.94,0.4,0.37,2022-09-11,1002,N,VIIRS,n,2,288.01,7.32,N,0
38.96049,-120.62312,330.68,0.4,0.37,2022-09-11,1002,N,VIIRS,n,2,273.88,4.38,N,0
38.96128,-120.62764,337.16,0.4,0.37,2022-09-11,1002,N,VIIRS,n,2,283.84,4.38,N,0
38.96206,-120.63219,311.91,0.4,0.37,2022-09-11,1002,N,VIIRS,n,2,274.88,1.81,N,0
38.96539,-120.63128,316.54,0.4,0.37,2022-09-11,1002,N,VIIRS,n,2,271.62,1.81,N,0
38.9687,-120.63032,309.68,0.4,0.37,2022-09-11,1002,N,VIIRS,n,2,268.5,1.9,N,0
38.97123,-120.62476,325.75,0.4,0.37,2022-09-11,1002,N,VIIRS,n,2,277,3.82,N,0
38.972,-120.62927,323.87,0.4,0.37,2022-09-11,1002,N,VIIRS,n,2,272.65,1.9,N,0
38.97528,-120.62808,318.99,0.4,0.37,2022-09-11,1002,N,VIIRS,n,2,269.66,2.53,N,0
38.97604,-120.63253,339.65,0.4,0.37,2022-09-11,1002,N,VIIRS,n,2,274.85,2.53,N,0
38.9768,-120.63696,324.45,0.4,0.37,2022-09-11,1002,N,VIIRS,n,2,273.5,2.45,N,0
38.98088,-120.64039,315.27,0.4,0.37,2022-09-11,1002,N,VIIRS,n,2,273.01,2.45,N,0
38.98206,-120.80974,341.57,0.39,0.36,2022-09-11,1002,N,VIIRS,n,2,274.97,7.31,N,0
38.98537,-120.80877,354.61,0.39,0.36,2022-09-11,1002,N,VIIRS,n,2,295.28,28.4,N,0
38.98611,-120.81313,331.53,0.39,0.36,2022-09-11,1002,N,VIIRS,n,2,281.54,12.4,N,0
38.99014,-120.63346,315.83,0.4,0.37,2022-09-11,1002,N,VIIRS,n,2,266.68,3.86,N,0
38.9927,-120.62817,343.53,0.4,0.37,2022-09-11,1002,N,VIIRS,n,2,277.74,9.79,N,0
38.99347,-120.63264,332.7,0.4,0.37,2022-09-11,1002,N,VIIRS,n,2,277.04,3.86,N,0
38.99604,-120.62729,323.33,0.4,0.37,2022-09-11,1002,N,VIIRS,n,2,271.05,3.57,N,0
38.9968,-120.63175,338.83,0.4,0.37,2022-09-11,1002,N,VIIRS,n,2,275.74,4.04,N,0
38.99757,-120.63622,316.58,0.4,0.37,2022-09-11,1002,N,VIIRS,n,2,272.95,4.04,N,0
39.00726,-120.65216,307.49,0.4,0.37,2022-09-11,1002,N,VIIRS,n,2,265.12,1.62,N,0
39.00804,-120.65665,323.94,0.4,0.37,2022-09-11,1002,N,VIIRS,n,2,279.11,2.21,N,0
39.00981,-120.6467,321.56,0.4,0.37,2022-09-11,1002,N,VIIRS,n,2,265.86,1.62,N,0
39.01056,-120.65112,333.63,0.4,0.37,2022-09-11,1002,N,VIIRS,n,2,271,1.62,N,0
39.01133,-120.65556,323.36,0.4,0.37,2022-09-11,1002,N,VIIRS,n,2,278.57,2.21,N,0
39.0121,-120.66006,314.15,0.4,0.37,2022-09-11,1002,N,VIIRS,n,2,272.97,2.21,N,0
39.01313,-120.64574,310.16,0.4,0.37,2022-09-11,1002,N,VIIRS,n,2,266.02,2.26,N,0
39.01388,-120.65012,337.37,0.4,0.37,2022-09-11,1002,N,VIIRS,n,2,275.29,2.26,N,0
39.01463,-120.65446,336.33,0.4,0.37,2022-09-11,1002,N,VIIRS,n,2,279.03,6.84,N,0
39.01691,-120.66779,320.86,0.4,0.37,2022-09-11,1002,N,VIIRS,n,2,279.88,3.6,N,0
39.01719,-120.64915,330.1,0.4,0.37,2022-09-11,1002,N,VIIRS,n,2,276.85,2.26,N,0
39.0202,-120.66666,331.99,0.4,0.37,2022-09-11,1002,N,VIIRS,n,2,286.02,3.6,N,0
39.02275,-120.66128,315.34,0.4,0.37,2022-09-11,1002,N,VIIRS,n,2,276.43,1.48,N,0
39.0261,-120.66045,314.3,0.4,0.37,2022-09-11,1002,N,VIIRS,n,2,273.44,1.48,N,0
39.02943,-120.65965,309.75,0.4,0.37,2022-09-11,1002,N,VIIRS,n,2,271.19,1.41,N,0
39.0386,-120.65219,313.57,0.4,0.37,2022-09-11,1002,N,VIIRS,n,2,279.79,1.93,N,0
39.0405,-120.65425,330.93,0.4,0.37,2022-09-11,1002,N,VIIRS,n,2,281.34,3.99,N,0
39.04385,-120.65347,343.01,0.4,0.37,2022-09-11,1002,N,VIIRS,n,2,286.23,3.99,N,0
39.04721,-120.65274,336,0.4,0.37,2022-09-11,1002,N,VIIRS,n,2,286.3,3.56,N,0
39.04977,-120.64738,317.83,0.4,0.37,2022-09-11,1002,N,VIIRS,n,2,284.53,3.56,N,0
39.05315,-120.64675,345.25,0.4,0.37,2022-09-11,1002,N,VIIRS,n,2,291.14,5.18,N,0
39.05394,-120.65133,340.63,0.4,0.37,2022-09-11,1002,N,VIIRS,n,2,289.83,5.18,N,0
39.05471,-120.65582,342.4,0.4,0.37,2022-09-11,1002,N,VIIRS,n,2,291.74,4.61,N,0
39.05727,-120.65046,320.69,0.4,0.37,2022-09-11,1002,N,VIIRS,n,2,281.02,5.18,N,0
39.05804,-120.65494,312.97,0.4,0.37,2022-09-11,1002,N,VIIRS,n,2,276.18,4.61,N,0
39.06059,-120.64953,327.65,0.4,0.37,2022-09-11,1002,N,VIIRS,n,2,281.33,3.49,N,0
39.06136,-120.65401,313.81,0.4,0.37,2022-09-11,1002,N,VIIRS,n,2,282.56,2.32,N,0
39.06313,-120.64407,329.94,0.4,0.37,2022-09-11,1002,N,VIIRS,n,2,283.06,3.49,N,0
39.0639,-120.64857,336.16,0.4,0.37,2022-09-11,1002,N,VIIRS,n,2,285.44,3.49,N,0
39.06467,-120.65304,325.66,0.4,0.37,2022-09-11,1002,N,VIIRS,n,2,283.43,2.32,N,0
39.06542,-120.65741,332.45,0.4,0.37,2022-09-11,1002,N,VIIRS,n,2,281.25,2.32,N,0
39.06839,-120.67477,321.96,0.4,0.37,2022-09-11,1002,N,VIIRS,n,2,280.71,2.44,N,0
39.06873,-120.65643,324.53,0.4,0.37,2022-09-11,1002,N,VIIRS,n,2,278.94,3.06,N,0
39.06945,-120.66068,310.9,0.4,0.37,2022-09-11,1002,N,VIIRS,n,2,277.88,2.19,N,0
39.07019,-120.66498,322.32,0.4,0.37,2022-09-11,1002,N,VIIRS,n,2,283.16,2.19,N,0
39.07172,-120.67391,329.89,0.4,0.37,2022-09-11,1002,N,VIIRS,n,2,277.04,1.6,N,0
39.0743,-120.66862,315.06,0.4,0.37,2022-09-11,1002,N,VIIRS,n,2,279.3,1.6,N,0
39.07509,-120.67322,312.44,0.4,0.37,2022-09-11,1002,N,VIIRS,n,2,276.58,1.6,N,0
39.07765,-120.66786,317.92,0.4,0.37,2022-09-11,1002,N,VIIRS,n,2,279.39,3.07,N,0
39.07846,-120.6726,337.37,0.4,0.37,2022-09-11,1002,N,VIIRS,n,2,278.01,3.07,N,0
39.0818,-120.67178,328.2,0.4,0.37,2022-09-11,1002,N,VIIRS,n,2,275.62,3.07,N,0
39.08258,-120.67632,306.82,0.4,0.37,2022-09-11,1002,N,VIIRS,n,2,267.27,1.99,N,0
39.08434,-120.66628,313.07,0.4,0.37,2022-09-11,1002,N,VIIRS,n,2,271.91,2.54,N,0
39.08514,-120.67096,321.46,0.4,0.37,2022-09-11,1002,N,VIIRS,n,2,273.3,2.54,N,0
39.08591,-120.67548,323.21,0.4,0.37,2022-09-11,1002,N,VIIRS,n,2,273.95,3.86,N,0
39.08768,-120.6655,331.55,0.4,0.37,2022-09-11,1002,N,VIIRS,n,2,275.25,2.54,N,0
39.08847,-120.6701,323.24,0.4,0.37,2022-09-11,1002,N,VIIRS,n,2,272.71,2.54,N,0
39.08924,-120.67459,348.24,0.4,0.37,2022-09-11,1002,N,VIIRS,n,2,277.87,3.86,N,0
39.08969,-120.69757,323.7,0.4,0.37,2022-09-11,1002,N,VIIRS,n,2,272.28,3.03,N,0
39.09047,-120.70208,327.75,0.4,0.37,2022-09-11,1002,N,VIIRS,n,2,267.48,1.63,N,0
39.09256,-120.67369,336.06,0.4,0.37,2022-09-11,1002,N,VIIRS,n,2,275.83,4.22,N,0
38.93135,-120.64181,334.73,0.39,0.44,2022-09-11,2124,N,VIIRS,n,2,292.42,3.01,D,0
38.93472,-120.60842,345.41,0.39,0.44,2022-09-11,2124,N,VIIRS,n,2,297.55,5.84,D,0
38.93523,-120.60337,349.76,0.39,0.44,2022-09-11,2124,N,VIIRS,n,2,298.27,5.84,D,0
38.93881,-120.60851,353.31,0.39,0.44,2022-09-11,2124,N,VIIRS,n,2,300.89,6.49,D,0
38.93925,-120.60406,330.42,0.39,0.44,2022-09-11,2124,N,VIIRS,n,2,296.36,6.49,D,0
38.93968,-120.59983,338.94,0.39,0.44,2022-09-11,2124,N,VIIRS,n,2,297.92,11.32,D,0
38.94008,-120.59583,355.12,0.39,0.44,2022-09-11,2124,N,VIIRS,n,2,300.38,11.32,D,0
38.94046,-120.59203,355.01,0.39,0.44,2022-09-11,2124,N,VIIRS,n,2,298.9,54.02,D,0
38.94279,-120.60966,348.76,0.39,0.44,2022-09-11,2124,N,VIIRS,n,2,299.69,6.49,D,0
38.94398,-120.59776,343.4,0.39,0.44,2022-09-11,2124,N,VIIRS,n,2,301.29,11.32,D,0
38.9444,-120.59354,367,0.39,0.44,2022-09-11,2124,N,VIIRS,h,2,333.14,54.02,D,0
38.94483,-120.58926,344.67,0.39,0.44,2022-09-11,2124,N,VIIRS,n,2,301.81,54.02,D,0
38.94511,-120.6273,347.13,0.39,0.44,2022-09-11,2124,N,VIIRS,n,2,300.76,5.51,D,0
38.94555,-120.62293,344.61,0.39,0.44,2022-09-11,2124,N,VIIRS,n,2,299.94,5.51,D,0
38.94755,-120.603,367,0.39,0.44,2022-09-11,2124,N,VIIRS,l,2,328.5,40.15,D,0
38.94796,-120.59892,354.9,0.39,0.44,2022-09-11,2124,N,VIIRS,n,2,298.06,40.15,D,0
38.94839,-120.59464,367,0.39,0.44,2022-09-11,2124,N,VIIRS,h,2,303.36,29.46,D,0
38.94909,-120.62848,338.77,0.39,0.44,2022-09-11,2124,N,VIIRS,n,2,297.53,5.51,D,0
38.94951,-120.62432,346.94,0.39,0.44,2022-09-11,2124,N,VIIRS,n,2,298.68,5.51,D,0
38.94992,-120.62022,353.73,0.39,0.44,2022-09-11,2124,N,VIIRS,n,2,299.17,6.73,D,0
38.95116,-120.6079,340.59,0.39,0.44,2022-09-11,2124,N,VIIRS,n,2,293.09,46.46,D,0
38.95156,-120.60384,353.45,0.39,0.44,2022-09-11,2124,N,VIIRS,n,2,293.97,40.15,D,0
38.95383,-120.62204,352.43,0.39,0.44,2022-09-11,2124,N,VIIRS,n,2,305.4,28.41,D,0
38.95397,-120.62029,367,0.39,0.44,2022-09-11,2124,N,VIIRS,h,2,308.1,29.47,D,0
38.95425,-120.61779,367,0.39,0.44,2022-09-11,2124,N,VIIRS,h,2,301.85,28.41,D,0
38.95778,-120.62342,356.32,0.39,0.44,2022-09-11,2124,N,VIIRS,n,2,306.43,28.41,D,0
38.95794,-120.6216,356.28,0.39,0.44,2022-09-11,2124,N,VIIRS,l,2,312.09,29.47,D,0
38.95836,-120.61726,355.99,0.39,0.44,2022-09-11,2124,N,VIIRS,l,2,309.43,29.47,D,0
38.95865,-120.61479,347.31,0.39,0.44,2022-09-11,2124,N,VIIRS,n,2,291.38,18.46,D,0
38.9615,-120.6272,348.95,0.39,0.44,2022-09-11,2124,N,VIIRS,n,2,294.45,7.87,D,0
38.96192,-120.62282,367,0.39,0.44,2022-09-11,2124,N,VIIRS,l,2,327.04,64.78,D,0
38.96234,-120.61842,367,0.39,0.44,2022-09-11,2124,N,VIIRS,l,2,326.09,64.78,D,0
38.96552,-120.628,355.16,0.39,0.44,2022-09-11,2124,N,VIIRS,n,2,290.8,7.87,D,0
38.96595,-120.62347,355.36,0.39,0.44,2022-09-11,2124,N,VIIRS,n,2,286.9,64.78,D,0
38.96639,-120.61893,351.41,0.39,0.44,2022-09-11,2124,N,VIIRS,n,2,284.21,64.78,D,0
38.97002,-120.62379,344.92,0.39,0.44,2022-09-11,2124,N,VIIRS,n,2,287.36,5.75,D,0
38.97414,-120.62352,344.6,0.39,0.44,2022-09-11,2124,N,VIIRS,n,2,289.24,5.75,D,0
38.97739,-120.63216,343.74,0.39,0.44,2022-09-11,2124,N,VIIRS,n,2,288.96,12.63,D,0
38.98542,-120.63384,345.71,0.39,0.44,2022-09-11,2124,N,VIIRS,n,2,289.75,72.58,D,0
38.98582,-120.62975,367,0.39,0.44,2022-09-11,2124,N,VIIRS,h,2,297.68,72.58,D,0
38.98623,-120.62555,350.58,0.39,0.44,2022-09-11,2124,N,VIIRS,n,2,292.28,202.49,D,0
38.98793,-120.81486,332,0.57,0.43,2022-09-11,2124,N,VIIRS,n,2,293.14,6.4,D,0
38.989,-120.63911,351.94,0.39,0.44,2022-09-11,2124,N,VIIRS,n,2,292.4,15.23,D,0
38.9898,-120.63085,367,0.39,0.44,2022-09-11,2124,N,VIIRS,h,2,336.69,72.58,D,0
38.99022,-120.62667,367,0.39,0.44,2022-09-11,2124,N,VIIRS,l,2,378.14,202.49,D,0
38.99063,-120.62238,367,0.39,0.44,2022-09-11,2124,N,VIIRS,h,2,315.45,202.49,D,0
38.99105,-120.61806,352.06,0.39,0.44,2022-09-11,2124,N,VIIRS,n,2,287.28,20.78,D,0
38.99265,-120.80836,340.95,0.57,0.43,2022-09-11,2124,N,VIIRS,n,2,294.44,17.03,D,0
38.9933,-120.80186,351.79,0.57,0.43,2022-09-11,2124,N,VIIRS,n,2,294.79,32.09,D,0
38.99422,-120.62759,367,0.39,0.44,2022-09-11,2124,N,VIIRS,l,2,325.15,83.27,D,0
38.99506,-120.61906,349.12,0.39,0.44,2022-09-11,2124,N,VIIRS,n,2,286.46,10.54,D,0
38.99548,-120.61478,348.24,0.39,0.44,2022-09-11,2124,N,VIIRS,n,2,281.37,10.54,D,0
38.99736,-120.80186,343.93,0.57,0.43,2022-09-11,2124,N,VIIRS,n,2,305.79,32.09,D,0
38.99783,-120.63256,344.49,0.39,0.44,2022-09-11,2124,N,VIIRS,n,2,292.47,15.31,D,0
38.99825,-120.6283,352.21,0.39,0.44,2022-09-11,2124,N,VIIRS,n,2,290.15,83.27,D,0
38.99866,-120.62406,345.51,0.39,0.44,2022-09-11,2124,N,VIIRS,n,2,287.21,83.27,D,0
39.00421,-120.65099,355.32,0.39,0.44,2022-09-11,2124,N,VIIRS,n,2,294.71,14.87,D,0
39.00829,-120.65108,343.5,0.39,0.44,2022-09-11,2124,N,VIIRS,n,2,295.65,5.85,D,0
39.00872,-120.64677,355.71,0.39,0.44,2022-09-11,2124,N,VIIRS,n,2,304.37,48.09,D,0
39.00913,-120.64259,357.18,0.39,0.44,2022-09-11,2124,N,VIIRS,n,2,301.01,48.09,D,0
39.01196,-120.65544,348.59,0.39,0.44,2022-09-11,2124,N,VIIRS,n,2,298.29,5.85,D,0
39.01278,-120.64711,367,0.39,0.44,2022-09-11,2124,N,VIIRS,h,2,304.27,48.09,D,0
39.01357,-120.63909,356.8,0.39,0.44,2022-09-11,2124,N,VIIRS,n,2,298.01,54.62,D,0
39.01398,-120.63498,342.74,0.39,0.44,2022-09-11,2124,N,VIIRS,n,2,284.74,54.62,D,0
39.01607,-120.65525,351.42,0.39,0.44,2022-09-11,2124,N,VIIRS,n,2,305.39,90.75,D,0
39.01721,-120.64369,367,0.39,0.44,2022-09-11,2124,N,VIIRS,l,2,331.99,282.74,D,0
39.0176,-120.6397,349.05,0.39,0.44,2022-09-11,2124,N,VIIRS,n,2,290.75,49.13,D,0
39.02424,-120.65547,341.3,0.39,0.44,2022-09-11,2124,N,VIIRS,n,2,298.47,8.55,D,0
39.02826,-120.6562,367,0.39,0.44,2022-09-11,2124,N,VIIRS,h,2,301.53,8.55,D,0
39.04514,-120.65122,367,0.39,0.44,2022-09-11,2124,N,VIIRS,h,2,301.69,11.86,D,0
39.0495,-120.64851,349.72,0.39,0.44,2022-09-11,2124,N,VIIRS,n,2,297.89,5.65,D,0
39.04994,-120.64412,339.24,0.39,0.44,2022-09-11,2124,N,VIIRS,n,2,297.14,8.46,D,0
39.05338,-120.65055,345.95,0.39,0.44,2022-09-11,2124,N,VIIRS,n,2,297.43,5.65,D,0
39.05383,-120.64614,354.91,0.39,0.44,2022-09-11,2124,N,VIIRS,n,2,298.19,8.46,D,0
39.05427,-120.64177,340.74,0.39,0.44,2022-09-11,2124,N,VIIRS,n,2,296.36,8.46,D,0
39.05694,-120.65585,332.93,0.39,0.44,2022-09-11,2124,N,VIIRS,n,2,297.31,9.53,D,0
39.05737,-120.65157,356.05,0.39,0.44,2022-09-11,2124,N,VIIRS,n,2,299.79,9.53,D,0
39.0575,-120.65472,343,0.39,0.44,2022-09-11,2124,N,VIIRS,n,2,297.34,10.14,D,0
39.05783,-120.64709,346.34,0.39,0.44,2022-09-11,2124,N,VIIRS,n,2,296.36,16.83,D,0
39.05791,-120.65036,353.74,0.39,0.44,2022-09-11,2124,N,VIIRS,n,2,298.37,10.14,D,0
39.06186,-120.64772,357.04,0.39,0.44,2022-09-11,2124,N,VIIRS,l,2,299.58,16.83,D,0
39.06238,-120.64651,347.9,0.39,0.44,2022-09-11,2124,N,VIIRS,n,2,297.63,14.74,D,0
39.06561,-120.65554,354.76,0.39,0.44,2022-09-11,2124,N,VIIRS,n,2,296.23,27.26,D,0
39.06601,-120.65143,350.45,0.39,0.44,2022-09-11,2124,N,VIIRS,n,2,295.21,27.26,D,0
39.06642,-120.64707,345.05,0.39,0.44,2022-09-11,2124,N,VIIRS,n,2,293.29,6.97,D,0
39.07006,-120.65178,353.01,0.39,0.44,2022-09-11,2124,N,VIIRS,n,2,303.62,27.26,D,0
39.0722,-120.67196,347.71,0.39,0.44,2022-09-11,2124,N,VIIRS,n,2,296.65,17.3,D,0
39.07263,-120.66757,355.01,0.39,0.44,2022-09-11,2124,N,VIIRS,n,2,309.33,17.3,D,0
39.07302,-120.66344,357.11,0.39,0.44,2022-09-11,2124,N,VIIRS,l,2,301.23,34.16,D,0
39.07378,-120.65566,351.27,0.39,0.44,2022-09-11,2124,N,VIIRS,n,2,294.69,13.22,D,0
39.07416,-120.65176,347.19,0.39,0.44,2022-09-11,2124,N,VIIRS,n,2,291.47,13.22,D,0
39.07654,-120.66946,344.36,0.39,0.44,2022-09-11,2124,N,VIIRS,n,2,296.45,17.3,D,0
39.08045,-120.67132,340.54,0.39,0.44,2022-09-11,2124,N,VIIRS,n,2,289.89,6.23,D,0
39.08097,-120.66592,347.02,0.39,0.44,2022-09-11,2124,N,VIIRS,n,2,296.92,14.86,D,0
39.08442,-120.67257,339.33,0.39,0.44,2022-09-11,2124,N,VIIRS,n,2,288.68,6.23,D,0
39.08489,-120.6678,356.95,0.39,0.44,2022-09-11,2124,N,VIIRS,n,2,291.14,14.86,D,0
39.08537,-120.6628,357.11,0.39,0.44,2022-09-11,2124,N,VIIRS,l,2,291.59,14.86,D,0
39.08841,-120.67358,343.94,0.39,0.44,2022-09-11,2124,N,VIIRS,n,2,285.25,13.37,D,0
39.08885,-120.66911,354.76,0.39,0.44,2022-09-11,2124,N,VIIRS,n,2,290.52,42.2,D,0
39.08915,-120.70794,340.77,0.39,0.44,2022-09-11,2124,N,VIIRS,n,2,287.99,5.57,D,0
39.0896,-120.70331,350.43,0.39,0.44,2022-09-11,2124,N,VIIRS,n,2,287.54,4.91,D,0
39.08987,-120.65862,343.61,0.39,0.44,2022-09-11,2124,N,VIIRS,n,2,285.03,22.43,D,0
39.09003,-120.69897,333.88,0.39,0.44,2022-09-11,2124,N,VIIRS,n,2,288.99,4.91,D,0
39.09044,-120.69466,349.41,0.39,0.44,2022-09-11,2124,N,VIIRS,n,2,297.57,6.8,D,0
39.09087,-120.69037,337.62,0.39,0.44,2022-09-11,2124,N,VIIRS,n,2,289.39,6.8,D,0
39.09127,-120.68623,335.22,0.39,0.44,2022-09-11,2124,N,VIIRS,n,2,285.44,7.05,D,0
39.09286,-120.66992,355.28,0.39,0.44,2022-09-11,2124,N,VIIRS,n,2,294.41,42.2,D,0
39.09311,-120.70915,352.09,0.39,0.44,2022-09-11,2124,N,VIIRS,n,2,307.84,17.01,D,0
39.09333,-120.66512,356.85,0.39,0.44,2022-09-11,2124,N,VIIRS,l,2,281.36,42.2,D,0
39.09399,-120.70013,355.35,0.39,0.44,2022-09-11,2124,N,VIIRS,n,2,297.19,30.69,D,0
39.09488,-120.69115,355.62,0.39,0.44,2022-09-11,2124,N,VIIRS,n,2,299.39,46.07,D,0
39.09531,-120.6867,340.39,0.39,0.44,2022-09-11,2124,N,VIIRS,n,2,285.39,12.82,D,0
39.09689,-120.67067,355.83,0.39,0.44,2022-09-11,2124,N,VIIRS,n,2,290.08,29.84,D,0
39.09708,-120.71038,336.38,0.39,0.44,2022-09-11,2124,N,VIIRS,n,2,289.63,17.01,D,0
39.09755,-120.70554,356.74,0.39,0.44,2022-09-11,2124,N,VIIRS,l,2,286.33,30.69,D,0
39.09799,-120.70112,335.72,0.39,0.44,2022-09-11,2124,N,VIIRS,n,2,278.71,30.69,D,0
39.09841,-120.69682,349.56,0.39,0.44,2022-09-11,2124,N,VIIRS,n,2,283.2,46.07,D,0
39.09886,-120.6922,350.65,0.39,0.44,2022-09-11,2124,N,VIIRS,n,2,292.74,46.07,D,0
39.109,-120.71375,332.65,0.39,0.44,2022-09-11,2124,N,VIIRS,n,2,281.77,3.64,D,0
39.11347,-120.70986,334.25,0.39,0.44,2022-09-11,2124,N,VIIRS,n,2,281.4,5.19,D,0
39.09264,-120.66653,298.31,0.43,0.38,2022-09-12,944,N,VIIRS,n,2,266.38,2.18,N,0
38.94112,-120.58502,344.2,0.43,0.38,2022-09-13,2047,N,VIIRS,n,2,296.91,11.04,D,0
38.94458,-120.58592,341.34,0.43,0.38,2022-09-13,2047,N,VIIRS,n,2,300.68,11.04,D,0
38.94803,-120.58689,336.42,0.43,0.38,2022-09-13,2047,N,VIIRS,n,2,297.19,8.4,D,0
38.94894,-120.5818,346.02,0.43,0.38,2022-09-13,2047,N,VIIRS,n,2,295.9,8.4,D,0
38.95147,-120.58791,342.98,0.43,0.38,2022-09-13,2047,N,VIIRS,n,2,296.11,8.4,D,0
38.95238,-120.58286,346.89,0.43,0.38,2022-09-13,2047,N,VIIRS,n,2,296.87,8.4,D,0
38.95312,-120.59881,338.67,0.43,0.38,2022-09-13,2047,N,VIIRS,n,2,295.36,9.6,D,0
38.95568,-120.60471,353.8,0.43,0.38,2022-09-13,2047,N,VIIRS,n,2,307.12,35.36,D,0
38.96085,-120.61625,340.03,0.43,0.38,2022-09-13,2047,N,VIIRS,n,2,299.09,10.08,D,0
38.96175,-120.61131,352.75,0.43,0.38,2022-09-13,2047,N,VIIRS,n,2,299.56,72.9,D,0
38.96264,-120.60633,367,0.43,0.38,2022-09-13,2047,N,VIIRS,h,2,335.89,72.9,D,0
38.96342,-120.62215,343.73,0.43,0.38,2022-09-13,2047,N,VIIRS,n,2,295.51,7.96,D,0
38.96353,-120.60142,367,0.43,0.38,2022-09-13,2047,N,VIIRS,l,2,327.84,164.67,D,0
38.9643,-120.61722,350.28,0.43,0.38,2022-09-13,2047,N,VIIRS,n,2,293.33,7.96,D,0
38.96519,-120.61232,356.03,0.43,0.38,2022-09-13,2047,N,VIIRS,n,2,290.25,133.51,D,0
38.96607,-120.60741,367,0.43,0.38,2022-09-13,2047,N,VIIRS,l,2,372.46,133.51,D,0
38.96685,-120.62325,348.5,0.43,0.38,2022-09-13,2047,N,VIIRS,n,2,287.87,7.96,D,0
38.96695,-120.60254,367,0.43,0.38,2022-09-13,2047,N,VIIRS,l,2,332.91,259.09,D,0
38.96772,-120.61837,356.81,0.43,0.38,2022-09-13,2047,N,VIIRS,l,2,284.45,7.96,D,0
38.96861,-120.61348,353.75,0.43,0.38,2022-09-13,2047,N,VIIRS,n,2,306.51,133.51,D,0
38.96949,-120.60856,367,0.43,0.38,2022-09-13,2047,N,VIIRS,h,2,332.63,133.51,D,0
38.97113,-120.61961,353.06,0.43,0.38,2022-09-13,2047,N,VIIRS,n,2,297.14,14.89,D,0
38.97124,-120.59888,343.47,0.43,0.38,2022-09-13,2047,N,VIIRS,n,2,289.92,259.09,D,0
38.97201,-120.61473,367,0.43,0.38,2022-09-13,2047,N,VIIRS,l,2,332.8,76.29,D,0
38.97289,-120.60986,348.23,0.43,0.38,2022-09-13,2047,N,VIIRS,n,2,293.59,76.29,D,0
38.97376,-120.60498,356.89,0.43,0.38,2022-09-13,2047,N,VIIRS,l,2,289.92,10.98,D,0
38.97463,-120.60019,352.97,0.43,0.38,2022-09-13,2047,N,VIIRS,n,2,288.7,10.98,D,0
38.97549,-120.59539,345.05,0.43,0.38,2022-09-13,2047,N,VIIRS,n,2,288.38,6.96,D,0
38.97626,-120.61127,367,0.43,0.38,2022-09-13,2047,N,VIIRS,h,2,294.95,76.29,D,0
38.97715,-120.60636,356.72,0.43,0.38,2022-09-13,2047,N,VIIRS,l,2,287.41,10.98,D,0
38.97802,-120.60149,356.71,0.43,0.38,2022-09-13,2047,N,VIIRS,n,2,286.56,10.98,D,0
38.97877,-120.61753,357.52,0.43,0.38,2022-09-13,2047,N,VIIRS,n,2,292.55,17.6,D,0
38.97889,-120.59666,350.32,0.43,0.38,2022-09-13,2047,N,VIIRS,n,2,286.46,6.96,D,0
38.97967,-120.61252,357.53,0.43,0.38,2022-09-13,2047,N,VIIRS,l,2,282.11,17.6,D,0
38.97978,-120.59169,340.41,0.43,0.38,2022-09-13,2047,N,VIIRS,n,2,286.37,6.96,D,0
38.98057,-120.60749,357.54,0.43,0.38,2022-09-13,2047,N,VIIRS,l,2,281.93,22.75,D,0
38.98133,-120.62345,346.6,0.43,0.38,2022-09-13,2047,N,VIIRS,n,2,296.82,6.72,D,0
38.98147,-120.60249,357.53,0.43,0.38,2022-09-13,2047,N,VIIRS,l,2,282.58,22.75,D,0
38.98224,-120.61835,357.02,0.43,0.38,2022-09-13,2047,N,VIIRS,l,2,286.86,17.6,D,0
38.98235,-120.5976,354.36,0.43,0.38,2022-09-13,2047,N,VIIRS,n,2,285.12,6.53,D,0
38.98315,-120.6133,356.97,0.43,0.38,2022-09-13,2047,N,VIIRS,l,2,278.45,17.6,D,0
38.98323,-120.59267,342.86,0.43,0.38,2022-09-13,2047,N,VIIRS,n,2,287.76,6.53,D,0
38.98484,-120.62409,356.85,0.43,0.38,2022-09-13,2047,N,VIIRS,l,2,287.47,12.55,D,0
38.98575,-120.61901,356.87,0.43,0.38,2022-09-13,2047,N,VIIRS,l,2,282.96,51.89,D,0
38.98582,-120.59841,351.79,0.43,0.38,2022-09-13,2047,N,VIIRS,n,2,280.49,6.53,D,0
38.98669,-120.59356,346.66,0.43,0.38,2022-09-13,2047,N,VIIRS,n,2,286.8,6.53,D,0
38.98742,-120.62994,342.51,0.43,0.38,2022-09-13,2047,N,VIIRS,n,2,297.04,12.55,D,0
38.98788,-120.82808,339.92,0.44,0.38,2022-09-13,2047,N,VIIRS,n,2,300.69,8.6,D,0
38.98833,-120.6248,357.05,0.43,0.38,2022-09-13,2047,N,VIIRS,l,2,286.18,12.55,D,0
38.98931,-120.59914,346.27,0.43,0.38,2022-09-13,2047,N,VIIRS,n,2,276.38,6.34,D,0
38.99018,-120.59427,351.53,0.43,0.38,2022-09-13,2047,N,VIIRS,n,2,285.54,6.34,D,0
38.99089,-120.6308,346.61,0.43,0.38,2022-09-13,2047,N,VIIRS,n,2,295.19,12,D,0
38.9918,-120.6257,357.07,0.43,0.38,2022-09-13,2047,N,VIIRS,l,2,287.48,12,D,0
38.99185,-120.62793,356.74,0.43,0.38,2022-09-13,2047,N,VIIRS,l,2,288.27,16.28,D,0
38.99277,-120.62289,356.74,0.43,0.38,2022-09-13,2047,N,VIIRS,l,2,282.01,16.28,D,0
38.9928,-120.59983,352.2,0.43,0.38,2022-09-13,2047,N,VIIRS,n,2,276.93,6.34,D,0
38.99368,-120.59491,345.47,0.43,0.38,2022-09-13,2047,N,VIIRS,n,2,284.36,6.34,D,0
38.99435,-120.6317,345.32,0.43,0.38,2022-09-13,2047,N,VIIRS,n,2,292.24,12,D,0
38.99525,-120.62663,357.08,0.43,0.38,2022-09-13,2047,N,VIIRS,l,2,282.87,12,D,0
38.99531,-120.62886,355.16,0.43,0.38,2022-09-13,2047,N,VIIRS,n,2,285.84,16.28,D,0
38.99623,-120.62382,356.86,0.43,0.38,2022-09-13,2047,N,VIIRS,l,2,280.44,16.28,D,0
38.99628,-120.60059,344.16,0.43,0.38,2022-09-13,2047,N,VIIRS,n,2,275.25,6.66,D,0
38.99716,-120.59569,344.97,0.43,0.38,2022-09-13,2047,N,VIIRS,n,2,283.45,6.66,D,0
38.99735,-120.59791,345.13,0.43,0.38,2022-09-13,2047,N,VIIRS,n,2,277.79,10.24,D,0
38.99875,-120.6299,347.12,0.43,0.38,2022-09-13,2047,N,VIIRS,n,2,291.96,8,D,0
38.99967,-120.62486,356.53,0.43,0.38,2022-09-13,2047,N,VIIRS,l,2,278.53,8,D,0
39.00034,-120.64106,334.44,0.43,0.38,2022-09-13,2047,N,VIIRS,n,2,297.57,9.21,D,0
39.00125,-120.63605,353.86,0.43,0.38,2022-09-13,2047,N,VIIRS,n,2,302.36,9.21,D,0
39.00218,-120.63099,357.28,0.43,0.38,2022-09-13,2047,N,VIIRS,l,2,289.23,8,D,0
39.00311,-120.62591,352.59,0.43,0.38,2022-09-13,2047,N,VIIRS,n,2,275.66,8,D,0
39.00376,-120.64219,335.9,0.43,0.38,2022-09-13,2047,N,VIIRS,n,2,299.06,35.67,D,0
39.00561,-120.63207,355.98,0.43,0.38,2022-09-13,2047,N,VIIRS,n,2,282.42,8.61,D,0
39.00719,-120.64329,349.97,0.43,0.38,2022-09-13,2047,N,VIIRS,n,2,287.92,35.67,D,0
39.00812,-120.63819,354.2,0.43,0.38,2022-09-13,2047,N,VIIRS,n,2,282.28,35.67,D,0
39.00906,-120.63308,354.79,0.43,0.38,2022-09-13,2047,N,VIIRS,n,2,280.46,8.61,D,0
39.01062,-120.6444,347.47,0.43,0.38,2022-09-13,2047,N,VIIRS,n,2,283.84,4.62,D,0
39.01156,-120.63923,351.04,0.43,0.38,2022-09-13,2047,N,VIIRS,n,2,280.65,4.62,D,0
39.01249,-120.6341,355.66,0.43,0.38,2022-09-13,2047,N,VIIRS,n,2,286.63,6.61,D,0
39.01308,-120.65077,337.77,0.43,0.38,2022-09-13,2047,N,VIIRS,n,2,289.63,3.31,D,0
39.01342,-120.62904,350.19,0.43,0.38,2022-09-13,2047,N,VIIRS,n,2,283.46,6.61,D,0
39.01404,-120.64552,346.64,0.43,0.38,2022-09-13,2047,N,VIIRS,n,2,286.05,4.62,D,0
39.01499,-120.64029,351.14,0.43,0.38,2022-09-13,2047,N,VIIRS,n,2,286.05,4.62,D,0
39.01594,-120.63515,351.89,0.43,0.38,2022-09-13,2047,N,VIIRS,n,2,288.87,6.61,D,0
39.01746,-120.64668,345.77,0.43,0.38,2022-09-13,2047,N,VIIRS,n,2,294.2,5.68,D,0
39.01843,-120.64136,350.02,0.43,0.38,2022-09-13,2047,N,VIIRS,n,2,295.51,5.68,D,0
39.01937,-120.63621,350.52,0.43,0.38,2022-09-13,2047,N,VIIRS,n,2,295.71,22.28,D,0
39.02086,-120.64792,343.41,0.43,0.38,2022-09-13,2047,N,VIIRS,n,2,291.28,5.68,D,0
39.0237,-120.63237,354.64,0.43,0.38,2022-09-13,2047,N,VIIRS,n,2,301.31,22.28,D,0
39.02621,-120.63849,354.23,0.43,0.38,2022-09-13,2047,N,VIIRS,n,2,300.1,7.49,D,0
39.02711,-120.63358,352.34,0.43,0.38,2022-09-13,2047,N,VIIRS,n,2,290.82,7.49,D,0
39.02861,-120.64523,347.93,0.43,0.38,2022-09-13,2047,N,VIIRS,n,2,297.62,10.35,D,0
39.0296,-120.63979,354.67,0.43,0.38,2022-09-13,2047,N,VIIRS,n,2,293.81,7.49,D,0
39.03051,-120.6348,347.67,0.43,0.38,2022-09-13,2047,N,VIIRS,n,2,288.52,7.49,D,0
39.03199,-120.64661,354.27,0.43,0.38,2022-09-13,2047,N,VIIRS,n,2,304.99,25.47,D,0
39.03296,-120.64125,355.06,0.43,0.38,2022-09-13,2047,N,VIIRS,n,2,301.31,9,D,0
39.03388,-120.63621,343.4,0.43,0.38,2022-09-13,2047,N,VIIRS,n,2,286.3,9,D,0
39.0564,-120.65211,341.77,0.43,0.38,2022-09-13,2047,N,VIIRS,n,2,286.24,6.38,D,0
39.06342,-120.63329,349.35,0.43,0.38,2022-09-13,2047,N,VIIRS,n,2,285.86,8.46,D,0
39.06594,-120.6394,353.14,0.43,0.38,2022-09-13,2047,N,VIIRS,n,2,291.44,8.46,D,0
39.06685,-120.63435,355.17,0.43,0.38,2022-09-13,2047,N,VIIRS,n,2,294.89,8.46,D,0
39.06849,-120.64537,352.77,0.43,0.38,2022-09-13,2047,N,VIIRS,n,2,299.45,32.94,D,0
39.06938,-120.64044,347.7,0.43,0.38,2022-09-13,2047,N,VIIRS,n,2,297.27,119.41,D,0
39.07343,-120.65829,350.63,0.43,0.38,2022-09-13,2047,N,VIIRS,n,2,289.74,6.07,D,0
39.07438,-120.65298,367,0.43,0.38,2022-09-13,2047,N,VIIRS,h,2,291.37,16.73,D,0
39.07532,-120.64778,355.73,0.43,0.38,2022-09-13,2047,N,VIIRS,n,2,292.49,16.73,D,0
39.07592,-120.66458,341.16,0.43,0.38,2022-09-13,2047,N,VIIRS,n,2,294.21,6.07,D,0
39.07626,-120.64252,367,0.43,0.38,2022-09-13,2047,N,VIIRS,l,2,325.44,90.24,D,0
39.07682,-120.65964,355.38,0.43,0.38,2022-09-13,2047,N,VIIRS,n,2,287.85,6.07,D,0
39.07719,-120.63735,367,0.43,0.38,2022-09-13,2047,N,VIIRS,h,2,342.78,90.24,D,0
39.07774,-120.6545,356.76,0.43,0.38,2022-09-13,2047,N,VIIRS,l,2,288.42,16.73,D,0
39.0787,-120.64915,356.77,0.43,0.38,2022-09-13,2047,N,VIIRS,l,2,288.61,16.73,D,0
39.07966,-120.64378,354.58,0.43,0.38,2022-09-13,2047,N,VIIRS,n,2,294.35,90.24,D,0
39.08027,-120.66063,357.53,0.43,0.38,2022-09-13,2047,N,VIIRS,l,2,289.49,12.97,D,0
39.0806,-120.63854,367,0.43,0.38,2022-09-13,2047,N,VIIRS,h,2,342.77,90.24,D,0
39.08116,-120.6557,367,0.43,0.38,2022-09-13,2047,N,VIIRS,h,2,290.89,20.77,D,0
39.08208,-120.65053,357.53,0.43,0.38,2022-09-13,2047,N,VIIRS,l,2,288.99,20.77,D,0
39.08239,-120.62855,346.32,0.43,0.38,2022-09-13,2047,N,VIIRS,n,2,287.57,65.77,D,0
39.08301,-120.64536,357.49,0.43,0.38,2022-09-13,2047,N,VIIRS,n,2,295.54,34.91,D,0
39.08379,-120.66119,367,0.43,0.38,2022-09-13,2047,N,VIIRS,h,2,295.81,12.97,D,0
39.08396,-120.64005,367,0.43,0.38,2022-09-13,2047,N,VIIRS,l,2,332.91,34.91,D,0
39.08463,-120.65652,355.95,0.43,0.38,2022-09-13,2047,N,VIIRS,n,2,296.73,20.77,D,0
39.08488,-120.63488,356.02,0.43,0.38,2022-09-13,2047,N,VIIRS,n,2,294.98,25.66,D,0
39.08549,-120.65173,367,0.43,0.38,2022-09-13,2047,N,VIIRS,h,2,300.32,20.77,D,0
39.08578,-120.62984,349.89,0.43,0.38,2022-09-13,2047,N,VIIRS,n,2,284.89,25.66,D,0
39.08638,-120.64684,356.97,0.43,0.38,2022-09-13,2047,N,VIIRS,l,2,287.68,34.91,D,0
39.08731,-120.66175,349.96,0.43,0.38,2022-09-13,2047,N,VIIRS,n,2,301.85,12.01,D,0
39.08732,-120.64153,356.95,0.43,0.38,2022-09-13,2047,N,VIIRS,l,2,283.89,34.91,D,0
39.08812,-120.65727,367,0.43,0.38,2022-09-13,2047,N,VIIRS,h,2,300.02,17.57,D,0
39.08828,-120.63619,356.97,0.43,0.38,2022-09-13,2047,N,VIIRS,l,2,282.96,25.66,D,0
39.08894,-120.65275,356.89,0.43,0.38,2022-09-13,2047,N,VIIRS,l,2,289.54,17.57,D,0
39.08981,-120.64787,356.93,0.43,0.38,2022-09-13,2047,N,VIIRS,l,2,285.19,10.5,D,0
39.09076,-120.64259,355.3,0.43,0.38,2022-09-13,2047,N,VIIRS,n,2,281.74,10.5,D,0
39.09159,-120.65815,353.94,0.43,0.38,2022-09-13,2047,N,VIIRS,n,2,299.39,17.57,D,0
39.09172,-120.63719,342.68,0.43,0.38,2022-09-13,2047,N,VIIRS,n,2,279.87,14.52,D,0
39.0924,-120.65364,357.02,0.43,0.38,2022-09-13,2047,N,VIIRS,l,2,287.98,17.57,D,0
39.09329,-120.64872,355.82,0.43,0.38,2022-09-13,2047,N,VIIRS,n,2,284.99,10.5,D,0
39.09422,-120.6435,345.85,0.43,0.38,2022-09-13,2047,N,VIIRS,n,2,280.55,10.5,D,0
39.09586,-120.65461,367,0.43,0.38,2022-09-13,2047,N,VIIRS,h,2,290.35,41.27,D,0
39.09631,-120.65729,351.79,0.43,0.38,2022-09-13,2047,N,VIIRS,n,2,312.81,21.26,D,0
39.09675,-120.64964,349.9,0.43,0.38,2022-09-13,2047,N,VIIRS,n,2,286.03,8.59,D,0
39.09715,-120.65267,353.5,0.43,0.38,2022-09-13,2047,N,VIIRS,n,2,287.21,21.26,D,0
39.0977,-120.66443,345.73,0.43,0.38,2022-09-13,2047,N,VIIRS,n,2,307.42,15.7,D,0
39.0981,-120.64752,342.36,0.43,0.38,2022-09-13,2047,N,VIIRS,n,2,282.18,12.36,D,0
39.09851,-120.65995,347.7,0.43,0.38,2022-09-13,2047,N,VIIRS,n,2,309.74,41.27,D,0
39.09898,-120.66261,353.51,0.43,0.38,2022-09-13,2047,N,VIIRS,n,2,308.36,69.71,D,0
39.09931,-120.65555,354.85,0.43,0.38,2022-09-13,2047,N,VIIRS,n,2,288.32,41.27,D,0
39.09949,-120.69946,346.84,0.43,0.38,2022-09-13,2047,N,VIIRS,n,2,302.55,7.8,D,0
39.09977,-120.6582,356.16,0.43,0.38,2022-09-13,2047,N,VIIRS,n,2,292.14,21.26,D,0
39.10019,-120.65065,344.25,0.43,0.38,2022-09-13,2047,N,VIIRS,n,2,281.79,8.59,D,0
39.10059,-120.65372,346.1,0.43,0.38,2022-09-13,2047,N,VIIRS,n,2,281.03,21.26,D,0
39.10204,-120.70537,340.58,0.43,0.38,2022-09-13,2047,N,VIIRS,n,2,294.69,8.03,D,0
39.1022,-120.68469,354.83,0.43,0.38,2022-09-13,2047,N,VIIRS,n,2,303.39,14.91,D,0
39.10295,-120.7004,367,0.43,0.38,2022-09-13,2047,N,VIIRS,h,2,337.51,83.19,D,0
39.10324,-120.6591,352,0.43,0.38,2022-09-13,2047,N,VIIRS,n,2,294.15,18,D,0
39.10388,-120.69536,340.81,0.43,0.38,2022-09-13,2047,N,VIIRS,n,2,295.2,83.19,D,0
39.10477,-120.69047,346.29,0.43,0.38,2022-09-13,2047,N,VIIRS,n,2,297.68,9.2,D,0
39.10552,-120.70621,351.95,0.43,0.38,2022-09-13,2047,N,VIIRS,n,2,290.44,8.03,D,0
39.10566,-120.68559,355.87,0.43,0.38,2022-09-13,2047,N,VIIRS,n,2,299.62,9.2,D,0
39.10656,-120.68069,341.58,0.43,0.38,2022-09-13,2047,N,VIIRS,n,2,295.33,8.03,D,0
39.10673,-120.6599,346.91,0.43,0.38,2022-09-13,2047,N,VIIRS,n,2,285.15,18,D,0
39.10735,-120.69624,351.58,0.43,0.38,2022-09-13,2047,N,VIIRS,n,2,302.81,83.19,D,0
39.10825,-120.69131,343.86,0.43,0.38,2022-09-13,2047,N,VIIRS,n,2,286.72,9.2,D,0
39.10849,-120.67014,351.25,0.43,0.38,2022-09-13,2047,N,VIIRS,n,2,300.96,6.39,D,0
39.109,-120.70706,345.02,0.43,0.38,2022-09-13,2047,N,VIIRS,n,2,284.46,9.04,D,0
39.10914,-120.68645,355.69,0.43,0.38,2022-09-13,2047,N,VIIRS,n,2,294.92,9.2,D,0
39.10938,-120.66526,343.8,0.43,0.38,2022-09-13,2047,N,VIIRS,n,2,290.55,6.39,D,0
39.10989,-120.70222,344.84,0.43,0.38,2022-09-13,2047,N,VIIRS,n,2,285.67,5.3,D,0
39.11002,-120.68162,350.32,0.43,0.38,2022-09-13,2047,N,VIIRS,n,2,285.17,8.03,D,0
39.11082,-120.69714,345.25,0.43,0.38,2022-09-13,2047,N,VIIRS,n,2,284.01,5.3,D,0
39.11095,-120.67651,367,0.43,0.38,2022-09-13,2047,N,VIIRS,h,2,292.07,8.03,D,0
39.11172,-120.69218,343.82,0.43,0.38,2022-09-13,2047,N,VIIRS,n,2,283.66,4.21,D,0
39.11193,-120.67118,367,0.43,0.38,2022-09-13,2047,N,VIIRS,h,2,296.09,6.39,D,0
39.11262,-120.6873,345.45,0.43,0.38,2022-09-13,2047,N,VIIRS,n,2,285.46,4.21,D,0
39.11284,-120.66619,346.22,0.43,0.38,2022-09-13,2047,N,VIIRS,n,2,282.64,6.39,D,0
39.11348,-120.68253,352.05,0.43,0.38,2022-09-13,2047,N,VIIRS,n,2,286.56,10.79,D,0
39.11429,-120.69805,337.07,0.43,0.38,2022-09-13,2047,N,VIIRS,n,2,282.54,5.3,D,0
39.11439,-120.67756,357.01,0.43,0.38,2022-09-13,2047,N,VIIRS,n,2,289.07,10.79,D,0
39.1152,-120.69304,338.31,0.43,0.38,2022-09-13,2047,N,VIIRS,n,2,284.6,4.21,D,0
39.11537,-120.6722,367,0.43,0.38,2022-09-13,2047,N,VIIRS,h,2,298.57,11.28,D,0
39.11609,-120.68815,344.63,0.43,0.38,2022-09-13,2047,N,VIIRS,n,2,285.39,4.21,D,0
39.1163,-120.66714,347.74,0.43,0.38,2022-09-13,2047,N,VIIRS,n,2,282.02,11.28,D,0
39.11696,-120.6834,354.47,0.43,0.38,2022-09-13,2047,N,VIIRS,n,2,283.7,10.79,D,0
39.11784,-120.67854,357.74,0.43,0.38,2022-09-13,2047,N,VIIRS,l,2,284.76,10.79,D,0
39.11867,-120.69391,337.9,0.43,0.38,2022-09-13,2047,N,VIIRS,n,2,281.55,4.5,D,0
39.11881,-120.67324,367,0.43,0.38,2022-09-13,2047,N,VIIRS,h,2,299.03,11.28,D,0
39.11957,-120.689,343.34,0.43,0.38,2022-09-13,2047,N,VIIRS,n,2,282.59,4.5,D,0
39.11975,-120.66811,349.58,0.43,0.38,2022-09-13,2047,N,VIIRS,n,2,282.54,11.28,D,0
39.12043,-120.68427,349.24,0.43,0.38,2022-09-13,2047,N,VIIRS,n,2,281.33,5.63,D,0
39.1213,-120.67947,351.85,0.43,0.38,2022-09-13,2047,N,VIIRS,n,2,278.14,5.63,D,0
39.12225,-120.67431,356.01,0.43,0.38,2022-09-13,2047,N,VIIRS,n,2,286.19,10.32,D,0
39.12303,-120.68992,337.86,0.43,0.38,2022-09-13,2047,N,VIIRS,n,2,284.37,4.5,D,0
39.12319,-120.66914,351.83,0.43,0.38,2022-09-13,2047,N,VIIRS,n,2,298.07,10.32,D,0
39.1239,-120.68514,344.61,0.43,0.38,2022-09-13,2047,N,VIIRS,n,2,283.59,5.63,D,0
39.12469,-120.70077,339.44,0.43,0.38,2022-09-13,2047,N,VIIRS,n,2,290.52,16.53,D,0
39.12476,-120.6804,348.9,0.43,0.38,2022-09-13,2047,N,VIIRS,n,2,279.24,5.63,D,0
39.12568,-120.67538,348.27,0.43,0.38,2022-09-13,2047,N,VIIRS,n,2,278.08,10.32,D,0
39.12815,-120.70167,354.77,0.43,0.38,2022-09-13,2047,N,VIIRS,n,2,308.72,16.53,D,0
39.12823,-120.68131,339.23,0.43,0.38,2022-09-13,2047,N,VIIRS,n,2,280.73,10.02,D,0
39.13251,-120.69769,334.09,0.43,0.38,2022-09-13,2047,N,VIIRS,n,2,295.31,8.15,D,0
39.13596,-120.69868,350.27,0.43,0.38,2022-09-13,2047,N,VIIRS,n,2,298.51,8.15,D,0
39.13686,-120.69369,333.22,0.43,0.38,2022-09-13,2047,N,VIIRS,n,2,291.92,8.15,D,0
39.18976,-120.82353,338.42,0.43,0.38,2022-09-13,2047,N,VIIRS,l,2,310.55,43.51,D,0
39.1907,-120.81842,346.16,0.43,0.38,2022-09-13,2047,N,VIIRS,n,2,306.41,183.21,D,0
38.93023,-120.60237,301.58,0.46,0.47,2022-09-13,925,N,VIIRS,n,2,286.34,1.57,N,0
38.93066,-120.60735,299.39,0.46,0.47,2022-09-13,925,N,VIIRS,n,2,285.99,1.5,N,0
38.94225,-120.58811,300.38,0.46,0.47,2022-09-13,925,N,VIIRS,n,2,280.93,1.03,N,0
38.94656,-120.58684,303.98,0.46,0.47,2022-09-13,925,N,VIIRS,n,2,283.73,1.87,N,0
38.95187,-120.59698,299.12,0.46,0.47,2022-09-13,925,N,VIIRS,n,2,280.33,0.98,N,0
38.96243,-120.61623,298.99,0.46,0.47,2022-09-13,925,N,VIIRS,n,2,279.03,0.79,N,0
38.97174,-120.6214,319.36,0.46,0.47,2022-09-13,925,N,VIIRS,n,2,285.87,3.72,N,0
38.98066,-120.62209,302.12,0.46,0.47,2022-09-13,925,N,VIIRS,n,2,282.25,1.69,N,0
38.98534,-120.82699,304.58,0.47,0.48,2022-09-13,925,N,VIIRS,n,2,288.77,1.7,N,0
38.99318,-120.81418,300.97,0.47,0.48,2022-09-13,925,N,VIIRS,n,2,288.22,2.04,N,0
38.99996,-120.6395,302.32,0.46,0.47,2022-09-13,925,N,VIIRS,n,2,284.39,2.52,N,0
39.00381,-120.63312,339.94,0.46,0.47,2022-09-13,925,N,VIIRS,n,2,288.87,6.28,N,0
39.00436,-120.63909,312.15,0.46,0.47,2022-09-13,925,N,VIIRS,n,2,286.25,4.84,N,0
39.00817,-120.63227,334.21,0.46,0.47,2022-09-13,925,N,VIIRS,n,2,289.42,6.28,N,0
39.01205,-120.63091,342.01,0.46,0.47,2022-09-13,925,N,VIIRS,n,2,290.77,4.75,N,0
39.01253,-120.63142,338.41,0.46,0.47,2022-09-13,925,N,VIIRS,n,2,290.1,4.97,N,0
39.01643,-120.63021,314.13,0.46,0.47,2022-09-13,925,N,VIIRS,n,2,288.98,4.75,N,0
39.0169,-120.63074,308.77,0.46,0.47,2022-09-13,925,N,VIIRS,n,2,288.59,4.97,N,0
39.02082,-120.62973,312.59,0.46,0.47,2022-09-13,925,N,VIIRS,n,2,286.58,2.36,N,0
39.0213,-120.63029,311.85,0.46,0.47,2022-09-13,925,N,VIIRS,n,2,285.91,2.36,N,0
39.05816,-120.65114,312.17,0.46,0.47,2022-09-13,925,N,VIIRS,n,2,285.29,1.97,N,0
39.06596,-120.63885,305.34,0.46,0.47,2022-09-13,925,N,VIIRS,n,2,283.4,1.85,N,0
39.06644,-120.6444,319.93,0.46,0.47,2022-09-13,925,N,VIIRS,n,2,285.68,2.17,N,0
39.06694,-120.65006,304.2,0.46,0.47,2022-09-13,925,N,VIIRS,n,2,285.74,2.17,N,0
39.07136,-120.64977,313.28,0.46,0.47,2022-09-13,925,N,VIIRS,n,2,284.07,2.17,N,0
39.07583,-120.65014,301.57,0.46,0.47,2022-09-13,925,N,VIIRS,n,2,281.46,1.74,N,0
39.07964,-120.64296,324.21,0.46,0.47,2022-09-13,925,N,VIIRS,n,2,285.09,1.74,N,0
39.0803,-120.6505,303.05,0.46,0.47,2022-09-13,925,N,VIIRS,n,2,281.84,1.74,N,0
39.08087,-120.65694,309.7,0.46,0.47,2022-09-13,925,N,VIIRS,n,2,282.24,1.36,N,0
39.08521,-120.65573,309.88,0.46,0.47,2022-09-13,925,N,VIIRS,n,2,279.37,4.33,N,0
39.08598,-120.66446,302.63,0.46,0.47,2022-09-13,925,N,VIIRS,n,2,279.65,1.8,N,0
39.08688,-120.67455,303.74,0.47,0.47,2022-09-13,925,N,VIIRS,n,2,280.87,1.38,N,0
39.08994,-120.65907,349.6,0.46,0.47,2022-09-13,925,N,VIIRS,n,2,282.64,4.33,N,0
39.09033,-120.66338,305.31,0.46,0.47,2022-09-13,925,N,VIIRS,n,2,279.81,1.8,N,0
39.09124,-120.67367,304.58,0.47,0.47,2022-09-13,925,N,VIIRS,n,2,280.22,1.38,N,0
39.0918,-120.67998,306.57,0.47,0.47,2022-09-13,925,N,VIIRS,n,2,282.3,1.38,N,0
39.09434,-120.65848,316.48,0.46,0.47,2022-09-13,925,N,VIIRS,n,2,279.89,0.78,N,0
39.09472,-120.66273,339.45,0.46,0.47,2022-09-13,925,N,VIIRS,n,2,279.4,2.52,N,0
39.09513,-120.6674,303.43,0.47,0.47,2022-09-13,925,N,VIIRS,n,2,277.59,2.52,N,0
39.0962,-120.67946,312.25,0.47,0.47,2022-09-13,925,N,VIIRS,n,2,280.27,1.89,N,0
39.09679,-120.68611,307.59,0.47,0.47,2022-09-13,925,N,VIIRS,n,2,278.96,2.21,N,0
39.09726,-120.69141,305.56,0.47,0.47,2022-09-13,925,N,VIIRS,n,2,282.84,2.21,N,0
39.09874,-120.65797,300.41,0.46,0.47,2022-09-13,925,N,VIIRS,n,2,278.3,0.78,N,0
39.09911,-120.66213,307.36,0.46,0.47,2022-09-13,925,N,VIIRS,n,2,279.64,2.52,N,0
39.09998,-120.67189,305.29,0.47,0.47,2022-09-13,925,N,VIIRS,n,2,276.46,1.89,N,0
39.10114,-120.68495,316.11,0.47,0.47,2022-09-13,925,N,VIIRS,n,2,282.11,2.21,N,0
39.10162,-120.6903,323.43,0.47,0.47,2022-09-13,925,N,VIIRS,n,2,285.68,2.21,N,0
39.10207,-120.69544,305.21,0.47,0.47,2022-09-13,925,N,VIIRS,n,2,278.54,3.25,N,0
39.1055,-120.68392,304.7,0.47,0.47,2022-09-13,925,N,VIIRS,n,2,276.61,2.09,N,0
39.10597,-120.68914,314.29,0.47,0.47,2022-09-13,925,N,VIIRS,n,2,281.07,2.09,N,0
39.10934,-120.67715,333.16,0.47,0.47,2022-09-13,925,N,VIIRS,n,2,284.24,5.26,N,0
39.10986,-120.68295,308.19,0.47,0.47,2022-09-13,925,N,VIIRS,n,2,278.43,2.09,N,0
39.11423,-120.68205,301.85,0.47,0.47,2022-09-13,925,N,VIIRS,n,2,278.82,3.67,N,0
38.91347,-120.60863,301.24,0.4,0.6,2022-09-14,1046,N,VIIRS,n,2,284.08,0.76,N,0
38.91472,-120.61315,297.58,0.4,0.6,2022-09-14,1046,N,VIIRS,n,2,284.7,0.76,N,0
38.91858,-120.60557,298.93,0.4,0.6,2022-09-14,1046,N,VIIRS,n,2,285.63,0.76,N,0
38.91991,-120.61037,303.46,0.4,0.6,2022-09-14,1046,N,VIIRS,n,2,286.12,0.76,N,0
38.9212,-120.61502,306.56,0.4,0.6,2022-09-14,1046,N,VIIRS,n,2,285.91,1.33,N,0
38.92245,-120.61957,296.59,0.4,0.6,2022-09-14,1046,N,VIIRS,n,2,285.17,1.33,N,0
38.92458,-120.60569,302.1,0.4,0.6,2022-09-14,1046,N,VIIRS,n,2,285.12,1.3,N,0
38.9259,-120.61049,308.05,0.4,0.6,2022-09-14,1046,N,VIIRS,n,2,286.3,0.96,N,0
38.92729,-120.61554,304.4,0.4,0.6,2022-09-14,1046,N,VIIRS,n,2,287.15,0.96,N,0
38.93033,-120.60491,296.95,0.4,0.6,2022-09-14,1046,N,VIIRS,n,2,284.98,0.96,N,0
38.93271,-120.59191,306.48,0.4,0.6,2022-09-14,1046,N,VIIRS,n,2,285.83,4.17,N,0
38.93382,-120.59591,301.05,0.4,0.6,2022-09-14,1046,N,VIIRS,n,2,285.7,4.17,N,0
38.93642,-120.58374,337.63,0.4,0.6,2022-09-14,1046,N,VIIRS,n,2,285.17,6.41,N,0
38.93745,-120.58747,343.48,0.4,0.6,2022-09-14,1046,N,VIIRS,n,2,288.01,6.41,N,0
38.93843,-120.59105,367,0.4,0.6,2022-09-14,1046,N,VIIRS,h,2,291,4.17,N,0
38.93939,-120.59451,332.46,0.4,0.6,2022-09-14,1046,N,VIIRS,n,2,288.44,4.17,N,0
38.94107,-120.57897,340.17,0.4,0.6,2022-09-14,1046,N,VIIRS,n,2,286.96,3.2,N,0
38.94217,-120.58298,336.7,0.4,0.6,2022-09-14,1046,N,VIIRS,n,2,287.8,2.86,N,0
38.94324,-120.58688,299.69,0.4,0.6,2022-09-14,1046,N,VIIRS,n,2,285.25,2.86,N,0
38.94555,-120.5736,304.99,0.4,0.6,2022-09-14,1046,N,VIIRS,n,2,284,3.2,N,0
38.94667,-120.57766,326.26,0.4,0.6,2022-09-14,1046,N,VIIRS,n,2,286.97,3.2,N,0
38.94773,-120.58154,314.47,0.4,0.6,2022-09-14,1046,N,VIIRS,n,2,289.35,2.86,N,0
38.94878,-120.58533,299.26,0.4,0.6,2022-09-14,1046,N,VIIRS,n,2,286.6,2.86,N,0
38.94993,-120.58953,297.83,0.4,0.6,2022-09-14,1046,N,VIIRS,n,2,285.53,1.37,N,0
38.95098,-120.57163,305.17,0.4,0.6,2022-09-14,1046,N,VIIRS,n,2,284.54,2.82,N,0
38.95205,-120.57554,340.26,0.4,0.6,2022-09-14,1046,N,VIIRS,n,2,292.18,2.82,N,0
38.95311,-120.57942,320.28,0.4,0.6,2022-09-14,1046,N,VIIRS,n,2,288.74,2.85,N,0
38.95421,-120.58343,302.46,0.4,0.6,2022-09-14,1046,N,VIIRS,n,2,284.5,2.85,N,0
38.95467,-120.6068,306,0.4,0.6,2022-09-14,1046,N,VIIRS,n,2,285.95,0.92,N,0
38.9566,-120.57232,318.3,0.4,0.6,2022-09-14,1046,N,VIIRS,n,2,285.58,1.09,N,0
38.95747,-120.57358,307.07,0.4,0.6,2022-09-14,1046,N,VIIRS,n,2,284.26,2.82,N,0
38.95776,-120.57642,299.96,0.4,0.6,2022-09-14,1046,N,VIIRS,n,2,283.41,1.09,N,0
38.9579,-120.59692,301.6,0.4,0.6,2022-09-14,1046,N,VIIRS,n,2,285.48,2.45,N,0
38.95918,-120.60154,320.84,0.4,0.6,2022-09-14,1046,N,VIIRS,n,2,288.12,2.45,N,0
38.96045,-120.60622,303.32,0.4,0.6,2022-09-14,1046,N,VIIRS,n,2,287.92,1.8,N,0
38.96172,-120.61087,299.11,0.4,0.6,2022-09-14,1046,N,VIIRS,n,2,286.53,1.8,N,0
38.96231,-120.59128,299.89,0.4,0.6,2022-09-14,1046,N,VIIRS,n,2,285.3,2.35,N,0
38.96272,-120.59416,329.78,0.4,0.6,2022-09-14,1046,N,VIIRS,n,2,288.84,3.15,N,0
38.96349,-120.59557,337.62,0.4,0.6,2022-09-14,1046,N,VIIRS,n,2,291.89,2.45,N,0
38.96392,-120.59845,324.68,0.4,0.6,2022-09-14,1046,N,VIIRS,n,2,291.91,2.92,N,0
38.96465,-120.5998,318.7,0.4,0.6,2022-09-14,1046,N,VIIRS,n,2,292.25,2.45,N,0
38.96512,-120.60274,314.34,0.4,0.6,2022-09-14,1046,N,VIIRS,n,2,291.99,2.92,N,0
38.96581,-120.60406,316.33,0.4,0.6,2022-09-14,1046,N,VIIRS,n,2,292.96,1.8,N,0
38.9663,-120.60696,320.15,0.4,0.6,2022-09-14,1046,N,VIIRS,n,2,293.05,1.77,N,0
38.96663,-120.5868,302.81,0.4,0.6,2022-09-14,1046,N,VIIRS,n,2,285.71,3.15,N,0
38.96697,-120.6083,317.87,0.4,0.6,2022-09-14,1046,N,VIIRS,n,2,292.87,1.8,N,0
38.96737,-120.58799,330.5,0.4,0.6,2022-09-14,1046,N,VIIRS,n,2,288.95,3.45,N,0
38.96747,-120.61113,308.88,0.4,0.6,2022-09-14,1046,N,VIIRS,n,2,289.03,1.77,N,0
38.96778,-120.5909,339.87,0.4,0.6,2022-09-14,1046,N,VIIRS,n,2,292.57,3.15,N,0
38.96811,-120.61244,302.24,0.4,0.6,2022-09-14,1046,N,VIIRS,n,2,287.32,1.27,N,0
38.9685,-120.59211,323.39,0.4,0.6,2022-09-14,1046,N,VIIRS,n,2,290.78,3.37,N,0
38.96894,-120.59508,312.1,0.4,0.6,2022-09-14,1046,N,VIIRS,n,2,289.72,2.92,N,0
38.96922,-120.61654,298.46,0.4,0.6,2022-09-14,1046,N,VIIRS,n,2,287.04,1.27,N,0
38.96965,-120.59636,306.51,0.4,0.6,2022-09-14,1046,N,VIIRS,n,2,288.3,3.37,N,0
38.96978,-120.61936,306.77,0.4,0.6,2022-09-14,1046,N,VIIRS,n,2,287.33,1.44,N,0
38.97015,-120.5994,303.33,0.4,0.6,2022-09-14,1046,N,VIIRS,n,2,288.09,2.92,N,0
38.97034,-120.62065,310.04,0.4,0.6,2022-09-14,1046,N,VIIRS,n,2,287.7,1.56,N,0
38.97084,-120.60071,303.29,0.4,0.6,2022-09-14,1046,N,VIIRS,n,2,288,1.32,N,0
38.97136,-120.6037,304.64,0.4,0.6,2022-09-14,1046,N,VIIRS,n,2,288.15,1.77,N,0
38.97165,-120.5834,308.19,0.4,0.6,2022-09-14,1046,N,VIIRS,n,2,286.54,3.09,N,0
38.97199,-120.60488,304.23,0.4,0.6,2022-09-14,1046,N,VIIRS,n,2,288.3,1.32,N,0
38.97237,-120.5845,326.36,0.4,0.6,2022-09-14,1046,N,VIIRS,n,2,288.54,3.45,N,0
38.97247,-120.6077,307.85,0.4,0.6,2022-09-14,1046,N,VIIRS,n,2,289.17,1.77,N,0
38.97274,-120.58734,335.01,0.4,0.6,2022-09-14,1046,N,VIIRS,n,2,290.07,3.09,N,0
38.97306,-120.6088,305.18,0.4,0.6,2022-09-14,1046,N,VIIRS,n,2,288.06,1.79,N,0
38.97346,-120.58848,334.04,0.4,0.6,2022-09-14,1046,N,VIIRS,n,2,290.61,3.37,N,0
38.97352,-120.61144,301.98,0.4,0.6,2022-09-14,1046,N,VIIRS,n,2,287.86,1.44,N,0
38.97384,-120.59128,327.35,0.4,0.6,2022-09-14,1046,N,VIIRS,n,2,289.38,2.62,N,0
38.97408,-120.61253,301.75,0.4,0.6,2022-09-14,1046,N,VIIRS,n,2,287.64,1.79,N,0
38.97452,-120.59236,322.23,0.4,0.6,2022-09-14,1046,N,VIIRS,n,2,288.16,3.37,N,0
38.97455,-120.61514,302.04,0.4,0.6,2022-09-14,1046,N,VIIRS,n,2,287.54,1.44,N,0
38.97495,-120.59521,311.14,0.4,0.6,2022-09-14,1046,N,VIIRS,n,2,286.98,2.62,N,0
38.9751,-120.61626,298.59,0.4,0.6,2022-09-14,1046,N,VIIRS,n,2,286.93,4.16,N,0
38.97561,-120.59636,307.31,0.4,0.6,2022-09-14,1046,N,VIIRS,n,2,286.68,1.32,N,0
38.9761,-120.59934,306.44,0.4,0.6,2022-09-14,1046,N,VIIRS,n,2,286.74,1.24,N,0
38.97675,-120.60052,306.34,0.4,0.6,2022-09-14,1046,N,VIIRS,n,2,287.02,1.32,N,0
38.97724,-120.60342,301.01,0.4,0.6,2022-09-14,1046,N,VIIRS,n,2,286.65,1.24,N,0
38.97788,-120.60467,301.72,0.4,0.6,2022-09-14,1046,N,VIIRS,n,2,287.39,1.79,N,0
38.97836,-120.60745,312.62,0.4,0.6,2022-09-14,1046,N,VIIRS,n,2,288.35,2.85,N,0
38.97847,-120.58501,297.31,0.4,0.6,2022-09-14,1046,N,VIIRS,n,2,284.13,1.56,N,0
38.97885,-120.58785,316.13,0.4,0.6,2022-09-14,1046,N,VIIRS,n,2,286.1,2.62,N,0
38.97895,-120.60859,327.23,0.4,0.6,2022-09-14,1046,N,VIIRS,n,2,290.42,1.79,N,0
38.97942,-120.61124,341.41,0.4,0.6,2022-09-14,1046,N,VIIRS,n,2,292.22,2.85,N,0
38.97957,-120.58904,318.64,0.4,0.6,2022-09-14,1046,N,VIIRS,n,2,286.69,1.56,N,0
38.97996,-120.59181,315.5,0.4,0.6,2022-09-14,1046,N,VIIRS,n,2,287.28,2.62,N,0
38.98009,-120.61274,350.21,0.4,0.6,2022-09-14,1046,N,VIIRS,n,2,293.64,4.16,N,0
38.98062,-120.61552,342.46,0.4,0.6,2022-09-14,1046,N,VIIRS,n,2,291.33,3.57,N,0
38.9807,-120.59319,306.06,0.4,0.6,2022-09-14,1046,N,VIIRS,n,2,286.37,1.71,N,0
38.98117,-120.59617,300.2,0.4,0.6,2022-09-14,1046,N,VIIRS,n,2,286.45,1.24,N,0
38.98129,-120.61716,328.08,0.4,0.6,2022-09-14,1046,N,VIIRS,n,2,289.19,4.16,N,0
38.98195,-120.62029,301.23,0.4,0.6,2022-09-14,1046,N,VIIRS,n,2,286.98,3.57,N,0
38.98195,-120.59777,300.96,0.4,0.6,2022-09-14,1046,N,VIIRS,n,2,286.64,1.71,N,0
38.98257,-120.6012,301.8,0.4,0.6,2022-09-14,1046,N,VIIRS,n,2,286.77,1.24,N,0
38.98334,-120.60287,306.47,0.4,0.6,2022-09-14,1046,N,VIIRS,n,2,287.49,1.26,N,0
38.98366,-120.58222,302.32,0.4,0.6,2022-09-14,1046,N,VIIRS,n,2,284.2,1.56,N,0
38.98394,-120.6061,314.22,0.4,0.6,2022-09-14,1046,N,VIIRS,n,2,288.37,2.85,N,0
38.98409,-120.58526,318.38,0.4,0.6,2022-09-14,1046,N,VIIRS,n,2,285.1,2.67,N,0
38.98464,-120.60767,313.8,0.4,0.6,2022-09-14,1046,N,VIIRS,n,2,287.91,1.26,N,0
38.98486,-120.58662,328.28,0.4,0.6,2022-09-14,1046,N,VIIRS,n,2,286.67,1.56,N,0
38.98526,-120.61084,309.77,0.4,0.6,2022-09-14,1046,N,VIIRS,n,2,288.13,2.85,N,0
38.98537,-120.58984,323.34,0.4,0.6,2022-09-14,1046,N,VIIRS,n,2,286.86,2.67,N,0
38.98594,-120.61245,306.68,0.4,0.6,2022-09-14,1046,N,VIIRS,n,2,287.7,1.18,N,0
38.98615,-120.59138,313.95,0.4,0.6,2022-09-14,1046,N,VIIRS,n,2,286.61,1.71,N,0
38.98662,-120.61571,303.96,0.4,0.6,2022-09-14,1046,N,VIIRS,n,2,287.56,3.57,N,0
38.98679,-120.59491,311.4,0.4,0.6,2022-09-14,1046,N,VIIRS,n,2,286.57,1.69,N,0
38.98727,-120.61732,300.74,0.4,0.6,2022-09-14,1046,N,VIIRS,n,2,287.61,1.18,N,0
38.98758,-120.59665,303.7,0.4,0.6,2022-09-14,1046,N,VIIRS,n,2,286.84,1.71,N,0
38.98831,-120.60039,302.12,0.4,0.6,2022-09-14,1046,N,VIIRS,n,2,287.05,1.69,N,0
38.98877,-120.83936,298.71,0.39,0.59,2022-09-14,1046,N,VIIRS,n,2,284.45,0.75,N,0
38.98908,-120.60218,302.37,0.4,0.6,2022-09-14,1046,N,VIIRS,n,2,287.26,1.26,N,0
38.98959,-120.58362,338.23,0.4,0.6,2022-09-14,1046,N,VIIRS,n,2,288.17,2.67,N,0
38.98976,-120.60558,303.87,0.4,0.6,2022-09-14,1046,N,VIIRS,n,2,287.83,3.08,N,0
38.99045,-120.60719,304.38,0.4,0.6,2022-09-14,1046,N,VIIRS,n,2,288.24,1.26,N,0
38.99109,-120.61036,303.05,0.4,0.6,2022-09-14,1046,N,VIIRS,n,2,287.92,3.08,N,0
38.99111,-120.58904,306.95,0.4,0.6,2022-09-14,1046,N,VIIRS,n,2,287.86,2.67,N,0
38.99172,-120.61188,302.54,0.4,0.6,2022-09-14,1046,N,VIIRS,n,2,288.07,1.18,N,0
38.99237,-120.61494,304.67,0.4,0.6,2022-09-14,1046,N,VIIRS,n,2,288.17,4.7,N,0
38.9927,-120.59478,303.9,0.4,0.6,2022-09-14,1046,N,VIIRS,n,2,287.14,1.69,N,0
38.99295,-120.61639,306.89,0.4,0.6,2022-09-14,1046,N,VIIRS,n,2,288.67,1.18,N,0
38.99359,-120.61935,307.88,0.4,0.6,2022-09-14,1046,N,VIIRS,n,2,286.91,4.7,N,0
38.99413,-120.62073,307.85,0.4,0.6,2022-09-14,1046,N,VIIRS,n,2,285.74,2.49,N,0
38.9942,-120.60014,311.33,0.4,0.6,2022-09-14,1046,N,VIIRS,n,2,288.63,1.69,N,0
38.99476,-120.62356,297.78,0.4,0.6,2022-09-14,1046,N,VIIRS,n,2,285.35,2.27,N,0
38.99556,-120.60502,316.62,0.4,0.6,2022-09-14,1046,N,VIIRS,n,2,290.67,3.08,N,0
38.9958,-120.84361,308.11,0.39,0.59,2022-09-14,1046,N,VIIRS,n,2,285.56,0.75,N,0
38.99603,-120.82289,324.64,0.39,0.59,2022-09-14,1046,N,VIIRS,n,2,287.07,1.48,N,0
38.99678,-120.60942,352.34,0.4,0.6,2022-09-14,1046,N,VIIRS,n,2,293.03,3.08,N,0
38.99704,-120.58894,313.33,0.4,0.6,2022-09-14,1046,N,VIIRS,n,2,287.77,2.1,N,0
38.99765,-120.82883,302.01,0.39,0.59,2022-09-14,1046,N,VIIRS,n,2,285.65,1.48,N,0
38.99794,-120.61362,347.11,0.4,0.6,2022-09-14,1046,N,VIIRS,n,2,292.72,4.7,N,0
38.99844,-120.59399,322.89,0.4,0.6,2022-09-14,1046,N,VIIRS,n,2,289.41,3.04,N,0
38.99907,-120.61768,345.5,0.4,0.6,2022-09-14,1046,N,VIIRS,n,2,292.28,4.7,N,0
38.99924,-120.63966,300.31,0.4,0.6,2022-09-14,1046,N,VIIRS,n,2,286.23,1.73,N,0
38.99965,-120.64103,300.7,0.4,0.6,2022-09-14,1046,N,VIIRS,n,2,286.35,0.72,N,0
38.99973,-120.59862,318.45,0.4,0.6,2022-09-14,1046,N,VIIRS,n,2,288.7,3.04,N,0
39.00019,-120.62167,315.02,0.4,0.6,2022-09-14,1046,N,VIIRS,n,2,286.77,2.27,N,0
39.00024,-120.81676,308.73,0.39,0.59,2022-09-14,1046,N,VIIRS,n,2,286.11,1.85,N,0
39.00097,-120.60307,308.41,0.4,0.6,2022-09-14,1046,N,VIIRS,n,2,287.11,1.92,N,0
39.00118,-120.84181,319.59,0.39,0.59,2022-09-14,1046,N,VIIRS,n,2,286.16,2.24,N,0
39.00127,-120.62561,301.55,0.4,0.6,2022-09-14,1046,N,VIIRS,n,2,285.93,2.27,N,0
39.00195,-120.82305,299.31,0.39,0.59,2022-09-14,1046,N,VIIRS,n,2,285.39,1.48,N,0
39.00235,-120.62946,298.16,0.4,0.6,2022-09-14,1046,N,VIIRS,n,2,286.93,0.89,N,0
39.00254,-120.84679,301.44,0.39,0.59,2022-09-14,1046,N,VIIRS,n,2,284.47,3.03,N,0
39.0034,-120.63327,298.48,0.4,0.6,2022-09-14,1046,N,VIIRS,n,2,287.39,0.89,N,0
39.00655,-120.83995,323.3,0.39,0.59,2022-09-14,1046,N,VIIRS,n,2,288.22,2.24,N,0
39.00668,-120.62361,323.51,0.4,0.6,2022-09-14,1046,N,VIIRS,n,2,287.77,1.79,N,0
39.00735,-120.60462,306.46,0.4,0.6,2022-09-14,1046,N,VIIRS,n,2,285.63,1.92,N,0
39.00775,-120.62749,319.74,0.4,0.6,2022-09-14,1046,N,VIIRS,n,2,289.36,1.89,N,0
39.00856,-120.60899,300.1,0.4,0.6,2022-09-14,1046,N,VIIRS,n,2,285.44,1.54,N,0
39.00883,-120.63137,305.1,0.4,0.6,2022-09-14,1046,N,VIIRS,n,2,287.23,1.89,N,0
39.01206,-120.6216,307.79,0.4,0.6,2022-09-14,1046,N,VIIRS,n,2,285.41,1.79,N,0
39.01313,-120.62547,315.02,0.4,0.6,2022-09-14,1046,N,VIIRS,n,2,288.92,1.89,N,0
39.01422,-120.62939,311.75,0.4,0.6,2022-09-14,1046,N,VIIRS,n,2,288.96,1.89,N,0
39.01471,-120.6097,330.02,0.4,0.6,2022-09-14,1046,N,VIIRS,n,2,286.9,3.79,N,0
39.01588,-120.61395,332.69,0.4,0.6,2022-09-14,1046,N,VIIRS,n,2,289.96,4.06,N,0
39.01705,-120.61815,334.96,0.4,0.6,2022-09-14,1046,N,VIIRS,n,2,290.68,4.06,N,0
39.01823,-120.62242,328.84,0.4,0.6,2022-09-14,1046,N,VIIRS,n,2,289.81,3.41,N,0
39.01943,-120.62675,312.55,0.4,0.6,2022-09-14,1046,N,VIIRS,n,2,288.37,3.41,N,0
39.0206,-120.63097,309.66,0.4,0.6,2022-09-14,1046,N,VIIRS,n,2,287.66,1.16,N,0
39.02162,-120.61317,308.79,0.4,0.6,2022-09-14,1046,N,VIIRS,n,2,286.21,4.06,N,0
39.02171,-120.63499,300.74,0.4,0.6,2022-09-14,1046,N,VIIRS,n,2,287.1,1.16,N,0
39.02282,-120.61751,328.45,0.4,0.6,2022-09-14,1046,N,VIIRS,n,2,287.71,3.41,N,0
39.02536,-120.62669,300.82,0.4,0.6,2022-09-14,1046,N,VIIRS,n,2,285.6,1.16,N,0
39.02669,-120.63151,318.02,0.4,0.6,2022-09-14,1046,N,VIIRS,n,2,288.36,1.16,N,0
39.02794,-120.63602,298.88,0.4,0.6,2022-09-14,1046,N,VIIRS,n,2,286.63,2,N,0
39.03226,-120.65166,303.31,0.4,0.6,2022-09-14,1046,N,VIIRS,n,2,287.99,2,N,0
39.03251,-120.63109,331.86,0.4,0.6,2022-09-14,1046,N,VIIRS,n,2,288.39,2.51,N,0
39.0337,-120.65688,316.43,0.4,0.6,2022-09-14,1046,N,VIIRS,n,2,287.87,2.3,N,0
39.03373,-120.63548,323.5,0.4,0.6,2022-09-14,1046,N,VIIRS,n,2,288.04,2.51,N,0
39.03569,-120.64259,308.88,0.4,0.6,2022-09-14,1046,N,VIIRS,n,2,288.14,2.06,N,0
39.03659,-120.64587,315.91,0.4,0.6,2022-09-14,1046,N,VIIRS,n,2,288.69,3.43,N,0
39.03721,-120.62659,310.14,0.4,0.6,2022-09-14,1046,N,VIIRS,n,2,287.74,2.51,N,0
39.03763,-120.64964,329.7,0.4,0.6,2022-09-14,1046,N,VIIRS,n,2,290.08,3.43,N,0
39.03846,-120.63114,317.98,0.4,0.6,2022-09-14,1046,N,VIIRS,n,2,288.09,2.51,N,0
39.03903,-120.65469,326.25,0.4,0.6,2022-09-14,1046,N,VIIRS,n,2,288.19,4.28,N,0
39.03979,-120.63596,308.27,0.4,0.6,2022-09-14,1046,N,VIIRS,n,2,288.07,2.06,N,0
39.04098,-120.64028,312.15,0.4,0.6,2022-09-14,1046,N,VIIRS,n,2,288.91,2.06,N,0
39.04404,-120.62983,299.55,0.4,0.6,2022-09-14,1046,N,VIIRS,n,2,286.96,0.97,N,0
39.04693,-120.6188,307.69,0.4,0.6,2022-09-14,1046,N,VIIRS,n,2,285.73,1.7,N,0
39.0479,-120.62233,322.34,0.4,0.6,2022-09-14,1046,N,VIIRS,n,2,287.23,1.7,N,0
39.04895,-120.62615,300.03,0.4,0.6,2022-09-14,1046,N,VIIRS,n,2,286.59,0.97,N,0
39.05021,-120.63071,298.64,0.4,0.6,2022-09-14,1046,N,VIIRS,n,2,286.26,0.97,N,0
39.05164,-120.63589,314.35,0.4,0.6,2022-09-14,1046,N,VIIRS,n,2,286.96,1.8,N,0
39.05274,-120.61837,353.5,0.4,0.6,2022-09-14,1046,N,VIIRS,n,2,291.32,3.47,N,0
39.05302,-120.64095,308.2,0.4,0.6,2022-09-14,1046,N,VIIRS,n,2,286.64,1.8,N,0
39.05392,-120.62267,321.81,0.4,0.6,2022-09-14,1046,N,VIIRS,n,2,288.01,3.47,N,0
39.05512,-120.62701,307.88,0.4,0.6,2022-09-14,1046,N,VIIRS,n,2,286.67,5.05,N,0
39.05629,-120.63128,319.66,0.4,0.6,2022-09-14,1046,N,VIIRS,n,2,287.81,5.05,N,0
39.05743,-120.63543,347.34,0.4,0.6,2022-09-14,1046,N,VIIRS,n,2,291.27,4.48,N,0
39.0583,-120.61699,301.51,0.4,0.6,2022-09-14,1046,N,VIIRS,n,2,282.92,3.47,N,0
39.05859,-120.63965,320.56,0.4,0.6,2022-09-14,1046,N,VIIRS,n,2,287.35,4.48,N,0
39.05952,-120.62145,316.88,0.4,0.6,2022-09-14,1046,N,VIIRS,n,2,287.39,3.47,N,0
39.05979,-120.64402,300.64,0.4,0.6,2022-09-14,1046,N,VIIRS,n,2,286.26,1.71,N,0
39.06067,-120.62565,346.13,0.4,0.6,2022-09-14,1046,N,VIIRS,n,2,290.92,5.05,N,0
39.06178,-120.62966,345.51,0.4,0.6,2022-09-14,1046,N,VIIRS,n,2,291.95,5.05,N,0
39.06284,-120.63354,324.62,0.4,0.6,2022-09-14,1046,N,VIIRS,n,2,290.14,4.48,N,0
39.06373,-120.61517,312.25,0.4,0.6,2022-09-14,1046,N,VIIRS,n,2,283.66,2.56,N,0
39.06392,-120.63748,309.94,0.4,0.6,2022-09-14,1046,N,VIIRS,n,2,289.21,4.48,N,0
39.06494,-120.61958,342.12,0.4,0.6,2022-09-14,1046,N,VIIRS,n,2,289.5,2.56,N,0
39.06507,-120.64165,313.8,0.4,0.6,2022-09-14,1046,N,VIIRS,n,2,288.49,1.71,N,0
39.06607,-120.6237,320.43,0.4,0.6,2022-09-14,1046,N,VIIRS,n,2,287.27,3.73,N,0
39.06624,-120.64592,305.91,0.4,0.6,2022-09-14,1046,N,VIIRS,n,2,287.93,1.71,N,0
39.0682,-120.63147,310.56,0.4,0.6,2022-09-14,1046,N,VIIRS,n,2,287.22,2.77,N,0
39.06924,-120.63524,332.62,0.4,0.6,2022-09-14,1046,N,VIIRS,n,2,290.13,2.77,N,0
39.07032,-120.61758,296.44,0.4,0.6,2022-09-14,1046,N,VIIRS,n,2,284.17,2.56,N,0
39.07035,-120.63932,318.88,0.4,0.6,2022-09-14,1046,N,VIIRS,n,2,289.65,2.09,N,0
39.07148,-120.64341,302.7,0.4,0.6,2022-09-14,1046,N,VIIRS,n,2,288.22,2.09,N,0
39.0725,-120.62553,306.1,0.4,0.6,2022-09-14,1046,N,VIIRS,n,2,285.26,3.73,N,0
39.0736,-120.62955,330.35,0.4,0.6,2022-09-14,1046,N,VIIRS,n,2,289.88,2.77,N,0
39.07471,-120.63361,316.42,0.4,0.6,2022-09-14,1046,N,VIIRS,n,2,289.43,2.77,N,0
39.07581,-120.63763,303.48,0.4,0.6,2022-09-14,1046,N,VIIRS,n,2,288.47,2.09,N,0
39.07678,-120.61951,301.8,0.4,0.6,2022-09-14,1046,N,VIIRS,n,2,284.75,3.46,N,0
39.07789,-120.62357,335.95,0.4,0.6,2022-09-14,1046,N,VIIRS,n,2,289.68,3.46,N,0
39.07897,-120.62752,319.31,0.4,0.6,2022-09-14,1046,N,VIIRS,n,2,289.66,4.78,N,0
39.08004,-120.63142,312.66,0.4,0.6,2022-09-14,1046,N,VIIRS,n,2,289.12,4.78,N,0
39.08108,-120.63521,305.14,0.4,0.6,2022-09-14,1046,N,VIIRS,n,2,287.77,1.98,N,0
39.08162,-120.6181,325.32,0.4,0.6,2022-09-14,1046,N,VIIRS,n,2,285.8,3.29,N,0
39.08198,-120.6385,300.97,0.4,0.6,2022-09-14,1046,N,VIIRS,n,2,286.15,1.98,N,0
39.08201,-120.61694,318.13,0.4,0.6,2022-09-14,1046,N,VIIRS,n,2,284.74,3.46,N,0
39.0827,-120.62199,338.22,0.4,0.6,2022-09-14,1046,N,VIIRS,n,2,291.94,3.29,N,0
39.08309,-120.6209,339.7,0.4,0.6,2022-09-14,1046,N,VIIRS,n,2,291.66,3.46,N,0
39.0837,-120.62558,339.44,0.4,0.6,2022-09-14,1046,N,VIIRS,n,2,291.65,4.61,N,0
39.08409,-120.62456,342.1,0.4,0.6,2022-09-14,1046,N,VIIRS,n,2,292.64,4.78,N,0
39.08468,-120.62907,332.77,0.4,0.6,2022-09-14,1046,N,VIIRS,n,2,290.23,4.61,N,0
39.08504,-120.62803,337.58,0.4,0.6,2022-09-14,1046,N,VIIRS,n,2,290.46,4.78,N,0
39.08551,-120.65138,316.56,0.4,0.6,2022-09-14,1046,N,VIIRS,n,2,288,2.81,N,0
39.08566,-120.63259,310.72,0.4,0.6,2022-09-14,1046,N,VIIRS,n,2,287.44,3.22,N,0
39.086,-120.63155,310.65,0.4,0.6,2022-09-14,1046,N,VIIRS,n,2,287.51,1.98,N,0
39.08661,-120.636,310.53,0.4,0.6,2022-09-14,1046,N,VIIRS,n,2,288.41,3.22,N,0
39.08694,-120.63498,311.55,0.4,0.6,2022-09-14,1046,N,VIIRS,n,2,288.29,1.98,N,0
39.08708,-120.65717,309.94,0.4,0.6,2022-09-14,1046,N,VIIRS,n,2,286.84,1.4,N,0
39.08749,-120.63911,334.57,0.4,0.6,2022-09-14,1046,N,VIIRS,n,2,289.56,3.06,N,0
39.08786,-120.63833,335.51,0.4,0.6,2022-09-14,1046,N,VIIRS,n,2,289.73,4.68,N,0
39.08788,-120.61926,307.73,0.4,0.6,2022-09-14,1046,N,VIIRS,n,2,284.85,3.29,N,0
39.08834,-120.64219,325.66,0.4,0.6,2022-09-14,1046,N,VIIRS,n,2,288.92,3.06,N,0
39.08873,-120.64149,326.91,0.4,0.6,2022-09-14,1046,N,VIIRS,n,2,288.88,4.68,N,0
39.08891,-120.62296,303.53,0.4,0.6,2022-09-14,1046,N,VIIRS,n,2,285.44,4.61,N,0
39.08913,-120.66472,299.43,0.4,0.6,2022-09-14,1046,N,VIIRS,n,2,284.73,1.4,N,0
39.08932,-120.64573,320.93,0.4,0.6,2022-09-14,1046,N,VIIRS,n,2,288.58,3.5,N,0
39.08966,-120.64492,321.41,0.4,0.6,2022-09-14,1046,N,VIIRS,n,2,288.62,2.81,N,0
39.09049,-120.64991,326.14,0.4,0.6,2022-09-14,1046,N,VIIRS,n,2,288.03,3.5,N,0
39.09075,-120.64893,322.94,0.4,0.6,2022-09-14,1046,N,VIIRS,n,2,287.87,2.81,N,0
39.09207,-120.65555,306.28,0.4,0.6,2022-09-14,1046,N,VIIRS,n,2,287.06,2.3,N,0
39.09215,-120.65405,299.49,0.4,0.6,2022-09-14,1046,N,VIIRS,n,2,286.75,1.4,N,0
39.09307,-120.63789,301.32,0.4,0.6,2022-09-14,1046,N,VIIRS,n,2,286.14,3.06,N,0
39.09422,-120.66168,311.49,0.4,0.6,2022-09-14,1046,N,VIIRS,n,2,286.41,1.4,N,0
39.09424,-120.66332,309.28,0.4,0.6,2022-09-14,1046,N,VIIRS,n,2,286.12,2.3,N,0
39.09726,-120.65289,296.87,0.4,0.6,2022-09-14,1046,N,VIIRS,n,2,286.1,2.3,N,0
39.09897,-120.65741,336.57,0.4,0.6,2022-09-14,1046,N,VIIRS,n,2,287.78,5.61,N,0
39.09909,-120.65945,345.09,0.4,0.6,2022-09-14,1046,N,VIIRS,n,2,288.76,2.3,N,0
39.10106,-120.66655,319.59,0.4,0.6,2022-09-14,1046,N,VIIRS,n,2,285.44,6.21,N,0
39.10107,-120.66513,331.3,0.4,0.6,2022-09-14,1046,N,VIIRS,n,2,286.3,4.44,N,0
39.10244,-120.69187,303.36,0.39,0.6,2022-09-14,1046,N,VIIRS,n,2,286.22,0.77,N,0
39.10248,-120.69289,304.12,0.39,0.6,2022-09-14,1046,N,VIIRS,n,2,286.48,1.88,N,0
39.10374,-120.69666,298.46,0.39,0.6,2022-09-14,1046,N,VIIRS,n,2,286.57,0.77,N,0
39.10613,-120.66201,318.33,0.4,0.6,2022-09-14,1046,N,VIIRS,n,2,287.06,4.44,N,0
39.1062,-120.70566,318.08,0.39,0.6,2022-09-14,1046,N,VIIRS,n,2,288.29,3.01,N,0
39.1062,-120.66373,320.84,0.4,0.6,2022-09-14,1046,N,VIIRS,n,2,287.02,4.81,N,0
39.10635,-120.70676,321.2,0.39,0.6,2022-09-14,1046,N,VIIRS,n,2,288.64,2.27,N,0
39.10661,-120.68648,297.54,0.39,0.6,2022-09-14,1046,N,VIIRS,n,2,286.57,1.82,N,0
39.10772,-120.66918,347.45,0.4,0.6,2022-09-14,1046,N,VIIRS,n,2,287.77,4.81,N,0
39.10779,-120.66813,350.77,0.4,0.6,2022-09-14,1046,N,VIIRS,n,2,288.26,4.44,N,0
39.10781,-120.71164,305.16,0.39,0.6,2022-09-14,1046,N,VIIRS,n,2,285.67,2.16,N,0
39.10796,-120.69044,316.4,0.39,0.6,2022-09-14,1046,N,VIIRS,n,2,287.8,1.95,N,0
39.108,-120.69147,319.14,0.39,0.6,2022-09-14,1046,N,VIIRS,n,2,288.48,1.88,N,0
39.10804,-120.7128,298.47,0.39,0.6,2022-09-14,1046,N,VIIRS,n,2,285.51,2.82,N,0
39.10887,-120.67212,303.84,0.4,0.6,2022-09-14,1046,N,VIIRS,n,2,286.95,4.98,N,0
39.10926,-120.69524,311.11,0.39,0.6,2022-09-14,1046,N,VIIRS,n,2,288.29,1.95,N,0
39.10931,-120.69615,308.26,0.39,0.6,2022-09-14,1046,N,VIIRS,n,2,288.36,1.88,N,0
39.11043,-120.69956,312.6,0.39,0.6,2022-09-14,1046,N,VIIRS,n,2,289.12,2.68,N,0
39.11049,-120.70039,312.61,0.39,0.6,2022-09-14,1046,N,VIIRS,n,2,289.02,2.27,N,0
39.11074,-120.68005,310.18,0.39,0.6,2022-09-14,1046,N,VIIRS,n,2,286.4,2.68,N,0
39.11078,-120.67913,309.8,0.39,0.6,2022-09-14,1046,N,VIIRS,n,2,286.46,1.53,N,0
39.11141,-120.65971,322.78,0.4,0.6,2022-09-14,1046,N,VIIRS,n,2,287.12,4.86,N,0
39.11149,-120.66145,328.35,0.4,0.6,2022-09-14,1046,N,VIIRS,n,2,287.58,4.81,N,0
39.11165,-120.70406,323.45,0.39,0.6,2022-09-14,1046,N,VIIRS,n,2,288.64,2.68,N,0
39.11179,-120.7051,322.34,0.39,0.6,2022-09-14,1046,N,VIIRS,n,2,288.61,2.27,N,0
39.11201,-120.68366,301.62,0.39,0.6,2022-09-14,1046,N,VIIRS,n,2,286.18,1.53,N,0
39.11208,-120.68487,300.43,0.39,0.6,2022-09-14,1046,N,VIIRS,n,2,286.11,2.68,N,0
39.1131,-120.66726,367,0.4,0.6,2022-09-14,1046,N,VIIRS,h,2,291.05,4.81,N,0
39.11315,-120.66612,367,0.4,0.6,2022-09-14,1046,N,VIIRS,h,2,289.47,4.86,N,0
39.11347,-120.68903,306.7,0.39,0.6,2022-09-14,1046,N,VIIRS,n,2,287.22,1.95,N,0
39.11354,-120.6901,309.59,0.39,0.6,2022-09-14,1046,N,VIIRS,n,2,287.55,2.64,N,0
39.11424,-120.67134,310.95,0.39,0.6,2022-09-14,1046,N,VIIRS,n,2,287.93,6.17,N,0
39.11434,-120.67051,317.88,0.4,0.6,2022-09-14,1046,N,VIIRS,n,2,287.17,3,N,0
39.11479,-120.69391,319.68,0.39,0.6,2022-09-14,1046,N,VIIRS,n,2,289.24,1.95,N,0
39.11486,-120.69486,324.34,0.39,0.6,2022-09-14,1046,N,VIIRS,n,2,289.32,2.64,N,0
39.11519,-120.67476,304.33,0.39,0.6,2022-09-14,1046,N,VIIRS,n,2,287.92,6.17,N,0
39.11528,-120.674,302.3,0.4,0.6,2022-09-14,1046,N,VIIRS,n,2,287.35,3,N,0
39.11598,-120.69828,325.07,0.39,0.6,2022-09-14,1046,N,VIIRS,n,2,287.87,2.68,N,0
39.11605,-120.69914,318.73,0.39,0.6,2022-09-14,1046,N,VIIRS,n,2,287.5,3.45,N,0
39.1162,-120.67842,347.2,0.39,0.6,2022-09-14,1046,N,VIIRS,n,2,291.24,2.68,N,0
39.11625,-120.67753,342.47,0.39,0.6,2022-09-14,1046,N,VIIRS,n,2,290.51,3.87,N,0
39.11742,-120.68188,320.87,0.39,0.6,2022-09-14,1046,N,VIIRS,n,2,285.03,3.87,N,0
39.11749,-120.68305,307.64,0.39,0.6,2022-09-14,1046,N,VIIRS,n,2,285.27,2.68,N,0
39.11971,-120.66973,317.21,0.39,0.6,2022-09-14,1046,N,VIIRS,n,2,287.28,4.48,N,0
39.11977,-120.66879,313.92,0.4,0.6,2022-09-14,1046,N,VIIRS,n,2,286.81,3,N,0
39.1207,-120.67329,318.91,0.39,0.6,2022-09-14,1046,N,VIIRS,n,2,289.42,4.48,N,0
39.12077,-120.67249,314.31,0.4,0.6,2022-09-14,1046,N,VIIRS,n,2,289.79,3,N,0
39.12166,-120.6768,318.33,0.39,0.6,2022-09-14,1046,N,VIIRS,n,2,286.21,6.18,N,0
39.1217,-120.6759,323,0.39,0.6,2022-09-14,1046,N,VIIRS,n,2,287.14,3.87,N,0
39.12383,-120.66325,303.75,0.4,0.6,2022-09-14,1046,N,VIIRS,n,2,282.77,2.54,N,0
39.125,-120.66748,319.68,0.39,0.6,2022-09-14,1046,N,VIIRS,n,2,285.92,4.48,N,0
39.12605,-120.67125,367,0.39,0.6,2022-09-14,1046,N,VIIRS,h,2,294.55,4.48,N,0
39.12706,-120.67493,326.86,0.39,0.6,2022-09-14,1046,N,VIIRS,n,2,286.5,6.18,N,0
39.12923,-120.66138,313.37,0.4,0.6,2022-09-14,1046,N,VIIRS,n,2,283.2,2.24,N,0
39.13029,-120.66524,323.46,0.39,0.6,2022-09-14,1046,N,VIIRS,n,2,286.19,3.72,N,0
39.13137,-120.66913,330.06,0.39,0.6,2022-09-14,1046,N,VIIRS,n,2,287.1,3.72,N,0
39.13242,-120.69425,301.87,0.39,0.6,2022-09-14,1046,N,VIIRS,n,2,283.91,2.24,N,0
39.1325,-120.67323,306.67,0.39,0.6,2022-09-14,1046,N,VIIRS,n,2,284.24,2.75,N,0
39.13364,-120.69869,334.04,0.39,0.6,2022-09-14,1046,N,VIIRS,n,2,287.69,2.24,N,0
39.13778,-120.6923,346.81,0.39,0.6,2022-09-14,1046,N,VIIRS,n,2,289.47,4.91,N,0
39.13888,-120.69627,332.83,0.39,0.6,2022-09-14,1046,N,VIIRS,n,2,289.72,4.91,N,0
39.13969,-120.65646,322.51,0.4,0.6,2022-09-14,1046,N,VIIRS,n,2,285.34,2.15,N,0
39.14081,-120.66051,311.71,0.39,0.6,2022-09-14,1046,N,VIIRS,n,2,283.43,2.13,N,0
39.14189,-120.68582,310.33,0.39,0.6,2022-09-14,1046,N,VIIRS,n,2,285.13,3.19,N,0
39.14298,-120.68976,326.76,0.39,0.6,2022-09-14,1046,N,VIIRS,n,2,289.26,4.91,N,0
39.14605,-120.67948,322.75,0.39,0.6,2022-09-14,1046,N,VIIRS,n,2,285.95,2.67,N,0
39.14714,-120.68343,320.99,0.39,0.6,2022-09-14,1046,N,VIIRS,n,2,287.76,2.67,N,0
39.15014,-120.6729,316.6,0.39,0.6,2022-09-14,1046,N,VIIRS,n,2,284.25,2.91,N,0
39.15121,-120.6768,320.21,0.39,0.6,2022-09-14,1046,N,VIIRS,n,2,287.87,2.67,N,0
39.15432,-120.66663,310.87,0.39,0.6,2022-09-14,1046,N,VIIRS,n,2,284.63,1.45,N,0
39.15545,-120.67075,308.56,0.39,0.6,2022-09-14,1046,N,VIIRS,n,2,285.9,1.45,N,0
39.15961,-120.66441,311.68,0.39,0.6,2022-09-14,1046,N,VIIRS,n,2,286.03,1.45,N,0
39.1638,-120.65815,334.96,0.39,0.6,2022-09-14,1046,N,VIIRS,n,2,283.94,5.15,N,0
39.16496,-120.66238,317.3,0.39,0.6,2022-09-14,1046,N,VIIRS,n,2,285.1,8.02,N,0
39.16789,-120.65152,326.83,0.39,0.6,2022-09-14,1046,N,VIIRS,n,2,282.57,5.15,N,0
39.16914,-120.65608,355.69,0.39,0.6,2022-09-14,1046,N,VIIRS,n,2,288.31,5.15,N,0
39.1732,-120.64939,340.24,0.39,0.6,2022-09-14,1046,N,VIIRS,n,2,285.19,5.15,N,0
39.17444,-120.65388,320.15,0.39,0.6,2022-09-14,1046,N,VIIRS,n,2,284.17,5.15,N,0
39.17608,-120.63831,347.72,0.4,0.6,2022-09-14,1046,N,VIIRS,n,2,288.84,7.65,N,0
39.1773,-120.64277,349.11,0.4,0.6,2022-09-14,1046,N,VIIRS,n,2,291.97,7.65,N,0
39.17849,-120.64713,332.54,0.39,0.6,2022-09-14,1046,N,VIIRS,n,2,288.09,5.15,N,0
39.18,-120.63104,295.55,0.4,0.6,2022-09-14,1046,N,VIIRS,n,2,282.1,0.54,N,0
38.91836,-120.61103,339.73,0.46,0.47,2022-09-14,2028,N,VIIRS,n,2,294.24,4.56,D,0
38.91945,-120.60621,337.96,0.46,0.47,2022-09-14,2028,N,VIIRS,n,2,292.86,6.83,D,0
38.9225,-120.61292,336.16,0.46,0.47,2022-09-14,2028,N,VIIRS,n,2,294.49,4.56,D,0
38.92352,-120.60838,338.03,0.46,0.47,2022-09-14,2028,N,VIIRS,n,2,292.46,6.83,D,0
38.92659,-120.61502,331.12,0.46,0.47,2022-09-14,2028,N,VIIRS,n,2,293.63,3.03,D,0
38.92757,-120.61063,339.88,0.46,0.47,2022-09-14,2028,N,VIIRS,n,2,292.76,9.5,D,0
38.93731,-120.58739,334.29,0.46,0.47,2022-09-14,2028,N,VIIRS,n,2,304.25,17.55,D,0
38.93871,-120.58109,344.01,0.45,0.47,2022-09-14,2028,N,VIIRS,n,2,299.1,22.58,D,0
38.94299,-120.58226,367,0.45,0.47,2022-09-14,2028,N,VIIRS,h,2,298.21,19.04,D,0
38.9443,-120.57639,356.53,0.45,0.47,2022-09-14,2028,N,VIIRS,n,2,300.64,19.04,D,0
38.94497,-120.57987,348.08,0.45,0.47,2022-09-14,2028,N,VIIRS,n,2,294.72,9.74,D,0
38.94629,-120.57413,367,0.45,0.47,2022-09-14,2028,N,VIIRS,h,2,299.11,9.74,D,0
38.94851,-120.57789,341.93,0.45,0.47,2022-09-14,2028,N,VIIRS,n,2,295.57,19.04,D,0
38.94975,-120.57228,351.95,0.45,0.47,2022-09-14,2028,N,VIIRS,n,2,297.08,12.7,D,0
38.95046,-120.57579,334.06,0.45,0.47,2022-09-14,2028,N,VIIRS,n,2,296.56,9.74,D,0
38.95174,-120.5702,338.88,0.45,0.47,2022-09-14,2028,N,VIIRS,n,2,293.68,6.46,D,0
38.95392,-120.57397,345.96,0.45,0.47,2022-09-14,2028,N,VIIRS,n,2,295.77,5.2,D,0
38.95947,-120.59613,340.68,0.45,0.47,2022-09-14,2028,N,VIIRS,n,2,296.27,10.58,D,0
38.9607,-120.59072,339.28,0.45,0.47,2022-09-14,2028,N,VIIRS,n,2,294.54,10.58,D,0
38.96489,-120.5923,357.19,0.45,0.47,2022-09-14,2028,N,VIIRS,n,2,299.78,10.58,D,0
38.96604,-120.58725,352.63,0.45,0.47,2022-09-14,2028,N,VIIRS,n,2,297.81,15.17,D,0
38.9672,-120.58217,343.21,0.45,0.47,2022-09-14,2028,N,VIIRS,n,2,293.41,15.17,D,0
38.9701,-120.58942,344.89,0.45,0.47,2022-09-14,2028,N,VIIRS,n,2,292.11,26.89,D,0
38.97126,-120.58431,345.6,0.45,0.47,2022-09-14,2028,N,VIIRS,n,2,301.77,26.89,D,0
38.97529,-120.58658,343.65,0.45,0.47,2022-09-14,2028,N,VIIRS,n,2,294.74,26.89,D,0
38.98053,-120.5835,347.06,0.45,0.47,2022-09-14,2028,N,VIIRS,n,2,295.79,7.64,D,0
38.98232,-120.83871,341.31,0.47,0.48,2022-09-14,2028,N,VIIRS,n,2,298.76,6.85,D,0
38.98436,-120.82968,333.07,0.47,0.47,2022-09-14,2028,N,VIIRS,n,2,296.71,3.68,D,0
38.98587,-120.58004,343.39,0.45,0.47,2022-09-14,2028,N,VIIRS,n,2,294.47,7.64,D,0
38.98681,-120.83922,342.02,0.47,0.48,2022-09-14,2028,N,VIIRS,n,2,298.44,9.09,D,0
38.98711,-120.57456,344.59,0.45,0.47,2022-09-14,2028,N,VIIRS,n,2,295.82,10.83,D,0
38.98782,-120.83476,347.06,0.47,0.47,2022-09-14,2028,N,VIIRS,n,2,298.9,9.09,D,0
38.98878,-120.83047,329.92,0.47,0.47,2022-09-14,2028,N,VIIRS,n,2,297.09,5.71,D,0
38.99017,-120.5811,342.56,0.45,0.47,2022-09-14,2028,N,VIIRS,n,2,295.68,17.27,D,0
38.99139,-120.57571,367,0.45,0.47,2022-09-14,2028,N,VIIRS,l,2,327.2,165.85,D,0
38.99259,-120.5704,367,0.45,0.47,2022-09-14,2028,N,VIIRS,h,2,336.27,165.85,D,0
38.99343,-120.58678,335.45,0.45,0.47,2022-09-14,2028,N,VIIRS,n,2,296.46,17.27,D,0
38.99372,-120.56538,341.9,0.45,0.47,2022-09-14,2028,N,VIIRS,n,2,293.24,127.77,D,0
38.9946,-120.58162,353.15,0.45,0.47,2022-09-14,2028,N,VIIRS,n,2,302.03,17.27,D,0
38.99542,-120.82146,342.57,0.47,0.47,2022-09-14,2028,N,VIIRS,n,2,301.54,13.47,D,0
38.99577,-120.57645,344.41,0.45,0.47,2022-09-14,2028,N,VIIRS,n,2,304.91,165.85,D,0
38.99619,-120.61486,332.01,0.46,0.47,2022-09-14,2028,N,VIIRS,l,2,304.58,9.13,D,0
38.99651,-120.8166,340.68,0.47,0.47,2022-09-14,2028,N,VIIRS,n,2,301.93,13.47,D,0
38.9969,-120.57142,367,0.45,0.47,2022-09-14,2028,N,VIIRS,l,2,347.47,165.85,D,0
38.99743,-120.60937,329.68,0.45,0.47,2022-09-14,2028,N,VIIRS,l,2,300.71,11.34,D,0
38.99784,-120.58737,367,0.45,0.47,2022-09-14,2028,N,VIIRS,h,2,303.65,28.74,D,0
38.998,-120.56657,351.85,0.45,0.47,2022-09-14,2028,N,VIIRS,n,2,307.13,127.77,D,0
38.99902,-120.58219,351.77,0.45,0.47,2022-09-14,2028,N,VIIRS,n,2,310.35,28.74,D,0
39.00019,-120.57697,350.16,0.45,0.47,2022-09-14,2028,N,VIIRS,n,2,289.08,50.5,D,0
39.00098,-120.59361,351.4,0.45,0.47,2022-09-14,2028,N,VIIRS,n,2,295.46,13.79,D,0
39.00133,-120.57191,333.58,0.45,0.47,2022-09-14,2028,N,VIIRS,n,2,301.95,50.5,D,0
39.00206,-120.6292,350.5,0.46,0.47,2022-09-14,2028,N,VIIRS,n,2,296.77,8.49,D,0
39.00218,-120.5883,352.77,0.45,0.47,2022-09-14,2028,N,VIIRS,n,2,288.84,28.74,D,0
39.00242,-120.56709,340.17,0.45,0.47,2022-09-14,2028,N,VIIRS,n,2,307.65,171.19,D,0
39.00333,-120.62354,346.53,0.46,0.47,2022-09-14,2028,N,VIIRS,n,2,301.75,16.1,D,0
39.00338,-120.58296,356.61,0.45,0.47,2022-09-14,2028,N,VIIRS,l,2,289.19,28.74,D,0
39.00457,-120.5777,341.49,0.45,0.47,2022-09-14,2028,N,VIIRS,n,2,287.3,50.5,D,0
39.0046,-120.61794,338.03,0.46,0.47,2022-09-14,2028,N,VIIRS,n,2,291.98,16.1,D,0
39.00519,-120.59512,356.65,0.45,0.47,2022-09-14,2028,N,VIIRS,n,2,293.01,17.57,D,0
39.00752,-120.62517,343.05,0.46,0.47,2022-09-14,2028,N,VIIRS,n,2,296.88,4.88,D,0
39.0117,-120.62681,331.9,0.46,0.47,2022-09-14,2028,N,VIIRS,n,2,294.32,4.88,D,0
39.01294,-120.62131,342.37,0.46,0.47,2022-09-14,2028,N,VIIRS,n,2,293.81,4.88,D,0
39.01518,-120.61134,348.49,0.45,0.47,2022-09-14,2028,N,VIIRS,n,2,296.67,7.89,D,0
39.01916,-120.61388,339.82,0.45,0.47,2022-09-14,2028,N,VIIRS,n,2,294.15,6.48,D,0
39.0202,-120.60925,352.3,0.45,0.47,2022-09-14,2028,N,VIIRS,n,2,292.55,10.66,D,0
39.02111,-120.62546,367,0.46,0.47,2022-09-14,2028,N,VIIRS,h,2,295.17,8.92,D,0
39.02213,-120.6209,349.62,0.45,0.47,2022-09-14,2028,N,VIIRS,n,2,293.96,6.48,D,0
39.02312,-120.61647,338.44,0.45,0.47,2022-09-14,2028,N,VIIRS,n,2,291.9,6.48,D,0
39.02514,-120.62777,367,0.46,0.47,2022-09-14,2028,N,VIIRS,h,2,299.98,13.25,D,0
39.0261,-120.6235,340.63,0.45,0.47,2022-09-14,2028,N,VIIRS,n,2,294.81,10.9,D,0
39.02921,-120.62995,343.28,0.46,0.47,2022-09-14,2028,N,VIIRS,n,2,298.36,13.25,D,0
39.03016,-120.6257,336.39,0.45,0.47,2022-09-14,2028,N,VIIRS,n,2,293.3,10.9,D,0
39.03321,-120.63237,340.73,0.46,0.47,2022-09-14,2028,N,VIIRS,n,2,297.23,5.84,D,0
39.03423,-120.62785,335.49,0.45,0.47,2022-09-14,2028,N,VIIRS,n,2,295.74,11.57,D,0
39.03725,-120.63469,339.11,0.46,0.47,2022-09-14,2028,N,VIIRS,n,2,296.98,5.84,D,0
39.0383,-120.62998,367,0.45,0.47,2022-09-14,2028,N,VIIRS,h,2,301.08,11.57,D,0
39.03955,-120.6244,351.88,0.45,0.47,2022-09-14,2028,N,VIIRS,n,2,296.19,11.57,D,0
39.04147,-120.63618,343.09,0.46,0.47,2022-09-14,2028,N,VIIRS,n,2,296.27,8.79,D,0
39.04261,-120.63106,335.17,0.45,0.47,2022-09-14,2028,N,VIIRS,n,2,297.88,6.87,D,0
39.04395,-120.62505,339.09,0.45,0.47,2022-09-14,2028,N,VIIRS,n,2,295.53,6.87,D,0
39.04515,-120.62864,332.5,0.45,0.47,2022-09-14,2028,N,VIIRS,n,2,296.04,9.03,D,0
39.04554,-120.61787,354.5,0.45,0.47,2022-09-14,2028,N,VIIRS,n,2,300.23,36.49,D,0
39.04672,-120.6218,346.56,0.45,0.47,2022-09-14,2028,N,VIIRS,n,2,297.01,9.03,D,0
39.0483,-120.61494,341.17,0.45,0.47,2022-09-14,2028,N,VIIRS,n,2,315.07,43.83,D,0
39.04989,-120.61871,338.32,0.45,0.47,2022-09-14,2028,N,VIIRS,l,2,309.98,36.49,D,0
39.05119,-120.62219,339.35,0.45,0.47,2022-09-14,2028,N,VIIRS,n,2,298.58,9.03,D,0
39.05123,-120.61267,340.05,0.45,0.47,2022-09-14,2028,N,VIIRS,n,2,294.52,36.49,D,0
39.05257,-120.61617,347.43,0.45,0.47,2022-09-14,2028,N,VIIRS,n,2,298.72,43.83,D,0
39.05362,-120.64285,341.16,0.46,0.47,2022-09-14,2028,N,VIIRS,n,2,302.65,15.11,D,0
39.05424,-120.61954,347.06,0.45,0.47,2022-09-14,2028,N,VIIRS,n,2,296.74,9,D,0
39.05485,-120.63729,348.29,0.46,0.47,2022-09-14,2028,N,VIIRS,n,2,298.1,15.11,D,0
39.05547,-120.614,331.79,0.45,0.47,2022-09-14,2028,N,VIIRS,n,2,290.14,9,D,0
39.05611,-120.64047,354.02,0.45,0.47,2022-09-14,2028,N,VIIRS,n,2,310.69,28.09,D,0
39.05686,-120.61732,348.62,0.45,0.47,2022-09-14,2028,N,VIIRS,n,2,295.06,9.1,D,0
39.05734,-120.63512,335.31,0.45,0.47,2022-09-14,2028,N,VIIRS,n,2,295.98,28.09,D,0
39.05972,-120.61533,349.03,0.45,0.47,2022-09-14,2028,N,VIIRS,n,2,293.61,9,D,0
39.05989,-120.62394,333.68,0.45,0.47,2022-09-14,2028,N,VIIRS,n,2,302.41,7.95,D,0
39.06033,-120.64198,367,0.45,0.47,2022-09-14,2028,N,VIIRS,h,2,297.18,13.9,D,0
39.06112,-120.61856,340.61,0.45,0.47,2022-09-14,2028,N,VIIRS,n,2,295.56,9.1,D,0
39.06155,-120.63664,342.72,0.45,0.47,2022-09-14,2028,N,VIIRS,n,2,294.03,13.9,D,0
39.06412,-120.62537,354.53,0.45,0.47,2022-09-14,2028,N,VIIRS,n,2,305.23,18.62,D,0
39.06535,-120.61995,355.68,0.45,0.47,2022-09-14,2028,N,VIIRS,n,2,311.3,54.11,D,0
39.06657,-120.61464,342.83,0.45,0.47,2022-09-14,2028,N,VIIRS,n,2,306.41,54.11,D,0
39.06699,-120.63272,346.73,0.45,0.47,2022-09-14,2028,N,VIIRS,n,2,296.52,18.62,D,0
39.06827,-120.6271,355.73,0.45,0.47,2022-09-14,2028,N,VIIRS,n,2,295.95,18.62,D,0
39.06953,-120.62159,348.21,0.45,0.47,2022-09-14,2028,N,VIIRS,n,2,304.62,54.11,D,0
39.07079,-120.61604,352.79,0.45,0.47,2022-09-14,2028,N,VIIRS,n,2,301.18,54.11,D,0
39.07245,-120.62872,356.15,0.45,0.47,2022-09-14,2028,N,VIIRS,n,2,297.6,19.19,D,0
39.07371,-120.62319,348.56,0.45,0.47,2022-09-14,2028,N,VIIRS,n,2,295.21,19.44,D,0
39.07497,-120.61766,339.95,0.45,0.47,2022-09-14,2028,N,VIIRS,n,2,291.81,19.44,D,0
39.08443,-120.61599,341.64,0.45,0.47,2022-09-14,2028,N,VIIRS,n,2,292.41,13.42,D,0
39.08595,-120.64941,347.29,0.45,0.47,2022-09-14,2028,N,VIIRS,n,2,302.91,7.57,D,0
39.0873,-120.62342,367,0.45,0.47,2022-09-14,2028,N,VIIRS,h,2,293.01,24.97,D,0
39.08913,-120.65548,330.73,0.45,0.47,2022-09-14,2028,N,VIIRS,n,2,295.44,7.57,D,0
39.09017,-120.65086,352.9,0.45,0.47,2022-09-14,2028,N,VIIRS,n,2,297.57,7.57,D,0
39.09296,-120.63857,341.86,0.45,0.47,2022-09-14,2028,N,VIIRS,n,2,293.22,23.01,D,0
39.09447,-120.65202,367,0.45,0.47,2022-09-14,2028,N,VIIRS,h,2,301.66,24.79,D,0
39.09773,-120.65775,347.53,0.45,0.47,2022-09-14,2028,N,VIIRS,n,2,305.52,24.79,D,0
39.09869,-120.65346,352.17,0.45,0.47,2022-09-14,2028,N,VIIRS,n,2,304.6,24.79,D,0
39.10201,-120.65894,335.5,0.45,0.47,2022-09-14,2028,N,VIIRS,l,2,309.99,63.3,D,0
39.10292,-120.65491,344.67,0.45,0.47,2022-09-14,2028,N,VIIRS,n,2,308.05,63.3,D,0
39.1054,-120.66406,344.18,0.46,0.47,2022-09-14,2028,N,VIIRS,n,2,301.45,9.63,D,0
39.10584,-120.68235,331.43,0.46,0.47,2022-09-14,2028,N,VIIRS,n,2,294.79,5.86,D,0
39.10725,-120.65587,344.57,0.45,0.47,2022-09-14,2028,N,VIIRS,n,2,296.47,63.3,D,0
39.10835,-120.65099,331.05,0.45,0.47,2022-09-14,2028,N,VIIRS,n,2,294.66,4.9,D,0
39.10859,-120.67011,334.66,0.46,0.47,2022-09-14,2028,N,VIIRS,n,2,299.01,17.52,D,0
39.10901,-120.68847,331.34,0.46,0.47,2022-09-14,2028,N,VIIRS,n,2,293.5,5.81,D,0
39.10972,-120.6651,367,0.46,0.47,2022-09-14,2028,N,VIIRS,h,2,301.67,17.52,D,0
39.11012,-120.68354,348.97,0.46,0.47,2022-09-14,2028,N,VIIRS,n,2,296.23,5.86,D,0
39.11071,-120.66068,367,0.45,0.47,2022-09-14,2028,N,VIIRS,h,2,304.65,11.16,D,0
39.11131,-120.67825,341.76,0.46,0.47,2022-09-14,2028,N,VIIRS,n,2,295.18,5.86,D,0
39.11166,-120.65649,345.35,0.45,0.47,2022-09-14,2028,N,VIIRS,n,2,296.34,11.16,D,0
39.11279,-120.67171,331.49,0.46,0.47,2022-09-14,2028,N,VIIRS,n,2,295.91,17.52,D,0
39.11335,-120.68947,367,0.46,0.47,2022-09-14,2028,N,VIIRS,h,2,304.54,24.96,D,0
39.11399,-120.66634,353.05,0.46,0.47,2022-09-14,2028,N,VIIRS,n,2,308.4,17.52,D,0
39.11507,-120.66152,343.27,0.45,0.47,2022-09-14,2028,N,VIIRS,n,2,292.52,11.16,D,0
39.1165,-120.69571,350.4,0.46,0.47,2022-09-14,2028,N,VIIRS,n,2,296.58,24.96,D,0
39.11824,-120.66767,342.06,0.46,0.47,2022-09-14,2028,N,VIIRS,n,2,313.14,28.61,D,0
39.11938,-120.66259,367,0.45,0.47,2022-09-14,2028,N,VIIRS,h,2,305.09,37.92,D,0
39.12112,-120.67514,351.33,0.46,0.47,2022-09-14,2028,N,VIIRS,n,2,296.49,28.61,D,0
39.12244,-120.6692,346.57,0.46,0.47,2022-09-14,2028,N,VIIRS,n,2,300.44,28.61,D,0
39.12364,-120.66387,345.78,0.45,0.47,2022-09-14,2028,N,VIIRS,n,2,298.61,37.92,D,0
39.12383,-120.70364,339.32,0.46,0.47,2022-09-14,2028,N,VIIRS,n,2,295.48,7.17,D,0
39.12505,-120.6982,329.86,0.46,0.47,2022-09-14,2028,N,VIIRS,n,2,291.77,6.12,D,0
39.12528,-120.67686,337.69,0.46,0.47,2022-09-14,2028,N,VIIRS,n,2,291.61,16.25,D,0
39.12658,-120.67104,345.34,0.46,0.47,2022-09-14,2028,N,VIIRS,n,2,298.29,16.25,D,0
39.12786,-120.66537,348.76,0.45,0.47,2022-09-14,2028,N,VIIRS,n,2,300.22,9.75,D,0
39.12931,-120.69949,340.05,0.46,0.47,2022-09-14,2028,N,VIIRS,n,2,296.05,10.86,D,0
39.13199,-120.66721,351.92,0.45,0.47,2022-09-14,2028,N,VIIRS,n,2,293.57,9.75,D,0
39.13319,-120.66182,346.47,0.45,0.47,2022-09-14,2028,N,VIIRS,n,2,295.25,9.75,D,0
39.13474,-120.6956,367,0.46,0.47,2022-09-14,2028,N,VIIRS,h,2,299.27,10.86,D,0
39.13593,-120.6903,343.42,0.46,0.47,2022-09-14,2028,N,VIIRS,n,2,295.21,8.27,D,0
39.13856,-120.65815,341.81,0.45,0.47,2022-09-14,2028,N,VIIRS,n,2,292.76,83.67,D,0
39.13979,-120.65266,367,0.45,0.47,2022-09-14,2028,N,VIIRS,l,2,329.19,83.67,D,0
39.1401,-120.69197,348.62,0.46,0.47,2022-09-14,2028,N,VIIRS,n,2,295.31,6.57,D,0
39.14132,-120.68653,331.72,0.46,0.47,2022-09-14,2028,N,VIIRS,n,2,293.43,6.57,D,0
39.14217,-120.68864,331.01,0.46,0.47,2022-09-14,2028,N,VIIRS,n,2,293.29,7.93,D,0
39.14669,-120.68282,330.03,0.46,0.47,2022-09-14,2028,N,VIIRS,n,2,292.36,6.79,D,0
39.14787,-120.67751,353.17,0.46,0.47,2022-09-14,2028,N,VIIRS,n,2,297.64,6.79,D,0
39.14878,-120.67967,332.39,0.45,0.47,2022-09-14,2028,N,VIIRS,n,2,292.84,11.93,D,0
39.14906,-120.67219,343.35,0.45,0.47,2022-09-14,2028,N,VIIRS,n,2,293.82,9.66,D,0
39.15002,-120.67428,367,0.45,0.47,2022-09-14,2028,N,VIIRS,h,2,299.42,11.93,D,0
39.15124,-120.66894,346.7,0.45,0.47,2022-09-14,2028,N,VIIRS,n,2,296.71,14.56,D,0
39.15322,-120.67391,338.74,0.45,0.47,2022-09-14,2028,N,VIIRS,n,2,292.96,9.03,D,0
39.15445,-120.66837,352.83,0.45,0.47,2022-09-14,2028,N,VIIRS,n,2,299.77,9.03,D,0
39.15562,-120.66311,347.25,0.45,0.47,2022-09-14,2028,N,VIIRS,n,2,297.8,8.96,D,0
39.15666,-120.66512,367,0.45,0.47,2022-09-14,2028,N,VIIRS,h,2,298.84,15.91,D,0
39.161,-120.65933,334.13,0.45,0.47,2022-09-14,2028,N,VIIRS,n,2,293.02,8.96,D,0
39.1675,-120.65752,346.08,0.45,0.47,2022-09-14,2028,N,VIIRS,n,2,293.43,6.55,D,0
39.16868,-120.65233,352.26,0.45,0.47,2022-09-14,2028,N,VIIRS,n,2,297.97,6.08,D,0
39.16982,-120.64733,329.94,0.45,0.47,2022-09-14,2028,N,VIIRS,n,2,290.06,6.08,D,0
39.17406,-120.64865,330.24,0.45,0.47,2022-09-14,2028,N,VIIRS,n,2,291.67,6.08,D,0
39.17523,-120.64352,346.6,0.45,0.47,2022-09-14,2028,N,VIIRS,n,2,293.97,15.93,D,0
39.17641,-120.63835,367,0.45,0.47,2022-09-14,2028,N,VIIRS,h,2,300.46,15.93,D,0
39.17757,-120.6332,346.95,0.45,0.47,2022-09-14,2028,N,VIIRS,n,2,295.04,20.53,D,0
38.92556,-120.59923,347.87,0.75,0.77,2022-09-14,2209,N,VIIRS,n,2,290.06,17.76,D,0
38.93159,-120.59225,333.22,0.75,0.77,2022-09-14,2209,N,VIIRS,n,2,292.43,11.09,D,0
38.9389,-120.58184,348.06,0.76,0.77,2022-09-14,2209,N,VIIRS,n,2,292.32,18.69,D,0
38.93896,-120.57438,337.21,0.76,0.77,2022-09-14,2209,N,VIIRS,n,2,290.52,12.62,D,0
38.94005,-120.58326,348.26,0.76,0.77,2022-09-14,2209,N,VIIRS,n,2,291.49,11.06,D,0
38.94007,-120.57616,347.25,0.76,0.77,2022-09-14,2209,N,VIIRS,n,2,291.1,11.06,D,0
38.94616,-120.57657,345.26,0.76,0.77,2022-09-14,2209,N,VIIRS,n,2,290.56,17.12,D,0
38.9473,-120.57778,335.9,0.76,0.77,2022-09-14,2209,N,VIIRS,n,2,290.29,6.85,D,0
38.94732,-120.57043,332.47,0.76,0.77,2022-09-14,2209,N,VIIRS,n,2,289.11,9.12,D,0
38.96894,-120.58573,355.86,0.76,0.77,2022-09-14,2209,N,VIIRS,n,2,294.33,32.13,D,0
38.96898,-120.57745,367,0.76,0.77,2022-09-14,2209,N,VIIRS,h,2,293.37,32.13,D,0
38.99063,-120.58274,338.95,0.76,0.77,2022-09-14,2209,N,VIIRS,n,2,297.73,51.45,D,0
38.99068,-120.57389,367,0.76,0.77,2022-09-14,2209,N,VIIRS,h,2,295.86,51.45,D,0
38.99236,-120.58259,344.39,0.76,0.77,2022-09-14,2209,N,VIIRS,n,2,300.87,50.13,D,0
38.99237,-120.57318,367,0.76,0.77,2022-09-14,2209,N,VIIRS,h,2,293.65,45.6,D,0
38.99782,-120.58803,330.98,0.76,0.77,2022-09-14,2209,N,VIIRS,n,2,291.38,51.45,D,0
38.99788,-120.57789,367,0.76,0.77,2022-09-14,2209,N,VIIRS,h,2,296.22,51.45,D,0
38.99796,-120.56613,367,0.76,0.77,2022-09-14,2209,N,VIIRS,h,2,294.79,60.77,D,0
38.99951,-120.63599,336.62,0.75,0.77,2022-09-14,2209,N,VIIRS,n,2,291.66,7.59,D,0
38.99952,-120.62864,339.79,0.75,0.77,2022-09-14,2209,N,VIIRS,n,2,291.63,15.13,D,0
38.99958,-120.58736,335.82,0.76,0.77,2022-09-14,2209,N,VIIRS,n,2,291.21,50.13,D,0
38.9996,-120.57767,367,0.76,0.77,2022-09-14,2209,N,VIIRS,h,2,295.72,45.6,D,0
38.9996,-120.56564,367,0.76,0.77,2022-09-14,2209,N,VIIRS,h,2,294.46,45.6,D,0
39.00482,-120.62245,367,0.75,0.77,2022-09-14,2209,N,VIIRS,h,2,293.74,22.8,D,0
39.00515,-120.57239,338.68,0.76,0.77,2022-09-14,2209,N,VIIRS,n,2,288.19,16.84,D,0
39.00523,-120.55945,367,0.76,0.77,2022-09-14,2209,N,VIIRS,h,2,291.1,16.84,D,0
39.00529,-120.54907,333.16,0.76,0.77,2022-09-14,2209,N,VIIRS,n,2,286.29,23.19,D,0
39.00675,-120.6215,367,0.75,0.77,2022-09-14,2209,N,VIIRS,h,2,292.49,13.43,D,0
39.00685,-120.55911,367,0.76,0.77,2022-09-14,2209,N,VIIRS,h,2,293.58,29.04,D,0
39.00686,-120.54881,333.4,0.76,0.77,2022-09-14,2209,N,VIIRS,n,2,286.02,29.04,D,0
39.01243,-120.56363,356.84,0.76,0.77,2022-09-14,2209,N,VIIRS,l,2,286.83,16.84,D,0
39.01249,-120.55475,338.69,0.76,0.77,2022-09-14,2209,N,VIIRS,n,2,285.14,23.19,D,0
39.01935,-120.60892,367,0.75,0.77,2022-09-14,2209,N,VIIRS,h,2,293.7,20.23,D,0
39.02122,-120.60579,367,0.75,0.77,2022-09-14,2209,N,VIIRS,h,2,292.8,27.55,D,0
39.04077,-120.6376,328.81,0.75,0.77,2022-09-14,2209,N,VIIRS,n,2,295.02,8.23,D,0
39.0409,-120.622,340.17,0.75,0.77,2022-09-14,2209,N,VIIRS,n,2,293.45,19.2,D,0
39.04094,-120.61663,367,0.75,0.77,2022-09-14,2209,N,VIIRS,h,2,293.48,22.87,D,0
39.04282,-120.62219,349.22,0.75,0.77,2022-09-14,2209,N,VIIRS,n,2,296.04,45.78,D,0
39.04284,-120.61685,367,0.75,0.77,2022-09-14,2209,N,VIIRS,h,2,298.19,45.78,D,0
39.04808,-120.62549,353.07,0.75,0.77,2022-09-14,2209,N,VIIRS,n,2,296.7,21.97,D,0
39.04812,-120.61977,367,0.75,0.77,2022-09-14,2209,N,VIIRS,h,2,299.8,35.23,D,0
39.04817,-120.61369,367,0.75,0.77,2022-09-14,2209,N,VIIRS,h,2,299.95,35.23,D,0
39.05005,-120.61984,335.55,0.75,0.77,2022-09-14,2209,N,VIIRS,n,2,294.88,30.01,D,0
39.05007,-120.61338,367,0.75,0.77,2022-09-14,2209,N,VIIRS,h,2,297.97,46.32,D,0
39.05516,-120.63916,338.71,0.75,0.77,2022-09-14,2209,N,VIIRS,n,2,291.25,21.97,D,0
39.05537,-120.61531,330.97,0.75,0.77,2022-09-14,2209,N,VIIRS,n,2,289.11,35.23,D,0
39.05718,-120.63861,348.77,0.75,0.77,2022-09-14,2209,N,VIIRS,n,2,292.14,12.12,D,0
39.06443,-120.63149,329.45,0.75,0.77,2022-09-14,2209,N,VIIRS,n,2,289.34,19.48,D,0
39.06446,-120.62418,350.24,0.75,0.77,2022-09-14,2209,N,VIIRS,n,2,293.61,19.48,D,0
39.0645,-120.61592,335.2,0.75,0.77,2022-09-14,2209,N,VIIRS,n,2,291.15,33.76,D,0
39.07164,-120.63145,367,0.75,0.77,2022-09-14,2209,N,VIIRS,h,2,294.19,19.48,D,0
39.07167,-120.62411,367,0.75,0.77,2022-09-14,2209,N,VIIRS,h,2,291.5,19.48,D,0
39.07171,-120.61668,356.71,0.75,0.77,2022-09-14,2209,N,VIIRS,n,2,296.76,33.76,D,0
39.07175,-120.60845,356.62,0.76,0.77,2022-09-14,2209,N,VIIRS,l,2,289.19,33.76,D,0
39.07888,-120.62454,353.74,0.75,0.77,2022-09-14,2209,N,VIIRS,n,2,291.86,28.16,D,0
39.07892,-120.61659,367,0.75,0.77,2022-09-14,2209,N,VIIRS,h,2,298.69,46.3,D,0
39.08611,-120.62274,353.21,0.75,0.77,2022-09-14,2209,N,VIIRS,n,2,290.61,28.16,D,0
39.08615,-120.61512,334.43,0.75,0.77,2022-09-14,2209,N,VIIRS,n,2,288.62,46.3,D,0
39.10746,-120.66712,338.6,0.75,0.77,2022-09-14,2209,N,VIIRS,n,2,293.25,15.98,D,0
39.10896,-120.66861,348.5,0.75,0.77,2022-09-14,2209,N,VIIRS,n,2,293.68,50.37,D,0
39.11448,-120.69313,208,0.75,0.77,2022-09-14,2209,N,VIIRS,l,2,301.14,217.24,D,0
39.11456,-120.68192,367,0.75,0.77,2022-09-14,2209,N,VIIRS,h,2,310,144.33,D,0
39.11461,-120.67488,329.51,0.75,0.77,2022-09-14,2209,N,VIIRS,n,2,290.8,144.33,D,0
39.11465,-120.66868,367,0.75,0.77,2022-09-14,2209,N,VIIRS,h,2,293.53,15.98,D,0
39.11476,-120.65376,367,0.75,0.77,2022-09-14,2209,N,VIIRS,h,2,292.84,15.98,D,0
39.1161,-120.69477,208,0.75,0.77,2022-09-14,2209,N,VIIRS,l,2,299.11,196.44,D,0
39.11612,-120.68388,367,0.75,0.77,2022-09-14,2209,N,VIIRS,h,2,312.61,196.44,D,0
39.11614,-120.67576,340.66,0.75,0.77,2022-09-14,2209,N,VIIRS,n,2,291.13,50.37,D,0
39.11615,-120.66956,357.04,0.75,0.77,2022-09-14,2209,N,VIIRS,n,2,293.54,50.37,D,0
39.11618,-120.65741,367,0.75,0.77,2022-09-14,2209,N,VIIRS,h,2,296.47,60.99,D,0
39.12165,-120.69534,341.92,0.75,0.77,2022-09-14,2209,N,VIIRS,n,2,288.41,31.97,D,0
39.12173,-120.68473,357.08,0.75,0.77,2022-09-14,2209,N,VIIRS,l,2,289.15,35.32,D,0
39.1218,-120.67556,367,0.75,0.77,2022-09-14,2209,N,VIIRS,h,2,292.79,35.32,D,0
39.12185,-120.66906,355.19,0.75,0.77,2022-09-14,2209,N,VIIRS,n,2,292.41,31.76,D,0
39.12192,-120.65969,367,0.75,0.77,2022-09-14,2209,N,VIIRS,h,2,293.45,31.76,D,0
39.12334,-120.67633,367,0.75,0.77,2022-09-14,2209,N,VIIRS,h,2,293.31,27.47,D,0
39.12336,-120.66989,356.93,0.75,0.77,2022-09-14,2209,N,VIIRS,l,2,290.77,27.47,D,0
39.12338,-120.66118,354.96,0.75,0.77,2022-09-14,2209,N,VIIRS,n,2,291.29,25.29,D,0
39.129,-120.67585,355.29,0.75,0.77,2022-09-14,2209,N,VIIRS,n,2,292.79,35.32,D,0
39.12905,-120.66869,367,0.75,0.77,2022-09-14,2209,N,VIIRS,h,2,292.01,31.76,D,0
39.1291,-120.66122,332.18,0.75,0.77,2022-09-14,2209,N,VIIRS,n,2,289.61,31.76,D,0
39.13048,-120.69767,331.91,0.75,0.77,2022-09-14,2209,N,VIIRS,n,2,289.68,13.78,D,0
39.13054,-120.67718,357.21,0.75,0.77,2022-09-14,2209,N,VIIRS,n,2,290.26,27.47,D,0
39.13056,-120.66949,367,0.75,0.77,2022-09-14,2209,N,VIIRS,h,2,292.45,27.47,D,0
39.13058,-120.66209,331.49,0.75,0.77,2022-09-14,2209,N,VIIRS,n,2,288.69,25.29,D,0
39.13638,-120.65279,357.01,0.75,0.77,2022-09-14,2209,N,VIIRS,l,2,291.86,31.23,D,0
39.13645,-120.64346,330.58,0.75,0.77,2022-09-14,2209,N,VIIRS,n,2,286.34,31.23,D,0
39.13781,-120.65364,356.44,0.75,0.77,2022-09-14,2209,N,VIIRS,l,2,291.06,42.16,D,0
39.13784,-120.64484,350.82,0.75,0.77,2022-09-14,2209,N,VIIRS,n,2,287.18,45.83,D,0
39.17395,-120.63116,338.52,0.75,0.77,2022-09-14,2209,N,VIIRS,n,2,286.49,15.5,D,0
38.91691,-120.60512,296.15,0.41,0.61,2022-09-14,906,N,VIIRS,n,2,283.4,1.47,N,0
38.91712,-120.60968,317.99,0.41,0.61,2022-09-14,906,N,VIIRS,n,2,285.98,1.47,N,0
38.91734,-120.61433,310.66,0.41,0.61,2022-09-14,906,N,VIIRS,n,2,286.31,2.85,N,0
38.92305,-120.61457,319.58,0.41,0.61,2022-09-14,906,N,VIIRS,n,2,286.71,1.68,N,0
38.92326,-120.61908,321.24,0.41,0.61,2022-09-14,906,N,VIIRS,n,2,287.16,1.68,N,0
38.92842,-120.60785,307.93,0.41,0.61,2022-09-14,906,N,VIIRS,n,2,285.35,1.76,N,0
38.92861,-120.61184,311.4,0.41,0.61,2022-09-14,906,N,VIIRS,n,2,285.91,1.76,N,0
38.9288,-120.61578,299.2,0.41,0.61,2022-09-14,906,N,VIIRS,n,2,285.58,1.68,N,0
38.92899,-120.61981,307.48,0.41,0.61,2022-09-14,906,N,VIIRS,n,2,286.58,1.68,N,0
38.93885,-120.58759,367,0.41,0.61,2022-09-14,906,N,VIIRS,h,2,287,9.1,N,0
38.93922,-120.59534,348.91,0.41,0.61,2022-09-14,906,N,VIIRS,n,2,288.42,9.1,N,0
38.94441,-120.58486,333.44,0.41,0.61,2022-09-14,906,N,VIIRS,n,2,286.91,2.74,N,0
38.94976,-120.57784,319.39,0.41,0.61,2022-09-14,906,N,VIIRS,n,2,287.26,3.36,N,0
38.95005,-120.58379,304.22,0.41,0.61,2022-09-14,906,N,VIIRS,n,2,287.3,2.74,N,0
38.95542,-120.57717,311.04,0.41,0.61,2022-09-14,906,N,VIIRS,n,2,286.54,1.52,N,0
38.9567,-120.60337,316.67,0.41,0.61,2022-09-14,906,N,VIIRS,n,2,286.62,2.32,N,0
38.96204,-120.59615,318.12,0.41,0.61,2022-09-14,906,N,VIIRS,n,2,286.87,2.41,N,0
38.9623,-120.60128,318.27,0.41,0.61,2022-09-14,906,N,VIIRS,n,2,289.96,2.32,N,0
38.96254,-120.60628,313.68,0.41,0.61,2022-09-14,906,N,VIIRS,n,2,290.7,2.32,N,0
38.96278,-120.61129,309.76,0.41,0.61,2022-09-14,906,N,VIIRS,n,2,288.32,2.71,N,0
38.96751,-120.59157,326.89,0.41,0.61,2022-09-14,906,N,VIIRS,n,2,287.57,2.61,N,0
38.96775,-120.59653,331.96,0.41,0.61,2022-09-14,906,N,VIIRS,n,2,290.68,2.61,N,0
38.968,-120.60139,315.21,0.41,0.61,2022-09-14,906,N,VIIRS,n,2,290.95,2.1,N,0
38.96824,-120.60631,317,0.41,0.61,2022-09-14,906,N,VIIRS,n,2,291.17,2.1,N,0
38.96849,-120.61146,312.72,0.41,0.61,2022-09-14,906,N,VIIRS,n,2,290.6,1.52,N,0
38.97301,-120.58759,313.79,0.41,0.61,2022-09-14,906,N,VIIRS,n,2,287.77,2.97,N,0
38.97327,-120.59281,312.68,0.41,0.61,2022-09-14,906,N,VIIRS,n,2,289.5,2.61,N,0
38.97352,-120.59782,309.12,0.41,0.61,2022-09-14,906,N,VIIRS,n,2,288.1,2.61,N,0
38.97375,-120.60265,309.31,0.41,0.61,2022-09-14,906,N,VIIRS,n,2,288.21,2.1,N,0
38.97401,-120.6078,304.94,0.41,0.61,2022-09-14,906,N,VIIRS,n,2,287.66,2.1,N,0
38.97428,-120.61327,300.43,0.41,0.61,2022-09-14,906,N,VIIRS,n,2,287.56,1.52,N,0
38.97455,-120.61867,300.2,0.41,0.61,2022-09-14,906,N,VIIRS,n,2,287.39,1.52,N,0
38.97876,-120.58884,322.27,0.41,0.61,2022-09-14,906,N,VIIRS,n,2,286.35,2.74,N,0
38.97904,-120.59432,307.82,0.41,0.61,2022-09-14,906,N,VIIRS,n,2,287.54,2.09,N,0
38.97928,-120.59921,308.03,0.41,0.61,2022-09-14,906,N,VIIRS,n,2,287.67,2.09,N,0
38.97953,-120.60412,317.46,0.41,0.61,2022-09-14,906,N,VIIRS,n,2,287.85,3.43,N,0
38.9798,-120.84598,304.12,0.43,0.62,2022-09-14,906,N,VIIRS,n,2,285.21,5.94,N,0
38.9798,-120.60971,323.13,0.41,0.61,2022-09-14,906,N,VIIRS,n,2,288.24,3.43,N,0
38.98008,-120.61509,318.48,0.41,0.61,2022-09-14,906,N,VIIRS,n,2,288.01,2.82,N,0
38.98098,-120.58713,321.76,0.41,0.61,2022-09-14,906,N,VIIRS,n,2,285.93,2.73,N,0
38.98122,-120.59251,310.87,0.41,0.61,2022-09-14,906,N,VIIRS,n,2,287.6,2.73,N,0
38.98143,-120.5974,307.57,0.41,0.61,2022-09-14,906,N,VIIRS,n,2,287.37,2.25,N,0
38.98164,-120.60204,315.12,0.41,0.61,2022-09-14,906,N,VIIRS,n,2,287.56,2.25,N,0
38.98186,-120.60704,337.82,0.41,0.61,2022-09-14,906,N,VIIRS,n,2,289.23,3.55,N,0
38.98209,-120.6123,333.01,0.41,0.61,2022-09-14,906,N,VIIRS,n,2,289.64,3.55,N,0
38.98232,-120.61748,304.95,0.41,0.61,2022-09-14,906,N,VIIRS,n,2,287.62,1.86,N,0
38.98419,-120.58352,319.15,0.41,0.61,2022-09-14,906,N,VIIRS,n,2,285.77,2.74,N,0
38.98444,-120.58846,332.39,0.41,0.61,2022-09-14,906,N,VIIRS,n,2,288.51,2.74,N,0
38.98468,-120.59326,304.31,0.41,0.61,2022-09-14,906,N,VIIRS,n,2,287.2,2.09,N,0
38.98489,-120.8314,306.29,0.42,0.61,2022-09-14,906,N,VIIRS,n,2,285.85,1.51,N,0
38.98491,-120.59778,314.93,0.41,0.61,2022-09-14,906,N,VIIRS,n,2,287.31,2.09,N,0
38.98505,-120.83472,322.14,0.42,0.61,2022-09-14,906,N,VIIRS,n,2,286.09,6.05,N,0
38.98513,-120.60225,319.32,0.41,0.61,2022-09-14,906,N,VIIRS,n,2,288.4,3.43,N,0
38.98522,-120.83842,349,0.43,0.62,2022-09-14,906,N,VIIRS,n,2,286.96,6.05,N,0
38.98537,-120.60696,337.19,0.41,0.61,2022-09-14,906,N,VIIRS,n,2,290.35,3.43,N,0
38.98543,-120.84292,367,0.43,0.62,2022-09-14,906,N,VIIRS,h,2,292.93,5.94,N,0
38.98562,-120.61199,318.73,0.41,0.61,2022-09-14,906,N,VIIRS,n,2,288.78,2.82,N,0
38.98565,-120.84741,305.21,0.43,0.62,2022-09-14,906,N,VIIRS,n,2,285.35,5.94,N,0
38.98587,-120.61692,305.12,0.41,0.61,2022-09-14,906,N,VIIRS,n,2,287.86,2.82,N,0
38.98643,-120.58183,325.18,0.41,0.61,2022-09-14,906,N,VIIRS,n,2,285.52,3.97,N,0
38.98664,-120.58659,328.54,0.41,0.61,2022-09-14,906,N,VIIRS,n,2,288.35,2.73,N,0
38.98685,-120.59116,313.46,0.41,0.61,2022-09-14,906,N,VIIRS,n,2,287.7,2.73,N,0
38.98705,-120.59563,309.57,0.41,0.61,2022-09-14,906,N,VIIRS,n,2,287.48,2.25,N,0
38.98725,-120.60002,314.61,0.41,0.61,2022-09-14,906,N,VIIRS,n,2,288.72,2.25,N,0
38.98745,-120.60452,324.22,0.41,0.61,2022-09-14,906,N,VIIRS,n,2,289.81,3.55,N,0
38.98767,-120.60937,310.12,0.41,0.61,2022-09-14,906,N,VIIRS,n,2,288.67,3.55,N,0
38.98789,-120.61435,306.1,0.41,0.61,2022-09-14,906,N,VIIRS,n,2,287.69,1.86,N,0
38.98811,-120.61929,299.1,0.41,0.61,2022-09-14,906,N,VIIRS,n,2,287.24,1.86,N,0
38.98981,-120.58221,330.28,0.41,0.61,2022-09-14,906,N,VIIRS,n,2,287.96,3.01,N,0
38.99005,-120.58678,325.62,0.41,0.61,2022-09-14,906,N,VIIRS,n,2,290.14,3.01,N,0
38.99027,-120.59119,312.42,0.41,0.61,2022-09-14,906,N,VIIRS,n,2,288.95,4.19,N,0
38.99049,-120.5955,309.97,0.41,0.61,2022-09-14,906,N,VIIRS,n,2,288.28,4.19,N,0
38.99059,-120.83001,304.26,0.42,0.61,2022-09-14,906,N,VIIRS,n,2,287.52,2.02,N,0
38.99071,-120.59988,310.85,0.41,0.61,2022-09-14,906,N,VIIRS,n,2,288.9,2.8,N,0
38.99075,-120.83347,325.82,0.42,0.61,2022-09-14,906,N,VIIRS,n,2,289.11,3.92,N,0
38.99092,-120.83692,331.81,0.43,0.62,2022-09-14,906,N,VIIRS,n,2,290.52,3.92,N,0
38.99094,-120.60448,311.87,0.41,0.61,2022-09-14,906,N,VIIRS,n,2,288.85,2.8,N,0
38.9911,-120.84074,313.07,0.43,0.62,2022-09-14,906,N,VIIRS,n,2,287.81,1.91,N,0
38.99119,-120.60941,308.17,0.41,0.61,2022-09-14,906,N,VIIRS,n,2,288.27,4.58,N,0
38.99131,-120.8451,302.43,0.43,0.62,2022-09-14,906,N,VIIRS,n,2,285.56,1.91,N,0
38.99145,-120.61449,302.83,0.41,0.61,2022-09-14,906,N,VIIRS,n,2,287.29,4.58,N,0
38.99156,-120.83233,305.6,0.43,0.62,2022-09-14,906,N,VIIRS,n,2,287.17,1.93,N,0
38.99171,-120.83572,316.71,0.43,0.62,2022-09-14,906,N,VIIRS,n,2,287.97,2.11,N,0
38.99171,-120.61965,299.67,0.41,0.61,2022-09-14,906,N,VIIRS,n,2,286.91,4.92,N,0
38.99187,-120.83938,305.18,0.43,0.62,2022-09-14,906,N,VIIRS,n,2,286.92,2.11,N,0
38.99203,-120.57956,296.04,0.41,0.61,2022-09-14,906,N,VIIRS,n,2,284.47,1.05,N,0
38.99205,-120.84367,307.57,0.43,0.62,2022-09-14,906,N,VIIRS,n,2,286.54,1.6,N,0
38.99223,-120.58415,327.17,0.41,0.61,2022-09-14,906,N,VIIRS,n,2,288.9,3.17,N,0
38.99224,-120.84821,298.33,0.43,0.62,2022-09-14,906,N,VIIRS,n,2,284.84,1.6,N,0
38.99244,-120.58863,331.27,0.41,0.61,2022-09-14,906,N,VIIRS,n,2,290.13,3.17,N,0
38.99263,-120.59297,328.43,0.41,0.61,2022-09-14,906,N,VIIRS,n,2,289.57,4.21,N,0
38.99284,-120.59737,310.14,0.41,0.61,2022-09-14,906,N,VIIRS,n,2,288.45,4.21,N,0
38.99304,-120.60197,315.45,0.41,0.61,2022-09-14,906,N,VIIRS,n,2,289.76,3.11,N,0
38.99326,-120.60686,315.76,0.41,0.61,2022-09-14,906,N,VIIRS,n,2,289.61,3.11,N,0
38.99349,-120.61203,313.15,0.41,0.61,2022-09-14,906,N,VIIRS,n,2,288.99,5.31,N,0
38.99372,-120.6173,308.51,0.41,0.61,2022-09-14,906,N,VIIRS,n,2,288.4,5.31,N,0
38.99397,-120.62271,305.32,0.42,0.61,2022-09-14,906,N,VIIRS,n,2,286.8,4.99,N,0
38.9956,-120.58404,306.24,0.41,0.61,2022-09-14,906,N,VIIRS,n,2,286.38,3.01,N,0
38.99583,-120.58846,347.55,0.41,0.61,2022-09-14,906,N,VIIRS,n,2,290.21,4.19,N,0
38.99605,-120.5929,345.65,0.41,0.61,2022-09-14,906,N,VIIRS,n,2,290.97,4.19,N,0
38.99608,-120.82427,318.23,0.42,0.61,2022-09-14,906,N,VIIRS,n,2,287.26,2.02,N,0
38.99628,-120.59738,314.84,0.41,0.61,2022-09-14,906,N,VIIRS,n,2,289.34,2.8,N,0
38.99653,-120.60218,319.27,0.41,0.61,2022-09-14,906,N,VIIRS,n,2,290.21,2.8,N,0
38.99678,-120.60732,337.34,0.41,0.61,2022-09-14,906,N,VIIRS,n,2,292.36,4.58,N,0
38.9968,-120.83922,298.53,0.43,0.62,2022-09-14,906,N,VIIRS,n,2,286.16,1.91,N,0
38.99693,-120.82277,308.28,0.42,0.61,2022-09-14,906,N,VIIRS,n,2,286.41,1.57,N,0
38.997,-120.84341,322.6,0.43,0.62,2022-09-14,906,N,VIIRS,n,2,287.75,1.91,N,0
38.99706,-120.61262,351.86,0.41,0.61,2022-09-14,906,N,VIIRS,n,2,292.1,4.58,N,0
38.9971,-120.82692,309.78,0.42,0.61,2022-09-14,906,N,VIIRS,n,2,287.13,1.93,N,0
38.99722,-120.84808,319.37,0.43,0.62,2022-09-14,906,N,VIIRS,n,2,287.15,4.19,N,0
38.99733,-120.61808,351.73,0.41,0.61,2022-09-14,906,N,VIIRS,n,2,291.78,4.92,N,0
38.99762,-120.62371,313.9,0.41,0.61,2022-09-14,906,N,VIIRS,n,2,286.32,4.92,N,0
38.99776,-120.84209,308.14,0.43,0.62,2022-09-14,906,N,VIIRS,n,2,287.08,1.6,N,0
38.99795,-120.84663,334.33,0.43,0.62,2022-09-14,906,N,VIIRS,n,2,289.43,1.6,N,0
38.99802,-120.58613,309.69,0.41,0.61,2022-09-14,906,N,VIIRS,n,2,286.01,3.17,N,0
38.99823,-120.59072,343.59,0.41,0.61,2022-09-14,906,N,VIIRS,n,2,289.65,4.21,N,0
38.99844,-120.59538,326.2,0.41,0.61,2022-09-14,906,N,VIIRS,n,2,290.35,4.21,N,0
38.99866,-120.60023,318.78,0.41,0.61,2022-09-14,906,N,VIIRS,n,2,289.85,3.11,N,0
38.99889,-120.60528,316.65,0.41,0.61,2022-09-14,906,N,VIIRS,n,2,289.79,3.11,N,0
38.99913,-120.61054,354.42,0.41,0.61,2022-09-14,906,N,VIIRS,n,2,292.72,5.31,N,0
38.99937,-120.61602,349.02,0.41,0.61,2022-09-14,906,N,VIIRS,n,2,290.71,5.31,N,0
38.99963,-120.62167,336.29,0.42,0.61,2022-09-14,906,N,VIIRS,n,2,288.17,4.99,N,0
39.00039,-120.63899,299.28,0.42,0.61,2022-09-14,906,N,VIIRS,n,2,286.69,0.97,N,0
39.00167,-120.59136,310.95,0.41,0.61,2022-09-14,906,N,VIIRS,n,2,285.34,1.38,N,0
39.0017,-120.82132,301.04,0.42,0.61,2022-09-14,906,N,VIIRS,n,2,285.79,1.3,N,0
39.00192,-120.59636,306.89,0.41,0.61,2022-09-14,906,N,VIIRS,n,2,286.88,1.54,N,0
39.00218,-120.6014,314.12,0.41,0.61,2022-09-14,906,N,VIIRS,n,2,287.97,1.54,N,0
39.00251,-120.83796,306.01,0.43,0.62,2022-09-14,906,N,VIIRS,n,2,286.64,6.61,N,0
39.00272,-120.84229,367,0.43,0.62,2022-09-14,906,N,VIIRS,h,2,290.35,6.61,N,0
39.00294,-120.84693,346.14,0.43,0.62,2022-09-14,906,N,VIIRS,n,2,289.84,9.14,N,0
39.0033,-120.83675,299.44,0.43,0.62,2022-09-14,906,N,VIIRS,n,2,286.51,2.73,N,0
39.00348,-120.8409,367,0.43,0.62,2022-09-14,906,N,VIIRS,h,2,290.82,8.18,N,0
39.00359,-120.62901,308.63,0.42,0.61,2022-09-14,906,N,VIIRS,n,2,287.04,1.19,N,0
39.00368,-120.84546,367,0.43,0.62,2022-09-14,906,N,VIIRS,h,2,293.15,8.18,N,0
39.00391,-120.63509,302.01,0.42,0.61,2022-09-14,906,N,VIIRS,n,2,287.13,1.19,N,0
39.0042,-120.64082,300.21,0.42,0.61,2022-09-14,906,N,VIIRS,n,2,286.67,1.36,N,0
39.00433,-120.59957,305.58,0.41,0.61,2022-09-14,906,N,VIIRS,n,2,285.66,1.22,N,0
39.00557,-120.62686,308.62,0.42,0.61,2022-09-14,906,N,VIIRS,n,2,287.01,1.09,N,0
39.00583,-120.6329,302.7,0.42,0.61,2022-09-14,906,N,VIIRS,n,2,287.72,1.96,N,0
39.00815,-120.60661,296.02,0.41,0.61,2022-09-14,906,N,VIIRS,n,2,284.73,1.65,N,0
39.00821,-120.83673,316.65,0.43,0.62,2022-09-14,906,N,VIIRS,n,2,287.41,6.61,N,0
39.00843,-120.84111,367,0.43,0.62,2022-09-14,906,N,VIIRS,h,2,294.46,6.61,N,0
39.00866,-120.84579,298.83,0.43,0.62,2022-09-14,906,N,VIIRS,n,2,286.97,9.14,N,0
39.00901,-120.8354,299.99,0.43,0.62,2022-09-14,906,N,VIIRS,n,2,287.17,2.73,N,0
39.0092,-120.83969,354.3,0.43,0.62,2022-09-14,906,N,VIIRS,n,2,292.22,8.18,N,0
39.00926,-120.62817,315.83,0.42,0.61,2022-09-14,906,N,VIIRS,n,2,287.95,1.19,N,0
39.0094,-120.84425,308.32,0.43,0.62,2022-09-14,906,N,VIIRS,n,2,287.9,8.18,N,0
39.00956,-120.63417,305.05,0.42,0.61,2022-09-14,906,N,VIIRS,n,2,286.91,1.19,N,0
39.01049,-120.60984,297.04,0.41,0.61,2022-09-14,906,N,VIIRS,n,2,285.44,0.87,N,0
39.01123,-120.62603,309.58,0.42,0.61,2022-09-14,906,N,VIIRS,n,2,286.39,1.09,N,0
39.0115,-120.63194,312.55,0.42,0.61,2022-09-14,906,N,VIIRS,n,2,287.96,1.96,N,0
39.01392,-120.83549,296.49,0.43,0.62,2022-09-14,906,N,VIIRS,n,2,286.14,1.12,N,0
39.01493,-120.83862,296.61,0.43,0.62,2022-09-14,906,N,VIIRS,n,2,286.42,0.64,N,0
39.01648,-120.61597,367,0.41,0.61,2022-09-14,906,N,VIIRS,h,2,291.29,10.12,N,0
39.0167,-120.62093,329.86,0.42,0.61,2022-09-14,906,N,VIIRS,n,2,288.85,5.26,N,0
39.01694,-120.62606,309.56,0.42,0.61,2022-09-14,906,N,VIIRS,n,2,288.37,5.26,N,0
39.02227,-120.61815,367,0.41,0.61,2022-09-14,906,N,VIIRS,h,2,290.23,10.12,N,0
39.02248,-120.62252,329.12,0.42,0.61,2022-09-14,906,N,VIIRS,n,2,287.6,5.26,N,0
39.02268,-120.62688,307.75,0.42,0.61,2022-09-14,906,N,VIIRS,n,2,286.56,5.26,N,0
39.0229,-120.63152,308.58,0.42,0.61,2022-09-14,906,N,VIIRS,n,2,286.46,1.63,N,0
39.02314,-120.63703,299.82,0.42,0.61,2022-09-14,906,N,VIIRS,n,2,286.45,1.63,N,0
39.02846,-120.62855,307.49,0.42,0.61,2022-09-14,906,N,VIIRS,n,2,285.55,5.97,N,0
39.02865,-120.6326,351.94,0.42,0.61,2022-09-14,906,N,VIIRS,n,2,289.56,9.05,N,0
39.02889,-120.63778,310.78,0.42,0.61,2022-09-14,906,N,VIIRS,n,2,286.77,9.05,N,0
39.03405,-120.62601,317.52,0.42,0.61,2022-09-14,906,N,VIIRS,n,2,287.23,5.97,N,0
39.03426,-120.63054,367,0.42,0.61,2022-09-14,906,N,VIIRS,h,2,290.49,5.97,N,0
39.03447,-120.63498,367,0.42,0.61,2022-09-14,906,N,VIIRS,h,2,293,9.05,N,0
39.03473,-120.64058,316.41,0.42,0.61,2022-09-14,906,N,VIIRS,n,2,287.92,9.05,N,0
39.03507,-120.64798,303.34,0.42,0.61,2022-09-14,906,N,VIIRS,n,2,286.57,3.22,N,0
39.03975,-120.62585,302.02,0.42,0.61,2022-09-14,906,N,VIIRS,n,2,286.69,1.81,N,0
39.04,-120.63116,315.72,0.42,0.61,2022-09-14,906,N,VIIRS,n,2,287.21,1.81,N,0
39.0402,-120.63554,310.04,0.42,0.61,2022-09-14,906,N,VIIRS,n,2,287.53,2.43,N,0
39.04046,-120.64103,317.38,0.42,0.61,2022-09-14,906,N,VIIRS,n,2,287.74,2.43,N,0
39.04074,-120.64694,297.58,0.42,0.61,2022-09-14,906,N,VIIRS,n,2,286,1.85,N,0
39.0456,-120.62894,325.65,0.42,0.61,2022-09-14,906,N,VIIRS,n,2,288.19,1.81,N,0
39.04584,-120.63396,309.63,0.42,0.61,2022-09-14,906,N,VIIRS,n,2,287.9,2.43,N,0
39.05105,-120.62344,343.18,0.42,0.61,2022-09-14,906,N,VIIRS,n,2,288.09,3.75,N,0
39.05133,-120.6293,309.23,0.42,0.61,2022-09-14,906,N,VIIRS,n,2,287.83,3.41,N,0
39.05182,-120.6395,303.98,0.42,0.61,2022-09-14,906,N,VIIRS,n,2,285.96,1.98,N,0
39.05206,-120.64458,307.94,0.42,0.61,2022-09-14,906,N,VIIRS,n,2,285.44,1.98,N,0
39.05662,-120.6205,325.28,0.42,0.61,2022-09-14,906,N,VIIRS,n,2,285.83,3.75,N,0
39.05688,-120.62591,317.21,0.42,0.61,2022-09-14,906,N,VIIRS,n,2,287.65,3.41,N,0
39.05714,-120.63142,313.03,0.42,0.61,2022-09-14,906,N,VIIRS,n,2,287.76,3.41,N,0
39.05741,-120.63695,328.37,0.42,0.61,2022-09-14,906,N,VIIRS,n,2,288.95,1.98,N,0
39.05766,-120.64208,312.1,0.42,0.61,2022-09-14,906,N,VIIRS,n,2,285.78,1.98,N,0
39.0579,-120.64703,299.34,0.42,0.61,2022-09-14,906,N,VIIRS,n,2,284.95,2.11,N,0
39.06226,-120.6191,356.35,0.42,0.61,2022-09-14,906,N,VIIRS,n,2,288.84,4.65,N,0
39.06252,-120.62444,331.1,0.42,0.61,2022-09-14,906,N,VIIRS,n,2,290.53,5.92,N,0
39.0628,-120.6302,347.93,0.42,0.61,2022-09-14,906,N,VIIRS,n,2,290.59,5.92,N,0
39.06308,-120.63617,310.75,0.42,0.61,2022-09-14,906,N,VIIRS,n,2,287.41,2.24,N,0
39.06334,-120.64153,302.98,0.42,0.61,2022-09-14,906,N,VIIRS,n,2,286.37,2.24,N,0
39.06359,-120.64661,298.01,0.42,0.61,2022-09-14,906,N,VIIRS,n,2,285.97,1.55,N,0
39.06793,-120.61827,315.77,0.42,0.61,2022-09-14,906,N,VIIRS,n,2,284.31,4.65,N,0
39.0682,-120.62386,313.59,0.42,0.61,2022-09-14,906,N,VIIRS,n,2,286.15,5.92,N,0
39.06878,-120.63567,312.12,0.42,0.61,2022-09-14,906,N,VIIRS,n,2,287.26,2.24,N,0
39.06904,-120.64114,315.96,0.42,0.61,2022-09-14,906,N,VIIRS,n,2,288.07,2.24,N,0
39.06929,-120.64635,303.1,0.42,0.61,2022-09-14,906,N,VIIRS,n,2,286.98,1.55,N,0
39.07415,-120.62881,338.64,0.42,0.61,2022-09-14,906,N,VIIRS,n,2,287.92,4.38,N,0
39.07442,-120.63448,319.38,0.42,0.61,2022-09-14,906,N,VIIRS,n,2,288.89,2.84,N,0
39.07471,-120.64034,311.93,0.42,0.61,2022-09-14,906,N,VIIRS,n,2,288.33,2.84,N,0
39.07504,-120.64704,305.19,0.42,0.61,2022-09-14,906,N,VIIRS,n,2,287.4,1.89,N,0
39.07955,-120.62249,332.27,0.42,0.61,2022-09-14,906,N,VIIRS,n,2,287.28,4.38,N,0
39.07983,-120.62812,328.95,0.42,0.61,2022-09-14,906,N,VIIRS,n,2,290.11,4.38,N,0
39.0801,-120.63371,314.61,0.42,0.61,2022-09-14,906,N,VIIRS,n,2,289.23,2.84,N,0
39.08043,-120.64044,307.5,0.42,0.61,2022-09-14,906,N,VIIRS,n,2,287.89,2.84,N,0
39.08087,-120.64948,302.44,0.42,0.61,2022-09-14,906,N,VIIRS,n,2,286.35,1.89,N,0
39.085,-120.61736,310.79,0.42,0.61,2022-09-14,906,N,VIIRS,n,2,284.33,3.73,N,0
39.08529,-120.62316,352.83,0.42,0.61,2022-09-14,906,N,VIIRS,n,2,291.83,7.21,N,0
39.08562,-120.62978,333.82,0.42,0.61,2022-09-14,906,N,VIIRS,n,2,290.11,7.21,N,0
39.08594,-120.63626,326.55,0.42,0.61,2022-09-14,906,N,VIIRS,n,2,288.76,2.88,N,0
39.08636,-120.64499,314,0.42,0.61,2022-09-14,906,N,VIIRS,n,2,287.39,2.88,N,0
39.08648,-120.61737,295.37,0.42,0.61,2022-09-14,906,N,VIIRS,n,2,282.92,2.95,N,0
39.08665,-120.65066,336.15,0.42,0.61,2022-09-14,906,N,VIIRS,n,2,287.18,6.3,N,0
39.08673,-120.6233,341.72,0.42,0.61,2022-09-14,906,N,VIIRS,n,2,289.27,2.95,N,0
39.08685,-120.65491,348.05,0.42,0.61,2022-09-14,906,N,VIIRS,n,2,288.86,6.3,N,0
39.08702,-120.65834,303.13,0.42,0.61,2022-09-14,906,N,VIIRS,n,2,286.16,3.23,N,0
39.08703,-120.63014,329.38,0.42,0.61,2022-09-14,906,N,VIIRS,n,2,289.05,4.87,N,0
39.08719,-120.66173,298.96,0.42,0.61,2022-09-14,906,N,VIIRS,n,2,285.79,3.23,N,0
39.08731,-120.63666,328.88,0.42,0.61,2022-09-14,906,N,VIIRS,n,2,288.79,4.87,N,0
39.08767,-120.6452,313.58,0.42,0.61,2022-09-14,906,N,VIIRS,n,2,287.36,3.95,N,0
39.0879,-120.65055,325.17,0.42,0.61,2022-09-14,906,N,VIIRS,n,2,286.65,3.95,N,0
39.08808,-120.6547,355.34,0.42,0.61,2022-09-14,906,N,VIIRS,n,2,289.73,6.49,N,0
39.08823,-120.65802,309.49,0.42,0.61,2022-09-14,906,N,VIIRS,n,2,286.46,6.49,N,0
39.08838,-120.66142,300.03,0.42,0.61,2022-09-14,906,N,VIIRS,n,2,285.88,1.97,N,0
39.09163,-120.6358,298.86,0.42,0.61,2022-09-14,906,N,VIIRS,n,2,286.25,2.88,N,0
39.09231,-120.64957,301.75,0.42,0.61,2022-09-14,906,N,VIIRS,n,2,285.58,6.3,N,0
39.09254,-120.65411,355.6,0.42,0.61,2022-09-14,906,N,VIIRS,n,2,289.64,6.3,N,0
39.0927,-120.65759,323.19,0.42,0.61,2022-09-14,906,N,VIIRS,n,2,287.25,3.23,N,0
39.09287,-120.6609,300.36,0.42,0.61,2022-09-14,906,N,VIIRS,n,2,285.33,3.23,N,0
39.09356,-120.6491,297.09,0.42,0.61,2022-09-14,906,N,VIIRS,n,2,285.52,3.95,N,0
39.09377,-120.65394,349.38,0.42,0.61,2022-09-14,906,N,VIIRS,n,2,288.43,6.49,N,0
39.09393,-120.65746,332.45,0.42,0.61,2022-09-14,906,N,VIIRS,n,2,287.74,6.49,N,0
39.09408,-120.6608,305.85,0.42,0.61,2022-09-14,906,N,VIIRS,n,2,285.94,1.97,N,0
39.09423,-120.66429,303.44,0.42,0.61,2022-09-14,906,N,VIIRS,n,2,284.69,1.97,N,0
39.09822,-120.65335,300.27,0.42,0.61,2022-09-14,906,N,VIIRS,n,2,285.49,3.63,N,0
39.09841,-120.6572,350.66,0.42,0.61,2022-09-14,906,N,VIIRS,n,2,288.76,9.32,N,0
39.09857,-120.66048,347.1,0.42,0.61,2022-09-14,906,N,VIIRS,n,2,288.3,9.32,N,0
39.09874,-120.66384,313.8,0.42,0.61,2022-09-14,906,N,VIIRS,n,2,285.47,6.1,N,0
39.09893,-120.66772,297.53,0.42,0.61,2022-09-14,906,N,VIIRS,n,2,283.82,6.1,N,0
39.09963,-120.65711,343.31,0.42,0.61,2022-09-14,906,N,VIIRS,n,2,288,5.5,N,0
39.09978,-120.66036,367,0.42,0.61,2022-09-14,906,N,VIIRS,h,2,290.46,11.79,N,0
39.09993,-120.66372,318.54,0.42,0.61,2022-09-14,906,N,VIIRS,n,2,286.2,11.79,N,0
39.1001,-120.66756,301.58,0.42,0.61,2022-09-14,906,N,VIIRS,n,2,284.23,3.44,N,0
39.10091,-120.68616,296.8,0.42,0.61,2022-09-14,906,N,VIIRS,n,2,285.66,1.35,N,0
39.10411,-120.65691,309.04,0.42,0.61,2022-09-14,906,N,VIIRS,n,2,286.55,9.32,N,0
39.10427,-120.66006,367,0.42,0.61,2022-09-14,906,N,VIIRS,h,2,296.05,9.32,N,0
39.10442,-120.66325,341.49,0.42,0.61,2022-09-14,906,N,VIIRS,n,2,289.35,6.1,N,0
39.10462,-120.66707,321.14,0.42,0.61,2022-09-14,906,N,VIIRS,n,2,286.39,6.1,N,0
39.10514,-120.65234,301.71,0.42,0.61,2022-09-14,906,N,VIIRS,n,2,284.86,5.5,N,0
39.10533,-120.65667,328.51,0.42,0.61,2022-09-14,906,N,VIIRS,n,2,286.5,5.5,N,0
39.10547,-120.65978,367,0.42,0.61,2022-09-14,906,N,VIIRS,h,2,293.79,11.79,N,0
39.10551,-120.68502,316.65,0.42,0.61,2022-09-14,906,N,VIIRS,n,2,287.62,1.53,N,0
39.10562,-120.66302,346.99,0.42,0.61,2022-09-14,906,N,VIIRS,n,2,290.05,11.79,N,0
39.10574,-120.68964,303.26,0.42,0.61,2022-09-14,906,N,VIIRS,n,2,287.92,1.53,N,0
39.10579,-120.66685,330.13,0.42,0.61,2022-09-14,906,N,VIIRS,n,2,287.47,3.44,N,0
39.10597,-120.69427,309.28,0.42,0.61,2022-09-14,906,N,VIIRS,n,2,287.34,1.38,N,0
39.10601,-120.67186,303.4,0.42,0.61,2022-09-14,906,N,VIIRS,n,2,284.07,3.44,N,0
39.10623,-120.69951,307.27,0.42,0.61,2022-09-14,906,N,VIIRS,n,2,287.64,1.38,N,0
39.10634,-120.67953,296.77,0.42,0.61,2022-09-14,906,N,VIIRS,n,2,285.38,1.35,N,0
39.10658,-120.68475,315.75,0.42,0.61,2022-09-14,906,N,VIIRS,n,2,287.64,1.35,N,0
39.10678,-120.68929,305.63,0.42,0.61,2022-09-14,906,N,VIIRS,n,2,287.67,2.16,N,0
39.10698,-120.69396,307.87,0.42,0.61,2022-09-14,906,N,VIIRS,n,2,286.97,2.16,N,0
39.10721,-120.69917,310.52,0.42,0.61,2022-09-14,906,N,VIIRS,n,2,288.08,1.69,N,0
39.10744,-120.70429,298.44,0.42,0.61,2022-09-14,906,N,VIIRS,n,2,286.81,1.69,N,0
39.10955,-120.65144,324.52,0.42,0.61,2022-09-14,906,N,VIIRS,n,2,286.46,4.52,N,0
39.10976,-120.65565,353.89,0.42,0.61,2022-09-14,906,N,VIIRS,n,2,290.07,8.6,N,0
39.10992,-120.65886,343.87,0.42,0.61,2022-09-14,906,N,VIIRS,n,2,289.79,8.6,N,0
39.11009,-120.66211,338.85,0.42,0.61,2022-09-14,906,N,VIIRS,n,2,288.87,6.1,N,0
39.11029,-120.66618,367,0.42,0.61,2022-09-14,906,N,VIIRS,h,2,290.1,6.1,N,0
39.11055,-120.67129,367,0.42,0.61,2022-09-14,906,N,VIIRS,h,2,289.81,6.39,N,0
39.1108,-120.65112,313.04,0.42,0.61,2022-09-14,906,N,VIIRS,n,2,286.22,3.9,N,0
39.11092,-120.6787,309.51,0.42,0.61,2022-09-14,906,N,VIIRS,n,2,285.98,6.39,N,0
39.11099,-120.65522,341.38,0.42,0.61,2022-09-14,906,N,VIIRS,n,2,289.1,3.9,N,0
39.11114,-120.65849,335.41,0.42,0.61,2022-09-14,906,N,VIIRS,n,2,288.71,7.45,N,0
39.11118,-120.68375,316.73,0.42,0.61,2022-09-14,906,N,VIIRS,n,2,287.52,1.87,N,0
39.11129,-120.66193,337.07,0.42,0.61,2022-09-14,906,N,VIIRS,n,2,288.56,7.45,N,0
39.11139,-120.68806,309.45,0.42,0.61,2022-09-14,906,N,VIIRS,n,2,287.25,1.87,N,0
39.11147,-120.66591,367,0.42,0.61,2022-09-14,906,N,VIIRS,h,2,290.86,9.51,N,0
39.11162,-120.69267,328.81,0.42,0.61,2022-09-14,906,N,VIIRS,n,2,288.72,3.18,N,0
39.11169,-120.67092,367,0.42,0.61,2022-09-14,906,N,VIIRS,h,2,290.94,9.51,N,0
39.11187,-120.69771,323.78,0.42,0.61,2022-09-14,906,N,VIIRS,n,2,289.69,3.18,N,0
39.11202,-120.67838,309.02,0.42,0.61,2022-09-14,906,N,VIIRS,n,2,286.12,3.72,N,0
39.11214,-120.70308,305.67,0.42,0.61,2022-09-14,906,N,VIIRS,n,2,286.88,3.12,N,0
39.11224,-120.68349,311.01,0.42,0.61,2022-09-14,906,N,VIIRS,n,2,286.18,3.72,N,0
39.11243,-120.68772,309.02,0.42,0.61,2022-09-14,906,N,VIIRS,n,2,287.13,2.62,N,0
39.11264,-120.69232,323.32,0.42,0.61,2022-09-14,906,N,VIIRS,n,2,288.27,2.62,N,0
39.11287,-120.69738,331.66,0.42,0.61,2022-09-14,906,N,VIIRS,n,2,290.03,2.33,N,0
39.1131,-120.70276,309.55,0.42,0.61,2022-09-14,906,N,VIIRS,n,2,287.18,2.33,N,0
39.11575,-120.66096,298.39,0.42,0.61,2022-09-14,906,N,VIIRS,n,2,285.01,6.1,N,0
39.11596,-120.66518,307.73,0.42,0.61,2022-09-14,906,N,VIIRS,n,2,285.18,6.1,N,0
39.11622,-120.67022,352.75,0.42,0.61,2022-09-14,906,N,VIIRS,n,2,288.52,6.39,N,0
39.11658,-120.67734,310.08,0.42,0.61,2022-09-14,906,N,VIIRS,n,2,286.59,6.39,N,0
39.11684,-120.68254,296.92,0.42,0.61,2022-09-14,906,N,VIIRS,n,2,284.84,1.87,N,0
39.11737,-120.66987,350.54,0.42,0.61,2022-09-14,906,N,VIIRS,n,2,288.18,9.51,N,0
39.11752,-120.69591,324.93,0.42,0.61,2022-09-14,906,N,VIIRS,n,2,287.98,3.18,N,0
39.11768,-120.67693,318.25,0.42,0.61,2022-09-14,906,N,VIIRS,n,2,287.6,3.72,N,0
39.11779,-120.70145,308.35,0.42,0.61,2022-09-14,906,N,VIIRS,n,2,286.52,3.12,N,0
39.11792,-120.68223,298.93,0.42,0.61,2022-09-14,906,N,VIIRS,n,2,284.96,3.72,N,0
39.11852,-120.69558,309.04,0.42,0.61,2022-09-14,906,N,VIIRS,n,2,286,2.33,N,0
39.11876,-120.70107,305.02,0.42,0.61,2022-09-14,906,N,VIIRS,n,2,286.37,2.33,N,0
39.11899,-120.70609,299.43,0.42,0.61,2022-09-14,906,N,VIIRS,n,2,286.27,2.32,N,0
39.12306,-120.66909,325.39,0.42,0.61,2022-09-14,906,N,VIIRS,n,2,285.85,3.39,N,0
39.12336,-120.67567,336.71,0.42,0.61,2022-09-14,906,N,VIIRS,n,2,288.31,5.59,N,0
39.12465,-120.70454,297.87,0.42,0.61,2022-09-14,906,N,VIIRS,n,2,286.24,1.28,N,0
39.12877,-120.66879,315.71,0.42,0.61,2022-09-14,906,N,VIIRS,n,2,285,3.39,N,0
39.12904,-120.67491,329.44,0.42,0.61,2022-09-14,906,N,VIIRS,n,2,288.56,5.59,N,0
39.1301,-120.69823,298.67,0.42,0.61,2022-09-14,906,N,VIIRS,n,2,285,1.43,N,0
39.13033,-120.70314,305.72,0.42,0.61,2022-09-14,906,N,VIIRS,n,2,287.17,1.28,N,0
39.13448,-120.66842,296.44,0.42,0.61,2022-09-14,906,N,VIIRS,n,2,283.99,1,N,0
39.13579,-120.6972,343.87,0.42,0.61,2022-09-14,906,N,VIIRS,n,2,287.1,6.3,N,0
39.13602,-120.70242,302.01,0.42,0.61,2022-09-14,906,N,VIIRS,n,2,286.07,6.57,N,0
39.14102,-120.68627,304.5,0.42,0.61,2022-09-14,906,N,VIIRS,n,2,283.78,3.51,N,0
39.14128,-120.69187,350.15,0.42,0.61,2022-09-14,906,N,VIIRS,n,2,287.93,6.3,N,0
39.14155,-120.69783,337.81,0.42,0.61,2022-09-14,906,N,VIIRS,n,2,289.28,6.3,N,0
39.14647,-120.68015,334.69,0.42,0.61,2022-09-14,906,N,VIIRS,n,2,285.8,6.48,N,0
39.14674,-120.68606,352.94,0.42,0.61,2022-09-14,906,N,VIIRS,n,2,288.7,6.48,N,0
39.14705,-120.69278,332.53,0.42,0.61,2022-09-14,906,N,VIIRS,n,2,287.21,8.47,N,0
39.15195,-120.67481,322.79,0.42,0.61,2022-09-14,906,N,VIIRS,n,2,285.71,4.55,N,0
39.15223,-120.68096,332.03,0.42,0.61,2022-09-14,906,N,VIIRS,n,2,288.15,6.48,N,0
39.15713,-120.66319,296.79,0.42,0.61,2022-09-14,906,N,VIIRS,n,2,282.79,2.42,N,0
39.15739,-120.66862,315.09,0.42,0.61,2022-09-14,906,N,VIIRS,n,2,285.35,2.77,N,0
39.15765,-120.67438,295.45,0.42,0.61,2022-09-14,906,N,VIIRS,n,2,283.9,2.77,N,0
39.16283,-120.66253,339.31,0.42,0.61,2022-09-14,906,N,VIIRS,n,2,285.88,2.42,N,0
39.16851,-120.66168,314.86,0.42,0.61,2022-09-14,906,N,VIIRS,n,2,283.46,3.87,N,0
39.17324,-120.64092,305.5,0.42,0.61,2022-09-14,906,N,VIIRS,n,2,282.49,1.86,N,0
39.17347,-120.64588,321.5,0.42,0.61,2022-09-14,906,N,VIIRS,n,2,283.19,4.86,N,0
39.17371,-120.65073,347.29,0.42,0.61,2022-09-14,906,N,VIIRS,n,2,285.39,4.86,N,0
39.17394,-120.65572,316.9,0.42,0.61,2022-09-14,906,N,VIIRS,n,2,284.05,3.87,N,0
39.17892,-120.6403,343.05,0.42,0.61,2022-09-14,906,N,VIIRS,n,2,288.23,7.66,N,0
39.17916,-120.64526,367,0.42,0.61,2022-09-14,906,N,VIIRS,h,2,292.94,8.5,N,0
39.17941,-120.65034,334.54,0.42,0.61,2022-09-14,906,N,VIIRS,n,2,286.7,8.5,N,0
38.90982,-120.59435,300.77,0.46,0.47,2022-09-15,1027,N,VIIRS,n,2,282.36,1.31,N,0
38.9152,-120.5977,309.43,0.46,0.47,2022-09-15,1027,N,VIIRS,n,2,282.89,1.31,N,0
38.91644,-120.60301,304.88,0.46,0.47,2022-09-15,1027,N,VIIRS,n,2,283.09,1.69,N,0
38.91769,-120.60837,310.64,0.46,0.47,2022-09-15,1027,N,VIIRS,n,2,283.61,1.69,N,0
38.92302,-120.61153,321.26,0.46,0.47,2022-09-15,1027,N,VIIRS,n,2,285.13,2.49,N,0
38.92447,-120.598,339.14,0.46,0.47,2022-09-15,1027,N,VIIRS,n,2,285.12,7.11,N,0
38.9257,-120.60329,325.17,0.46,0.47,2022-09-15,1027,N,VIIRS,n,2,283.18,7.11,N,0
38.92696,-120.60873,306.29,0.46,0.47,2022-09-15,1027,N,VIIRS,n,2,284.31,2.49,N,0
38.92961,-120.60035,318.67,0.46,0.47,2022-09-15,1027,N,VIIRS,n,2,284.24,3.15,N,0
38.93797,-120.57693,303.49,0.46,0.47,2022-09-15,1027,N,VIIRS,n,2,281.83,1.24,N,0
38.93911,-120.58184,319.54,0.46,0.47,2022-09-15,1027,N,VIIRS,n,2,285.05,4.2,N,0
38.94235,-120.57598,318.98,0.46,0.47,2022-09-15,1027,N,VIIRS,n,2,283.99,1.66,N,0
38.9467,-120.57489,307.77,0.46,0.47,2022-09-15,1027,N,VIIRS,n,2,283.8,1.66,N,0
38.95316,-120.58298,296.55,0.46,0.47,2022-09-15,1027,N,VIIRS,n,2,273.85,1.21,N,0
38.95634,-120.57683,297.06,0.46,0.47,2022-09-15,1027,N,VIIRS,n,2,271.91,1.21,N,0
38.95671,-120.59836,299.57,0.46,0.47,2022-09-15,1027,N,VIIRS,n,2,277.62,1.49,N,0
38.9599,-120.59223,297.27,0.46,0.47,2022-09-15,1027,N,VIIRS,n,2,273.08,0.99,N,0
38.96599,-120.57882,306.48,0.46,0.47,2022-09-15,1027,N,VIIRS,n,2,273.49,1.35,N,0
38.97013,-120.57687,334.34,0.46,0.47,2022-09-15,1027,N,VIIRS,n,2,275.54,3.07,N,0
38.97124,-120.5817,297.4,0.46,0.47,2022-09-15,1027,N,VIIRS,n,2,273.73,1.99,N,0
38.97427,-120.57487,321.46,0.46,0.47,2022-09-15,1027,N,VIIRS,n,2,277.34,3.07,N,0
38.97535,-120.57957,310.67,0.46,0.47,2022-09-15,1027,N,VIIRS,n,2,273.18,1.99,N,0
38.97645,-120.58437,308.28,0.46,0.47,2022-09-15,1027,N,VIIRS,n,2,274.09,1.99,N,0
38.97843,-120.57298,321.31,0.46,0.47,2022-09-15,1027,N,VIIRS,n,2,275.64,2.43,N,0
38.97949,-120.57756,310.66,0.46,0.47,2022-09-15,1027,N,VIIRS,n,2,275.53,1.9,N,0
38.98058,-120.58236,305.37,0.46,0.47,2022-09-15,1027,N,VIIRS,n,2,272.59,1.9,N,0
38.99109,-120.56805,302.93,0.46,0.47,2022-09-15,1027,N,VIIRS,n,2,272.36,1.26,N,0
38.99351,-120.57866,296.36,0.46,0.47,2022-09-15,1027,N,VIIRS,n,2,274.84,1.63,N,0
38.99528,-120.56631,321.77,0.46,0.47,2022-09-15,1027,N,VIIRS,n,2,276.74,1.74,N,0
38.9966,-120.57213,299.3,0.46,0.47,2022-09-15,1027,N,VIIRS,n,2,277.24,2.07,N,0
38.99794,-120.57796,304.65,0.46,0.47,2022-09-15,1027,N,VIIRS,n,2,277.02,2.07,N,0
38.9986,-120.60098,303.5,0.46,0.47,2022-09-15,1027,N,VIIRS,n,2,281.59,1.8,N,0
38.99922,-120.5836,299.25,0.46,0.47,2022-09-15,1027,N,VIIRS,n,2,274.45,1.22,N,0
38.99963,-120.56527,302.32,0.46,0.47,2022-09-15,1027,N,VIIRS,n,2,273.81,1.74,N,0
38.99977,-120.60609,307.11,0.46,0.47,2022-09-15,1027,N,VIIRS,n,2,282.76,2.3,N,0
38.99998,-120.62708,311.42,0.46,0.47,2022-09-15,1027,N,VIIRS,n,2,283.82,1.72,N,0
39.00047,-120.58907,306.01,0.46,0.47,2022-09-15,1027,N,VIIRS,n,2,280.62,1.22,N,0
39.00105,-120.57149,310.88,0.46,0.47,2022-09-15,1027,N,VIIRS,n,2,276.21,2.07,N,0
39.00106,-120.63182,308.91,0.46,0.47,2022-09-15,1027,N,VIIRS,n,2,285.21,1.72,N,0
39.00167,-120.59437,306.9,0.46,0.47,2022-09-15,1027,N,VIIRS,n,2,282.14,2.38,N,0
39.00237,-120.5773,326.76,0.46,0.47,2022-09-15,1027,N,VIIRS,n,2,280.68,2.07,N,0
39.00267,-120.55848,304.22,0.46,0.47,2022-09-15,1027,N,VIIRS,n,2,272.5,7.32,N,0
39.00285,-120.59952,312.29,0.46,0.47,2022-09-15,1027,N,VIIRS,n,2,283.74,2.38,N,0
39.00314,-120.62086,331.15,0.46,0.47,2022-09-15,1027,N,VIIRS,n,2,285.5,5.46,N,0
39.0036,-120.58274,313.38,0.46,0.47,2022-09-15,1027,N,VIIRS,n,2,280.22,1.22,N,0
39.00404,-120.56448,351.01,0.46,0.47,2022-09-15,1027,N,VIIRS,n,2,281.92,7.32,N,0
39.00422,-120.62561,313.72,0.46,0.47,2022-09-15,1027,N,VIIRS,n,2,284.3,1.72,N,0
39.00477,-120.58788,305.23,0.46,0.47,2022-09-15,1027,N,VIIRS,n,2,280.22,1.22,N,0
39.00543,-120.57059,341.26,0.46,0.47,2022-09-15,1027,N,VIIRS,n,2,288.75,12.93,N,0
39.0059,-120.59282,327.73,0.46,0.47,2022-09-15,1027,N,VIIRS,n,2,282.26,2.38,N,0
39.00668,-120.57609,342.92,0.46,0.47,2022-09-15,1027,N,VIIRS,n,2,287.58,12.93,N,0
39.0071,-120.5578,324.82,0.46,0.47,2022-09-15,1027,N,VIIRS,n,2,279.93,7.32,N,0
39.00739,-120.61942,354.1,0.46,0.47,2022-09-15,1027,N,VIIRS,n,2,296.4,29.64,N,0
39.00785,-120.58121,303.1,0.46,0.47,2022-09-15,1027,N,VIIRS,n,2,279.75,1.11,N,0
39.00842,-120.56359,367,0.46,0.47,2022-09-15,1027,N,VIIRS,h,2,288.78,7.32,N,0
39.00848,-120.62423,325.08,0.46,0.47,2022-09-15,1027,N,VIIRS,n,2,285.06,12.37,N,0
39.00969,-120.56918,367,0.46,0.47,2022-09-15,1027,N,VIIRS,h,2,292.34,12.93,N,0
39.01088,-120.57439,328.94,0.46,0.47,2022-09-15,1027,N,VIIRS,n,2,280.45,12.93,N,0
39.01157,-120.55724,328.44,0.46,0.47,2022-09-15,1027,N,VIIRS,n,2,279.92,7.58,N,0
39.01163,-120.61796,348.93,0.46,0.47,2022-09-15,1027,N,VIIRS,n,2,285.95,29.64,N,0
39.01273,-120.62276,308.91,0.46,0.47,2022-09-15,1027,N,VIIRS,n,2,284.04,12.37,N,0
39.01276,-120.56252,343.83,0.46,0.47,2022-09-15,1027,N,VIIRS,n,2,282.55,7.58,N,0
39.01355,-120.56091,321.04,0.46,0.47,2022-09-15,1027,N,VIIRS,n,2,277.15,1.44,N,0
39.01388,-120.56743,341.79,0.46,0.47,2022-09-15,1027,N,VIIRS,n,2,280.24,7.2,N,0
39.01456,-120.61069,332.75,0.46,0.47,2022-09-15,1027,N,VIIRS,n,2,283.04,6.32,N,0
39.01468,-120.56577,296.17,0.46,0.47,2022-09-15,1027,N,VIIRS,n,2,275.85,1.44,N,0
39.01849,-120.60785,340.61,0.46,0.47,2022-09-15,1027,N,VIIRS,n,2,288.29,6.32,N,0
39.01965,-120.61295,332.04,0.46,0.47,2022-09-15,1027,N,VIIRS,n,2,283.26,6.32,N,0
39.02084,-120.61815,303.76,0.46,0.47,2022-09-15,1027,N,VIIRS,n,2,283.65,4.19,N,0
39.02202,-120.62338,346.27,0.46,0.47,2022-09-15,1027,N,VIIRS,n,2,289.59,4.19,N,0
39.0247,-120.61498,310.75,0.46,0.47,2022-09-15,1027,N,VIIRS,n,2,284.29,3.34,N,0
39.02563,-120.61277,312.23,0.46,0.47,2022-09-15,1027,N,VIIRS,n,2,284.11,1.78,N,0
39.02587,-120.62014,333.86,0.46,0.47,2022-09-15,1027,N,VIIRS,n,2,287.44,3.34,N,0
39.02715,-120.62577,313.47,0.46,0.47,2022-09-15,1027,N,VIIRS,n,2,283.87,2.42,N,0
39.02808,-120.62327,336.56,0.46,0.47,2022-09-15,1027,N,VIIRS,n,2,286.13,6.65,N,0
39.03106,-120.62288,301.87,0.46,0.47,2022-09-15,1027,N,VIIRS,n,2,282.68,2.42,N,0
39.03787,-120.64568,297.57,0.46,0.47,2022-09-15,1027,N,VIIRS,n,2,276.83,0.87,N,0
39.03986,-120.61481,297.1,0.46,0.47,2022-09-15,1027,N,VIIRS,n,2,279.93,1.37,N,0
39.04086,-120.6191,310.65,0.46,0.47,2022-09-15,1027,N,VIIRS,n,2,280.51,1.37,N,0
39.0409,-120.64613,316.13,0.46,0.47,2022-09-15,1027,N,VIIRS,n,2,280.67,2.09,N,0
39.04189,-120.62357,297.57,0.46,0.47,2022-09-15,1027,N,VIIRS,n,2,277.13,0.81,N,0
39.04217,-120.64447,304.86,0.46,0.47,2022-09-15,1027,N,VIIRS,n,2,280.26,1.11,N,0
39.04436,-120.61445,330.89,0.46,0.47,2022-09-15,1027,N,VIIRS,n,2,281.8,2.82,N,0
39.04538,-120.61884,326.84,0.46,0.47,2022-09-15,1027,N,VIIRS,n,2,281.45,2.82,N,0
39.04877,-120.61371,314.51,0.46,0.47,2022-09-15,1027,N,VIIRS,n,2,279.35,2.82,N,0
39.04984,-120.61832,310,0.46,0.47,2022-09-15,1027,N,VIIRS,n,2,279.4,2.82,N,0
39.05423,-120.61748,296.93,0.46,0.47,2022-09-15,1027,N,VIIRS,n,2,272.89,0.69,N,0
39.05455,-120.63866,303.14,0.46,0.47,2022-09-15,1027,N,VIIRS,n,2,276.83,0.77,N,0
39.05577,-120.64391,308.62,0.46,0.47,2022-09-15,1027,N,VIIRS,n,2,283.49,1.15,N,0
39.05698,-120.64913,299.42,0.46,0.47,2022-09-15,1027,N,VIIRS,n,2,280.48,1.15,N,0
39.05883,-120.63735,310.42,0.46,0.47,2022-09-15,1027,N,VIIRS,n,2,282.77,2.18,N,0
39.05999,-120.64243,326.69,0.46,0.47,2022-09-15,1027,N,VIIRS,n,2,286.2,4.22,N,0
39.06281,-120.61498,303.6,0.46,0.47,2022-09-15,1027,N,VIIRS,n,2,274.07,1.05,N,0
39.06512,-120.62503,300.25,0.46,0.47,2022-09-15,1027,N,VIIRS,n,2,278.73,1.65,N,0
39.06622,-120.62978,325.17,0.46,0.47,2022-09-15,1027,N,VIIRS,n,2,284.27,2.74,N,0
39.0673,-120.63445,318.04,0.46,0.47,2022-09-15,1027,N,VIIRS,n,2,284.07,2.74,N,0
39.06824,-120.61868,300.65,0.46,0.47,2022-09-15,1027,N,VIIRS,n,2,277.6,1.65,N,0
39.06935,-120.62352,320.84,0.46,0.47,2022-09-15,1027,N,VIIRS,n,2,280.84,1.65,N,0
39.07045,-120.6283,322.96,0.46,0.47,2022-09-15,1027,N,VIIRS,n,2,285.54,2.74,N,0
39.07136,-120.61238,298.63,0.46,0.47,2022-09-15,1027,N,VIIRS,n,2,276.45,1.67,N,0
39.07155,-120.63305,311.82,0.46,0.47,2022-09-15,1027,N,VIIRS,n,2,282.11,2.74,N,0
39.07248,-120.61726,331.7,0.46,0.47,2022-09-15,1027,N,VIIRS,n,2,283.95,4.68,N,0
39.07359,-120.62207,345.09,0.46,0.47,2022-09-15,1027,N,VIIRS,n,2,287.65,4.68,N,0
39.07558,-120.61088,312.77,0.46,0.47,2022-09-15,1027,N,VIIRS,n,2,280.71,1.67,N,0
39.07671,-120.61578,336.53,0.46,0.47,2022-09-15,1027,N,VIIRS,n,2,285.66,4.68,N,0
39.07784,-120.62065,314.9,0.46,0.47,2022-09-15,1027,N,VIIRS,n,2,284.95,4.68,N,0
39.0809,-120.61409,313.37,0.46,0.47,2022-09-15,1027,N,VIIRS,n,2,282.43,1.63,N,0
39.08202,-120.61897,305.06,0.46,0.47,2022-09-15,1027,N,VIIRS,n,2,283.69,1.63,N,0
39.08412,-120.62812,298.35,0.46,0.47,2022-09-15,1027,N,VIIRS,n,2,280.93,2.64,N,0
39.08516,-120.63264,296.77,0.46,0.47,2022-09-15,1027,N,VIIRS,n,2,281.84,1.24,N,0
39.08617,-120.61713,308.8,0.46,0.47,2022-09-15,1027,N,VIIRS,n,2,281.95,1.63,N,0
39.08725,-120.62186,328.06,0.46,0.47,2022-09-15,1027,N,VIIRS,n,2,285.84,2.64,N,0
39.08828,-120.6263,320.85,0.46,0.47,2022-09-15,1027,N,VIIRS,n,2,283.77,2.64,N,0
39.08926,-120.61063,324.58,0.46,0.47,2022-09-15,1027,N,VIIRS,n,2,280.93,3.9,N,0
39.08931,-120.63083,298.94,0.46,0.47,2022-09-15,1027,N,VIIRS,n,2,282.29,1.24,N,0
39.09036,-120.61546,345.36,0.46,0.47,2022-09-15,1027,N,VIIRS,n,2,285.67,3.9,N,0
39.09039,-120.63551,311.66,0.46,0.47,2022-09-15,1027,N,VIIRS,n,2,284.73,1.24,N,0
39.09142,-120.63999,302.67,0.46,0.47,2022-09-15,1027,N,VIIRS,n,2,285.34,1.9,N,0
39.09144,-120.6202,305.97,0.46,0.47,2022-09-15,1027,N,VIIRS,n,2,282.67,1.83,N,0
39.09352,-120.6093,298.29,0.46,0.47,2022-09-15,1027,N,VIIRS,n,2,280.31,3.9,N,0
39.10036,-120.65913,311.58,0.46,0.47,2022-09-15,1027,N,VIIRS,n,2,285.26,1.79,N,0
39.10327,-120.69175,300.13,0.45,0.47,2022-09-15,1027,N,VIIRS,n,2,284.67,1.55,N,0
39.10439,-120.65679,307.81,0.46,0.47,2022-09-15,1027,N,VIIRS,n,2,285.4,1.79,N,0
39.10756,-120.69062,311.58,0.45,0.47,2022-09-15,1027,N,VIIRS,n,2,286.03,3.47,N,0
39.11032,-120.66282,316.46,0.46,0.47,2022-09-15,1027,N,VIIRS,n,2,283.28,3.01,N,0
39.11161,-120.66847,347.74,0.45,0.47,2022-09-15,1027,N,VIIRS,n,2,287.76,8.36,N,0
39.11299,-120.65453,313.99,0.46,0.47,2022-09-15,1027,N,VIIRS,n,2,284.25,3.01,N,0
39.11422,-120.69985,314.37,0.45,0.47,2022-09-15,1027,N,VIIRS,n,2,284.04,3.07,N,0
39.11481,-120.68249,310.21,0.45,0.47,2022-09-15,1027,N,VIIRS,n,2,285.65,2.87,N,0
39.11586,-120.66714,334,0.45,0.47,2022-09-15,1027,N,VIIRS,n,2,283.97,8.36,N,0
39.11614,-120.68834,306.05,0.45,0.47,2022-09-15,1027,N,VIIRS,n,2,285.34,3.53,N,0
39.11737,-120.69375,332.99,0.45,0.47,2022-09-15,1027,N,VIIRS,n,2,286.68,3.53,N,0
39.11853,-120.69883,327.28,0.45,0.47,2022-09-15,1027,N,VIIRS,n,2,285.13,2.77,N,0
39.11905,-120.68115,327.09,0.45,0.47,2022-09-15,1027,N,VIIRS,n,2,286.56,2.87,N,0
39.12008,-120.66569,341.79,0.45,0.47,2022-09-15,1027,N,VIIRS,n,2,285.91,4.18,N,0
39.12042,-120.68715,325.14,0.45,0.47,2022-09-15,1027,N,VIIRS,n,2,286.5,3.53,N,0
39.12122,-120.67068,309.53,0.45,0.47,2022-09-15,1027,N,VIIRS,n,2,283.3,4.18,N,0
39.12166,-120.6926,322.73,0.45,0.47,2022-09-15,1027,N,VIIRS,n,2,284.47,3.53,N,0
39.12223,-120.67511,316.4,0.45,0.47,2022-09-15,1027,N,VIIRS,n,2,285.91,3.91,N,0
39.12331,-120.67986,326.38,0.45,0.47,2022-09-15,1027,N,VIIRS,n,2,284.94,3.91,N,0
39.12396,-120.70269,303.9,0.45,0.47,2022-09-15,1027,N,VIIRS,n,2,280.75,2.77,N,0
39.12463,-120.68568,318.7,0.45,0.47,2022-09-15,1027,N,VIIRS,n,2,284.69,3.01,N,0
39.12589,-120.69121,321.57,0.45,0.47,2022-09-15,1027,N,VIIRS,n,2,282.73,3.01,N,0
39.12756,-120.67851,332.27,0.45,0.47,2022-09-15,1027,N,VIIRS,n,2,285.9,3.91,N,0
39.12825,-120.70158,297.52,0.45,0.47,2022-09-15,1027,N,VIIRS,n,2,278.55,2.12,N,0
39.12962,-120.6676,307.18,0.45,0.47,2022-09-15,1027,N,VIIRS,n,2,283.59,3.05,N,0
39.1307,-120.67231,344.66,0.45,0.47,2022-09-15,1027,N,VIIRS,n,2,286.49,4.33,N,0
39.13161,-120.65632,346.92,0.46,0.47,2022-09-15,1027,N,VIIRS,n,2,285.27,8.79,N,0
39.13184,-120.67737,306.11,0.45,0.47,2022-09-15,1027,N,VIIRS,n,2,281.66,4.33,N,0
39.13271,-120.66116,321.82,0.45,0.47,2022-09-15,1027,N,VIIRS,n,2,284.34,3.05,N,0
39.13381,-120.66596,317.79,0.45,0.47,2022-09-15,1027,N,VIIRS,n,2,284.28,3.05,N,0
39.13467,-120.64973,334.21,0.46,0.47,2022-09-15,1027,N,VIIRS,n,2,289.63,38.46,N,0
39.13555,-120.69372,317.25,0.45,0.47,2022-09-15,1027,N,VIIRS,n,2,284.39,3.33,N,0
39.13581,-120.65477,367,0.46,0.47,2022-09-15,1027,N,VIIRS,h,2,299.11,38.46,N,0
39.13689,-120.65945,325.97,0.45,0.47,2022-09-15,1027,N,VIIRS,n,2,284.12,3.72,N,0
39.13889,-120.64824,347.93,0.46,0.47,2022-09-15,1027,N,VIIRS,n,2,308.38,38.46,N,0
39.14001,-120.65319,347.21,0.46,0.47,2022-09-15,1027,N,VIIRS,n,2,289.13,38.46,N,0
39.1411,-120.65798,310.16,0.45,0.47,2022-09-15,1027,N,VIIRS,n,2,281.92,3.72,N,0
39.14167,-120.6806,310.63,0.45,0.47,2022-09-15,1027,N,VIIRS,n,2,277.43,2.59,N,0
39.14282,-120.6857,322.08,0.45,0.47,2022-09-15,1027,N,VIIRS,n,2,280.15,2.59,N,0
39.14308,-120.64661,352.48,0.46,0.47,2022-09-15,1027,N,VIIRS,n,2,290.37,26.54,N,0
39.14377,-120.64381,332.54,0.46,0.47,2022-09-15,1027,N,VIIRS,n,2,290.37,23.03,N,0
39.14491,-120.6487,339.09,0.45,0.47,2022-09-15,1027,N,VIIRS,n,2,282.97,12.08,N,0
39.14593,-120.67934,323.17,0.45,0.47,2022-09-15,1027,N,VIIRS,n,2,282.95,2.59,N,0
39.14616,-120.6401,330.06,0.46,0.47,2022-09-15,1027,N,VIIRS,n,2,279.49,9.9,N,0
39.14728,-120.64505,346.91,0.46,0.47,2022-09-15,1027,N,VIIRS,n,2,294.82,26.54,N,0
39.148,-120.64234,355.38,0.46,0.47,2022-09-15,1027,N,VIIRS,n,2,296.25,23.03,N,0
39.14897,-120.67267,311.44,0.45,0.47,2022-09-15,1027,N,VIIRS,n,2,277.5,2.44,N,0
39.14912,-120.64716,304.8,0.45,0.47,2022-09-15,1027,N,VIIRS,n,2,279.63,12.08,N,0
39.14981,-120.66978,302.79,0.45,0.47,2022-09-15,1027,N,VIIRS,n,2,275.58,1.69,N,0
39.15041,-120.63875,338.61,0.46,0.47,2022-09-15,1027,N,VIIRS,n,2,290.23,23.79,N,0
39.15095,-120.67469,308.23,0.45,0.47,2022-09-15,1027,N,VIIRS,n,2,277.09,1.69,N,0
39.1511,-120.63605,320.28,0.46,0.47,2022-09-15,1027,N,VIIRS,n,2,277.37,27.86,N,0
39.15148,-120.64352,339.03,0.46,0.47,2022-09-15,1027,N,VIIRS,n,2,285.2,15.29,N,0
39.15205,-120.66617,325.95,0.45,0.47,2022-09-15,1027,N,VIIRS,n,2,281.5,2.44,N,0
39.15223,-120.64091,349.01,0.46,0.47,2022-09-15,1027,N,VIIRS,n,2,293.78,27.86,N,0
39.15286,-120.6633,321.8,0.45,0.47,2022-09-15,1027,N,VIIRS,n,2,279.84,4.3,N,0
39.15351,-120.63232,301.11,0.46,0.47,2022-09-15,1027,N,VIIRS,n,2,275.52,23.79,N,0
39.15405,-120.66839,301.45,0.45,0.47,2022-09-15,1027,N,VIIRS,n,2,279.95,1.69,N,0
39.15465,-120.63738,348.04,0.46,0.47,2022-09-15,1027,N,VIIRS,n,2,316.44,23.79,N,0
39.15534,-120.63465,324.5,0.46,0.47,2022-09-15,1027,N,VIIRS,n,2,292.77,27.86,N,0
39.15572,-120.64211,311.49,0.46,0.47,2022-09-15,1027,N,VIIRS,n,2,279.15,15.29,N,0
39.15627,-120.66474,303.11,0.45,0.47,2022-09-15,1027,N,VIIRS,n,2,278.47,2.72,N,0
39.15647,-120.63953,343.15,0.46,0.47,2022-09-15,1027,N,VIIRS,n,2,309.22,27.86,N,0
39.15709,-120.66187,307.8,0.45,0.47,2022-09-15,1027,N,VIIRS,n,2,277.22,2.41,N,0
39.15932,-120.65812,321.01,0.45,0.47,2022-09-15,1027,N,VIIRS,n,2,278.26,3.06,N,0
39.15956,-120.63318,354.43,0.46,0.47,2022-09-15,1027,N,VIIRS,n,2,285.11,6.08,N,0
39.16069,-120.63808,323.3,0.46,0.47,2022-09-15,1027,N,VIIRS,n,2,279.16,6.08,N,0
39.1613,-120.6604,320.19,0.45,0.47,2022-09-15,1027,N,VIIRS,n,2,275.53,2.41,N,0
39.1638,-120.63178,349.45,0.46,0.47,2022-09-15,1027,N,VIIRS,n,2,282.51,6.08,N,0
39.16435,-120.65385,305.26,0.45,0.47,2022-09-15,1027,N,VIIRS,n,2,272.19,1.28,N,0
39.16494,-120.63673,296.04,0.46,0.47,2022-09-15,1027,N,VIIRS,n,2,271.78,6.08,N,0
39.16554,-120.659,303.2,0.45,0.47,2022-09-15,1027,N,VIIRS,n,2,273.01,1.28,N,0
39.16805,-120.63042,338.81,0.46,0.47,2022-09-15,1027,N,VIIRS,n,2,280.51,5.51,N,0
39.16858,-120.65244,306.77,0.45,0.47,2022-09-15,1027,N,VIIRS,n,2,275.28,1.28,N,0
39.17159,-120.64573,295.14,0.45,0.47,2022-09-15,1027,N,VIIRS,n,2,271.84,1.05,N,0
39.17228,-120.62898,330.97,0.46,0.47,2022-09-15,1027,N,VIIRS,n,2,278.39,5.51,N,0
39.17463,-120.63918,307.97,0.45,0.47,2022-09-15,1027,N,VIIRS,n,2,274.84,1.05,N,0
39.17582,-120.64433,304.18,0.45,0.47,2022-09-15,1027,N,VIIRS,n,2,277.14,1.05,N,0
38.91504,-120.59898,315.52,0.46,0.47,2022-09-15,1028,N,VIIRS,n,2,284.33,2.19,N,0
38.91625,-120.60429,307.59,0.46,0.47,2022-09-15,1028,N,VIIRS,n,2,283.71,2.19,N,0
38.91747,-120.60968,304.79,0.46,0.47,2022-09-15,1028,N,VIIRS,n,2,282.19,1.73,N,0
38.92157,-120.60754,302.07,0.46,0.47,2022-09-15,1028,N,VIIRS,n,2,284.41,2.09,N,0
38.92279,-120.61293,313.37,0.46,0.47,2022-09-15,1028,N,VIIRS,n,2,283.99,2.09,N,0
38.92432,-120.59937,356.4,0.46,0.47,2022-09-15,1028,N,VIIRS,n,2,285.99,11.54,N,0
38.92552,-120.60467,310.86,0.46,0.47,2022-09-15,1028,N,VIIRS,n,2,282.52,2.09,N,0
38.92676,-120.61017,307.64,0.46,0.47,2022-09-15,1028,N,VIIRS,n,2,284.52,2.09,N,0
38.90957,-120.58904,341.39,0.4,0.6,2022-09-15,2009,N,VIIRS,n,2,297.75,5.71,D,0
38.90989,-120.58982,338.15,0.4,0.6,2022-09-15,2009,N,VIIRS,n,2,298.19,3.68,D,0
38.91909,-120.59953,335.78,0.4,0.6,2022-09-15,2009,N,VIIRS,n,2,294.36,6.32,D,0
38.92366,-120.60234,336.86,0.4,0.6,2022-09-15,2009,N,VIIRS,n,2,290.77,5.77,D,0
38.93623,-120.57815,330.81,0.4,0.6,2022-09-15,2009,N,VIIRS,n,2,293.38,4.33,D,0
38.94181,-120.57932,344.82,0.4,0.6,2022-09-15,2009,N,VIIRS,n,2,291.49,5.66,D,0
38.96208,-120.59166,348.12,0.4,0.6,2022-09-15,2009,N,VIIRS,n,2,291.36,8.45,D,0
38.97186,-120.57743,331.4,0.39,0.6,2022-09-15,2009,N,VIIRS,n,2,289.49,4.56,D,0
38.97314,-120.57272,353.87,0.39,0.6,2022-09-15,2009,N,VIIRS,n,2,292.12,4.56,D,0
38.97798,-120.57664,332.91,0.39,0.6,2022-09-15,2009,N,VIIRS,n,2,290.28,4.07,D,0
38.98363,-120.83711,367,0.41,0.6,2022-09-15,2009,N,VIIRS,h,2,295.19,7.6,D,0
38.98459,-120.83366,351.28,0.41,0.6,2022-09-15,2009,N,VIIRS,n,2,296.09,7.6,D,0
38.98555,-120.83018,330.03,0.41,0.6,2022-09-15,2009,N,VIIRS,n,2,294.29,6.71,D,0
38.99335,-120.56342,367,0.39,0.6,2022-09-15,2009,N,VIIRS,h,2,293.39,19.41,D,0
38.9999,-120.56102,351.12,0.39,0.6,2022-09-15,2009,N,VIIRS,n,2,299.71,28.11,D,0
39.00109,-120.55659,357.23,0.39,0.6,2022-09-15,2009,N,VIIRS,l,2,289.5,28.11,D,0
39.00694,-120.62225,329.61,0.4,0.6,2022-09-15,2009,N,VIIRS,n,2,290.56,16.07,D,0
39.00757,-120.62141,355.1,0.4,0.6,2022-09-15,2009,N,VIIRS,n,2,292.3,21.79,D,0
39.0083,-120.61716,367,0.4,0.6,2022-09-15,2009,N,VIIRS,h,2,302.65,16.07,D,0
39.00895,-120.6164,367,0.4,0.6,2022-09-15,2009,N,VIIRS,h,2,300.45,21.79,D,0
39.0127,-120.55721,367,0.39,0.6,2022-09-15,2009,N,VIIRS,h,2,290.41,24.13,D,0
39.01518,-120.61526,333.5,0.4,0.6,2022-09-15,2009,N,VIIRS,n,2,291.75,12.96,D,0
39.01564,-120.61186,355.08,0.4,0.6,2022-09-15,2009,N,VIIRS,n,2,294.38,12.15,D,0
39.01621,-120.61151,349.42,0.4,0.6,2022-09-15,2009,N,VIIRS,n,2,292.39,12.96,D,0
39.01661,-120.60823,341.77,0.4,0.6,2022-09-15,2009,N,VIIRS,n,2,292,8.97,D,0
39.01722,-120.60788,340.42,0.39,0.6,2022-09-15,2009,N,VIIRS,n,2,291.75,7.14,D,0
39.02137,-120.61251,367,0.4,0.6,2022-09-15,2009,N,VIIRS,h,2,293.29,8.97,D,0
39.02195,-120.61215,367,0.39,0.6,2022-09-15,2009,N,VIIRS,h,2,295.12,9.72,D,0
39.02237,-120.6088,367,0.4,0.6,2022-09-15,2009,N,VIIRS,h,2,291.75,8.97,D,0
39.02298,-120.60842,367,0.39,0.6,2022-09-15,2009,N,VIIRS,h,2,291.97,9.72,D,0
39.02604,-120.61708,331.16,0.4,0.6,2022-09-15,2009,N,VIIRS,n,2,291.51,6.09,D,0
39.0266,-120.61668,344.58,0.39,0.6,2022-09-15,2009,N,VIIRS,n,2,292.99,9.72,D,0
39.02703,-120.61343,367,0.4,0.6,2022-09-15,2009,N,VIIRS,h,2,296.56,6.09,D,0
39.02761,-120.61303,367,0.39,0.6,2022-09-15,2009,N,VIIRS,h,2,294.92,9.72,D,0
39.02813,-120.60934,334.38,0.39,0.6,2022-09-15,2009,N,VIIRS,n,2,290.74,13.35,D,0
39.02877,-120.60883,332.84,0.39,0.6,2022-09-15,2009,N,VIIRS,n,2,290.81,11.03,D,0
39.0323,-120.61572,340.3,0.4,0.6,2022-09-15,2009,N,VIIRS,n,2,291.42,6.09,D,0
39.03313,-120.61445,335.31,0.39,0.6,2022-09-15,2009,N,VIIRS,n,2,290.76,3.73,D,0
39.0601,-120.64543,342.23,0.4,0.6,2022-09-15,2009,N,VIIRS,n,2,292.31,4.77,D,0
39.06277,-120.61404,342.31,0.39,0.6,2022-09-15,2009,N,VIIRS,n,2,291.94,4.23,D,0
39.07202,-120.62338,326.78,0.39,0.6,2022-09-15,2009,N,VIIRS,n,2,289.92,2.97,D,0
39.07475,-120.61337,344.58,0.39,0.6,2022-09-15,2009,N,VIIRS,n,2,291.53,10.21,D,0
39.07605,-120.6086,349.02,0.39,0.6,2022-09-15,2009,N,VIIRS,n,2,290.95,8.58,D,0
39.0799,-120.61609,329.68,0.39,0.6,2022-09-15,2009,N,VIIRS,n,2,288.1,5.6,D,0
39.08117,-120.61143,336.9,0.39,0.6,2022-09-15,2009,N,VIIRS,n,2,287.17,7.98,D,0
39.10614,-120.64986,333.01,0.39,0.6,2022-09-15,2009,N,VIIRS,n,2,293.31,7.43,D,0
39.11028,-120.65524,338.63,0.39,0.6,2022-09-15,2009,N,VIIRS,n,2,295.87,34.55,D,0
39.11047,-120.65566,343.77,0.4,0.6,2022-09-15,2009,N,VIIRS,n,2,295.03,11.49,D,0
39.11135,-120.65138,344.62,0.39,0.6,2022-09-15,2009,N,VIIRS,n,2,294.56,18.98,D,0
39.11147,-120.652,367,0.39,0.6,2022-09-15,2009,N,VIIRS,h,2,296.79,7.43,D,0
39.11173,-120.67141,341.01,0.4,0.6,2022-09-15,2009,N,VIIRS,n,2,293.84,6.8,D,0
39.11185,-120.67238,328.57,0.4,0.6,2022-09-15,2009,N,VIIRS,n,2,292.17,5.72,D,0
39.11306,-120.66663,367,0.4,0.6,2022-09-15,2009,N,VIIRS,h,2,296.23,11.03,D,0
39.11322,-120.6673,367,0.4,0.6,2022-09-15,2009,N,VIIRS,h,2,297.62,11.46,D,0
39.11406,-120.68443,338.75,0.4,0.6,2022-09-15,2009,N,VIIRS,n,2,294.33,5.23,D,0
39.1142,-120.66251,351.5,0.4,0.6,2022-09-15,2009,N,VIIRS,n,2,294.76,11.03,D,0
39.11435,-120.68504,331.7,0.4,0.6,2022-09-15,2009,N,VIIRS,n,2,292.94,3.56,D,0
39.11436,-120.66312,367,0.4,0.6,2022-09-15,2009,N,VIIRS,h,2,296.14,11.46,D,0
39.11514,-120.65907,344.36,0.39,0.6,2022-09-15,2009,N,VIIRS,n,2,297.13,34.55,D,0
39.11523,-120.68019,326.71,0.4,0.6,2022-09-15,2009,N,VIIRS,n,2,291.48,6.7,D,0
39.11531,-120.65958,351.07,0.4,0.6,2022-09-15,2009,N,VIIRS,n,2,293.82,35.46,D,0
39.11546,-120.68095,346.28,0.4,0.6,2022-09-15,2009,N,VIIRS,n,2,293.47,5.72,D,0
39.11614,-120.65544,353.05,0.39,0.6,2022-09-15,2009,N,VIIRS,n,2,304.48,34.55,D,0
39.1163,-120.65592,353.91,0.4,0.6,2022-09-15,2009,N,VIIRS,n,2,306.96,35.46,D,0
39.11729,-120.65128,348.26,0.39,0.6,2022-09-15,2009,N,VIIRS,n,2,292.37,18.98,D,0
39.11741,-120.65179,367,0.39,0.6,2022-09-15,2009,N,VIIRS,h,2,292.95,32.95,D,0
39.11967,-120.68555,343.18,0.4,0.6,2022-09-15,2009,N,VIIRS,n,2,291.69,5.23,D,0
39.11967,-120.6641,356.7,0.4,0.6,2022-09-15,2009,N,VIIRS,n,2,299.33,20.48,D,0
39.1198,-120.66477,356.57,0.4,0.6,2022-09-15,2009,N,VIIRS,n,2,296.06,11.46,D,0
39.11995,-120.68616,330.9,0.4,0.6,2022-09-15,2009,N,VIIRS,n,2,290.76,44.69,D,0
39.1207,-120.68181,337.23,0.4,0.6,2022-09-15,2009,N,VIIRS,n,2,290.62,6.7,D,0
39.12082,-120.6599,367,0.39,0.6,2022-09-15,2009,N,VIIRS,h,2,295.46,20.14,D,0
39.12095,-120.68246,339.08,0.4,0.6,2022-09-15,2009,N,VIIRS,n,2,290.95,9.39,D,0
39.12096,-120.6605,367,0.4,0.6,2022-09-15,2009,N,VIIRS,h,2,297.9,35.46,D,0
39.12143,-120.70065,328.84,0.4,0.6,2022-09-15,2009,N,VIIRS,n,2,290.99,48.77,D,0
39.1228,-120.69566,295.48,0.4,0.6,2022-09-15,2009,N,VIIRS,l,2,312.95,48.77,D,0
39.12306,-120.69653,329.35,0.4,0.6,2022-09-15,2009,N,VIIRS,l,2,302.82,77.1,D,0
39.12404,-120.69115,367,0.4,0.6,2022-09-15,2009,N,VIIRS,h,2,311.37,63.6,D,0
39.1243,-120.69193,354.61,0.4,0.6,2022-09-15,2009,N,VIIRS,n,2,318.3,44.69,D,0
39.1252,-120.68694,328.74,0.4,0.6,2022-09-15,2009,N,VIIRS,n,2,289.83,63.6,D,0
39.12546,-120.68764,349.35,0.4,0.6,2022-09-15,2009,N,VIIRS,n,2,291.6,44.69,D,0
39.13284,-120.65919,327.44,0.39,0.6,2022-09-15,2009,N,VIIRS,n,2,291.13,4.78,D,0
39.13615,-120.69014,330.62,0.4,0.6,2022-09-15,2009,N,VIIRS,n,2,290.36,5.39,D,0
39.14064,-120.65233,330.55,0.39,0.6,2022-09-15,2009,N,VIIRS,n,2,291.22,7.27,D,0
39.14401,-120.68305,367,0.4,0.6,2022-09-15,2009,N,VIIRS,h,2,291.35,13.18,D,0
39.14529,-120.67839,367,0.4,0.6,2022-09-15,2009,N,VIIRS,h,2,293.57,18.5,D,0
39.14777,-120.66933,327.7,0.39,0.6,2022-09-15,2009,N,VIIRS,n,2,289.33,6.96,D,0
39.14898,-120.66495,367,0.39,0.6,2022-09-15,2009,N,VIIRS,h,2,294.67,6.96,D,0
39.14974,-120.64063,331.22,0.39,0.6,2022-09-15,2009,N,VIIRS,n,2,297.39,5.71,D,0
39.15308,-120.67153,347.18,0.39,0.6,2022-09-15,2009,N,VIIRS,n,2,290,7.55,D,0
39.1544,-120.66669,348.03,0.39,0.6,2022-09-15,2009,N,VIIRS,n,2,290.03,7.55,D,0
39.15564,-120.66219,335.88,0.39,0.6,2022-09-15,2009,N,VIIRS,n,2,291.21,9.57,D,0
39.15636,-120.63801,367,0.39,0.6,2022-09-15,2009,N,VIIRS,h,2,299.18,5.71,D,0
39.15768,-120.63319,327.7,0.39,0.6,2022-09-15,2009,N,VIIRS,n,2,294.71,7.33,D,0
39.16346,-120.65515,332.31,0.39,0.6,2022-09-15,2009,N,VIIRS,n,2,289.76,4.96,D,0
39.17366,-120.63939,354.6,0.39,0.6,2022-09-15,2009,N,VIIRS,n,2,290.19,18.11,D,0
39.1749,-120.63486,367,0.39,0.6,2022-09-15,2009,N,VIIRS,h,2,296.84,18.11,D,0
38.90936,-120.58557,334.86,0.42,0.61,2022-09-15,2150,N,VIIRS,n,2,295.5,3.05,D,0
38.92173,-120.59838,328.79,0.42,0.61,2022-09-15,2150,N,VIIRS,n,2,291.11,4.39,D,0
38.93207,-120.59079,349.53,0.42,0.61,2022-09-15,2150,N,VIIRS,n,2,296.51,12.07,D,0
38.93227,-120.58651,367,0.42,0.61,2022-09-15,2150,N,VIIRS,h,2,296.3,16.51,D,0
38.93338,-120.59392,334.91,0.42,0.61,2022-09-15,2150,N,VIIRS,n,2,296.14,7.49,D,0
38.93357,-120.58945,367,0.42,0.61,2022-09-15,2150,N,VIIRS,h,2,297.58,7.49,D,0
38.93404,-120.57825,334.87,0.42,0.61,2022-09-15,2150,N,VIIRS,n,2,292.93,11.69,D,0
38.93826,-120.5811,367,0.42,0.61,2022-09-15,2150,N,VIIRS,h,2,296.69,16.4,D,0
38.93847,-120.57685,367,0.42,0.61,2022-09-15,2150,N,VIIRS,h,2,298.59,16.4,D,0
38.93954,-120.58398,329.18,0.42,0.61,2022-09-15,2150,N,VIIRS,n,2,292.52,17.78,D,0
38.93971,-120.57996,367,0.42,0.61,2022-09-15,2150,N,VIIRS,h,2,297.23,11.69,D,0
38.9399,-120.57552,367,0.42,0.61,2022-09-15,2150,N,VIIRS,h,2,293.92,11.69,D,0
38.96228,-120.58877,367,0.42,0.61,2022-09-15,2150,N,VIIRS,h,2,293.3,6.9,D,0
38.96868,-120.57374,367,0.42,0.61,2022-09-15,2150,N,VIIRS,h,2,292.85,7.28,D,0
38.97445,-120.57315,336.94,0.42,0.61,2022-09-15,2150,N,VIIRS,n,2,290.44,7.28,D,0
38.98003,-120.57668,332.39,0.42,0.61,2022-09-15,2150,N,VIIRS,n,2,291.91,6.74,D,0
38.98022,-120.57255,344.74,0.42,0.61,2022-09-15,2150,N,VIIRS,n,2,292.5,5.72,D,0
38.9804,-120.56845,350.6,0.42,0.61,2022-09-15,2150,N,VIIRS,n,2,292.64,5.72,D,0
38.99786,-120.56344,348.83,0.42,0.61,2022-09-15,2150,N,VIIRS,n,2,294.21,9.23,D,0
38.9981,-120.55824,367,0.42,0.61,2022-09-15,2150,N,VIIRS,h,2,296.84,9.23,D,0
39.00058,-120.62912,350.03,0.42,0.61,2022-09-15,2150,N,VIIRS,n,2,294.04,11.24,D,0
39.00079,-120.62483,367,0.42,0.61,2022-09-15,2150,N,VIIRS,h,2,297.43,19.57,D,0
39.00374,-120.56046,348.47,0.42,0.61,2022-09-15,2150,N,VIIRS,n,2,290.98,10.86,D,0
39.00669,-120.62098,352.46,0.42,0.61,2022-09-15,2150,N,VIIRS,n,2,294.46,19.57,D,0
39.00689,-120.61658,367,0.42,0.61,2022-09-15,2150,N,VIIRS,h,2,304.57,21.91,D,0
39.0071,-120.61198,329.49,0.42,0.61,2022-09-15,2150,N,VIIRS,n,2,289.67,21.91,D,0
39.00799,-120.59278,348.17,0.42,0.61,2022-09-15,2150,N,VIIRS,n,2,290.8,7.81,D,0
39.0082,-120.58833,330.5,0.42,0.61,2022-09-15,2150,N,VIIRS,n,2,288.7,10.65,D,0
39.00911,-120.56863,333.45,0.42,0.61,2022-09-15,2150,N,VIIRS,n,2,289.65,10.86,D,0
39.00959,-120.5582,367,0.42,0.61,2022-09-15,2150,N,VIIRS,h,2,292.77,97.28,D,0
39.00982,-120.55307,208,0.42,0.61,2022-09-15,2150,N,VIIRS,l,2,317.26,97.28,D,0
39.01007,-120.54766,357.23,0.42,0.61,2022-09-15,2150,N,VIIRS,l,2,290.68,184.96,D,0
39.0124,-120.62136,348.6,0.42,0.61,2022-09-15,2150,N,VIIRS,n,2,290.89,11.3,D,0
39.01261,-120.61694,367,0.42,0.61,2022-09-15,2150,N,VIIRS,h,2,298.3,30.93,D,0
39.01285,-120.61179,367,0.42,0.61,2022-09-15,2150,N,VIIRS,h,2,295.58,30.93,D,0
39.01311,-120.60617,367,0.42,0.61,2022-09-15,2150,N,VIIRS,h,2,292.71,14.68,D,0
39.01507,-120.56401,342.98,0.42,0.61,2022-09-15,2150,N,VIIRS,n,2,289.67,7.87,D,0
39.01528,-120.55937,339.06,0.42,0.61,2022-09-15,2150,N,VIIRS,n,2,287.06,11.56,D,0
39.0155,-120.55468,357.42,0.42,0.61,2022-09-15,2150,N,VIIRS,l,2,286.23,11.56,D,0
39.01572,-120.54978,340.78,0.42,0.61,2022-09-15,2150,N,VIIRS,n,2,285.54,16.39,D,0
39.01871,-120.60908,367,0.42,0.61,2022-09-15,2150,N,VIIRS,h,2,298.46,30.93,D,0
39.01898,-120.60339,330.15,0.42,0.61,2022-09-15,2150,N,VIIRS,n,2,291.21,14.68,D,0
39.02434,-120.6114,344.01,0.42,0.61,2022-09-15,2150,N,VIIRS,n,2,293.49,5.26,D,0
39.02458,-120.60629,338.23,0.42,0.61,2022-09-15,2150,N,VIIRS,n,2,292.87,5.26,D,0
39.02536,-120.6099,351.03,0.42,0.61,2022-09-15,2150,N,VIIRS,n,2,294.48,9.74,D,0
39.04119,-120.6186,345.36,0.42,0.61,2022-09-15,2150,N,VIIRS,n,2,296.68,5.47,D,0
39.04135,-120.61526,341.75,0.42,0.61,2022-09-15,2150,N,VIIRS,n,2,295.96,7.73,D,0
39.04221,-120.61839,351.41,0.42,0.61,2022-09-15,2150,N,VIIRS,n,2,298.39,7.31,D,0
39.04235,-120.6151,343.09,0.42,0.61,2022-09-15,2150,N,VIIRS,n,2,296.17,7.71,D,0
39.05813,-120.64766,342.18,0.42,0.61,2022-09-15,2150,N,VIIRS,n,2,295.59,5.14,D,0
39.06523,-120.6163,334.95,0.42,0.61,2022-09-15,2150,N,VIIRS,n,2,291.06,4.26,D,0
39.07074,-120.62136,330.93,0.42,0.61,2022-09-15,2150,N,VIIRS,n,2,291.12,7.69,D,0
39.07684,-120.61293,354.82,0.42,0.61,2022-09-15,2150,N,VIIRS,n,2,297.39,29.37,D,0
39.07705,-120.6083,367,0.42,0.61,2022-09-15,2150,N,VIIRS,h,2,302.05,29.37,D,0
39.08259,-120.61272,329.07,0.42,0.61,2022-09-15,2150,N,VIIRS,n,2,288.31,6.99,D,0
39.08757,-120.62935,336.84,0.42,0.61,2022-09-15,2150,N,VIIRS,n,2,292.4,5.42,D,0
39.08813,-120.61703,332.8,0.42,0.61,2022-09-15,2150,N,VIIRS,n,2,291.34,5.52,D,0
39.09424,-120.6087,333.19,0.42,0.61,2022-09-15,2150,N,VIIRS,n,2,290.07,5.01,D,0
39.10873,-120.66745,328.96,0.42,0.61,2022-09-15,2150,N,VIIRS,n,2,295.03,3.22,D,0
39.11441,-120.66835,367,0.42,0.61,2022-09-15,2150,N,VIIRS,h,2,298.1,13.04,D,0
39.11467,-120.66282,352.74,0.42,0.61,2022-09-15,2150,N,VIIRS,n,2,295.15,10.49,D,0
39.11502,-120.65544,367,0.42,0.61,2022-09-15,2150,N,VIIRS,h,2,299.64,10.49,D,0
39.11875,-120.69761,344.98,0.42,0.61,2022-09-15,2150,N,VIIRS,n,2,295.16,8.78,D,0
39.11897,-120.69289,336.99,0.42,0.61,2022-09-15,2150,N,VIIRS,n,2,297.34,8.95,D,0
39.11951,-120.68148,343.05,0.42,0.61,2022-09-15,2150,N,VIIRS,n,2,292.29,7.56,D,0
39.12033,-120.6641,344.53,0.42,0.61,2022-09-15,2150,N,VIIRS,n,2,295.79,10.49,D,0
39.12059,-120.65857,349.3,0.42,0.61,2022-09-15,2150,N,VIIRS,n,2,294.07,10.49,D,0
39.1244,-120.69878,367,0.42,0.61,2022-09-15,2150,N,VIIRS,h,2,299.96,31.73,D,0
39.12463,-120.69398,352.12,0.42,0.61,2022-09-15,2150,N,VIIRS,n,2,300.02,30.98,D,0
39.12487,-120.68896,367,0.42,0.61,2022-09-15,2150,N,VIIRS,h,2,306.84,30.98,D,0
39.12541,-120.67754,367,0.42,0.61,2022-09-15,2150,N,VIIRS,h,2,294.73,28.25,D,0
39.12621,-120.70194,352.07,0.42,0.61,2022-09-15,2150,N,VIIRS,n,2,292.92,14.43,D,0
39.12641,-120.69714,367,0.42,0.61,2022-09-15,2150,N,VIIRS,h,2,292.24,14.43,D,0
39.12662,-120.69225,355.88,0.42,0.61,2022-09-15,2150,N,VIIRS,n,2,300.89,24.33,D,0
39.12684,-120.68705,349.89,0.42,0.61,2022-09-15,2150,N,VIIRS,n,2,291.6,24.33,D,0
39.1273,-120.67588,335.3,0.42,0.61,2022-09-15,2150,N,VIIRS,n,2,291.92,11.19,D,0
39.1303,-120.69489,331.19,0.42,0.61,2022-09-15,2150,N,VIIRS,n,2,291.66,30.98,D,0
39.13151,-120.66951,341.59,0.42,0.61,2022-09-15,2150,N,VIIRS,n,2,289.83,11.21,D,0
39.13193,-120.66063,334.78,0.42,0.61,2022-09-15,2150,N,VIIRS,n,2,290.18,9.21,D,0
39.13317,-120.67234,336.25,0.42,0.61,2022-09-15,2150,N,VIIRS,n,2,289.14,6.32,D,0
39.13337,-120.66766,332.6,0.42,0.61,2022-09-15,2150,N,VIIRS,n,2,288.37,6.32,D,0
39.13356,-120.66311,349.85,0.42,0.61,2022-09-15,2150,N,VIIRS,n,2,289.25,13.08,D,0
39.13767,-120.66042,332.69,0.42,0.61,2022-09-15,2150,N,VIIRS,n,2,286.36,8.98,D,0
39.14234,-120.68208,356.23,0.42,0.61,2022-09-15,2150,N,VIIRS,n,2,292.11,18.04,D,0
39.14258,-120.67709,367,0.42,0.61,2022-09-15,2150,N,VIIRS,h,2,298.13,29.33,D,0
39.14426,-120.68041,367,0.42,0.61,2022-09-15,2150,N,VIIRS,h,2,299.45,29.3,D,0
39.14447,-120.67556,339.24,0.42,0.61,2022-09-15,2150,N,VIIRS,n,2,289.31,12.35,D,0
39.14469,-120.67041,341.13,0.42,0.61,2022-09-15,2150,N,VIIRS,n,2,288.34,12.35,D,0
39.14849,-120.6731,329.71,0.42,0.61,2022-09-15,2150,N,VIIRS,n,2,287.9,11.1,D,0
39.14873,-120.66823,352.66,0.42,0.61,2022-09-15,2150,N,VIIRS,n,2,301,21.76,D,0
39.14898,-120.66302,367,0.42,0.61,2022-09-15,2150,N,VIIRS,h,2,293.73,21.76,D,0
39.15037,-120.67136,353.99,0.42,0.61,2022-09-15,2150,N,VIIRS,n,2,291.35,25.23,D,0
39.15058,-120.6665,367,0.42,0.61,2022-09-15,2150,N,VIIRS,h,2,304.14,32.04,D,0
39.1508,-120.66129,347.02,0.42,0.61,2022-09-15,2150,N,VIIRS,n,2,288.5,32.04,D,0
39.15464,-120.66427,335.06,0.42,0.61,2022-09-15,2150,N,VIIRS,n,2,287.55,21.76,D,0
39.15587,-120.63906,354.36,0.42,0.61,2022-09-15,2150,N,VIIRS,n,2,289.67,9.13,D,0
39.15609,-120.63455,352.53,0.42,0.61,2022-09-15,2150,N,VIIRS,n,2,295.92,9.13,D,0
39.16238,-120.65836,356.41,0.42,0.61,2022-09-15,2150,N,VIIRS,l,2,289.12,8.23,D,0
39.16259,-120.65331,340.71,0.42,0.61,2022-09-15,2150,N,VIIRS,n,2,288.45,8.23,D,0
39.16851,-120.64898,337.17,0.42,0.61,2022-09-15,2150,N,VIIRS,n,2,287.79,7.52,D,0
39.17463,-120.63988,347.85,0.42,0.61,2022-09-15,2150,N,VIIRS,n,2,289.38,16.11,D,0
39.17485,-120.63498,367,0.42,0.61,2022-09-15,2150,N,VIIRS,h,2,300.09,16.11,D,0
39.14944,-120.63589,295.04,0.75,0.77,2022-09-15,847,N,VIIRS,n,2,263.5,20.21,N,0
39.14951,-120.64644,336.88,0.75,0.77,2022-09-15,847,N,VIIRS,n,2,258.47,20.21,N,0
39.14962,-120.66344,295.05,0.75,0.77,2022-09-15,847,N,VIIRS,n,2,272.68,11.84,N,0
39.14967,-120.67243,298.67,0.75,0.77,2022-09-15,847,N,VIIRS,n,2,274.96,2.91,N,0
39.15663,-120.63465,342.99,0.75,0.77,2022-09-15,847,N,VIIRS,n,2,274.16,20.21,N,0
39.15671,-120.6457,367,0.75,0.77,2022-09-15,847,N,VIIRS,h,2,285.21,20.21,N,0
39.15676,-120.65371,307.87,0.75,0.77,2022-09-15,847,N,VIIRS,n,2,274.71,11.84,N,0
39.15681,-120.66194,296.57,0.75,0.77,2022-09-15,847,N,VIIRS,n,2,275.78,11.84,N,0
39.15688,-120.67237,295.81,0.75,0.77,2022-09-15,847,N,VIIRS,n,2,274.65,2.91,N,0
39.16382,-120.63403,367,0.75,0.77,2022-09-15,847,N,VIIRS,h,2,276.34,11.72,N,0
39.16389,-120.64417,320.49,0.75,0.77,2022-09-15,847,N,VIIRS,n,2,270.55,11.72,N,0
39.16538,-120.62999,312.69,0.75,0.77,2022-09-15,847,N,VIIRS,n,2,271.13,6.63,N,0
39.1654,-120.64017,349.88,0.75,0.77,2022-09-15,847,N,VIIRS,n,2,271.27,6.63,N,0
39.17101,-120.63267,317.17,0.75,0.77,2022-09-15,847,N,VIIRS,n,2,268.87,11.72,N,0
39.17259,-120.63845,299.41,0.75,0.77,2022-09-15,847,N,VIIRS,n,2,263.08,6.63,N,0
38.90575,-120.58848,297.82,0.44,0.38,2022-09-16,1009,N,VIIRS,n,2,282.82,0.84,N,0
38.90918,-120.5873,302.48,0.44,0.38,2022-09-16,1009,N,VIIRS,n,2,281.89,0.84,N,0
38.91013,-120.59233,305.65,0.44,0.38,2022-09-16,1009,N,VIIRS,n,2,282.98,0.84,N,0
38.91354,-120.59107,322.05,0.44,0.38,2022-09-16,1009,N,VIIRS,n,2,284.29,2.37,N,0
38.91449,-120.59615,305.15,0.44,0.38,2022-09-16,1009,N,VIIRS,n,2,284.49,2.95,N,0
38.91542,-120.60114,297.2,0.43,0.38,2022-09-16,1009,N,VIIRS,n,2,284.34,2.95,N,0
38.91636,-120.60612,315.04,0.43,0.38,2022-09-16,1009,N,VIIRS,n,2,284.59,3.1,N,0
38.91729,-120.61111,295.52,0.43,0.38,2022-09-16,1009,N,VIIRS,n,2,283.58,3.1,N,0
38.91885,-120.59991,341.94,0.43,0.38,2022-09-16,1009,N,VIIRS,n,2,287.6,2.95,N,0
38.91978,-120.60493,347.14,0.43,0.38,2022-09-16,1009,N,VIIRS,n,2,291.32,3.1,N,0
38.92072,-120.60995,310.63,0.43,0.38,2022-09-16,1009,N,VIIRS,n,2,285.42,3.1,N,0
38.92224,-120.59856,344.58,0.43,0.38,2022-09-16,1009,N,VIIRS,n,2,287.46,4.64,N,0
38.92318,-120.60355,333.15,0.43,0.38,2022-09-16,1009,N,VIIRS,n,2,287.66,3.29,N,0
38.92411,-120.60856,313.2,0.43,0.38,2022-09-16,1009,N,VIIRS,n,2,286.42,3.29,N,0
38.92506,-120.61362,309.61,0.43,0.38,2022-09-16,1009,N,VIIRS,n,2,285.83,2.01,N,0
38.92561,-120.59703,314.11,0.43,0.38,2022-09-16,1009,N,VIIRS,n,2,285.18,4.64,N,0
38.92654,-120.60206,314.82,0.43,0.38,2022-09-16,1009,N,VIIRS,n,2,285.6,3.29,N,0
38.92992,-120.60058,300.69,0.43,0.38,2022-09-16,1009,N,VIIRS,n,2,285.05,0.91,N,0
38.93147,-120.5893,305.53,0.44,0.38,2022-09-16,1009,N,VIIRS,n,2,286.71,1.57,N,0
38.93411,-120.5839,300.88,0.44,0.38,2022-09-16,1009,N,VIIRS,n,2,284.19,2.41,N,0
38.93674,-120.57845,307.69,0.44,0.38,2022-09-16,1009,N,VIIRS,n,2,284.08,2.41,N,0
38.93764,-120.58322,338.78,0.44,0.38,2022-09-16,1009,N,VIIRS,n,2,286.78,2.41,N,0
38.94024,-120.57762,316.38,0.44,0.38,2022-09-16,1009,N,VIIRS,n,2,285.25,1.42,N,0
38.94114,-120.5824,297.88,0.44,0.38,2022-09-16,1009,N,VIIRS,n,2,284.27,1.42,N,0
38.95426,-120.59409,299.61,0.43,0.38,2022-09-16,1009,N,VIIRS,n,2,282.68,1.23,N,0
38.95502,-120.57856,329.16,0.44,0.38,2022-09-16,1009,N,VIIRS,n,2,286.66,3.28,N,0
38.95517,-120.59901,314.97,0.43,0.38,2022-09-16,1009,N,VIIRS,n,2,285.58,1.23,N,0
38.95774,-120.59323,328.04,0.43,0.38,2022-09-16,1009,N,VIIRS,n,2,287.45,2.23,N,0
38.96032,-120.58746,311.85,0.43,0.38,2022-09-16,1009,N,VIIRS,n,2,285.32,2.64,N,0
38.96124,-120.5924,301.2,0.43,0.38,2022-09-16,1009,N,VIIRS,n,2,285.29,2.23,N,0
38.96378,-120.58644,328.02,0.43,0.38,2022-09-16,1009,N,VIIRS,n,2,283.92,2.21,N,0
38.96469,-120.59133,301.08,0.43,0.38,2022-09-16,1009,N,VIIRS,n,2,285.44,2.16,N,0
38.96631,-120.58038,320.35,0.44,0.38,2022-09-16,1009,N,VIIRS,n,2,285.72,2.21,N,0
38.96885,-120.57436,324.48,0.44,0.38,2022-09-16,1009,N,VIIRS,n,2,287.64,4.99,N,0
38.96974,-120.57919,313.64,0.44,0.38,2022-09-16,1009,N,VIIRS,n,2,286.73,1.33,N,0
38.97228,-120.5732,341.03,0.44,0.38,2022-09-16,1009,N,VIIRS,n,2,289.12,4.99,N,0
38.97316,-120.57796,296.75,0.44,0.38,2022-09-16,1009,N,VIIRS,n,2,285.54,1.33,N,0
38.97572,-120.57204,338.36,0.44,0.38,2022-09-16,1009,N,VIIRS,n,2,287.52,4.21,N,0
38.97659,-120.57673,321.33,0.44,0.38,2022-09-16,1009,N,VIIRS,n,2,286.37,2.98,N,0
38.97741,-120.83713,316.29,0.43,0.38,2022-09-16,1009,N,VIIRS,n,2,287.1,2.2,N,0
38.97747,-120.5815,322.58,0.43,0.38,2022-09-16,1009,N,VIIRS,n,2,287.31,2.98,N,0
38.97828,-120.5662,328.96,0.44,0.38,2022-09-16,1009,N,VIIRS,n,2,285.55,4.21,N,0
38.97916,-120.57088,329.91,0.44,0.38,2022-09-16,1009,N,VIIRS,n,2,288.66,4.21,N,0
38.98002,-120.57557,314.11,0.44,0.38,2022-09-16,1009,N,VIIRS,n,2,287.56,2.98,N,0
38.98086,-120.83618,328.78,0.43,0.38,2022-09-16,1009,N,VIIRS,n,2,288.52,3.78,N,0
38.9809,-120.58031,330.97,0.43,0.38,2022-09-16,1009,N,VIIRS,n,2,288.27,2.98,N,0
38.9818,-120.58519,298.64,0.43,0.38,2022-09-16,1009,N,VIIRS,n,2,284.08,0.53,N,0
38.98227,-120.56836,329,0.44,0.38,2022-09-16,1009,N,VIIRS,n,2,287.53,4.85,N,0
38.9826,-120.56978,345.35,0.44,0.38,2022-09-16,1009,N,VIIRS,n,2,291.11,7.14,N,0
38.98315,-120.57303,340.68,0.43,0.38,2022-09-16,1009,N,VIIRS,n,2,290.4,4.85,N,0
38.98347,-120.57446,331.17,0.44,0.38,2022-09-16,1009,N,VIIRS,n,2,287.94,4.39,N,0
38.98403,-120.57774,330.23,0.43,0.38,2022-09-16,1009,N,VIIRS,n,2,287.01,3.22,N,0
38.98435,-120.57922,336.58,0.43,0.38,2022-09-16,1009,N,VIIRS,n,2,287,4.39,N,0
38.98494,-120.58258,328.09,0.43,0.38,2022-09-16,1009,N,VIIRS,n,2,286.32,3.22,N,0
38.98525,-120.58409,302.91,0.43,0.38,2022-09-16,1009,N,VIIRS,n,2,284.38,1.35,N,0
38.99006,-120.57095,296.35,0.43,0.38,2022-09-16,1009,N,VIIRS,n,2,283.5,0.55,N,0
38.9926,-120.56504,295.93,0.44,0.38,2022-09-16,1009,N,VIIRS,n,2,283.1,0.55,N,0
38.9951,-120.55891,299.52,0.44,0.38,2022-09-16,1009,N,VIIRS,n,2,281.78,1.16,N,0
38.99604,-120.56387,301.03,0.44,0.38,2022-09-16,1009,N,VIIRS,n,2,283.53,1.83,N,0
38.99685,-120.62643,295.35,0.43,0.38,2022-09-16,1009,N,VIIRS,n,2,284.16,1.01,N,0
38.99761,-120.61102,305.73,0.43,0.38,2022-09-16,1009,N,VIIRS,n,2,284.96,1.15,N,0
38.99851,-120.61584,322.09,0.43,0.38,2022-09-16,1009,N,VIIRS,n,2,286.63,6.36,N,0
38.99857,-120.55791,317.87,0.44,0.38,2022-09-16,1009,N,VIIRS,n,2,283.33,1.16,N,0
38.99863,-120.63598,300.47,0.43,0.38,2022-09-16,1009,N,VIIRS,n,2,284.1,0.55,N,0
38.99873,-120.63754,301.63,0.43,0.38,2022-09-16,1009,N,VIIRS,n,2,284.23,0.77,N,0
38.99923,-120.60025,301.43,0.43,0.38,2022-09-16,1009,N,VIIRS,n,2,285.08,0.91,N,0
38.99941,-120.62064,354.3,0.43,0.38,2022-09-16,1009,N,VIIRS,n,2,293.61,6.36,N,0
38.99954,-120.64075,296.17,0.43,0.38,2022-09-16,1009,N,VIIRS,n,2,284.35,0.55,N,0
39.00016,-120.60516,309.99,0.43,0.38,2022-09-16,1009,N,VIIRS,n,2,285.74,1.15,N,0
39.00031,-120.62542,325.02,0.43,0.38,2022-09-16,1009,N,VIIRS,n,2,287.48,2.4,N,0
39.00084,-120.58938,305.74,0.43,0.38,2022-09-16,1009,N,VIIRS,n,2,286.88,2.02,N,0
39.00107,-120.61002,304.25,0.43,0.38,2022-09-16,1009,N,VIIRS,n,2,284.77,1.15,N,0
39.00119,-120.63016,309.75,0.43,0.38,2022-09-16,1009,N,VIIRS,n,2,285.4,2.4,N,0
39.00197,-120.61485,345.78,0.43,0.38,2022-09-16,1009,N,VIIRS,n,2,290.5,6.36,N,0
39.00206,-120.55704,337.6,0.44,0.38,2022-09-16,1009,N,VIIRS,n,2,285.92,2.64,N,0
39.00246,-120.57859,314.16,0.43,0.38,2022-09-16,1009,N,VIIRS,n,2,286.84,1.98,N,0
39.00269,-120.59924,299.66,0.43,0.38,2022-09-16,1009,N,VIIRS,n,2,285.67,1.97,N,0
39.00286,-120.61964,351.21,0.43,0.38,2022-09-16,1009,N,VIIRS,n,2,292.99,6.36,N,0
39.00297,-120.63963,297.44,0.43,0.38,2022-09-16,1009,N,VIIRS,n,2,283.99,0.69,N,0
39.0034,-120.58356,310.39,0.43,0.38,2022-09-16,1009,N,VIIRS,n,2,285.7,2.02,N,0
39.00361,-120.60413,317.03,0.43,0.38,2022-09-16,1009,N,VIIRS,n,2,286.75,1.44,N,0
39.00376,-120.6244,301.51,0.43,0.38,2022-09-16,1009,N,VIIRS,n,2,285.38,2.4,N,0
39.00431,-120.58846,328.24,0.43,0.38,2022-09-16,1009,N,VIIRS,n,2,285.99,2.02,N,0
39.00452,-120.60899,296.22,0.43,0.38,2022-09-16,1009,N,VIIRS,n,2,283.72,1.44,N,0
39.005,-120.57263,297.83,0.43,0.38,2022-09-16,1009,N,VIIRS,n,2,286.62,2.78,N,0
39.00523,-120.59332,326.02,0.43,0.38,2022-09-16,1009,N,VIIRS,n,2,287.85,1.97,N,0
39.00543,-120.61383,339.87,0.43,0.38,2022-09-16,1009,N,VIIRS,n,2,288.04,7.46,N,0
39.00557,-120.55624,310.66,0.44,0.38,2022-09-16,1009,N,VIIRS,n,2,285.58,2.64,N,0
39.00594,-120.57766,325.86,0.43,0.38,2022-09-16,1009,N,VIIRS,n,2,287.68,2.78,N,0
39.00613,-120.59814,316.52,0.43,0.38,2022-09-16,1009,N,VIIRS,n,2,287.64,1.97,N,0
39.00632,-120.61864,344.67,0.43,0.38,2022-09-16,1009,N,VIIRS,n,2,294.13,7.46,N,0
39.00686,-120.58257,310.52,0.43,0.38,2022-09-16,1009,N,VIIRS,n,2,283.47,1.38,N,0
39.00703,-120.60297,303.07,0.43,0.38,2022-09-16,1009,N,VIIRS,n,2,284.99,1.44,N,0
39.00722,-120.6234,304.03,0.43,0.38,2022-09-16,1009,N,VIIRS,n,2,286.27,3.72,N,0
39.00777,-120.58741,309.84,0.43,0.38,2022-09-16,1009,N,VIIRS,n,2,281.76,1.38,N,0
39.00795,-120.60785,315.5,0.43,0.38,2022-09-16,1009,N,VIIRS,n,2,287.44,1.44,N,0
39.00813,-120.55044,340.11,0.44,0.38,2022-09-16,1009,N,VIIRS,n,2,287.98,4.46,N,0
39.00846,-120.57162,308.35,0.43,0.38,2022-09-16,1009,N,VIIRS,n,2,289.01,2.78,N,0
39.00867,-120.59219,316.27,0.43,0.38,2022-09-16,1009,N,VIIRS,n,2,284.11,1.7,N,0
39.00887,-120.61278,356.55,0.43,0.38,2022-09-16,1009,N,VIIRS,n,2,296.97,7.46,N,0
39.00909,-120.55556,312,0.44,0.38,2022-09-16,1009,N,VIIRS,n,2,287.72,4.46,N,0
39.00938,-120.57657,345.51,0.43,0.38,2022-09-16,1009,N,VIIRS,n,2,289.86,2.78,N,0
39.00978,-120.61761,330.57,0.43,0.38,2022-09-16,1009,N,VIIRS,n,2,294.83,7.46,N,0
39.01005,-120.56065,300.9,0.44,0.38,2022-09-16,1009,N,VIIRS,n,2,286.18,3.66,N,0
39.01068,-120.62241,340,0.43,0.38,2022-09-16,1009,N,VIIRS,n,2,292.47,3.72,N,0
39.01099,-120.56565,303.79,0.43,0.38,2022-09-16,1009,N,VIIRS,n,2,286.8,3.66,N,0
39.01165,-120.54972,348.97,0.44,0.38,2022-09-16,1009,N,VIIRS,n,2,292.2,4.46,N,0
39.01191,-120.57056,329.27,0.43,0.38,2022-09-16,1009,N,VIIRS,n,2,289.42,3.45,N,0
39.01231,-120.61165,343.11,0.43,0.38,2022-09-16,1009,N,VIIRS,n,2,291.12,3.94,N,0
39.0126,-120.55479,338.22,0.44,0.38,2022-09-16,1009,N,VIIRS,n,2,289.35,4.46,N,0
39.01281,-120.57538,322.48,0.43,0.38,2022-09-16,1009,N,VIIRS,n,2,286.51,3.45,N,0
39.01322,-120.61652,329.32,0.43,0.38,2022-09-16,1009,N,VIIRS,n,2,291.18,3.94,N,0
39.01353,-120.55972,328.56,0.44,0.38,2022-09-16,1009,N,VIIRS,n,2,287.73,3.66,N,0
39.01443,-120.56454,351.97,0.43,0.38,2022-09-16,1009,N,VIIRS,n,2,292.88,3.66,N,0
39.01514,-120.54882,309.43,0.44,0.38,2022-09-16,1009,N,VIIRS,n,2,283.44,1.16,N,0
39.01532,-120.56927,332.17,0.43,0.38,2022-09-16,1009,N,VIIRS,n,2,288.09,3.45,N,0
39.01569,-120.61025,326.64,0.43,0.38,2022-09-16,1009,N,VIIRS,n,2,287.16,3.94,N,0
39.01785,-120.56332,299.44,0.43,0.38,2022-09-16,1009,N,VIIRS,n,2,283.34,0.43,N,0
39.01814,-120.60386,305.32,0.43,0.38,2022-09-16,1009,N,VIIRS,n,2,284.64,0.72,N,0
39.01906,-120.6088,320.88,0.43,0.38,2022-09-16,1009,N,VIIRS,n,2,287.35,2.73,N,0
39.01998,-120.61371,334.93,0.43,0.38,2022-09-16,1009,N,VIIRS,n,2,289.49,2.73,N,0
39.02243,-120.60733,319.93,0.43,0.38,2022-09-16,1009,N,VIIRS,n,2,287.93,2.73,N,0
39.02334,-120.61219,316.97,0.43,0.38,2022-09-16,1009,N,VIIRS,n,2,289.45,2.73,N,0
39.02425,-120.61711,296.67,0.43,0.38,2022-09-16,1009,N,VIIRS,n,2,286.06,1.26,N,0
39.02581,-120.60593,314.37,0.43,0.38,2022-09-16,1009,N,VIIRS,n,2,286.56,1.22,N,0
39.0267,-120.6107,310.5,0.43,0.38,2022-09-16,1009,N,VIIRS,n,2,287.54,1.22,N,0
39.0276,-120.61554,334.27,0.43,0.38,2022-09-16,1009,N,VIIRS,n,2,290.12,6.33,N,0
39.03014,-120.60957,299.18,0.43,0.38,2022-09-16,1009,N,VIIRS,n,2,286.26,1.22,N,0
39.04163,-120.61256,322.08,0.43,0.38,2022-09-16,1009,N,VIIRS,n,2,284.75,2.27,N,0
39.04248,-120.61715,305.67,0.43,0.38,2022-09-16,1009,N,VIIRS,n,2,285.4,2.27,N,0
39.04514,-120.61186,340.5,0.43,0.38,2022-09-16,1009,N,VIIRS,n,2,286.72,2.27,N,0
39.04601,-120.61651,297.68,0.43,0.38,2022-09-16,1009,N,VIIRS,n,2,284.76,2.27,N,0
39.04951,-120.61575,304.28,0.43,0.38,2022-09-16,1009,N,VIIRS,n,2,285.2,0.84,N,0
39.05388,-120.61971,295.1,0.43,0.38,2022-09-16,1009,N,VIIRS,n,2,283.31,0.71,N,0
39.05646,-120.61395,297.5,0.43,0.38,2022-09-16,1009,N,VIIRS,n,2,280.59,0.3,N,0
39.05749,-120.63911,309.39,0.43,0.38,2022-09-16,1009,N,VIIRS,n,2,284.85,0.96,N,0
39.0584,-120.64402,303.39,0.43,0.38,2022-09-16,1009,N,VIIRS,n,2,285.24,0.96,N,0
39.05931,-120.64893,302.84,0.43,0.38,2022-09-16,1009,N,VIIRS,n,2,285.06,0.68,N,0
39.06429,-120.61692,310.68,0.43,0.38,2022-09-16,1009,N,VIIRS,n,2,283.96,1.13,N,0
39.06696,-120.6313,298.96,0.43,0.38,2022-09-16,1009,N,VIIRS,n,2,285.56,1.36,N,0
39.06774,-120.61594,299.47,0.43,0.38,2022-09-16,1009,N,VIIRS,n,2,283.5,1.13,N,0
39.06953,-120.62554,320.7,0.43,0.38,2022-09-16,1009,N,VIIRS,n,2,287.29,1.36,N,0
39.07041,-120.63031,303.79,0.43,0.38,2022-09-16,1009,N,VIIRS,n,2,285.98,1.36,N,0
39.07209,-120.61975,299.43,0.43,0.38,2022-09-16,1009,N,VIIRS,n,2,285.65,0.96,N,0
39.07298,-120.62453,331.52,0.43,0.38,2022-09-16,1009,N,VIIRS,n,2,288.63,3.57,N,0
39.07465,-120.61395,304.52,0.43,0.38,2022-09-16,1009,N,VIIRS,n,2,286.5,0.96,N,0
39.07554,-120.61875,298.11,0.43,0.38,2022-09-16,1009,N,VIIRS,n,2,286.1,0.96,N,0
39.07721,-120.60806,346.64,0.43,0.38,2022-09-16,1009,N,VIIRS,n,2,292.22,3.99,N,0
39.0781,-120.61289,333.68,0.43,0.38,2022-09-16,1009,N,VIIRS,n,2,290.38,3.21,N,0
39.07899,-120.6177,304.39,0.43,0.38,2022-09-16,1009,N,VIIRS,n,2,285.79,3.21,N,0
39.08065,-120.607,301.69,0.43,0.38,2022-09-16,1009,N,VIIRS,n,2,283.33,3.99,N,0
39.08154,-120.61179,338.16,0.43,0.38,2022-09-16,1009,N,VIIRS,n,2,288.3,3.21,N,0
39.08242,-120.61658,310.54,0.43,0.38,2022-09-16,1009,N,VIIRS,n,2,285.35,3.21,N,0
39.08585,-120.61542,306.47,0.43,0.38,2022-09-16,1009,N,VIIRS,n,2,284.15,0.99,N,0
39.08674,-120.62022,296.83,0.43,0.38,2022-09-16,1009,N,VIIRS,n,2,285.31,2.42,N,0
39.0876,-120.62489,316.84,0.43,0.38,2022-09-16,1009,N,VIIRS,n,2,285.92,2.42,N,0
39.08841,-120.60957,297.07,0.43,0.38,2022-09-16,1009,N,VIIRS,n,2,282.73,0.99,N,0
39.08846,-120.62952,315.27,0.43,0.38,2022-09-16,1009,N,VIIRS,n,2,286.09,1.51,N,0
39.08929,-120.61433,310.32,0.43,0.38,2022-09-16,1009,N,VIIRS,n,2,284.8,0.99,N,0
39.08933,-120.63422,295.83,0.43,0.38,2022-09-16,1009,N,VIIRS,n,2,284.88,1.51,N,0
39.09017,-120.61913,331.06,0.43,0.38,2022-09-16,1009,N,VIIRS,n,2,287.35,2.42,N,0
39.09105,-120.62383,321.75,0.43,0.38,2022-09-16,1009,N,VIIRS,n,2,286.01,2.42,N,0
39.09186,-120.60857,308.37,0.43,0.38,2022-09-16,1009,N,VIIRS,n,2,283.4,1.85,N,0
39.09274,-120.61333,334.29,0.43,0.38,2022-09-16,1009,N,VIIRS,n,2,287.68,1.85,N,0
39.09278,-120.63326,317.81,0.43,0.38,2022-09-16,1009,N,VIIRS,n,2,286.01,1.51,N,0
39.09362,-120.61808,334.87,0.43,0.38,2022-09-16,1009,N,VIIRS,n,2,288.05,5.76,N,0
39.09532,-120.60757,298.05,0.43,0.38,2022-09-16,1009,N,VIIRS,n,2,281.96,1.85,N,0
39.0962,-120.61236,299.72,0.43,0.38,2022-09-16,1009,N,VIIRS,n,2,283.68,1.85,N,0
39.10704,-120.69102,296.64,0.43,0.38,2022-09-16,1009,N,VIIRS,n,2,285.16,0.81,N,0
39.10898,-120.6572,295.48,0.43,0.38,2022-09-16,1009,N,VIIRS,n,2,284.48,3.01,N,0
39.1095,-120.66493,309.5,0.43,0.38,2022-09-16,1009,N,VIIRS,n,2,284.47,1.4,N,0
39.11003,-120.66273,309.84,0.43,0.38,2022-09-16,1009,N,VIIRS,n,2,284.26,3.01,N,0
39.11042,-120.66989,296.58,0.43,0.38,2022-09-16,1009,N,VIIRS,n,2,283.93,1.4,N,0
39.11099,-120.66785,300.21,0.43,0.38,2022-09-16,1009,N,VIIRS,n,2,284.57,1.82,N,0
39.11099,-120.65312,336.28,0.43,0.38,2022-09-16,1009,N,VIIRS,n,2,287.75,5.52,N,0
39.11146,-120.65102,338.56,0.43,0.38,2022-09-16,1009,N,VIIRS,n,2,289.17,8.82,N,0
39.11198,-120.65855,337.76,0.43,0.38,2022-09-16,1009,N,VIIRS,n,2,285.74,5.52,N,0
39.11245,-120.6563,322.22,0.43,0.38,2022-09-16,1009,N,VIIRS,n,2,286.53,3.01,N,0
39.11295,-120.66393,320.66,0.43,0.38,2022-09-16,1009,N,VIIRS,n,2,285.78,1.4,N,0
39.11303,-120.68411,305.09,0.43,0.38,2022-09-16,1009,N,VIIRS,n,2,286.2,1.46,N,0
39.11348,-120.66177,342.23,0.43,0.38,2022-09-16,1009,N,VIIRS,n,2,288.11,3.01,N,0
39.11361,-120.68195,307.1,0.43,0.38,2022-09-16,1009,N,VIIRS,n,2,286.36,0.95,N,0
39.11387,-120.66892,303.55,0.43,0.38,2022-09-16,1009,N,VIIRS,n,2,285.05,1.4,N,0
39.11444,-120.66686,319.05,0.43,0.38,2022-09-16,1009,N,VIIRS,n,2,285.56,1.82,N,0
39.11458,-120.6871,300.49,0.43,0.38,2022-09-16,1009,N,VIIRS,n,2,285.58,1.11,N,0
39.11576,-120.69904,298.06,0.43,0.38,2022-09-16,1009,N,VIIRS,n,2,284.83,1.48,N,0
39.11594,-120.65547,320.74,0.43,0.38,2022-09-16,1009,N,VIIRS,n,2,285.12,4.97,N,0
39.11648,-120.68314,310.92,0.43,0.38,2022-09-16,1009,N,VIIRS,n,2,287.3,1.46,N,0
39.11666,-120.70391,295.62,0.43,0.38,2022-09-16,1009,N,VIIRS,n,2,284.13,2.37,N,0
39.11693,-120.66077,356.06,0.43,0.38,2022-09-16,1009,N,VIIRS,n,2,289.89,4.97,N,0
39.11707,-120.681,297.29,0.43,0.38,2022-09-16,1009,N,VIIRS,n,2,286.12,0.95,N,0
39.11734,-120.70182,323.06,0.43,0.38,2022-09-16,1009,N,VIIRS,n,2,286.26,2.92,N,0
39.11789,-120.66586,319.17,0.43,0.38,2022-09-16,1009,N,VIIRS,n,2,285.26,2.45,N,0
39.11804,-120.68613,298.55,0.43,0.38,2022-09-16,1009,N,VIIRS,n,2,285.92,1.11,N,0
39.11923,-120.69817,311.7,0.43,0.38,2022-09-16,1009,N,VIIRS,n,2,287.32,1.48,N,0
39.11991,-120.69612,298.5,0.43,0.38,2022-09-16,1009,N,VIIRS,n,2,286.59,2.92,N,0
39.12011,-120.703,333.15,0.43,0.38,2022-09-16,1009,N,VIIRS,n,2,288.31,2.37,N,0
39.1204,-120.65985,331.35,0.43,0.38,2022-09-16,1009,N,VIIRS,n,2,285.55,4.97,N,0
39.12053,-120.68006,303.39,0.43,0.38,2022-09-16,1009,N,VIIRS,n,2,286.17,1.58,N,0
39.12081,-120.70093,337.73,0.43,0.38,2022-09-16,1009,N,VIIRS,n,2,290.71,2.92,N,0
39.12133,-120.66487,295.62,0.43,0.38,2022-09-16,1009,N,VIIRS,n,2,282.79,2.45,N,0
39.12149,-120.68517,304.42,0.43,0.38,2022-09-16,1009,N,VIIRS,n,2,286.51,2.52,N,0
39.12244,-120.69026,306.74,0.43,0.38,2022-09-16,1009,N,VIIRS,n,2,287.36,2.52,N,0
39.12336,-120.69518,314.34,0.43,0.38,2022-09-16,1009,N,VIIRS,n,2,291.09,4.39,N,0
39.12398,-120.67906,314.15,0.43,0.38,2022-09-16,1009,N,VIIRS,n,2,286.11,1.58,N,0
39.12427,-120.70003,322.21,0.43,0.38,2022-09-16,1009,N,VIIRS,n,2,289.05,4.39,N,0
39.12494,-120.68417,308.14,0.43,0.38,2022-09-16,1009,N,VIIRS,n,2,285.74,2.52,N,0
39.12589,-120.68928,338.28,0.43,0.38,2022-09-16,1009,N,VIIRS,n,2,291.6,2.52,N,0
39.12681,-120.69418,338.6,0.43,0.38,2022-09-16,1009,N,VIIRS,n,2,295.79,4.39,N,0
39.12743,-120.67811,299.23,0.43,0.38,2022-09-16,1009,N,VIIRS,n,2,284.76,1.46,N,0
39.12773,-120.6991,338.23,0.43,0.38,2022-09-16,1009,N,VIIRS,n,2,289.78,4.39,N,0
39.12934,-120.68828,334.9,0.43,0.38,2022-09-16,1009,N,VIIRS,n,2,300.12,14.34,N,0
39.13026,-120.69321,347.5,0.43,0.38,2022-09-16,1009,N,VIIRS,n,2,299.39,9.17,N,0
39.13117,-120.69812,328.49,0.43,0.38,2022-09-16,1009,N,VIIRS,n,2,287.37,9.17,N,0
39.13184,-120.68221,325.34,0.43,0.38,2022-09-16,1009,N,VIIRS,n,2,284.33,14.34,N,0
39.13279,-120.68732,356.35,0.43,0.38,2022-09-16,1009,N,VIIRS,n,2,306.07,14.34,N,0
39.13345,-120.67139,300.13,0.43,0.38,2022-09-16,1009,N,VIIRS,n,2,283.89,1.66,N,0
39.13371,-120.69227,337.79,0.43,0.38,2022-09-16,1009,N,VIIRS,n,2,290.75,9.17,N,0
39.13421,-120.65598,336.51,0.43,0.38,2022-09-16,1009,N,VIIRS,n,2,289.27,4.77,N,0
39.13462,-120.69714,303.35,0.43,0.38,2022-09-16,1009,N,VIIRS,n,2,284.78,9.17,N,0
39.13509,-120.66069,340.08,0.43,0.38,2022-09-16,1009,N,VIIRS,n,2,288.27,5.46,N,0
39.13531,-120.68136,346.89,0.43,0.38,2022-09-16,1009,N,VIIRS,n,2,296.54,18.72,N,0
39.13598,-120.66548,303.51,0.43,0.38,2022-09-16,1009,N,VIIRS,n,2,283.18,5.46,N,0
39.13625,-120.68639,356.43,0.43,0.38,2022-09-16,1009,N,VIIRS,n,2,312.89,18.72,N,0
39.13675,-120.6501,303.61,0.43,0.38,2022-09-16,1009,N,VIIRS,n,2,285.8,1.61,N,0
39.13716,-120.6913,314.75,0.43,0.38,2022-09-16,1009,N,VIIRS,n,2,286.75,2.04,N,0
39.13765,-120.65492,315.49,0.43,0.38,2022-09-16,1009,N,VIIRS,n,2,287.66,1.61,N,0
39.13806,-120.6961,296.32,0.43,0.38,2022-09-16,1009,N,VIIRS,n,2,284.76,2.04,N,0
39.13853,-120.65965,324.77,0.43,0.38,2022-09-16,1009,N,VIIRS,n,2,284.71,3.39,N,0
39.13877,-120.68044,367,0.43,0.38,2022-09-16,1009,N,VIIRS,h,2,304.31,18.72,N,0
39.13969,-120.6854,354.21,0.43,0.38,2022-09-16,1009,N,VIIRS,n,2,304.28,18.72,N,0
39.14019,-120.64903,308.65,0.43,0.38,2022-09-16,1009,N,VIIRS,n,2,284.22,1.61,N,0
39.14059,-120.69022,295.86,0.43,0.38,2022-09-16,1009,N,VIIRS,n,2,284.66,2.04,N,0
39.14108,-120.65385,324.74,0.43,0.38,2022-09-16,1009,N,VIIRS,n,2,284.56,1.61,N,0
39.1413,-120.67452,327.51,0.43,0.38,2022-09-16,1009,N,VIIRS,n,2,285.56,4.95,N,0
39.14223,-120.6795,349.71,0.43,0.38,2022-09-16,1009,N,VIIRS,n,2,301.13,4.52,N,0
39.14314,-120.68439,317.64,0.43,0.38,2022-09-16,1009,N,VIIRS,n,2,290.2,4.52,N,0
39.14362,-120.64797,324.04,0.43,0.38,2022-09-16,1009,N,VIIRS,n,2,285.69,3.55,N,0
39.14383,-120.66862,320.38,0.43,0.38,2022-09-16,1009,N,VIIRS,n,2,284.6,4.95,N,0
39.14477,-120.67364,349.62,0.43,0.38,2022-09-16,1009,N,VIIRS,n,2,294.44,4.95,N,0
39.14568,-120.67858,316.37,0.43,0.38,2022-09-16,1009,N,VIIRS,n,2,291.38,4.52,N,0
39.14617,-120.64212,300.4,0.43,0.38,2022-09-16,1009,N,VIIRS,n,2,280.96,1.01,N,0
39.14706,-120.64692,333.64,0.43,0.38,2022-09-16,1009,N,VIIRS,n,2,287.79,3.55,N,0
39.1473,-120.66771,340.74,0.43,0.38,2022-09-16,1009,N,VIIRS,n,2,295.34,14.66,N,0
39.14821,-120.67265,352.53,0.43,0.38,2022-09-16,1009,N,VIIRS,n,2,306.58,14.66,N,0
39.14911,-120.67745,295.04,0.43,0.38,2022-09-16,1009,N,VIIRS,n,2,284.28,3.69,N,0
39.14961,-120.6411,321.46,0.43,0.38,2022-09-16,1009,N,VIIRS,n,2,288.31,2.42,N,0
39.14982,-120.66177,346.57,0.43,0.38,2022-09-16,1009,N,VIIRS,n,2,296.32,15.05,N,0
39.1505,-120.64588,298.21,0.43,0.38,2022-09-16,1009,N,VIIRS,n,2,281.29,2.16,N,0
39.15075,-120.66674,348.15,0.43,0.38,2022-09-16,1009,N,VIIRS,n,2,303.04,14.66,N,0
39.15165,-120.67163,340.06,0.43,0.38,2022-09-16,1009,N,VIIRS,n,2,294.74,14.66,N,0
39.15306,-120.64011,327.53,0.43,0.38,2022-09-16,1009,N,VIIRS,n,2,289.27,2.42,N,0
39.15328,-120.66085,335.29,0.43,0.38,2022-09-16,1009,N,VIIRS,n,2,294.59,4.82,N,0
39.1542,-120.66578,330.38,0.43,0.38,2022-09-16,1009,N,VIIRS,n,2,290.25,10.11,N,0
39.1558,-120.65484,295.65,0.43,0.38,2022-09-16,1009,N,VIIRS,n,2,282.87,4.82,N,0
39.15651,-120.63911,336.16,0.43,0.38,2022-09-16,1009,N,VIIRS,n,2,293.99,5.67,N,0
39.15673,-120.65985,313.71,0.43,0.38,2022-09-16,1009,N,VIIRS,n,2,286.54,4.82,N,0
39.15906,-120.63329,298.92,0.43,0.38,2022-09-16,1009,N,VIIRS,n,2,282.28,5.67,N,0
39.15925,-120.65388,331.53,0.43,0.38,2022-09-16,1009,N,VIIRS,n,2,285.44,11.65,N,0
39.15996,-120.63811,310.63,0.43,0.38,2022-09-16,1009,N,VIIRS,n,2,284.77,5.67,N,0
39.16018,-120.65887,342.8,0.43,0.38,2022-09-16,1009,N,VIIRS,n,2,291.9,11.65,N,0
39.16251,-120.63227,307.05,0.43,0.38,2022-09-16,1009,N,VIIRS,n,2,285.08,1.79,N,0
39.16271,-120.65294,350.02,0.43,0.38,2022-09-16,1009,N,VIIRS,n,2,297.75,11.65,N,0
39.16341,-120.63711,304.56,0.43,0.38,2022-09-16,1009,N,VIIRS,n,2,281.59,1.79,N,0
39.16362,-120.65789,342.21,0.43,0.38,2022-09-16,1009,N,VIIRS,n,2,294.02,11.65,N,0
39.1643,-120.64198,301.99,0.43,0.38,2022-09-16,1009,N,VIIRS,n,2,281.89,1.78,N,0
39.16597,-120.6313,315.03,0.43,0.38,2022-09-16,1009,N,VIIRS,n,2,285.02,1.79,N,0
39.16615,-120.65195,344.74,0.43,0.38,2022-09-16,1009,N,VIIRS,n,2,292.57,3.39,N,0
39.16686,-120.63615,327.32,0.43,0.38,2022-09-16,1009,N,VIIRS,n,2,284.87,1.79,N,0
39.16707,-120.65689,299.22,0.43,0.38,2022-09-16,1009,N,VIIRS,n,2,284.63,3.39,N,0
39.16776,-120.64103,303.45,0.43,0.38,2022-09-16,1009,N,VIIRS,n,2,282.5,1.78,N,0
39.16868,-120.64596,298.75,0.43,0.38,2022-09-16,1009,N,VIIRS,n,2,282.22,1.78,N,0
39.16941,-120.63033,332.8,0.43,0.38,2022-09-16,1009,N,VIIRS,n,2,287.09,3.19,N,0
39.16961,-120.65095,304.53,0.43,0.38,2022-09-16,1009,N,VIIRS,n,2,284.37,3.39,N,0
39.17031,-120.6352,310.21,0.43,0.38,2022-09-16,1009,N,VIIRS,n,2,283.89,3.19,N,0
39.17122,-120.64009,340.18,0.43,0.38,2022-09-16,1009,N,VIIRS,n,2,286.58,3.1,N,0
39.17213,-120.64499,336.06,0.43,0.38,2022-09-16,1009,N,VIIRS,n,2,286.09,3.1,N,0
39.17286,-120.62931,334.34,0.43,0.38,2022-09-16,1009,N,VIIRS,n,2,287.85,3.19,N,0
39.17304,-120.64994,313.38,0.43,0.38,2022-09-16,1009,N,VIIRS,n,2,283.76,2.08,N,0
39.17376,-120.6342,318.69,0.43,0.38,2022-09-16,1009,N,VIIRS,n,2,287.54,3.19,N,0
39.17467,-120.63909,312.94,0.43,0.38,2022-09-16,1009,N,VIIRS,n,2,288.12,3.1,N,0
39.17558,-120.644,300.6,0.43,0.38,2022-09-16,1009,N,VIIRS,n,2,284.64,3.1,N,0
39.1763,-120.62826,295.19,0.43,0.38,2022-09-16,1009,N,VIIRS,n,2,280.98,0.88,N,0
38.9364,-120.58018,344.35,0.68,0.74,2022-09-16,1950,N,VIIRS,n,2,290.03,12.15,D,0
38.9398,-120.56966,337.42,0.68,0.74,2022-09-16,1950,N,VIIRS,n,2,288.97,14.94,D,0
39.11197,-120.64565,348.91,0.68,0.74,2022-09-16,1950,N,VIIRS,n,2,294,26.99,D,0
39.11351,-120.66422,341.56,0.68,0.74,2022-09-16,1950,N,VIIRS,n,2,292.09,22.12,D,0
39.11534,-120.65852,356.68,0.68,0.74,2022-09-16,1950,N,VIIRS,l,2,295.99,22.12,D,0
39.11742,-120.652,355.18,0.68,0.74,2022-09-16,1950,N,VIIRS,n,2,294.79,26.99,D,0
39.11997,-120.644,355.17,0.68,0.74,2022-09-16,1950,N,VIIRS,n,2,291.24,26.99,D,0
39.12029,-120.66645,335.84,0.68,0.74,2022-09-16,1950,N,VIIRS,n,2,291.11,15.1,D,0
39.12263,-120.6591,357.6,0.68,0.74,2022-09-16,1950,N,VIIRS,l,2,292.6,15.1,D,0
39.11248,-120.64675,357.19,0.67,0.74,2022-09-16,1951,N,VIIRS,l,2,295.55,20.19,D,0
39.114,-120.66514,342.95,0.68,0.74,2022-09-16,1951,N,VIIRS,n,2,291.63,28.81,D,0
39.11596,-120.65912,356.34,0.68,0.74,2022-09-16,1951,N,VIIRS,l,2,296.26,28.76,D,0
39.11799,-120.65287,356.34,0.68,0.74,2022-09-16,1951,N,VIIRS,l,2,292.4,28.76,D,0
39.12065,-120.64469,351.77,0.67,0.74,2022-09-16,1951,N,VIIRS,n,2,290.54,30.91,D,0
39.12312,-120.66016,345.07,0.68,0.74,2022-09-16,1951,N,VIIRS,n,2,291.42,28.76,D,0
39.12863,-120.68948,334.59,0.68,0.74,2022-09-16,1951,N,VIIRS,n,2,291.04,8.63,D,0
39.14036,-120.6764,339.17,0.68,0.74,2022-09-16,1951,N,VIIRS,n,2,290.76,13.75,D,0
39.15226,-120.66275,336.82,0.68,0.74,2022-09-16,1951,N,VIIRS,n,2,291.41,15.21,D,0
39.16376,-120.65033,338.95,0.67,0.74,2022-09-16,1951,N,VIIRS,n,2,290.21,11.79,D,0
38.91959,-120.60531,341.48,0.47,0.47,2022-09-16,2131,N,VIIRS,n,2,295.07,11.03,D,0
38.9201,-120.59934,336.04,0.47,0.48,2022-09-16,2131,N,VIIRS,n,2,299.24,11.03,D,0
38.92068,-120.59244,339.2,0.47,0.48,2022-09-16,2131,N,VIIRS,n,2,292.74,13.95,D,0
38.9246,-120.59875,349.2,0.47,0.48,2022-09-16,2131,N,VIIRS,n,2,292.67,15.14,D,0
38.93446,-120.58766,332.87,0.47,0.48,2022-09-16,2131,N,VIIRS,n,2,295.22,5,D,0
38.93484,-120.58314,367,0.47,0.48,2022-09-16,2131,N,VIIRS,h,2,299.01,18.16,D,0
38.93524,-120.57848,353.84,0.47,0.48,2022-09-16,2131,N,VIIRS,n,2,301.08,18.16,D,0
38.93566,-120.57349,339.97,0.47,0.48,2022-09-16,2131,N,VIIRS,n,2,293.89,25.04,D,0
38.93959,-120.57971,338.83,0.47,0.48,2022-09-16,2131,N,VIIRS,n,2,293.38,18.16,D,0
38.94003,-120.5746,367,0.47,0.48,2022-09-16,2131,N,VIIRS,h,2,299.42,25.04,D,0
38.95623,-120.59326,330.77,0.47,0.48,2022-09-16,2131,N,VIIRS,n,2,293.03,4.14,D,0
38.96149,-120.58397,340.05,0.47,0.48,2022-09-16,2131,N,VIIRS,n,2,296.17,9.91,D,0
38.96592,-120.58427,331.28,0.47,0.48,2022-09-16,2131,N,VIIRS,n,2,293.23,9.91,D,0
38.96686,-120.57352,337.92,0.47,0.48,2022-09-16,2131,N,VIIRS,n,2,291.89,5.31,D,0
38.9708,-120.56631,340.9,0.47,0.48,2022-09-16,2131,N,VIIRS,n,2,292.61,8.65,D,0
38.97174,-120.56867,350.75,0.47,0.48,2022-09-16,2131,N,VIIRS,n,2,296.93,13.41,D,0
38.97484,-120.57144,339.38,0.47,0.48,2022-09-16,2131,N,VIIRS,n,2,293.7,10.16,D,0
38.97524,-120.56648,347.77,0.47,0.48,2022-09-16,2131,N,VIIRS,n,2,293.6,8.65,D,0
38.97619,-120.56882,348.31,0.47,0.48,2022-09-16,2131,N,VIIRS,n,2,293.56,13.41,D,0
38.98332,-120.57666,346.58,0.47,0.48,2022-09-16,2131,N,VIIRS,n,2,295.08,9.84,D,0
38.98373,-120.57175,367,0.47,0.48,2022-09-16,2131,N,VIIRS,h,2,296.34,9.84,D,0
38.98466,-120.57405,354.86,0.47,0.48,2022-09-16,2131,N,VIIRS,n,2,295.76,13.99,D,0
38.98508,-120.56919,346.72,0.47,0.48,2022-09-16,2131,N,VIIRS,n,2,292.76,13.71,D,0
38.99805,-120.61393,331.06,0.47,0.48,2022-09-16,2131,N,VIIRS,n,2,295.83,6.64,D,0
39.00244,-120.61459,352.37,0.47,0.48,2022-09-16,2131,N,VIIRS,n,2,300.6,17.11,D,0
39.00288,-120.60942,340.64,0.47,0.48,2022-09-16,2131,N,VIIRS,n,2,294.28,17.11,D,0
39.00332,-120.60412,348.19,0.47,0.48,2022-09-16,2131,N,VIIRS,n,2,294.9,10.76,D,0
39.00554,-120.57758,342.36,0.47,0.48,2022-09-16,2131,N,VIIRS,n,2,294.03,6.17,D,0
39.00684,-120.61519,367,0.47,0.48,2022-09-16,2131,N,VIIRS,h,2,299.74,17.11,D,0
39.00729,-120.6099,340.28,0.47,0.48,2022-09-16,2131,N,VIIRS,n,2,295.08,17.11,D,0
39.00793,-120.54884,367,0.47,0.48,2022-09-16,2131,N,VIIRS,h,2,295.82,14.27,D,0
39.00996,-120.57797,340.69,0.47,0.48,2022-09-16,2131,N,VIIRS,n,2,291.79,6.17,D,0
39.0117,-120.61028,367,0.47,0.48,2022-09-16,2131,N,VIIRS,h,2,298.55,13.17,D,0
39.01273,-120.54482,348.54,0.47,0.48,2022-09-16,2131,N,VIIRS,n,2,294.07,14.27,D,0
39.04262,-120.61319,354.88,0.47,0.48,2022-09-16,2131,N,VIIRS,n,2,301.78,16.28,D,0
39.04303,-120.60849,338.93,0.47,0.48,2022-09-16,2131,N,VIIRS,n,2,293.98,8.71,D,0
39.0649,-120.61293,344.76,0.47,0.48,2022-09-16,2131,N,VIIRS,n,2,299.24,15.97,D,0
39.07825,-120.60674,367,0.47,0.48,2022-09-16,2131,N,VIIRS,h,2,295.95,12.57,D,0
39.07853,-120.60986,340.72,0.47,0.48,2022-09-16,2131,N,VIIRS,n,2,295.55,7.38,D,0
39.07899,-120.60462,339.26,0.47,0.48,2022-09-16,2131,N,VIIRS,n,2,294.87,8.91,D,0
39.08225,-120.61226,342.64,0.47,0.48,2022-09-16,2131,N,VIIRS,n,2,293.66,9.33,D,0
39.08251,-120.61531,334.17,0.47,0.48,2022-09-16,2131,N,VIIRS,n,2,294.14,11.54,D,0
39.08947,-120.6327,339.31,0.47,0.48,2022-09-16,2131,N,VIIRS,n,2,296.02,27.62,D,0
39.08987,-120.62782,353.95,0.47,0.48,2022-09-16,2131,N,VIIRS,n,2,309.89,27.62,D,0
39.09068,-120.61812,345.95,0.47,0.48,2022-09-16,2131,N,VIIRS,n,2,295.61,16.33,D,0
39.09109,-120.61304,367,0.47,0.48,2022-09-16,2131,N,VIIRS,h,2,302.47,20.06,D,0
39.09151,-120.60802,347.39,0.47,0.48,2022-09-16,2131,N,VIIRS,n,2,294.26,20.06,D,0
39.09509,-120.61858,330.66,0.47,0.48,2022-09-16,2131,N,VIIRS,n,2,291.72,16.33,D,0
39.09549,-120.61371,351.16,0.47,0.48,2022-09-16,2131,N,VIIRS,n,2,295.19,20.06,D,0
39.09591,-120.60867,330.14,0.47,0.48,2022-09-16,2131,N,VIIRS,n,2,291.17,20.06,D,0
39.11022,-120.65058,333.84,0.47,0.47,2022-09-16,2131,N,VIIRS,n,2,297.71,3.18,D,0
39.11343,-120.66519,336.82,0.47,0.47,2022-09-16,2131,N,VIIRS,n,2,299.06,11.09,D,0
39.11398,-120.65871,367,0.47,0.47,2022-09-16,2131,N,VIIRS,h,2,305.49,19.2,D,0
39.11454,-120.65205,345.82,0.47,0.47,2022-09-16,2131,N,VIIRS,n,2,304.92,19.2,D,0
39.1183,-120.66022,353.83,0.47,0.47,2022-09-16,2131,N,VIIRS,n,2,307.82,19.2,D,0
39.11881,-120.65417,338.71,0.47,0.47,2022-09-16,2131,N,VIIRS,n,2,296.45,19.2,D,0
39.11904,-120.70383,339.2,0.46,0.47,2022-09-16,2131,N,VIIRS,n,2,296.56,6.31,D,0
39.11948,-120.69871,339.68,0.46,0.47,2022-09-16,2131,N,VIIRS,n,2,297.76,6.31,D,0
39.12383,-120.69966,340.25,0.46,0.47,2022-09-16,2131,N,VIIRS,n,2,295.72,6.31,D,0
39.12574,-120.67722,340.58,0.47,0.47,2022-09-16,2131,N,VIIRS,n,2,297.72,7.92,D,0
39.12864,-120.69522,336.55,0.46,0.47,2022-09-16,2131,N,VIIRS,n,2,296.13,13.1,D,0
39.1291,-120.6898,352.37,0.46,0.47,2022-09-16,2131,N,VIIRS,n,2,307.4,13.1,D,0
39.13185,-120.65765,335.22,0.47,0.47,2022-09-16,2131,N,VIIRS,n,2,296.85,13.8,D,0
39.13346,-120.69076,367,0.46,0.47,2022-09-16,2131,N,VIIRS,h,2,297.41,13.1,D,0
39.13394,-120.68517,352.18,0.46,0.47,2022-09-16,2131,N,VIIRS,n,2,300.8,10.26,D,0
39.13444,-120.67941,341.27,0.47,0.47,2022-09-16,2131,N,VIIRS,n,2,297.08,10.26,D,0
39.13584,-120.66304,343.3,0.47,0.47,2022-09-16,2131,N,VIIRS,n,2,293.15,13.8,D,0
39.13626,-120.65802,344.82,0.47,0.47,2022-09-16,2131,N,VIIRS,n,2,301.22,13.8,D,0
39.13829,-120.68619,339.51,0.46,0.47,2022-09-16,2131,N,VIIRS,n,2,295.31,6.33,D,0
39.13877,-120.68066,338.55,0.47,0.47,2022-09-16,2131,N,VIIRS,n,2,297.59,6.33,D,0
39.13925,-120.67503,342.36,0.47,0.47,2022-09-16,2131,N,VIIRS,n,2,294.9,10.9,D,0
39.14067,-120.65852,332.01,0.47,0.47,2022-09-16,2131,N,VIIRS,n,2,292.73,8.64,D,0
39.14111,-120.6534,333.21,0.47,0.47,2022-09-16,2131,N,VIIRS,n,2,293.67,4.68,D,0
39.14156,-120.64813,339.46,0.47,0.48,2022-09-16,2131,N,VIIRS,n,2,294.39,4.68,D,0
39.14407,-120.67068,354.91,0.47,0.47,2022-09-16,2131,N,VIIRS,n,2,298.24,10.9,D,0
39.14641,-120.64348,354.69,0.47,0.48,2022-09-16,2131,N,VIIRS,n,2,300.29,16.58,D,0
39.14843,-120.67163,335.7,0.47,0.47,2022-09-16,2131,N,VIIRS,n,2,295.9,4.88,D,0
39.1489,-120.66617,333.42,0.47,0.47,2022-09-16,2131,N,VIIRS,n,2,297.09,8.48,D,0
39.14939,-120.66051,331.16,0.47,0.47,2022-09-16,2131,N,VIIRS,n,2,296.85,8.48,D,0
39.15081,-120.644,346.31,0.47,0.48,2022-09-16,2131,N,VIIRS,n,2,293.17,8.91,D,0
39.15374,-120.66163,355.67,0.47,0.47,2022-09-16,2131,N,VIIRS,n,2,301.62,8.48,D,0
39.15564,-120.63963,331.91,0.47,0.48,2022-09-16,2131,N,VIIRS,n,2,293.72,8.91,D,0
39.15859,-120.65691,342.08,0.47,0.47,2022-09-16,2131,N,VIIRS,n,2,295.58,15.11,D,0
39.15909,-120.65119,352.84,0.47,0.48,2022-09-16,2131,N,VIIRS,n,2,298.99,15.11,D,0
39.16296,-120.65779,342.51,0.47,0.47,2022-09-16,2131,N,VIIRS,n,2,296.12,15.11,D,0
39.16344,-120.65224,367,0.47,0.48,2022-09-16,2131,N,VIIRS,h,2,305.02,15.11,D,0
39.16394,-120.64644,354.35,0.47,0.48,2022-09-16,2131,N,VIIRS,n,2,294.32,17.46,D,0
39.16831,-120.64746,348.67,0.47,0.48,2022-09-16,2131,N,VIIRS,n,2,306.32,37.34,D,0
39.16925,-120.63667,330.52,0.47,0.48,2022-09-16,2131,N,VIIRS,n,2,291.06,12.26,D,0
39.17316,-120.6429,341.24,0.47,0.48,2022-09-16,2131,N,VIIRS,n,2,293.68,37.34,D,0
39.11536,-120.64654,354.14,0.43,0.38,2022-09-17,2112,N,VIIRS,n,2,265.56,28.34,D,0
39.11599,-120.64153,335.61,0.43,0.38,2022-09-17,2112,N,VIIRS,n,2,266.93,8.91,D,0
39.11879,-120.64775,349.64,0.43,0.38,2022-09-17,2112,N,VIIRS,n,2,279.92,100.91,D,0
39.11943,-120.64267,346.69,0.43,0.38,2022-09-17,2112,N,VIIRS,n,2,273.91,29.75,D,0
39.1216,-120.65385,348.28,0.43,0.38,2022-09-17,2112,N,VIIRS,n,2,269.32,100.91,D,0
39.12224,-120.64883,276.81,0.43,0.38,2022-09-17,2112,N,VIIRS,l,2,320.47,100.91,D,0
39.12288,-120.64375,352.59,0.43,0.38,2022-09-17,2112,N,VIIRS,n,2,282.17,29.75,D,0
39.12507,-120.65477,341.6,0.43,0.38,2022-09-17,2112,N,VIIRS,n,2,267.47,26.58,D,0
39.12571,-120.64976,346.09,0.43,0.38,2022-09-17,2112,N,VIIRS,n,2,273,26.58,D,0
39.12635,-120.64469,352.64,0.43,0.38,2022-09-17,2112,N,VIIRS,n,2,274.81,39.54,D,0
39.14316,-120.6535,336.79,0.43,0.38,2022-09-17,2112,N,VIIRS,n,2,280.75,4.92,D,0
39.14378,-120.64863,341.16,0.43,0.38,2022-09-17,2112,N,VIIRS,n,2,285.81,5.9,D,0
39.14536,-120.66716,350.73,0.43,0.38,2022-09-17,2112,N,VIIRS,n,2,267.65,11.26,D,0
39.14537,-120.66436,334.85,0.43,0.38,2022-09-17,2112,N,VIIRS,n,2,270.14,9.99,D,0
39.1479,-120.64442,335.32,0.43,0.38,2022-09-17,2112,N,VIIRS,n,2,283.91,6.44,D,0
39.14844,-120.64218,348.05,0.43,0.38,2022-09-17,2112,N,VIIRS,n,2,287.32,14.03,D,0
39.14884,-120.66522,349.22,0.43,0.38,2022-09-17,2112,N,VIIRS,n,2,273.64,9.99,D,0
39.14946,-120.66296,347.97,0.43,0.38,2022-09-17,2112,N,VIIRS,n,2,271.51,11.26,D,0
39.1514,-120.6451,334.39,0.43,0.38,2022-09-17,2112,N,VIIRS,n,2,282.28,6.44,D,0
39.15194,-120.64286,356.73,0.43,0.38,2022-09-17,2112,N,VIIRS,n,2,281.52,14.03,D,0
39.15201,-120.64025,337.55,0.43,0.38,2022-09-17,2112,N,VIIRS,n,2,281.28,12.9,D,0
39.1659,-120.64602,345.63,0.43,0.38,2022-09-17,2112,N,VIIRS,n,2,277.04,9.68,D,0
39.16938,-120.64687,336.84,0.43,0.38,2022-09-17,2112,N,VIIRS,n,2,273.26,7.15,D,0
38.91639,-120.59995,304.93,0.39,0.36,2022-09-17,950,N,VIIRS,n,2,282.76,3.9,N,0
38.91704,-120.60446,295.57,0.39,0.36,2022-09-17,950,N,VIIRS,n,2,283.37,1.6,N,0
38.91909,-120.59483,314.23,0.39,0.36,2022-09-17,950,N,VIIRS,n,2,284.42,3.9,N,0
38.91973,-120.59924,348.28,0.39,0.36,2022-09-17,950,N,VIIRS,n,2,288.26,3.9,N,0
38.92038,-120.60374,313.65,0.39,0.36,2022-09-17,950,N,VIIRS,n,2,286,1.6,N,0
38.92103,-120.60821,324.41,0.39,0.37,2022-09-17,950,N,VIIRS,n,2,285.81,1.6,N,0
38.92245,-120.59419,314.13,0.39,0.36,2022-09-17,950,N,VIIRS,n,2,284.48,9.86,N,0
38.92309,-120.5986,347.52,0.39,0.36,2022-09-17,950,N,VIIRS,n,2,300.3,9.86,N,0
38.92374,-120.6031,346.72,0.39,0.36,2022-09-17,950,N,VIIRS,n,2,290.71,7.01,N,0
38.92438,-120.60757,331.12,0.39,0.37,2022-09-17,950,N,VIIRS,n,2,287.69,7.01,N,0
38.92503,-120.61203,300.88,0.39,0.37,2022-09-17,950,N,VIIRS,n,2,285.21,0.93,N,0
38.92645,-120.598,298.94,0.39,0.36,2022-09-17,950,N,VIIRS,n,2,284.87,9.86,N,0
38.93045,-120.60188,295.95,0.39,0.36,2022-09-17,950,N,VIIRS,n,2,284.68,0.48,N,0
38.93382,-120.57738,349.96,0.39,0.36,2022-09-17,950,N,VIIRS,n,2,288.01,12.26,N,0
38.93448,-120.58202,338.78,0.39,0.36,2022-09-17,950,N,VIIRS,n,2,288.75,2.73,N,0
38.93713,-120.5765,347.43,0.39,0.36,2022-09-17,950,N,VIIRS,n,2,291.45,12.26,N,0
38.93779,-120.58108,303.57,0.39,0.36,2022-09-17,950,N,VIIRS,n,2,284.28,2.73,N,0
38.93979,-120.57109,325.79,0.39,0.36,2022-09-17,950,N,VIIRS,n,2,285.75,7.5,N,0
38.94045,-120.57562,343.97,0.39,0.36,2022-09-17,950,N,VIIRS,n,2,291.59,7.5,N,0
38.94111,-120.58018,296.69,0.39,0.36,2022-09-17,950,N,VIIRS,n,2,284.74,0.83,N,0
38.9431,-120.57019,326.37,0.39,0.36,2022-09-17,950,N,VIIRS,n,2,285.66,7.5,N,0
38.94376,-120.57474,345.71,0.39,0.36,2022-09-17,950,N,VIIRS,n,2,289.47,7.5,N,0
38.95374,-120.59594,324.28,0.39,0.36,2022-09-17,950,N,VIIRS,n,2,285.42,2.45,N,0
38.95508,-120.58147,330.96,0.39,0.36,2022-09-17,950,N,VIIRS,n,2,285.68,11.07,N,0
38.95641,-120.59057,343.13,0.39,0.36,2022-09-17,950,N,VIIRS,n,2,288.92,10.21,N,0
38.95641,-120.56691,299.27,0.39,0.36,2022-09-17,950,N,VIIRS,n,2,283.63,1.36,N,0
38.95706,-120.59508,308.86,0.39,0.36,2022-09-17,950,N,VIIRS,n,2,287,1.84,N,0
38.95708,-120.57149,318.55,0.39,0.36,2022-09-17,950,N,VIIRS,n,2,285.54,1.36,N,0
38.95774,-120.57605,303.05,0.39,0.36,2022-09-17,950,N,VIIRS,n,2,282.05,11.07,N,0
38.9584,-120.58061,344.58,0.39,0.36,2022-09-17,950,N,VIIRS,n,2,300.06,11.07,N,0
38.95906,-120.58514,341.68,0.39,0.36,2022-09-17,950,N,VIIRS,n,2,292.39,10.21,N,0
38.95972,-120.58967,340.84,0.39,0.36,2022-09-17,950,N,VIIRS,n,2,292.78,10.21,N,0
38.96238,-120.58428,334.52,0.39,0.36,2022-09-17,950,N,VIIRS,n,2,291.68,2.73,N,0
38.96304,-120.58884,298.57,0.39,0.36,2022-09-17,950,N,VIIRS,n,2,283.73,2.73,N,0
38.96638,-120.5881,300.89,0.39,0.36,2022-09-17,950,N,VIIRS,n,2,286.82,2.73,N,0
38.96774,-120.5737,309,0.39,0.36,2022-09-17,950,N,VIIRS,n,2,284.85,1.4,N,0
38.96841,-120.57826,319.76,0.39,0.36,2022-09-17,950,N,VIIRS,n,2,287.79,1.4,N,0
38.97041,-120.56836,334.69,0.39,0.36,2022-09-17,950,N,VIIRS,n,2,285.96,3.71,N,0
38.97057,-120.56068,297.71,0.39,0.36,2022-09-17,950,N,VIIRS,n,2,282.85,0.93,N,0
38.97108,-120.57294,316.9,0.39,0.36,2022-09-17,950,N,VIIRS,n,2,287.28,1.4,N,0
38.97122,-120.5653,322.9,0.39,0.36,2022-09-17,950,N,VIIRS,n,2,285.48,4.2,N,0
38.97175,-120.57754,297.89,0.39,0.36,2022-09-17,950,N,VIIRS,n,2,285.44,1.4,N,0
38.97188,-120.56993,348.91,0.39,0.36,2022-09-17,950,N,VIIRS,n,2,292.6,4.2,N,0
38.97254,-120.57455,297.04,0.39,0.36,2022-09-17,950,N,VIIRS,n,2,285.81,0.74,N,0
38.97319,-120.57913,297.15,0.39,0.36,2022-09-17,950,N,VIIRS,n,2,284.88,0.74,N,0
38.9739,-120.55993,312.46,0.39,0.36,2022-09-17,950,N,VIIRS,n,2,284.84,0.93,N,0
38.97456,-120.56454,336.48,0.39,0.36,2022-09-17,950,N,VIIRS,n,2,287.83,4.2,N,0
38.97522,-120.56918,343.43,0.39,0.36,2022-09-17,950,N,VIIRS,n,2,289.75,4.2,N,0
38.97588,-120.57381,303.61,0.39,0.36,2022-09-17,950,N,VIIRS,n,2,284.79,0.74,N,0
38.97654,-120.57844,300.19,0.39,0.36,2022-09-17,950,N,VIIRS,n,2,284.79,0.74,N,0
38.97789,-120.5638,305.72,0.39,0.36,2022-09-17,950,N,VIIRS,n,2,282.25,0.94,N,0
38.97855,-120.56843,303.93,0.39,0.36,2022-09-17,950,N,VIIRS,n,2,284.56,0.94,N,0
38.98256,-120.5723,303.22,0.39,0.36,2022-09-17,950,N,VIIRS,n,2,287.06,1.25,N,0
38.98322,-120.57695,305.79,0.39,0.36,2022-09-17,950,N,VIIRS,n,2,285.54,1.25,N,0
38.98523,-120.56689,332.21,0.39,0.36,2022-09-17,950,N,VIIRS,n,2,287.45,3.84,N,0
38.98589,-120.57156,342.47,0.39,0.36,2022-09-17,950,N,VIIRS,n,2,289.41,6.53,N,0
38.98655,-120.57617,347.21,0.39,0.36,2022-09-17,950,N,VIIRS,n,2,289.21,6.53,N,0
38.98721,-120.58073,296.37,0.39,0.36,2022-09-17,950,N,VIIRS,n,2,283.96,0.34,N,0
38.9879,-120.56147,304.41,0.39,0.36,2022-09-17,950,N,VIIRS,n,2,284.82,3.84,N,0
38.98856,-120.56612,348.45,0.39,0.36,2022-09-17,950,N,VIIRS,n,2,289.61,3.84,N,0
38.98922,-120.57075,329.52,0.39,0.36,2022-09-17,950,N,VIIRS,n,2,287.19,6.53,N,0
38.99058,-120.55618,316.95,0.39,0.36,2022-09-17,950,N,VIIRS,n,2,284.47,1.78,N,0
38.99124,-120.56079,332.53,0.39,0.36,2022-09-17,950,N,VIIRS,n,2,285.05,3.87,N,0
38.99727,-120.55482,315.11,0.39,0.36,2022-09-17,950,N,VIIRS,n,2,281.86,0.69,N,0
38.99837,-120.6104,316.85,0.39,0.37,2022-09-17,950,N,VIIRS,n,2,284.86,7.6,N,0
38.99902,-120.61497,327.93,0.39,0.37,2022-09-17,950,N,VIIRS,n,2,287.94,2.64,N,0
38.99968,-120.61957,312.06,0.39,0.37,2022-09-17,950,N,VIIRS,n,2,287.85,2.64,N,0
39.00034,-120.62418,296.93,0.39,0.37,2022-09-17,950,N,VIIRS,n,2,286.02,0.67,N,0
39.0006,-120.55396,307.15,0.39,0.36,2022-09-17,950,N,VIIRS,n,2,281.29,0.69,N,0
39.00105,-120.60503,332.87,0.39,0.37,2022-09-17,950,N,VIIRS,n,2,288.81,7.6,N,0
39.00124,-120.55844,298.62,0.39,0.36,2022-09-17,950,N,VIIRS,n,2,283.24,1.79,N,0
39.00171,-120.60958,356.79,0.39,0.37,2022-09-17,950,N,VIIRS,n,2,296.62,7.6,N,0
39.00178,-120.58607,300.37,0.39,0.37,2022-09-17,950,N,VIIRS,n,2,284.39,0.73,N,0
39.00232,-120.63804,300.99,0.4,0.37,2022-09-17,950,N,VIIRS,n,2,284.62,0.79,N,0
39.00236,-120.61417,339.03,0.39,0.37,2022-09-17,950,N,VIIRS,n,2,292.27,2.64,N,0
39.00302,-120.61877,303.95,0.39,0.37,2022-09-17,950,N,VIIRS,n,2,287.38,2.64,N,0
39.00368,-120.62337,299.86,0.39,0.37,2022-09-17,950,N,VIIRS,n,2,286.58,0.67,N,0
39.00392,-120.5531,320.67,0.39,0.36,2022-09-17,950,N,VIIRS,n,2,284.18,1.93,N,0
39.00439,-120.60426,336.25,0.39,0.37,2022-09-17,950,N,VIIRS,n,2,288.95,1.96,N,0
39.00445,-120.58068,305.19,0.39,0.37,2022-09-17,950,N,VIIRS,n,2,284.44,1.17,N,0
39.00456,-120.55755,299.85,0.39,0.36,2022-09-17,950,N,VIIRS,n,2,284.9,2.13,N,0
39.00504,-120.6088,314.86,0.39,0.37,2022-09-17,950,N,VIIRS,n,2,286.9,1.96,N,0
39.0051,-120.58521,309.94,0.39,0.37,2022-09-17,950,N,VIIRS,n,2,285.33,0.73,N,0
39.0057,-120.61337,351.63,0.39,0.37,2022-09-17,950,N,VIIRS,n,2,298.48,4.04,N,0
39.00576,-120.58978,296.86,0.39,0.37,2022-09-17,950,N,VIIRS,n,2,282.22,0.73,N,0
39.00635,-120.61794,322.24,0.39,0.37,2022-09-17,950,N,VIIRS,n,2,292.35,4.04,N,0
39.00642,-120.59435,299.87,0.39,0.37,2022-09-17,950,N,VIIRS,n,2,284.37,3.47,N,0
39.00701,-120.62255,299.12,0.39,0.37,2022-09-17,950,N,VIIRS,n,2,286.18,1.2,N,0
39.00707,-120.59895,344.45,0.39,0.37,2022-09-17,950,N,VIIRS,n,2,288.81,3.47,N,0
39.00713,-120.57536,315.91,0.39,0.36,2022-09-17,950,N,VIIRS,n,2,287.36,3.24,N,0
39.00723,-120.55215,324.71,0.39,0.36,2022-09-17,950,N,VIIRS,n,2,287.78,1.93,N,0
39.00773,-120.60351,307.49,0.39,0.37,2022-09-17,950,N,VIIRS,n,2,285.7,1.96,N,0
39.00779,-120.57989,347.31,0.39,0.37,2022-09-17,950,N,VIIRS,n,2,292.99,3.24,N,0
39.00838,-120.60804,300.52,0.39,0.37,2022-09-17,950,N,VIIRS,n,2,285.72,1.96,N,0
39.00903,-120.61258,333.73,0.39,0.37,2022-09-17,950,N,VIIRS,n,2,292.84,4.04,N,0
39.00969,-120.61714,300.25,0.39,0.37,2022-09-17,950,N,VIIRS,n,2,288.08,4.04,N,0
39.0099,-120.54676,326.02,0.39,0.36,2022-09-17,950,N,VIIRS,n,2,286.6,4.02,N,0
39.01035,-120.62174,316.53,0.39,0.37,2022-09-17,950,N,VIIRS,n,2,287.8,1.2,N,0
39.01042,-120.59822,332.51,0.39,0.37,2022-09-17,950,N,VIIRS,n,2,285.7,2.85,N,0
39.01047,-120.57457,311.49,0.39,0.36,2022-09-17,950,N,VIIRS,n,2,288.14,3.24,N,0
39.01112,-120.57913,322.49,0.39,0.37,2022-09-17,950,N,VIIRS,n,2,288.36,3.24,N,0
39.01119,-120.55566,295.63,0.39,0.36,2022-09-17,950,N,VIIRS,n,2,284.69,1.8,N,0
39.01184,-120.56017,319.05,0.39,0.36,2022-09-17,950,N,VIIRS,n,2,286.08,1.8,N,0
39.01237,-120.61182,343.08,0.39,0.37,2022-09-17,950,N,VIIRS,n,2,295.68,1.91,N,0
39.01303,-120.61636,300.03,0.39,0.37,2022-09-17,950,N,VIIRS,n,2,287.64,1.91,N,0
39.01315,-120.56928,311.98,0.39,0.36,2022-09-17,950,N,VIIRS,n,2,285.88,1.84,N,0
39.01322,-120.54586,335.31,0.39,0.36,2022-09-17,950,N,VIIRS,n,2,290.4,4.02,N,0
39.01369,-120.62098,303.65,0.39,0.37,2022-09-17,950,N,VIIRS,n,2,286.76,0.74,N,0
39.01381,-120.57386,324.14,0.39,0.36,2022-09-17,950,N,VIIRS,n,2,287.59,1.81,N,0
39.01387,-120.55031,330.92,0.39,0.36,2022-09-17,950,N,VIIRS,n,2,289.23,4.02,N,0
39.01442,-120.60214,296.19,0.39,0.37,2022-09-17,950,N,VIIRS,n,2,284.02,0.51,N,0
39.01452,-120.55483,321.94,0.39,0.36,2022-09-17,950,N,VIIRS,n,2,285.63,1.8,N,0
39.01508,-120.60667,301.8,0.39,0.37,2022-09-17,950,N,VIIRS,n,2,284.83,0.51,N,0
39.01517,-120.55939,327.17,0.39,0.36,2022-09-17,950,N,VIIRS,n,2,285.99,1.8,N,0
39.01572,-120.61118,297.1,0.39,0.37,2022-09-17,950,N,VIIRS,n,2,284.62,1.91,N,0
39.01583,-120.56399,308.61,0.39,0.36,2022-09-17,950,N,VIIRS,n,2,286.28,1.84,N,0
39.0165,-120.56862,328.88,0.39,0.36,2022-09-17,950,N,VIIRS,n,2,288.69,1.84,N,0
39.01654,-120.545,336.92,0.39,0.36,2022-09-17,950,N,VIIRS,n,2,289.32,6.73,N,0
39.01714,-120.59699,327.2,0.39,0.37,2022-09-17,950,N,VIIRS,n,2,286.83,10.02,N,0
39.01717,-120.57326,310.92,0.39,0.36,2022-09-17,950,N,VIIRS,n,2,285.46,1.81,N,0
39.01779,-120.60154,322.58,0.39,0.37,2022-09-17,950,N,VIIRS,n,2,285.4,5.73,N,0
39.01844,-120.60606,315.99,0.39,0.37,2022-09-17,950,N,VIIRS,n,2,286.53,5.73,N,0
39.0205,-120.59641,316.91,0.39,0.37,2022-09-17,950,N,VIIRS,n,2,293,10.02,N,0
39.02114,-120.60092,329.77,0.39,0.37,2022-09-17,950,N,VIIRS,n,2,289.4,5.73,N,0
39.0218,-120.60545,307.95,0.39,0.37,2022-09-17,950,N,VIIRS,n,2,285.99,5.73,N,0
39.02384,-120.5957,324.38,0.39,0.37,2022-09-17,950,N,VIIRS,n,2,286.26,1.72,N,0
39.0245,-120.60025,326.31,0.39,0.37,2022-09-17,950,N,VIIRS,n,2,287.4,3.1,N,0
39.02515,-120.60482,330.43,0.39,0.37,2022-09-17,950,N,VIIRS,n,2,290.21,3.1,N,0
39.03975,-120.61027,334.72,0.39,0.37,2022-09-17,950,N,VIIRS,n,2,285.09,2.21,N,0
39.04042,-120.61498,301.72,0.39,0.37,2022-09-17,950,N,VIIRS,n,2,285.13,1.38,N,0
39.04306,-120.60934,314.76,0.39,0.37,2022-09-17,950,N,VIIRS,n,2,284.73,2.21,N,0
39.04373,-120.61397,311.58,0.39,0.37,2022-09-17,950,N,VIIRS,n,2,286.32,1.38,N,0
39.04704,-120.61303,299.21,0.39,0.37,2022-09-17,950,N,VIIRS,n,2,284.35,0.54,N,0
39.05104,-120.6168,297.01,0.39,0.37,2022-09-17,950,N,VIIRS,n,2,283.84,0.54,N,0
39.06834,-120.61714,304.73,0.4,0.37,2022-09-17,950,N,VIIRS,n,2,283.4,1.33,N,0
39.06966,-120.62634,304.58,0.4,0.37,2022-09-17,950,N,VIIRS,n,2,285.93,0.76,N,0
39.073,-120.62553,298.48,0.4,0.37,2022-09-17,950,N,VIIRS,n,2,285.72,0.76,N,0
39.07701,-120.60557,309.32,0.39,0.37,2022-09-17,950,N,VIIRS,n,2,283.66,1.01,N,0
39.07767,-120.61015,304.54,0.39,0.37,2022-09-17,950,N,VIIRS,n,2,285.48,1.01,N,0
39.07834,-120.61473,296.41,0.4,0.37,2022-09-17,950,N,VIIRS,n,2,284.69,1.16,N,0
39.08101,-120.60938,339.07,0.39,0.37,2022-09-17,950,N,VIIRS,n,2,289.17,7.23,N,0
39.08168,-120.61398,341.22,0.4,0.37,2022-09-17,950,N,VIIRS,n,2,290,5.25,N,0
39.08503,-120.61324,331.87,0.4,0.37,2022-09-17,950,N,VIIRS,n,2,286.26,5.25,N,0
39.08569,-120.61782,316.73,0.4,0.37,2022-09-17,950,N,VIIRS,n,2,285.32,5.25,N,0
39.08683,-120.61531,325.79,0.4,0.37,2022-09-17,950,N,VIIRS,n,2,284.96,1.76,N,0
39.08951,-120.60991,328.88,0.4,0.37,2022-09-17,950,N,VIIRS,n,2,286.23,3.46,N,0
39.09017,-120.61452,296.31,0.4,0.37,2022-09-17,950,N,VIIRS,n,2,284.7,1.76,N,0
39.09082,-120.61912,308.52,0.4,0.37,2022-09-17,950,N,VIIRS,n,2,285.92,1.76,N,0
39.09148,-120.62378,332.11,0.4,0.37,2022-09-17,950,N,VIIRS,n,2,288.81,4.42,N,0
39.09219,-120.60446,321.83,0.4,0.37,2022-09-17,950,N,VIIRS,n,2,283.9,1.93,N,0
39.09284,-120.60908,324.08,0.4,0.37,2022-09-17,950,N,VIIRS,n,2,286.84,1.93,N,0
39.0935,-120.61369,338.82,0.4,0.37,2022-09-17,950,N,VIIRS,n,2,289.88,4.59,N,0
39.09416,-120.61832,343.92,0.4,0.37,2022-09-17,950,N,VIIRS,n,2,290.97,4.59,N,0
39.09482,-120.623,330.59,0.4,0.37,2022-09-17,950,N,VIIRS,n,2,287.24,4.14,N,0
39.09618,-120.60828,319.5,0.4,0.37,2022-09-17,950,N,VIIRS,n,2,283.02,1.93,N,0
39.09683,-120.61288,312.19,0.4,0.37,2022-09-17,950,N,VIIRS,n,2,284.83,4.59,N,0
39.11213,-120.64763,344.38,0.4,0.37,2022-09-17,950,N,VIIRS,n,2,289.04,3.15,N,0
39.11277,-120.65211,305,0.4,0.37,2022-09-17,950,N,VIIRS,n,2,286.49,3.15,N,0
39.1134,-120.65648,302.17,0.4,0.37,2022-09-17,950,N,VIIRS,n,2,285,1.74,N,0
39.11403,-120.6608,306.28,0.4,0.37,2022-09-17,950,N,VIIRS,n,2,284.99,1.74,N,0
39.11465,-120.66524,330.27,0.4,0.37,2022-09-17,950,N,VIIRS,n,2,285.44,1.63,N,0
39.11546,-120.6467,306.01,0.4,0.37,2022-09-17,950,N,VIIRS,n,2,285.08,3.15,N,0
39.11609,-120.65117,325.37,0.4,0.37,2022-09-17,950,N,VIIRS,n,2,287.97,3.15,N,0
39.11673,-120.65558,333.11,0.4,0.37,2022-09-17,950,N,VIIRS,n,2,286.06,1.74,N,0
39.11736,-120.65998,318.1,0.4,0.37,2022-09-17,950,N,VIIRS,n,2,285.04,1.74,N,0
39.118,-120.66444,295.63,0.4,0.37,2022-09-17,950,N,VIIRS,n,2,282.99,1.63,N,0
39.11877,-120.6457,318.89,0.4,0.37,2022-09-17,950,N,VIIRS,n,2,284.94,6.83,N,0
39.11941,-120.65017,352.74,0.4,0.37,2022-09-17,950,N,VIIRS,n,2,292.83,6.83,N,0
39.12005,-120.65465,329.43,0.4,0.37,2022-09-17,950,N,VIIRS,n,2,288.52,5.25,N,0
39.12069,-120.65912,320.35,0.4,0.37,2022-09-17,950,N,VIIRS,n,2,284.48,5.25,N,0
39.12273,-120.64925,331.35,0.4,0.37,2022-09-17,950,N,VIIRS,n,2,284.66,6.83,N,0
39.12331,-120.67753,302.59,0.4,0.37,2022-09-17,950,N,VIIRS,n,2,285.48,0.71,N,0
39.12396,-120.68207,305.24,0.4,0.37,2022-09-17,950,N,VIIRS,n,2,286.08,2.17,N,0
39.12459,-120.68649,305.51,0.4,0.37,2022-09-17,950,N,VIIRS,n,2,286.02,2.17,N,0
39.1273,-120.68124,325.98,0.4,0.37,2022-09-17,950,N,VIIRS,n,2,286.09,2.17,N,0
39.12793,-120.68567,345.41,0.4,0.37,2022-09-17,950,N,VIIRS,n,2,290.52,2.17,N,0
39.12857,-120.69017,310.34,0.4,0.37,2022-09-17,950,N,VIIRS,n,2,290.5,2.08,N,0
39.12922,-120.69472,308.36,0.4,0.37,2022-09-17,950,N,VIIRS,n,2,287.63,2.08,N,0
39.13127,-120.68485,328.57,0.4,0.37,2022-09-17,950,N,VIIRS,n,2,288.59,5.06,N,0
39.13191,-120.68933,309.38,0.4,0.37,2022-09-17,950,N,VIIRS,n,2,290.21,2.02,N,0
39.13256,-120.69389,323.48,0.4,0.37,2022-09-17,950,N,VIIRS,n,2,290,2.02,N,0
39.13321,-120.69846,301.11,0.4,0.37,2022-09-17,950,N,VIIRS,n,2,284.09,0.87,N,0
39.13396,-120.6795,337.55,0.4,0.37,2022-09-17,950,N,VIIRS,n,2,290.23,5.06,N,0
39.13461,-120.68399,336.79,0.4,0.37,2022-09-17,950,N,VIIRS,n,2,294.69,5.06,N,0
39.13469,-120.66043,315.91,0.4,0.37,2022-09-17,950,N,VIIRS,n,2,286.24,1.54,N,0
39.13525,-120.68848,313.42,0.4,0.37,2022-09-17,950,N,VIIRS,n,2,290.95,2.02,N,0
39.13535,-120.66505,311.58,0.4,0.37,2022-09-17,950,N,VIIRS,n,2,284.6,1.54,N,0
39.13729,-120.67863,320.21,0.4,0.37,2022-09-17,950,N,VIIRS,n,2,288.48,1.61,N,0
39.13794,-120.68313,310.62,0.4,0.37,2022-09-17,950,N,VIIRS,n,2,290.55,1.61,N,0
39.13803,-120.65964,318.33,0.4,0.37,2022-09-17,950,N,VIIRS,n,2,285.93,1.54,N,0
39.13858,-120.68767,309.93,0.4,0.37,2022-09-17,950,N,VIIRS,n,2,289.46,1.2,N,0
39.14062,-120.67778,323.26,0.4,0.37,2022-09-17,950,N,VIIRS,n,2,290.02,1.61,N,0
39.14071,-120.65421,309.12,0.4,0.37,2022-09-17,950,N,VIIRS,n,2,283.32,1.42,N,0
39.14127,-120.6823,306.36,0.4,0.37,2022-09-17,950,N,VIIRS,n,2,289.85,1.61,N,0
39.14193,-120.68689,303.24,0.4,0.37,2022-09-17,950,N,VIIRS,n,2,286.69,1.2,N,0
39.14267,-120.66788,305.44,0.4,0.37,2022-09-17,950,N,VIIRS,n,2,284.31,3.46,N,0
39.14331,-120.67238,336.12,0.4,0.37,2022-09-17,950,N,VIIRS,n,2,291.16,3.46,N,0
39.1434,-120.64884,322.7,0.4,0.37,2022-09-17,950,N,VIIRS,n,2,284.92,1.42,N,0
39.14396,-120.67693,312.24,0.4,0.37,2022-09-17,950,N,VIIRS,n,2,288.08,1.89,N,0
39.14406,-120.65346,298.81,0.4,0.37,2022-09-17,950,N,VIIRS,n,2,281.6,1.42,N,0
39.146,-120.66702,298.85,0.4,0.37,2022-09-17,950,N,VIIRS,n,2,284.08,3.46,N,0
39.14664,-120.67152,341.91,0.4,0.37,2022-09-17,950,N,VIIRS,n,2,296.07,3.46,N,0
39.14674,-120.64805,300.18,0.4,0.37,2022-09-17,950,N,VIIRS,n,2,283.33,2.71,N,0
39.1473,-120.67611,320.2,0.4,0.37,2022-09-17,950,N,VIIRS,n,2,289.24,1.89,N,0
39.14933,-120.66617,330.41,0.4,0.37,2022-09-17,950,N,VIIRS,n,2,287.21,2.26,N,0
39.14941,-120.64265,335.2,0.4,0.37,2022-09-17,950,N,VIIRS,n,2,290.57,9.25,N,0
39.14999,-120.67073,306.11,0.4,0.37,2022-09-17,950,N,VIIRS,n,2,289.74,2.26,N,0
39.15008,-120.64726,309.37,0.4,0.37,2022-09-17,950,N,VIIRS,n,2,282.4,2.71,N,0
39.15202,-120.66081,314.33,0.4,0.37,2022-09-17,950,N,VIIRS,n,2,287.66,2.1,N,0
39.15267,-120.66533,322.74,0.4,0.37,2022-09-17,950,N,VIIRS,n,2,289.52,2.26,N,0
39.15276,-120.64184,340.18,0.4,0.37,2022-09-17,950,N,VIIRS,n,2,293.54,9.87,N,0
39.15342,-120.64648,299.43,0.4,0.37,2022-09-17,950,N,VIIRS,n,2,281.78,4.67,N,0
39.156,-120.66451,301.25,0.4,0.37,2022-09-17,950,N,VIIRS,n,2,286.03,0.76,N,0
39.15609,-120.64101,330.91,0.4,0.37,2022-09-17,950,N,VIIRS,n,2,286.05,9.87,N,0
39.15804,-120.65463,319.9,0.4,0.37,2022-09-17,950,N,VIIRS,n,2,286.9,1.63,N,0
39.15869,-120.65916,296.86,0.4,0.37,2022-09-17,950,N,VIIRS,n,2,284.72,1.63,N,0
39.15942,-120.6402,301.91,0.4,0.37,2022-09-17,950,N,VIIRS,n,2,284.08,1.13,N,0
39.16137,-120.65379,327.29,0.4,0.37,2022-09-17,950,N,VIIRS,n,2,292.82,2.41,N,0
39.16203,-120.65834,328.05,0.4,0.37,2022-09-17,950,N,VIIRS,n,2,289.29,2.41,N,0
39.16276,-120.63939,302.58,0.4,0.37,2022-09-17,950,N,VIIRS,n,2,283.11,1.13,N,0
39.16407,-120.64849,325.71,0.4,0.37,2022-09-17,950,N,VIIRS,n,2,284.06,3.45,N,0
39.16471,-120.65297,327.72,0.4,0.37,2022-09-17,950,N,VIIRS,n,2,290.16,2.41,N,0
39.16536,-120.65752,297.08,0.4,0.37,2022-09-17,950,N,VIIRS,n,2,285.21,2.41,N,0
39.1661,-120.63854,316.72,0.4,0.37,2022-09-17,950,N,VIIRS,n,2,285.53,2.66,N,0
39.16675,-120.64312,314.34,0.4,0.37,2022-09-17,950,N,VIIRS,n,2,283.72,2.75,N,0
39.1674,-120.64766,340.15,0.4,0.37,2022-09-17,950,N,VIIRS,n,2,294.07,2.75,N,0
39.16805,-120.65215,302.52,0.4,0.37,2022-09-17,950,N,VIIRS,n,2,285.69,2,N,0
39.16877,-120.63312,338.08,0.4,0.37,2022-09-17,950,N,VIIRS,n,2,289.49,2.66,N,0
39.16943,-120.6377,312.23,0.4,0.37,2022-09-17,950,N,VIIRS,n,2,285.76,2.66,N,0
39.17008,-120.64227,307.95,0.4,0.37,2022-09-17,950,N,VIIRS,n,2,284.79,2.75,N,0
39.17073,-120.6468,328.81,0.4,0.37,2022-09-17,950,N,VIIRS,n,2,287.07,2.75,N,0
39.1721,-120.6323,322.46,0.4,0.37,2022-09-17,950,N,VIIRS,n,2,286.32,1.92,N,0
39.17276,-120.63689,316.98,0.4,0.37,2022-09-17,950,N,VIIRS,n,2,288.58,1.92,N,0
39.17341,-120.64144,307.06,0.4,0.37,2022-09-17,950,N,VIIRS,n,2,286.06,3.49,N,0
39.17407,-120.64599,345.1,0.4,0.37,2022-09-17,950,N,VIIRS,n,2,289.04,3.49,N,0
39.17544,-120.63149,312.26,0.4,0.37,2022-09-17,950,N,VIIRS,n,2,286.13,1.92,N,0
38.924,-120.5928,345.35,0.4,0.37,2022-09-18,2053,N,VIIRS,n,2,292.14,5.51,D,0
38.93774,-120.57259,350.18,0.4,0.37,2022-09-18,2053,N,VIIRS,n,2,297.34,13.14,D,0
38.93902,-120.57534,333.57,0.4,0.37,2022-09-18,2053,N,VIIRS,n,2,296.27,5.82,D,0
38.93979,-120.57079,349.05,0.4,0.37,2022-09-18,2053,N,VIIRS,n,2,293.9,5.82,D,0
38.94313,-120.57159,335.06,0.4,0.37,2022-09-18,2053,N,VIIRS,n,2,292.12,5.82,D,0
38.95563,-120.57977,328.83,0.4,0.37,2022-09-18,2053,N,VIIRS,n,2,284.9,2.41,D,0
38.95819,-120.58517,348.34,0.4,0.37,2022-09-18,2053,N,VIIRS,n,2,290.95,10.18,D,0
39.0972,-120.61225,328.74,0.39,0.37,2022-09-18,2053,N,VIIRS,n,2,284.43,4.57,D,0
39.09796,-120.60769,335.5,0.39,0.37,2022-09-18,2053,N,VIIRS,n,2,283.52,4.54,D,0
39.10127,-120.60861,339.05,0.39,0.37,2022-09-18,2053,N,VIIRS,n,2,288.15,4.54,D,0
39.11147,-120.63073,331.91,0.4,0.37,2022-09-18,2053,N,VIIRS,n,2,286.8,3.59,D,0
39.12548,-120.62992,332.88,0.4,0.37,2022-09-18,2053,N,VIIRS,n,2,289.21,7.9,D,0
39.12882,-120.63068,339.3,0.4,0.37,2022-09-18,2053,N,VIIRS,n,2,289.1,5.17,D,0
39.13215,-120.63148,340.55,0.4,0.37,2022-09-18,2053,N,VIIRS,n,2,291.16,5.17,D,0
39.13548,-120.6323,337.68,0.4,0.37,2022-09-18,2053,N,VIIRS,n,2,293.83,5.1,D,0
39.13731,-120.64211,337.26,0.4,0.37,2022-09-18,2053,N,VIIRS,n,2,290.92,11.2,D,0
39.13881,-120.63315,331.25,0.4,0.37,2022-09-18,2053,N,VIIRS,n,2,290.46,5.1,D,0
39.14547,-120.6664,325.4,0.4,0.37,2022-09-18,2053,N,VIIRS,n,2,288.24,2.28,D,0
39.14925,-120.64381,330.65,0.4,0.37,2022-09-18,2053,N,VIIRS,n,2,292.39,2.26,D,0
38.92158,-120.59151,308.29,0.57,0.43,2022-09-18,931,N,VIIRS,n,2,272.48,3.08,N,0
38.92206,-120.59624,317.73,0.38,0.43,2022-09-18,931,N,VIIRS,n,2,272.95,2.05,N,0
38.92249,-120.60036,306.1,0.38,0.43,2022-09-18,931,N,VIIRS,n,2,276.91,2.05,N,0
38.92292,-120.60462,297.42,0.38,0.43,2022-09-18,931,N,VIIRS,n,2,276.44,2.34,N,0
38.92565,-120.59151,300.46,0.57,0.43,2022-09-18,931,N,VIIRS,n,2,272.22,2.04,N,0
38.92615,-120.59639,319.49,0.38,0.43,2022-09-18,931,N,VIIRS,n,2,275.74,1.64,N,0
38.92658,-120.60059,300.99,0.38,0.43,2022-09-18,931,N,VIIRS,n,2,276.2,1.64,N,0
38.96872,-120.57458,305.08,0.57,0.43,2022-09-18,931,N,VIIRS,n,2,275.86,1.96,N,0
38.97311,-120.56687,297.68,0.57,0.43,2022-09-18,931,N,VIIRS,n,2,277.41,1.78,N,0
38.97601,-120.5665,305.64,0.57,0.43,2022-09-18,931,N,VIIRS,n,2,278.97,2.73,N,0
38.97714,-120.56646,302.01,0.57,0.43,2022-09-18,931,N,VIIRS,n,2,279.54,1.78,N,0
38.97927,-120.55882,311.17,0.57,0.43,2022-09-18,931,N,VIIRS,n,2,277.19,1.64,N,0
38.98004,-120.56606,296.29,0.57,0.43,2022-09-18,931,N,VIIRS,n,2,278.81,1.64,N,0
38.98116,-120.56596,296.08,0.57,0.43,2022-09-18,931,N,VIIRS,n,2,277.59,2.1,N,0
38.98327,-120.55814,298.43,0.57,0.43,2022-09-18,931,N,VIIRS,n,2,276.98,1.64,N,0
38.98444,-120.55796,296.5,0.57,0.43,2022-09-18,931,N,VIIRS,n,2,278.13,1.66,N,0
38.99657,-120.55742,300.51,0.57,0.43,2022-09-18,931,N,VIIRS,n,2,279.35,1.32,N,0
39.01073,-120.57658,301.78,0.38,0.43,2022-09-18,931,N,VIIRS,n,2,279.54,1.11,N,0
39.01506,-120.53892,336.36,0.57,0.43,2022-09-18,931,N,VIIRS,n,2,283.34,6.1,N,0
39.01568,-120.54503,304.9,0.57,0.43,2022-09-18,931,N,VIIRS,n,2,282.01,5.29,N,0
39.019,-120.53773,303.44,0.57,0.43,2022-09-18,931,N,VIIRS,n,2,280.8,1.4,N,0
39.01965,-120.54398,306.53,0.57,0.43,2022-09-18,931,N,VIIRS,n,2,280.74,2.16,N,0
